     +--------------------------------------------------------------------+
     ¦                • MobaXterm Personal Edition v23.6 •                ¦
     ¦              (X server, SSH client and network tools)              ¦
     ¦                                                                    ¦
     ¦ ? Your computer drives are accessible through the /drives path     ¦
     ¦ ? Your DISPLAY is set to 192.168.1.149:0.0                         ¦
     ¦ ? When using SSH, your remote DISPLAY is automatically forwarded   ¦
     ¦ ? Each command status is specified by a special symbol (? or ?)    ¦
     ¦                                                                    ¦
     ¦ • Important:                                                       ¦
     ¦ This is MobaXterm Personal Edition. The Professional edition       ¦
     ¦ allows you to customize MobaXterm for your company: you can add    ¦
     ¦ your own logo, your parameters, your welcome message and generate  ¦
     ¦ either an MSI installation package or a portable executable.       ¦
     ¦ We can also modify MobaXterm or develop the plugins you need.      ¦
     ¦ For more information: https://mobaxterm.mobatek.net/download.html  ¦
     +--------------------------------------------------------------------+
Trying 192.168.219.132...
Connected to 192.168.219.132.
Escape character is '^]'.

root@bmv2-1:/behavioral-model# simple_switch --thrift-port 9090 --log-console -i 1@eth1 -i 2@eth2 -i 9@eth9 int-gtp-source.json
Calling target program-options parser
[15:45:12.558] [bmv2] [D] [thread 350] Set default default entry for table 'tbl_intgtpsource295': intgtpsource295 -
[15:45:12.560] [bmv2] [D] [thread 350] Set default default entry for table 'MyIngress.int_source_table': NoAction -
[15:45:12.560] [bmv2] [D] [thread 350] Set default default entry for table 'MyIngress.ipv4_lpm': NoAction -
[15:45:12.560] [bmv2] [D] [thread 350] Set default default entry for table 'tbl_do_insert_int': MyIngress.do_insert_int -
[15:45:12.560] [bmv2] [D] [thread 350] Set default default entry for table 'tbl_update_int_metadata': MyEgress.update_int_metadata -
Adding interface eth1 as port 1
[15:45:12.561] [bmv2] [D] [thread 350] Adding interface eth1 as port 1
Adding interface eth2 as port 2
[15:45:12.607] [bmv2] [D] [thread 350] Adding interface eth2 as port 2
Adding interface eth9 as port 9
[15:45:12.633] [bmv2] [D] [thread 350] Adding interface eth9 as port 9
[15:45:12.686] [bmv2] [I] [thread 350] Starting Thrift server on port 9090
[15:45:12.686] [bmv2] [I] [thread 350] Thrift server was started
[15:45:27.330] [bmv2] [D] [thread 356] [0.0] [cxt 0] Processing packet received on port 1
[15:45:27.330] [bmv2] [D] [thread 356] [0.0] [cxt 0] Parser 'parser': start
[15:45:27.330] [bmv2] [D] [thread 356] [0.0] [cxt 0] Parser 'parser' entering state 'start'
[15:45:27.330] [bmv2] [D] [thread 356] [0.0] [cxt 0] Extracting header 'ethernet'
[15:45:27.330] [bmv2] [D] [thread 356] [0.0] [cxt 0] Parser set: setting field 'scalars.metadata.ingress_port' from field 'standard_metadata.ingress_port' (1)
[15:45:27.330] [bmv2] [D] [thread 356] [0.0] [cxt 0] Parser set: setting field 'scalars.metadata.ingress_ts' from expression, new value is 14780984
[15:45:27.330] [bmv2] [D] [thread 356] [0.0] [cxt 0] Parser set: setting field 'scalars.metadata.is_int_packet' to 0
[15:45:27.330] [bmv2] [D] [thread 356] [0.0] [cxt 0] Parser set: setting field 'scalars.metadata.is_ngap_traffic' to 0
[15:45:27.330] [bmv2] [D] [thread 356] [0.0] [cxt 0] Parser set: setting field 'scalars.metadata.is_gtp_u_traffic' to 0
[15:45:27.330] [bmv2] [D] [thread 356] [0.0] [cxt 0] Parser set: setting field 'scalars.metadata.traffic_type' to 0
[15:45:27.330] [bmv2] [D] [thread 356] [0.0] [cxt 0] Parser set: setting field 'scalars.metadata.should_insert_int' to 0
[15:45:27.330] [bmv2] [D] [thread 356] [0.0] [cxt 0] Parser state 'start': key is 9000
[15:45:27.330] [bmv2] [T] [thread 356] [0.0] [cxt 0] Bytes parsed: 14
[15:45:27.330] [bmv2] [D] [thread 356] [0.0] [cxt 0] Parser 'parser': end
[15:45:27.330] [bmv2] [D] [thread 356] [0.0] [cxt 0] Pipeline 'ingress': start
[15:45:27.330] [bmv2] [T] [thread 356] [0.0] [cxt 0] Applying table 'tbl_intgtpsource295'
[15:45:27.330] [bmv2] [D] [thread 356] [0.0] [cxt 0] Looking up key:

[15:45:27.330] [bmv2] [D] [thread 356] [0.0] [cxt 0] Table 'tbl_intgtpsource295': miss
[15:45:27.330] [bmv2] [D] [thread 356] [0.0] [cxt 0] Action entry is intgtpsource295 -
[15:45:27.330] [bmv2] [T] [thread 356] [0.0] [cxt 0] Action intgtpsource295
[15:45:27.330] [bmv2] [T] [thread 356] [0.0] [cxt 0] int-gtp-source.p4(295) Primitive meta.switch_id = 1
[15:45:27.330] [bmv2] [T] [thread 356] [0.0] [cxt 0] int-gtp-source.p4(297) Condition "hdr.ethernet.isValid() && hdr.ipv4.isValid()" (node_3) is false
[15:45:27.330] [bmv2] [D] [thread 356] [0.0] [cxt 0] Pipeline 'ingress': end
[15:45:27.330] [bmv2] [D] [thread 356] [0.0] [cxt 0] Egress port is 0
[15:45:27.330] [bmv2] [D] [thread 357] [0.0] [cxt 0] Pipeline 'egress': start
[15:45:27.330] [bmv2] [T] [thread 357] [0.0] [cxt 0] int-gtp-source.p4(330) Condition "hdr.int_shim.isValid()" (node_11) is false
[15:45:27.330] [bmv2] [D] [thread 357] [0.0] [cxt 0] Pipeline 'egress': end
[15:45:27.330] [bmv2] [D] [thread 357] [0.0] [cxt 0] Deparser 'deparser': start
[15:45:27.330] [bmv2] [D] [thread 357] [0.0] [cxt 0] Deparsing header 'ethernet'
[15:45:27.330] [bmv2] [D] [thread 357] [0.0] [cxt 0] Deparser 'deparser': end
[15:45:27.330] [bmv2] [D] [thread 361] [0.0] [cxt 0] Transmitting packet of size 60 out of port 0
[15:45:37.337] [bmv2] [D] [thread 356] [1.0] [cxt 0] Processing packet received on port 1
[15:45:37.337] [bmv2] [D] [thread 356] [1.0] [cxt 0] Parser 'parser': start
[15:45:37.337] [bmv2] [D] [thread 356] [1.0] [cxt 0] Parser 'parser' entering state 'start'
[15:45:37.337] [bmv2] [D] [thread 356] [1.0] [cxt 0] Extracting header 'ethernet'
[15:45:37.337] [bmv2] [D] [thread 356] [1.0] [cxt 0] Parser set: setting field 'scalars.metadata.ingress_port' from field 'standard_metadata.ingress_port' (1)
[15:45:37.337] [bmv2] [D] [thread 356] [1.0] [cxt 0] Parser set: setting field 'scalars.metadata.ingress_ts' from expression, new value is 24787745
[15:45:37.337] [bmv2] [D] [thread 356] [1.0] [cxt 0] Parser set: setting field 'scalars.metadata.is_int_packet' to 0
[15:45:37.337] [bmv2] [D] [thread 356] [1.0] [cxt 0] Parser set: setting field 'scalars.metadata.is_ngap_traffic' to 0
[15:45:37.337] [bmv2] [D] [thread 356] [1.0] [cxt 0] Parser set: setting field 'scalars.metadata.is_gtp_u_traffic' to 0
[15:45:37.337] [bmv2] [D] [thread 356] [1.0] [cxt 0] Parser set: setting field 'scalars.metadata.traffic_type' to 0
[15:45:37.337] [bmv2] [D] [thread 356] [1.0] [cxt 0] Parser set: setting field 'scalars.metadata.should_insert_int' to 0
[15:45:37.337] [bmv2] [D] [thread 356] [1.0] [cxt 0] Parser state 'start': key is 9000
[15:45:37.337] [bmv2] [T] [thread 356] [1.0] [cxt 0] Bytes parsed: 14
[15:45:37.337] [bmv2] [D] [thread 356] [1.0] [cxt 0] Parser 'parser': end
[15:45:37.337] [bmv2] [D] [thread 356] [1.0] [cxt 0] Pipeline 'ingress': start
[15:45:37.337] [bmv2] [T] [thread 356] [1.0] [cxt 0] Applying table 'tbl_intgtpsource295'
[15:45:37.337] [bmv2] [D] [thread 356] [1.0] [cxt 0] Looking up key:

[15:45:37.337] [bmv2] [D] [thread 356] [1.0] [cxt 0] Table 'tbl_intgtpsource295': miss
[15:45:37.337] [bmv2] [D] [thread 356] [1.0] [cxt 0] Action entry is intgtpsource295 -
[15:45:37.337] [bmv2] [T] [thread 356] [1.0] [cxt 0] Action intgtpsource295
[15:45:37.337] [bmv2] [T] [thread 356] [1.0] [cxt 0] int-gtp-source.p4(295) Primitive meta.switch_id = 1
[15:45:37.337] [bmv2] [T] [thread 356] [1.0] [cxt 0] int-gtp-source.p4(297) Condition "hdr.ethernet.isValid() && hdr.ipv4.isValid()" (node_3) is false
[15:45:37.337] [bmv2] [D] [thread 356] [1.0] [cxt 0] Pipeline 'ingress': end
[15:45:37.337] [bmv2] [D] [thread 356] [1.0] [cxt 0] Egress port is 0
[15:45:37.337] [bmv2] [D] [thread 357] [1.0] [cxt 0] Pipeline 'egress': start
[15:45:37.337] [bmv2] [T] [thread 357] [1.0] [cxt 0] int-gtp-source.p4(330) Condition "hdr.int_shim.isValid()" (node_11) is false
[15:45:37.337] [bmv2] [D] [thread 357] [1.0] [cxt 0] Pipeline 'egress': end
[15:45:37.337] [bmv2] [D] [thread 357] [1.0] [cxt 0] Deparser 'deparser': start
[15:45:37.337] [bmv2] [D] [thread 357] [1.0] [cxt 0] Deparsing header 'ethernet'
[15:45:37.337] [bmv2] [D] [thread 357] [1.0] [cxt 0] Deparser 'deparser': end
[15:45:37.337] [bmv2] [D] [thread 361] [1.0] [cxt 0] Transmitting packet of size 60 out of port 0
[15:45:47.333] [bmv2] [D] [thread 356] [2.0] [cxt 0] Processing packet received on port 1
[15:45:47.333] [bmv2] [D] [thread 356] [2.0] [cxt 0] Parser 'parser': start
[15:45:47.333] [bmv2] [D] [thread 356] [2.0] [cxt 0] Parser 'parser' entering state 'start'
[15:45:47.333] [bmv2] [D] [thread 356] [2.0] [cxt 0] Extracting header 'ethernet'
[15:45:47.333] [bmv2] [D] [thread 356] [2.0] [cxt 0] Parser set: setting field 'scalars.metadata.ingress_port' from field 'standard_metadata.ingress_port' (1)
[15:45:47.333] [bmv2] [D] [thread 356] [2.0] [cxt 0] Parser set: setting field 'scalars.metadata.ingress_ts' from expression, new value is 34783700
[15:45:47.333] [bmv2] [D] [thread 356] [2.0] [cxt 0] Parser set: setting field 'scalars.metadata.is_int_packet' to 0
[15:45:47.333] [bmv2] [D] [thread 356] [2.0] [cxt 0] Parser set: setting field 'scalars.metadata.is_ngap_traffic' to 0
[15:45:47.333] [bmv2] [D] [thread 356] [2.0] [cxt 0] Parser set: setting field 'scalars.metadata.is_gtp_u_traffic' to 0
[15:45:47.333] [bmv2] [D] [thread 356] [2.0] [cxt 0] Parser set: setting field 'scalars.metadata.traffic_type' to 0
[15:45:47.333] [bmv2] [D] [thread 356] [2.0] [cxt 0] Parser set: setting field 'scalars.metadata.should_insert_int' to 0
[15:45:47.333] [bmv2] [D] [thread 356] [2.0] [cxt 0] Parser state 'start': key is 9000
[15:45:47.333] [bmv2] [T] [thread 356] [2.0] [cxt 0] Bytes parsed: 14
[15:45:47.333] [bmv2] [D] [thread 356] [2.0] [cxt 0] Parser 'parser': end
[15:45:47.333] [bmv2] [D] [thread 356] [2.0] [cxt 0] Pipeline 'ingress': start
[15:45:47.333] [bmv2] [T] [thread 356] [2.0] [cxt 0] Applying table 'tbl_intgtpsource295'
[15:45:47.333] [bmv2] [D] [thread 356] [2.0] [cxt 0] Looking up key:

[15:45:47.333] [bmv2] [D] [thread 356] [2.0] [cxt 0] Table 'tbl_intgtpsource295': miss
[15:45:47.333] [bmv2] [D] [thread 356] [2.0] [cxt 0] Action entry is intgtpsource295 -
[15:45:47.333] [bmv2] [T] [thread 356] [2.0] [cxt 0] Action intgtpsource295
[15:45:47.333] [bmv2] [T] [thread 356] [2.0] [cxt 0] int-gtp-source.p4(295) Primitive meta.switch_id = 1
[15:45:47.333] [bmv2] [T] [thread 356] [2.0] [cxt 0] int-gtp-source.p4(297) Condition "hdr.ethernet.isValid() && hdr.ipv4.isValid()" (node_3) is false
[15:45:47.333] [bmv2] [D] [thread 356] [2.0] [cxt 0] Pipeline 'ingress': end
[15:45:47.333] [bmv2] [D] [thread 356] [2.0] [cxt 0] Egress port is 0
[15:45:47.333] [bmv2] [D] [thread 357] [2.0] [cxt 0] Pipeline 'egress': start
[15:45:47.333] [bmv2] [T] [thread 357] [2.0] [cxt 0] int-gtp-source.p4(330) Condition "hdr.int_shim.isValid()" (node_11) is false
[15:45:47.333] [bmv2] [D] [thread 357] [2.0] [cxt 0] Pipeline 'egress': end
[15:45:47.333] [bmv2] [D] [thread 357] [2.0] [cxt 0] Deparser 'deparser': start
[15:45:47.333] [bmv2] [D] [thread 357] [2.0] [cxt 0] Deparsing header 'ethernet'
[15:45:47.333] [bmv2] [D] [thread 357] [2.0] [cxt 0] Deparser 'deparser': end
[15:45:47.333] [bmv2] [D] [thread 361] [2.0] [cxt 0] Transmitting packet of size 60 out of port 0
[15:46:18.766] [bmv2] [D] [thread 356] [3.0] [cxt 0] Processing packet received on port 1
[15:46:18.766] [bmv2] [D] [thread 356] [3.0] [cxt 0] Parser 'parser': start
[15:46:18.766] [bmv2] [D] [thread 356] [3.0] [cxt 0] Parser 'parser' entering state 'start'
[15:46:18.766] [bmv2] [D] [thread 356] [3.0] [cxt 0] Extracting header 'ethernet'
[15:46:18.766] [bmv2] [D] [thread 356] [3.0] [cxt 0] Parser set: setting field 'scalars.metadata.ingress_port' from field 'standard_metadata.ingress_port' (1)
[15:46:18.766] [bmv2] [D] [thread 356] [3.0] [cxt 0] Parser set: setting field 'scalars.metadata.ingress_ts' from expression, new value is 66217179
[15:46:18.766] [bmv2] [D] [thread 356] [3.0] [cxt 0] Parser set: setting field 'scalars.metadata.is_int_packet' to 0
[15:46:18.766] [bmv2] [D] [thread 356] [3.0] [cxt 0] Parser set: setting field 'scalars.metadata.is_ngap_traffic' to 0
[15:46:18.766] [bmv2] [D] [thread 356] [3.0] [cxt 0] Parser set: setting field 'scalars.metadata.is_gtp_u_traffic' to 0
[15:46:18.766] [bmv2] [D] [thread 356] [3.0] [cxt 0] Parser set: setting field 'scalars.metadata.traffic_type' to 0
[15:46:18.766] [bmv2] [D] [thread 356] [3.0] [cxt 0] Parser set: setting field 'scalars.metadata.should_insert_int' to 0
[15:46:18.766] [bmv2] [D] [thread 356] [3.0] [cxt 0] Parser state 'start': key is 9000
[15:46:18.766] [bmv2] [T] [thread 356] [3.0] [cxt 0] Bytes parsed: 14
[15:46:18.766] [bmv2] [D] [thread 356] [3.0] [cxt 0] Parser 'parser': end
[15:46:18.766] [bmv2] [D] [thread 356] [3.0] [cxt 0] Pipeline 'ingress': start
[15:46:18.766] [bmv2] [T] [thread 356] [3.0] [cxt 0] Applying table 'tbl_intgtpsource295'
[15:46:18.766] [bmv2] [D] [thread 356] [3.0] [cxt 0] Looking up key:

[15:46:18.766] [bmv2] [D] [thread 356] [3.0] [cxt 0] Table 'tbl_intgtpsource295': miss
[15:46:18.766] [bmv2] [D] [thread 356] [3.0] [cxt 0] Action entry is intgtpsource295 -
[15:46:18.766] [bmv2] [T] [thread 356] [3.0] [cxt 0] Action intgtpsource295
[15:46:18.766] [bmv2] [T] [thread 356] [3.0] [cxt 0] int-gtp-source.p4(295) Primitive meta.switch_id = 1
[15:46:18.766] [bmv2] [T] [thread 356] [3.0] [cxt 0] int-gtp-source.p4(297) Condition "hdr.ethernet.isValid() && hdr.ipv4.isValid()" (node_3) is false
[15:46:18.766] [bmv2] [D] [thread 356] [3.0] [cxt 0] Pipeline 'ingress': end
[15:46:18.766] [bmv2] [D] [thread 356] [3.0] [cxt 0] Egress port is 0
[15:46:18.766] [bmv2] [D] [thread 357] [3.0] [cxt 0] Pipeline 'egress': start
[15:46:18.766] [bmv2] [T] [thread 357] [3.0] [cxt 0] int-gtp-source.p4(330) Condition "hdr.int_shim.isValid()" (node_11) is false
[15:46:18.766] [bmv2] [D] [thread 357] [3.0] [cxt 0] Pipeline 'egress': end
[15:46:18.766] [bmv2] [D] [thread 357] [3.0] [cxt 0] Deparser 'deparser': start
[15:46:18.766] [bmv2] [D] [thread 357] [3.0] [cxt 0] Deparsing header 'ethernet'
[15:46:18.766] [bmv2] [D] [thread 357] [3.0] [cxt 0] Deparser 'deparser': end
[15:46:18.766] [bmv2] [D] [thread 361] [3.0] [cxt 0] Transmitting packet of size 60 out of port 0
[15:46:27.350] [bmv2] [D] [thread 356] [4.0] [cxt 0] Processing packet received on port 1
[15:46:27.350] [bmv2] [D] [thread 356] [4.0] [cxt 0] Parser 'parser': start
[15:46:27.350] [bmv2] [D] [thread 356] [4.0] [cxt 0] Parser 'parser' entering state 'start'
[15:46:27.350] [bmv2] [D] [thread 356] [4.0] [cxt 0] Extracting header 'ethernet'
[15:46:27.350] [bmv2] [D] [thread 356] [4.0] [cxt 0] Parser set: setting field 'scalars.metadata.ingress_port' from field 'standard_metadata.ingress_port' (1)
[15:46:27.350] [bmv2] [D] [thread 356] [4.0] [cxt 0] Parser set: setting field 'scalars.metadata.ingress_ts' from expression, new value is 74800888
[15:46:27.350] [bmv2] [D] [thread 356] [4.0] [cxt 0] Parser set: setting field 'scalars.metadata.is_int_packet' to 0
[15:46:27.350] [bmv2] [D] [thread 356] [4.0] [cxt 0] Parser set: setting field 'scalars.metadata.is_ngap_traffic' to 0
[15:46:27.350] [bmv2] [D] [thread 356] [4.0] [cxt 0] Parser set: setting field 'scalars.metadata.is_gtp_u_traffic' to 0
[15:46:27.350] [bmv2] [D] [thread 356] [4.0] [cxt 0] Parser set: setting field 'scalars.metadata.traffic_type' to 0
[15:46:27.350] [bmv2] [D] [thread 356] [4.0] [cxt 0] Parser set: setting field 'scalars.metadata.should_insert_int' to 0
[15:46:27.350] [bmv2] [D] [thread 356] [4.0] [cxt 0] Parser state 'start': key is 9000
[15:46:27.350] [bmv2] [T] [thread 356] [4.0] [cxt 0] Bytes parsed: 14
[15:46:27.350] [bmv2] [D] [thread 356] [4.0] [cxt 0] Parser 'parser': end
[15:46:27.350] [bmv2] [D] [thread 356] [4.0] [cxt 0] Pipeline 'ingress': start
[15:46:27.350] [bmv2] [T] [thread 356] [4.0] [cxt 0] Applying table 'tbl_intgtpsource295'
[15:46:27.350] [bmv2] [D] [thread 356] [4.0] [cxt 0] Looking up key:

[15:46:27.350] [bmv2] [D] [thread 356] [4.0] [cxt 0] Table 'tbl_intgtpsource295': miss
[15:46:27.350] [bmv2] [D] [thread 356] [4.0] [cxt 0] Action entry is intgtpsource295 -
[15:46:27.350] [bmv2] [T] [thread 356] [4.0] [cxt 0] Action intgtpsource295
[15:46:27.350] [bmv2] [T] [thread 356] [4.0] [cxt 0] int-gtp-source.p4(295) Primitive meta.switch_id = 1
[15:46:27.350] [bmv2] [T] [thread 356] [4.0] [cxt 0] int-gtp-source.p4(297) Condition "hdr.ethernet.isValid() && hdr.ipv4.isValid()" (node_3) is false
[15:46:27.350] [bmv2] [D] [thread 356] [4.0] [cxt 0] Pipeline 'ingress': end
[15:46:27.350] [bmv2] [D] [thread 356] [4.0] [cxt 0] Egress port is 0
[15:46:27.350] [bmv2] [D] [thread 357] [4.0] [cxt 0] Pipeline 'egress': start
[15:46:27.350] [bmv2] [T] [thread 357] [4.0] [cxt 0] int-gtp-source.p4(330) Condition "hdr.int_shim.isValid()" (node_11) is false
[15:46:27.350] [bmv2] [D] [thread 357] [4.0] [cxt 0] Pipeline 'egress': end
[15:46:27.350] [bmv2] [D] [thread 357] [4.0] [cxt 0] Deparser 'deparser': start
[15:46:27.350] [bmv2] [D] [thread 357] [4.0] [cxt 0] Deparsing header 'ethernet'
[15:46:27.350] [bmv2] [D] [thread 357] [4.0] [cxt 0] Deparser 'deparser': end
[15:46:27.350] [bmv2] [D] [thread 361] [4.0] [cxt 0] Transmitting packet of size 60 out of port 0
[15:46:27.623] [bmv2] [T] [thread 364] bm_get_config
[15:46:31.031] [bmv2] [D] [thread 356] [5.0] [cxt 0] Processing packet received on port 1
[15:46:31.032] [bmv2] [D] [thread 356] [5.0] [cxt 0] Parser 'parser': start
[15:46:31.032] [bmv2] [D] [thread 356] [5.0] [cxt 0] Parser 'parser' entering state 'start'
[15:46:31.032] [bmv2] [D] [thread 356] [5.0] [cxt 0] Extracting header 'ethernet'
[15:46:31.032] [bmv2] [D] [thread 356] [5.0] [cxt 0] Parser set: setting field 'scalars.metadata.ingress_port' from field 'standard_metadata.ingress_port' (1)
[15:46:31.032] [bmv2] [D] [thread 356] [5.0] [cxt 0] Parser set: setting field 'scalars.metadata.ingress_ts' from expression, new value is 78482696
[15:46:31.032] [bmv2] [D] [thread 356] [5.0] [cxt 0] Parser set: setting field 'scalars.metadata.is_int_packet' to 0
[15:46:31.032] [bmv2] [D] [thread 356] [5.0] [cxt 0] Parser set: setting field 'scalars.metadata.is_ngap_traffic' to 0
[15:46:31.032] [bmv2] [D] [thread 356] [5.0] [cxt 0] Parser set: setting field 'scalars.metadata.is_gtp_u_traffic' to 0
[15:46:31.032] [bmv2] [D] [thread 356] [5.0] [cxt 0] Parser set: setting field 'scalars.metadata.traffic_type' to 0
[15:46:31.032] [bmv2] [D] [thread 356] [5.0] [cxt 0] Parser set: setting field 'scalars.metadata.should_insert_int' to 0
[15:46:31.032] [bmv2] [D] [thread 356] [5.0] [cxt 0] Parser state 'start': key is 015c
[15:46:31.032] [bmv2] [T] [thread 356] [5.0] [cxt 0] Bytes parsed: 14
[15:46:31.032] [bmv2] [D] [thread 356] [5.0] [cxt 0] Parser 'parser': end
[15:46:31.032] [bmv2] [D] [thread 356] [5.0] [cxt 0] Pipeline 'ingress': start
[15:46:31.032] [bmv2] [T] [thread 356] [5.0] [cxt 0] Applying table 'tbl_intgtpsource295'
[15:46:31.032] [bmv2] [D] [thread 356] [5.0] [cxt 0] Looking up key:

[15:46:31.032] [bmv2] [D] [thread 356] [5.0] [cxt 0] Table 'tbl_intgtpsource295': miss
[15:46:31.032] [bmv2] [D] [thread 356] [5.0] [cxt 0] Action entry is intgtpsource295 -
[15:46:31.032] [bmv2] [T] [thread 356] [5.0] [cxt 0] Action intgtpsource295
[15:46:31.032] [bmv2] [T] [thread 356] [5.0] [cxt 0] int-gtp-source.p4(295) Primitive meta.switch_id = 1
[15:46:31.032] [bmv2] [T] [thread 356] [5.0] [cxt 0] int-gtp-source.p4(297) Condition "hdr.ethernet.isValid() && hdr.ipv4.isValid()" (node_3) is false
[15:46:31.032] [bmv2] [D] [thread 356] [5.0] [cxt 0] Pipeline 'ingress': end
[15:46:31.032] [bmv2] [D] [thread 356] [5.0] [cxt 0] Egress port is 0
[15:46:31.032] [bmv2] [D] [thread 357] [5.0] [cxt 0] Pipeline 'egress': start
[15:46:31.032] [bmv2] [T] [thread 357] [5.0] [cxt 0] int-gtp-source.p4(330) Condition "hdr.int_shim.isValid()" (node_11) is false
[15:46:31.032] [bmv2] [D] [thread 357] [5.0] [cxt 0] Pipeline 'egress': end
[15:46:31.032] [bmv2] [D] [thread 357] [5.0] [cxt 0] Deparser 'deparser': start
[15:46:31.032] [bmv2] [D] [thread 357] [5.0] [cxt 0] Deparsing header 'ethernet'
[15:46:31.032] [bmv2] [D] [thread 357] [5.0] [cxt 0] Deparser 'deparser': end
[15:46:31.032] [bmv2] [D] [thread 361] [5.0] [cxt 0] Transmitting packet of size 362 out of port 0
[15:46:37.354] [bmv2] [D] [thread 356] [6.0] [cxt 0] Processing packet received on port 1
[15:46:37.354] [bmv2] [D] [thread 356] [6.0] [cxt 0] Parser 'parser': start
[15:46:37.354] [bmv2] [D] [thread 356] [6.0] [cxt 0] Parser 'parser' entering state 'start'
[15:46:37.354] [bmv2] [D] [thread 356] [6.0] [cxt 0] Extracting header 'ethernet'
[15:46:37.354] [bmv2] [D] [thread 356] [6.0] [cxt 0] Parser set: setting field 'scalars.metadata.ingress_port' from field 'standard_metadata.ingress_port' (1)
[15:46:37.354] [bmv2] [D] [thread 356] [6.0] [cxt 0] Parser set: setting field 'scalars.metadata.ingress_ts' from expression, new value is 84805379
[15:46:37.354] [bmv2] [D] [thread 356] [6.0] [cxt 0] Parser set: setting field 'scalars.metadata.is_int_packet' to 0
[15:46:37.354] [bmv2] [D] [thread 356] [6.0] [cxt 0] Parser set: setting field 'scalars.metadata.is_ngap_traffic' to 0
[15:46:37.354] [bmv2] [D] [thread 356] [6.0] [cxt 0] Parser set: setting field 'scalars.metadata.is_gtp_u_traffic' to 0
[15:46:37.354] [bmv2] [D] [thread 356] [6.0] [cxt 0] Parser set: setting field 'scalars.metadata.traffic_type' to 0
[15:46:37.354] [bmv2] [D] [thread 356] [6.0] [cxt 0] Parser set: setting field 'scalars.metadata.should_insert_int' to 0
[15:46:37.354] [bmv2] [D] [thread 356] [6.0] [cxt 0] Parser state 'start': key is 9000
[15:46:37.354] [bmv2] [T] [thread 356] [6.0] [cxt 0] Bytes parsed: 14
[15:46:37.354] [bmv2] [D] [thread 356] [6.0] [cxt 0] Parser 'parser': end
[15:46:37.354] [bmv2] [D] [thread 356] [6.0] [cxt 0] Pipeline 'ingress': start
[15:46:37.354] [bmv2] [T] [thread 356] [6.0] [cxt 0] Applying table 'tbl_intgtpsource295'
[15:46:37.354] [bmv2] [D] [thread 356] [6.0] [cxt 0] Looking up key:

[15:46:37.354] [bmv2] [D] [thread 356] [6.0] [cxt 0] Table 'tbl_intgtpsource295': miss
[15:46:37.354] [bmv2] [D] [thread 356] [6.0] [cxt 0] Action entry is intgtpsource295 -
[15:46:37.354] [bmv2] [T] [thread 356] [6.0] [cxt 0] Action intgtpsource295
[15:46:37.354] [bmv2] [T] [thread 356] [6.0] [cxt 0] int-gtp-source.p4(295) Primitive meta.switch_id = 1
[15:46:37.354] [bmv2] [T] [thread 356] [6.0] [cxt 0] int-gtp-source.p4(297) Condition "hdr.ethernet.isValid() && hdr.ipv4.isValid()" (node_3) is false
[15:46:37.354] [bmv2] [D] [thread 356] [6.0] [cxt 0] Pipeline 'ingress': end
[15:46:37.354] [bmv2] [D] [thread 356] [6.0] [cxt 0] Egress port is 0
[15:46:37.354] [bmv2] [D] [thread 357] [6.0] [cxt 0] Pipeline 'egress': start
[15:46:37.354] [bmv2] [T] [thread 357] [6.0] [cxt 0] int-gtp-source.p4(330) Condition "hdr.int_shim.isValid()" (node_11) is false
[15:46:37.354] [bmv2] [D] [thread 357] [6.0] [cxt 0] Pipeline 'egress': end
[15:46:37.354] [bmv2] [D] [thread 357] [6.0] [cxt 0] Deparser 'deparser': start
[15:46:37.354] [bmv2] [D] [thread 357] [6.0] [cxt 0] Deparsing header 'ethernet'
[15:46:37.354] [bmv2] [D] [thread 357] [6.0] [cxt 0] Deparser 'deparser': end
[15:46:37.354] [bmv2] [D] [thread 361] [6.0] [cxt 0] Transmitting packet of size 60 out of port 0
[15:46:37.467] [bmv2] [T] [thread 364] bm_table_add_entry
[15:46:37.467] [bmv2] [D] [thread 364] Entry 0 added to table 'MyIngress.ipv4_lpm'
[15:46:37.467] [bmv2] [D] [thread 364] Dumping entry 0
Match key:
* hdr.ipv4.dstAddr    : LPM       ac120a02/32
Action entry: MyIngress.forward_action - 1,

[15:46:38.233] [bmv2] [T] [thread 364] bm_table_add_entry
[15:46:38.233] [bmv2] [D] [thread 364] Entry 1 added to table 'MyIngress.ipv4_lpm'
[15:46:38.233] [bmv2] [D] [thread 364] Dumping entry 1
Match key:
* hdr.ipv4.dstAddr    : LPM       ac120a03/32
Action entry: MyIngress.forward_action - 1,

[15:46:44.210] [bmv2] [T] [thread 364] bm_table_add_entry
[15:46:44.210] [bmv2] [D] [thread 364] Entry 2 added to table 'MyIngress.ipv4_lpm'
[15:46:44.210] [bmv2] [D] [thread 364] Dumping entry 2
Match key:
* hdr.ipv4.dstAddr    : LPM       00000000/0
Action entry: MyIngress.forward_action - 2,

[15:46:47.341] [bmv2] [D] [thread 356] [7.0] [cxt 0] Processing packet received on port 1
[15:46:47.341] [bmv2] [D] [thread 356] [7.0] [cxt 0] Parser 'parser': start
[15:46:47.341] [bmv2] [D] [thread 356] [7.0] [cxt 0] Parser 'parser' entering state 'start'
[15:46:47.341] [bmv2] [D] [thread 356] [7.0] [cxt 0] Extracting header 'ethernet'
[15:46:47.341] [bmv2] [D] [thread 356] [7.0] [cxt 0] Parser set: setting field 'scalars.metadata.ingress_port' from field 'standard_metadata.ingress_port' (1)
[15:46:47.341] [bmv2] [D] [thread 356] [7.0] [cxt 0] Parser set: setting field 'scalars.metadata.ingress_ts' from expression, new value is 94791800
[15:46:47.341] [bmv2] [D] [thread 356] [7.0] [cxt 0] Parser set: setting field 'scalars.metadata.is_int_packet' to 0
[15:46:47.341] [bmv2] [D] [thread 356] [7.0] [cxt 0] Parser set: setting field 'scalars.metadata.is_ngap_traffic' to 0
[15:46:47.341] [bmv2] [D] [thread 356] [7.0] [cxt 0] Parser set: setting field 'scalars.metadata.is_gtp_u_traffic' to 0
[15:46:47.341] [bmv2] [D] [thread 356] [7.0] [cxt 0] Parser set: setting field 'scalars.metadata.traffic_type' to 0
[15:46:47.341] [bmv2] [D] [thread 356] [7.0] [cxt 0] Parser set: setting field 'scalars.metadata.should_insert_int' to 0
[15:46:47.341] [bmv2] [D] [thread 356] [7.0] [cxt 0] Parser state 'start': key is 9000
[15:46:47.341] [bmv2] [T] [thread 356] [7.0] [cxt 0] Bytes parsed: 14
[15:46:47.341] [bmv2] [D] [thread 356] [7.0] [cxt 0] Parser 'parser': end
[15:46:47.341] [bmv2] [D] [thread 356] [7.0] [cxt 0] Pipeline 'ingress': start
[15:46:47.341] [bmv2] [T] [thread 356] [7.0] [cxt 0] Applying table 'tbl_intgtpsource295'
[15:46:47.341] [bmv2] [D] [thread 356] [7.0] [cxt 0] Looking up key:

[15:46:47.341] [bmv2] [D] [thread 356] [7.0] [cxt 0] Table 'tbl_intgtpsource295': miss
[15:46:47.341] [bmv2] [D] [thread 356] [7.0] [cxt 0] Action entry is intgtpsource295 -
[15:46:47.341] [bmv2] [T] [thread 356] [7.0] [cxt 0] Action intgtpsource295
[15:46:47.341] [bmv2] [T] [thread 356] [7.0] [cxt 0] int-gtp-source.p4(295) Primitive meta.switch_id = 1
[15:46:47.341] [bmv2] [T] [thread 356] [7.0] [cxt 0] int-gtp-source.p4(297) Condition "hdr.ethernet.isValid() && hdr.ipv4.isValid()" (node_3) is false
[15:46:47.341] [bmv2] [D] [thread 356] [7.0] [cxt 0] Pipeline 'ingress': end
[15:46:47.341] [bmv2] [D] [thread 356] [7.0] [cxt 0] Egress port is 0
[15:46:47.341] [bmv2] [D] [thread 357] [7.0] [cxt 0] Pipeline 'egress': start
[15:46:47.341] [bmv2] [T] [thread 357] [7.0] [cxt 0] int-gtp-source.p4(330) Condition "hdr.int_shim.isValid()" (node_11) is false
[15:46:47.341] [bmv2] [D] [thread 357] [7.0] [cxt 0] Pipeline 'egress': end
[15:46:47.341] [bmv2] [D] [thread 357] [7.0] [cxt 0] Deparser 'deparser': start
[15:46:47.341] [bmv2] [D] [thread 357] [7.0] [cxt 0] Deparsing header 'ethernet'
[15:46:47.341] [bmv2] [D] [thread 357] [7.0] [cxt 0] Deparser 'deparser': end
[15:46:47.341] [bmv2] [D] [thread 361] [7.0] [cxt 0] Transmitting packet of size 60 out of port 0
[15:46:51.041] [bmv2] [T] [thread 364] bm_table_add_entry
[15:46:51.041] [bmv2] [D] [thread 364] Entry 0 added to table 'MyIngress.int_source_table'
[15:46:51.041] [bmv2] [D] [thread 364] Dumping entry 0
Match key:
* meta.traffic_type   : EXACT     01
Action entry: MyIngress.int_source_action -

[15:46:56.777] [bmv2] [T] [thread 364] bm_table_add_entry
[15:46:56.777] [bmv2] [D] [thread 364] Entry 1 added to table 'MyIngress.int_source_table'
[15:46:56.777] [bmv2] [D] [thread 364] Dumping entry 1
Match key:
* meta.traffic_type   : EXACT     02
Action entry: MyIngress.int_source_action -

[15:46:57.360] [bmv2] [D] [thread 356] [8.0] [cxt 0] Processing packet received on port 1
[15:46:57.360] [bmv2] [D] [thread 356] [8.0] [cxt 0] Parser 'parser': start
[15:46:57.360] [bmv2] [D] [thread 356] [8.0] [cxt 0] Parser 'parser' entering state 'start'
[15:46:57.360] [bmv2] [D] [thread 356] [8.0] [cxt 0] Extracting header 'ethernet'
[15:46:57.360] [bmv2] [D] [thread 356] [8.0] [cxt 0] Parser set: setting field 'scalars.metadata.ingress_port' from field 'standard_metadata.ingress_port' (1)
[15:46:57.360] [bmv2] [D] [thread 356] [8.0] [cxt 0] Parser set: setting field 'scalars.metadata.ingress_ts' from expression, new value is 104811097
[15:46:57.360] [bmv2] [D] [thread 356] [8.0] [cxt 0] Parser set: setting field 'scalars.metadata.is_int_packet' to 0
[15:46:57.360] [bmv2] [D] [thread 356] [8.0] [cxt 0] Parser set: setting field 'scalars.metadata.is_ngap_traffic' to 0
[15:46:57.360] [bmv2] [D] [thread 356] [8.0] [cxt 0] Parser set: setting field 'scalars.metadata.is_gtp_u_traffic' to 0
[15:46:57.360] [bmv2] [D] [thread 356] [8.0] [cxt 0] Parser set: setting field 'scalars.metadata.traffic_type' to 0
[15:46:57.360] [bmv2] [D] [thread 356] [8.0] [cxt 0] Parser set: setting field 'scalars.metadata.should_insert_int' to 0
[15:46:57.360] [bmv2] [D] [thread 356] [8.0] [cxt 0] Parser state 'start': key is 9000
[15:46:57.360] [bmv2] [T] [thread 356] [8.0] [cxt 0] Bytes parsed: 14
[15:46:57.360] [bmv2] [D] [thread 356] [8.0] [cxt 0] Parser 'parser': end
[15:46:57.360] [bmv2] [D] [thread 356] [8.0] [cxt 0] Pipeline 'ingress': start
[15:46:57.360] [bmv2] [T] [thread 356] [8.0] [cxt 0] Applying table 'tbl_intgtpsource295'
[15:46:57.360] [bmv2] [D] [thread 356] [8.0] [cxt 0] Looking up key:

[15:46:57.360] [bmv2] [D] [thread 356] [8.0] [cxt 0] Table 'tbl_intgtpsource295': miss
[15:46:57.360] [bmv2] [D] [thread 356] [8.0] [cxt 0] Action entry is intgtpsource295 -
[15:46:57.360] [bmv2] [T] [thread 356] [8.0] [cxt 0] Action intgtpsource295
[15:46:57.360] [bmv2] [T] [thread 356] [8.0] [cxt 0] int-gtp-source.p4(295) Primitive meta.switch_id = 1
[15:46:57.360] [bmv2] [T] [thread 356] [8.0] [cxt 0] int-gtp-source.p4(297) Condition "hdr.ethernet.isValid() && hdr.ipv4.isValid()" (node_3) is false
[15:46:57.360] [bmv2] [D] [thread 356] [8.0] [cxt 0] Pipeline 'ingress': end
[15:46:57.360] [bmv2] [D] [thread 356] [8.0] [cxt 0] Egress port is 0
[15:46:57.360] [bmv2] [D] [thread 357] [8.0] [cxt 0] Pipeline 'egress': start
[15:46:57.360] [bmv2] [T] [thread 357] [8.0] [cxt 0] int-gtp-source.p4(330) Condition "hdr.int_shim.isValid()" (node_11) is false
[15:46:57.360] [bmv2] [D] [thread 357] [8.0] [cxt 0] Pipeline 'egress': end
[15:46:57.360] [bmv2] [D] [thread 357] [8.0] [cxt 0] Deparser 'deparser': start
[15:46:57.360] [bmv2] [D] [thread 357] [8.0] [cxt 0] Deparsing header 'ethernet'
[15:46:57.360] [bmv2] [D] [thread 357] [8.0] [cxt 0] Deparser 'deparser': end
[15:46:57.360] [bmv2] [D] [thread 361] [8.0] [cxt 0] Transmitting packet of size 60 out of port 0
[15:47:07.357] [bmv2] [D] [thread 356] [9.0] [cxt 0] Processing packet received on port 1
[15:47:07.357] [bmv2] [D] [thread 356] [9.0] [cxt 0] Parser 'parser': start
[15:47:07.357] [bmv2] [D] [thread 356] [9.0] [cxt 0] Parser 'parser' entering state 'start'
[15:47:07.357] [bmv2] [D] [thread 356] [9.0] [cxt 0] Extracting header 'ethernet'
[15:47:07.357] [bmv2] [D] [thread 356] [9.0] [cxt 0] Parser set: setting field 'scalars.metadata.ingress_port' from field 'standard_metadata.ingress_port' (1)
[15:47:07.357] [bmv2] [D] [thread 356] [9.0] [cxt 0] Parser set: setting field 'scalars.metadata.ingress_ts' from expression, new value is 114807795
[15:47:07.357] [bmv2] [D] [thread 356] [9.0] [cxt 0] Parser set: setting field 'scalars.metadata.is_int_packet' to 0
[15:47:07.357] [bmv2] [D] [thread 356] [9.0] [cxt 0] Parser set: setting field 'scalars.metadata.is_ngap_traffic' to 0
[15:47:07.357] [bmv2] [D] [thread 356] [9.0] [cxt 0] Parser set: setting field 'scalars.metadata.is_gtp_u_traffic' to 0
[15:47:07.357] [bmv2] [D] [thread 356] [9.0] [cxt 0] Parser set: setting field 'scalars.metadata.traffic_type' to 0
[15:47:07.357] [bmv2] [D] [thread 356] [9.0] [cxt 0] Parser set: setting field 'scalars.metadata.should_insert_int' to 0
[15:47:07.357] [bmv2] [D] [thread 356] [9.0] [cxt 0] Parser state 'start': key is 9000
[15:47:07.357] [bmv2] [T] [thread 356] [9.0] [cxt 0] Bytes parsed: 14
[15:47:07.357] [bmv2] [D] [thread 356] [9.0] [cxt 0] Parser 'parser': end
[15:47:07.357] [bmv2] [D] [thread 356] [9.0] [cxt 0] Pipeline 'ingress': start
[15:47:07.357] [bmv2] [T] [thread 356] [9.0] [cxt 0] Applying table 'tbl_intgtpsource295'
[15:47:07.357] [bmv2] [D] [thread 356] [9.0] [cxt 0] Looking up key:

[15:47:07.357] [bmv2] [D] [thread 356] [9.0] [cxt 0] Table 'tbl_intgtpsource295': miss
[15:47:07.357] [bmv2] [D] [thread 356] [9.0] [cxt 0] Action entry is intgtpsource295 -
[15:47:07.357] [bmv2] [T] [thread 356] [9.0] [cxt 0] Action intgtpsource295
[15:47:07.357] [bmv2] [T] [thread 356] [9.0] [cxt 0] int-gtp-source.p4(295) Primitive meta.switch_id = 1
[15:47:07.357] [bmv2] [T] [thread 356] [9.0] [cxt 0] int-gtp-source.p4(297) Condition "hdr.ethernet.isValid() && hdr.ipv4.isValid()" (node_3) is false
[15:47:07.357] [bmv2] [D] [thread 356] [9.0] [cxt 0] Pipeline 'ingress': end
[15:47:07.358] [bmv2] [D] [thread 356] [9.0] [cxt 0] Egress port is 0
[15:47:07.358] [bmv2] [D] [thread 357] [9.0] [cxt 0] Pipeline 'egress': start
[15:47:07.358] [bmv2] [T] [thread 357] [9.0] [cxt 0] int-gtp-source.p4(330) Condition "hdr.int_shim.isValid()" (node_11) is false
[15:47:07.358] [bmv2] [D] [thread 357] [9.0] [cxt 0] Pipeline 'egress': end
[15:47:07.358] [bmv2] [D] [thread 357] [9.0] [cxt 0] Deparser 'deparser': start
[15:47:07.358] [bmv2] [D] [thread 357] [9.0] [cxt 0] Deparsing header 'ethernet'
[15:47:07.358] [bmv2] [D] [thread 357] [9.0] [cxt 0] Deparser 'deparser': end
[15:47:07.358] [bmv2] [D] [thread 361] [9.0] [cxt 0] Transmitting packet of size 60 out of port 0
[15:47:17.346] [bmv2] [D] [thread 356] [10.0] [cxt 0] Processing packet received on port 1
[15:47:17.346] [bmv2] [D] [thread 356] [10.0] [cxt 0] Parser 'parser': start
[15:47:17.346] [bmv2] [D] [thread 356] [10.0] [cxt 0] Parser 'parser' entering state 'start'
[15:47:17.346] [bmv2] [D] [thread 356] [10.0] [cxt 0] Extracting header 'ethernet'
[15:47:17.346] [bmv2] [D] [thread 356] [10.0] [cxt 0] Parser set: setting field 'scalars.metadata.ingress_port' from field 'standard_metadata.ingress_port' (1)
[15:47:17.346] [bmv2] [D] [thread 356] [10.0] [cxt 0] Parser set: setting field 'scalars.metadata.ingress_ts' from expression, new value is 124797322
[15:47:17.346] [bmv2] [D] [thread 356] [10.0] [cxt 0] Parser set: setting field 'scalars.metadata.is_int_packet' to 0
[15:47:17.346] [bmv2] [D] [thread 356] [10.0] [cxt 0] Parser set: setting field 'scalars.metadata.is_ngap_traffic' to 0
[15:47:17.346] [bmv2] [D] [thread 356] [10.0] [cxt 0] Parser set: setting field 'scalars.metadata.is_gtp_u_traffic' to 0
[15:47:17.346] [bmv2] [D] [thread 356] [10.0] [cxt 0] Parser set: setting field 'scalars.metadata.traffic_type' to 0
[15:47:17.346] [bmv2] [D] [thread 356] [10.0] [cxt 0] Parser set: setting field 'scalars.metadata.should_insert_int' to 0
[15:47:17.346] [bmv2] [D] [thread 356] [10.0] [cxt 0] Parser state 'start': key is 9000
[15:47:17.346] [bmv2] [T] [thread 356] [10.0] [cxt 0] Bytes parsed: 14
[15:47:17.346] [bmv2] [D] [thread 356] [10.0] [cxt 0] Parser 'parser': end
[15:47:17.346] [bmv2] [D] [thread 356] [10.0] [cxt 0] Pipeline 'ingress': start
[15:47:17.346] [bmv2] [T] [thread 356] [10.0] [cxt 0] Applying table 'tbl_intgtpsource295'
[15:47:17.346] [bmv2] [D] [thread 356] [10.0] [cxt 0] Looking up key:

[15:47:17.346] [bmv2] [D] [thread 356] [10.0] [cxt 0] Table 'tbl_intgtpsource295': miss
[15:47:17.346] [bmv2] [D] [thread 356] [10.0] [cxt 0] Action entry is intgtpsource295 -
[15:47:17.346] [bmv2] [T] [thread 356] [10.0] [cxt 0] Action intgtpsource295
[15:47:17.346] [bmv2] [T] [thread 356] [10.0] [cxt 0] int-gtp-source.p4(295) Primitive meta.switch_id = 1
[15:47:17.346] [bmv2] [T] [thread 356] [10.0] [cxt 0] int-gtp-source.p4(297) Condition "hdr.ethernet.isValid() && hdr.ipv4.isValid()" (node_3) is false
[15:47:17.346] [bmv2] [D] [thread 356] [10.0] [cxt 0] Pipeline 'ingress': end
[15:47:17.346] [bmv2] [D] [thread 356] [10.0] [cxt 0] Egress port is 0
[15:47:17.346] [bmv2] [D] [thread 357] [10.0] [cxt 0] Pipeline 'egress': start
[15:47:17.346] [bmv2] [T] [thread 357] [10.0] [cxt 0] int-gtp-source.p4(330) Condition "hdr.int_shim.isValid()" (node_11) is false
[15:47:17.346] [bmv2] [D] [thread 357] [10.0] [cxt 0] Pipeline 'egress': end
[15:47:17.346] [bmv2] [D] [thread 357] [10.0] [cxt 0] Deparser 'deparser': start
[15:47:17.346] [bmv2] [D] [thread 357] [10.0] [cxt 0] Deparsing header 'ethernet'
[15:47:17.346] [bmv2] [D] [thread 357] [10.0] [cxt 0] Deparser 'deparser': end
[15:47:17.346] [bmv2] [D] [thread 361] [10.0] [cxt 0] Transmitting packet of size 60 out of port 0
[15:47:27.342] [bmv2] [D] [thread 356] [11.0] [cxt 0] Processing packet received on port 1
[15:47:27.342] [bmv2] [D] [thread 356] [11.0] [cxt 0] Parser 'parser': start
[15:47:27.342] [bmv2] [D] [thread 356] [11.0] [cxt 0] Parser 'parser' entering state 'start'
[15:47:27.342] [bmv2] [D] [thread 356] [11.0] [cxt 0] Extracting header 'ethernet'
[15:47:27.342] [bmv2] [D] [thread 356] [11.0] [cxt 0] Parser set: setting field 'scalars.metadata.ingress_port' from field 'standard_metadata.ingress_port' (1)
[15:47:27.342] [bmv2] [D] [thread 356] [11.0] [cxt 0] Parser set: setting field 'scalars.metadata.ingress_ts' from expression, new value is 134793614
[15:47:27.342] [bmv2] [D] [thread 356] [11.0] [cxt 0] Parser set: setting field 'scalars.metadata.is_int_packet' to 0
[15:47:27.342] [bmv2] [D] [thread 356] [11.0] [cxt 0] Parser set: setting field 'scalars.metadata.is_ngap_traffic' to 0
[15:47:27.342] [bmv2] [D] [thread 356] [11.0] [cxt 0] Parser set: setting field 'scalars.metadata.is_gtp_u_traffic' to 0
[15:47:27.342] [bmv2] [D] [thread 356] [11.0] [cxt 0] Parser set: setting field 'scalars.metadata.traffic_type' to 0
[15:47:27.342] [bmv2] [D] [thread 356] [11.0] [cxt 0] Parser set: setting field 'scalars.metadata.should_insert_int' to 0
[15:47:27.342] [bmv2] [D] [thread 356] [11.0] [cxt 0] Parser state 'start': key is 9000
[15:47:27.342] [bmv2] [T] [thread 356] [11.0] [cxt 0] Bytes parsed: 14
[15:47:27.343] [bmv2] [D] [thread 356] [11.0] [cxt 0] Parser 'parser': end
[15:47:27.343] [bmv2] [D] [thread 356] [11.0] [cxt 0] Pipeline 'ingress': start
[15:47:27.343] [bmv2] [T] [thread 356] [11.0] [cxt 0] Applying table 'tbl_intgtpsource295'
[15:47:27.343] [bmv2] [D] [thread 356] [11.0] [cxt 0] Looking up key:

[15:47:27.343] [bmv2] [D] [thread 356] [11.0] [cxt 0] Table 'tbl_intgtpsource295': miss
[15:47:27.343] [bmv2] [D] [thread 356] [11.0] [cxt 0] Action entry is intgtpsource295 -
[15:47:27.343] [bmv2] [T] [thread 356] [11.0] [cxt 0] Action intgtpsource295
[15:47:27.343] [bmv2] [T] [thread 356] [11.0] [cxt 0] int-gtp-source.p4(295) Primitive meta.switch_id = 1
[15:47:27.343] [bmv2] [T] [thread 356] [11.0] [cxt 0] int-gtp-source.p4(297) Condition "hdr.ethernet.isValid() && hdr.ipv4.isValid()" (node_3) is false
[15:47:27.343] [bmv2] [D] [thread 356] [11.0] [cxt 0] Pipeline 'ingress': end
[15:47:27.343] [bmv2] [D] [thread 356] [11.0] [cxt 0] Egress port is 0
[15:47:27.343] [bmv2] [D] [thread 357] [11.0] [cxt 0] Pipeline 'egress': start
[15:47:27.343] [bmv2] [T] [thread 357] [11.0] [cxt 0] int-gtp-source.p4(330) Condition "hdr.int_shim.isValid()" (node_11) is false
[15:47:27.343] [bmv2] [D] [thread 357] [11.0] [cxt 0] Pipeline 'egress': end
[15:47:27.343] [bmv2] [D] [thread 357] [11.0] [cxt 0] Deparser 'deparser': start
[15:47:27.343] [bmv2] [D] [thread 357] [11.0] [cxt 0] Deparsing header 'ethernet'
[15:47:27.343] [bmv2] [D] [thread 357] [11.0] [cxt 0] Deparser 'deparser': end
[15:47:27.343] [bmv2] [D] [thread 361] [11.0] [cxt 0] Transmitting packet of size 60 out of port 0
[15:47:31.018] [bmv2] [D] [thread 356] [12.0] [cxt 0] Processing packet received on port 1
[15:47:31.018] [bmv2] [D] [thread 356] [12.0] [cxt 0] Parser 'parser': start
[15:47:31.018] [bmv2] [D] [thread 356] [12.0] [cxt 0] Parser 'parser' entering state 'start'
[15:47:31.018] [bmv2] [D] [thread 356] [12.0] [cxt 0] Extracting header 'ethernet'
[15:47:31.018] [bmv2] [D] [thread 356] [12.0] [cxt 0] Parser set: setting field 'scalars.metadata.ingress_port' from field 'standard_metadata.ingress_port' (1)
[15:47:31.018] [bmv2] [D] [thread 356] [12.0] [cxt 0] Parser set: setting field 'scalars.metadata.ingress_ts' from expression, new value is 138469428
[15:47:31.018] [bmv2] [D] [thread 356] [12.0] [cxt 0] Parser set: setting field 'scalars.metadata.is_int_packet' to 0
[15:47:31.018] [bmv2] [D] [thread 356] [12.0] [cxt 0] Parser set: setting field 'scalars.metadata.is_ngap_traffic' to 0
[15:47:31.018] [bmv2] [D] [thread 356] [12.0] [cxt 0] Parser set: setting field 'scalars.metadata.is_gtp_u_traffic' to 0
[15:47:31.018] [bmv2] [D] [thread 356] [12.0] [cxt 0] Parser set: setting field 'scalars.metadata.traffic_type' to 0
[15:47:31.018] [bmv2] [D] [thread 356] [12.0] [cxt 0] Parser set: setting field 'scalars.metadata.should_insert_int' to 0
[15:47:31.018] [bmv2] [D] [thread 356] [12.0] [cxt 0] Parser state 'start': key is 015c
[15:47:31.018] [bmv2] [T] [thread 356] [12.0] [cxt 0] Bytes parsed: 14
[15:47:31.018] [bmv2] [D] [thread 356] [12.0] [cxt 0] Parser 'parser': end
[15:47:31.018] [bmv2] [D] [thread 356] [12.0] [cxt 0] Pipeline 'ingress': start
[15:47:31.018] [bmv2] [T] [thread 356] [12.0] [cxt 0] Applying table 'tbl_intgtpsource295'
[15:47:31.018] [bmv2] [D] [thread 356] [12.0] [cxt 0] Looking up key:

[15:47:31.018] [bmv2] [D] [thread 356] [12.0] [cxt 0] Table 'tbl_intgtpsource295': miss
[15:47:31.018] [bmv2] [D] [thread 356] [12.0] [cxt 0] Action entry is intgtpsource295 -
[15:47:31.018] [bmv2] [T] [thread 356] [12.0] [cxt 0] Action intgtpsource295
[15:47:31.018] [bmv2] [T] [thread 356] [12.0] [cxt 0] int-gtp-source.p4(295) Primitive meta.switch_id = 1
[15:47:31.018] [bmv2] [T] [thread 356] [12.0] [cxt 0] int-gtp-source.p4(297) Condition "hdr.ethernet.isValid() && hdr.ipv4.isValid()" (node_3) is false
[15:47:31.018] [bmv2] [D] [thread 356] [12.0] [cxt 0] Pipeline 'ingress': end
[15:47:31.018] [bmv2] [D] [thread 356] [12.0] [cxt 0] Egress port is 0
[15:47:31.018] [bmv2] [D] [thread 357] [12.0] [cxt 0] Pipeline 'egress': start
[15:47:31.018] [bmv2] [T] [thread 357] [12.0] [cxt 0] int-gtp-source.p4(330) Condition "hdr.int_shim.isValid()" (node_11) is false
[15:47:31.018] [bmv2] [D] [thread 357] [12.0] [cxt 0] Pipeline 'egress': end
[15:47:31.018] [bmv2] [D] [thread 357] [12.0] [cxt 0] Deparser 'deparser': start
[15:47:31.018] [bmv2] [D] [thread 357] [12.0] [cxt 0] Deparsing header 'ethernet'
[15:47:31.018] [bmv2] [D] [thread 357] [12.0] [cxt 0] Deparser 'deparser': end
[15:47:31.018] [bmv2] [D] [thread 361] [12.0] [cxt 0] Transmitting packet of size 362 out of port 0
[15:47:37.336] [bmv2] [D] [thread 356] [13.0] [cxt 0] Processing packet received on port 1
[15:47:37.336] [bmv2] [D] [thread 356] [13.0] [cxt 0] Parser 'parser': start
[15:47:37.336] [bmv2] [D] [thread 356] [13.0] [cxt 0] Parser 'parser' entering state 'start'
[15:47:37.336] [bmv2] [D] [thread 356] [13.0] [cxt 0] Extracting header 'ethernet'
[15:47:37.336] [bmv2] [D] [thread 356] [13.0] [cxt 0] Parser set: setting field 'scalars.metadata.ingress_port' from field 'standard_metadata.ingress_port' (1)
[15:47:37.336] [bmv2] [D] [thread 356] [13.0] [cxt 0] Parser set: setting field 'scalars.metadata.ingress_ts' from expression, new value is 144786983
[15:47:37.336] [bmv2] [D] [thread 356] [13.0] [cxt 0] Parser set: setting field 'scalars.metadata.is_int_packet' to 0
[15:47:37.336] [bmv2] [D] [thread 356] [13.0] [cxt 0] Parser set: setting field 'scalars.metadata.is_ngap_traffic' to 0
[15:47:37.336] [bmv2] [D] [thread 356] [13.0] [cxt 0] Parser set: setting field 'scalars.metadata.is_gtp_u_traffic' to 0
[15:47:37.336] [bmv2] [D] [thread 356] [13.0] [cxt 0] Parser set: setting field 'scalars.metadata.traffic_type' to 0
[15:47:37.336] [bmv2] [D] [thread 356] [13.0] [cxt 0] Parser set: setting field 'scalars.metadata.should_insert_int' to 0
[15:47:37.336] [bmv2] [D] [thread 356] [13.0] [cxt 0] Parser state 'start': key is 9000
[15:47:37.336] [bmv2] [T] [thread 356] [13.0] [cxt 0] Bytes parsed: 14
[15:47:37.336] [bmv2] [D] [thread 356] [13.0] [cxt 0] Parser 'parser': end
[15:47:37.336] [bmv2] [D] [thread 356] [13.0] [cxt 0] Pipeline 'ingress': start
[15:47:37.336] [bmv2] [T] [thread 356] [13.0] [cxt 0] Applying table 'tbl_intgtpsource295'
[15:47:37.336] [bmv2] [D] [thread 356] [13.0] [cxt 0] Looking up key:

[15:47:37.336] [bmv2] [D] [thread 356] [13.0] [cxt 0] Table 'tbl_intgtpsource295': miss
[15:47:37.336] [bmv2] [D] [thread 356] [13.0] [cxt 0] Action entry is intgtpsource295 -
[15:47:37.336] [bmv2] [T] [thread 356] [13.0] [cxt 0] Action intgtpsource295
[15:47:37.336] [bmv2] [T] [thread 356] [13.0] [cxt 0] int-gtp-source.p4(295) Primitive meta.switch_id = 1
[15:47:37.336] [bmv2] [T] [thread 356] [13.0] [cxt 0] int-gtp-source.p4(297) Condition "hdr.ethernet.isValid() && hdr.ipv4.isValid()" (node_3) is false
[15:47:37.336] [bmv2] [D] [thread 356] [13.0] [cxt 0] Pipeline 'ingress': end
[15:47:37.336] [bmv2] [D] [thread 356] [13.0] [cxt 0] Egress port is 0
[15:47:37.336] [bmv2] [D] [thread 357] [13.0] [cxt 0] Pipeline 'egress': start
[15:47:37.336] [bmv2] [T] [thread 357] [13.0] [cxt 0] int-gtp-source.p4(330) Condition "hdr.int_shim.isValid()" (node_11) is false
[15:47:37.336] [bmv2] [D] [thread 357] [13.0] [cxt 0] Pipeline 'egress': end
[15:47:37.336] [bmv2] [D] [thread 357] [13.0] [cxt 0] Deparser 'deparser': start
[15:47:37.336] [bmv2] [D] [thread 357] [13.0] [cxt 0] Deparsing header 'ethernet'
[15:47:37.336] [bmv2] [D] [thread 357] [13.0] [cxt 0] Deparser 'deparser': end
[15:47:37.336] [bmv2] [D] [thread 361] [13.0] [cxt 0] Transmitting packet of size 60 out of port 0
[15:47:47.338] [bmv2] [D] [thread 356] [14.0] [cxt 0] Processing packet received on port 1
[15:47:47.338] [bmv2] [D] [thread 356] [14.0] [cxt 0] Parser 'parser': start
[15:47:47.338] [bmv2] [D] [thread 356] [14.0] [cxt 0] Parser 'parser' entering state 'start'
[15:47:47.338] [bmv2] [D] [thread 356] [14.0] [cxt 0] Extracting header 'ethernet'
[15:47:47.338] [bmv2] [D] [thread 356] [14.0] [cxt 0] Parser set: setting field 'scalars.metadata.ingress_port' from field 'standard_metadata.ingress_port' (1)
[15:47:47.338] [bmv2] [D] [thread 356] [14.0] [cxt 0] Parser set: setting field 'scalars.metadata.ingress_ts' from expression, new value is 154789437
[15:47:47.338] [bmv2] [D] [thread 356] [14.0] [cxt 0] Parser set: setting field 'scalars.metadata.is_int_packet' to 0
[15:47:47.338] [bmv2] [D] [thread 356] [14.0] [cxt 0] Parser set: setting field 'scalars.metadata.is_ngap_traffic' to 0
[15:47:47.338] [bmv2] [D] [thread 356] [14.0] [cxt 0] Parser set: setting field 'scalars.metadata.is_gtp_u_traffic' to 0
[15:47:47.338] [bmv2] [D] [thread 356] [14.0] [cxt 0] Parser set: setting field 'scalars.metadata.traffic_type' to 0
[15:47:47.338] [bmv2] [D] [thread 356] [14.0] [cxt 0] Parser set: setting field 'scalars.metadata.should_insert_int' to 0
[15:47:47.338] [bmv2] [D] [thread 356] [14.0] [cxt 0] Parser state 'start': key is 9000
[15:47:47.338] [bmv2] [T] [thread 356] [14.0] [cxt 0] Bytes parsed: 14
[15:47:47.338] [bmv2] [D] [thread 356] [14.0] [cxt 0] Parser 'parser': end
[15:47:47.338] [bmv2] [D] [thread 356] [14.0] [cxt 0] Pipeline 'ingress': start
[15:47:47.338] [bmv2] [T] [thread 356] [14.0] [cxt 0] Applying table 'tbl_intgtpsource295'
[15:47:47.338] [bmv2] [D] [thread 356] [14.0] [cxt 0] Looking up key:

[15:47:47.338] [bmv2] [D] [thread 356] [14.0] [cxt 0] Table 'tbl_intgtpsource295': miss
[15:47:47.338] [bmv2] [D] [thread 356] [14.0] [cxt 0] Action entry is intgtpsource295 -
[15:47:47.338] [bmv2] [T] [thread 356] [14.0] [cxt 0] Action intgtpsource295
[15:47:47.338] [bmv2] [T] [thread 356] [14.0] [cxt 0] int-gtp-source.p4(295) Primitive meta.switch_id = 1
[15:47:47.338] [bmv2] [T] [thread 356] [14.0] [cxt 0] int-gtp-source.p4(297) Condition "hdr.ethernet.isValid() && hdr.ipv4.isValid()" (node_3) is false
[15:47:47.338] [bmv2] [D] [thread 356] [14.0] [cxt 0] Pipeline 'ingress': end
[15:47:47.338] [bmv2] [D] [thread 356] [14.0] [cxt 0] Egress port is 0
[15:47:47.339] [bmv2] [D] [thread 357] [14.0] [cxt 0] Pipeline 'egress': start
[15:47:47.339] [bmv2] [T] [thread 357] [14.0] [cxt 0] int-gtp-source.p4(330) Condition "hdr.int_shim.isValid()" (node_11) is false
[15:47:47.339] [bmv2] [D] [thread 357] [14.0] [cxt 0] Pipeline 'egress': end
[15:47:47.339] [bmv2] [D] [thread 357] [14.0] [cxt 0] Deparser 'deparser': start
[15:47:47.339] [bmv2] [D] [thread 357] [14.0] [cxt 0] Deparsing header 'ethernet'
[15:47:47.339] [bmv2] [D] [thread 357] [14.0] [cxt 0] Deparser 'deparser': end
[15:47:47.339] [bmv2] [D] [thread 361] [14.0] [cxt 0] Transmitting packet of size 60 out of port 0
[15:47:50.254] [bmv2] [D] [thread 356] [15.0] [cxt 0] Processing packet received on port 1
[15:47:50.254] [bmv2] [D] [thread 356] [15.0] [cxt 0] Parser 'parser': start
[15:47:50.254] [bmv2] [D] [thread 356] [15.0] [cxt 0] Parser 'parser' entering state 'start'
[15:47:50.254] [bmv2] [D] [thread 356] [15.0] [cxt 0] Extracting header 'ethernet'
[15:47:50.254] [bmv2] [D] [thread 356] [15.0] [cxt 0] Parser set: setting field 'scalars.metadata.ingress_port' from field 'standard_metadata.ingress_port' (1)
[15:47:50.254] [bmv2] [D] [thread 356] [15.0] [cxt 0] Parser set: setting field 'scalars.metadata.ingress_ts' from expression, new value is 157705397
[15:47:50.254] [bmv2] [D] [thread 356] [15.0] [cxt 0] Parser set: setting field 'scalars.metadata.is_int_packet' to 0
[15:47:50.254] [bmv2] [D] [thread 356] [15.0] [cxt 0] Parser set: setting field 'scalars.metadata.is_ngap_traffic' to 0
[15:47:50.254] [bmv2] [D] [thread 356] [15.0] [cxt 0] Parser set: setting field 'scalars.metadata.is_gtp_u_traffic' to 0
[15:47:50.254] [bmv2] [D] [thread 356] [15.0] [cxt 0] Parser set: setting field 'scalars.metadata.traffic_type' to 0
[15:47:50.254] [bmv2] [D] [thread 356] [15.0] [cxt 0] Parser set: setting field 'scalars.metadata.should_insert_int' to 0
[15:47:50.254] [bmv2] [D] [thread 356] [15.0] [cxt 0] Parser state 'start': key is 0800
[15:47:50.254] [bmv2] [T] [thread 356] [15.0] [cxt 0] Bytes parsed: 14
[15:47:50.254] [bmv2] [D] [thread 356] [15.0] [cxt 0] Parser 'parser' entering state 'parse_ipv4'
[15:47:50.254] [bmv2] [D] [thread 356] [15.0] [cxt 0] Extracting header 'ipv4'
[15:47:50.254] [bmv2] [D] [thread 356] [15.0] [cxt 0] Parser state 'parse_ipv4': key is 84
[15:47:50.254] [bmv2] [T] [thread 356] [15.0] [cxt 0] Bytes parsed: 34
[15:47:50.254] [bmv2] [D] [thread 356] [15.0] [cxt 0] Parser 'parser' entering state 'parse_sctp_common'
[15:47:50.254] [bmv2] [D] [thread 356] [15.0] [cxt 0] Extracting header 'sctp'
[15:47:50.254] [bmv2] [D] [thread 356] [15.0] [cxt 0] Parser set: setting field 'scalars.metadata.transport_src_port' from field 'sctp.src_port' (39657)
[15:47:50.254] [bmv2] [D] [thread 356] [15.0] [cxt 0] Parser set: setting field 'scalars.metadata.transport_dst_port' from field 'sctp.dst_port' (38412)
[15:47:50.254] [bmv2] [D] [thread 356] [15.0] [cxt 0] Parser set: setting field 'scalars.tmp_0' from expression, new value is 1
[15:47:50.254] [bmv2] [D] [thread 356] [15.0] [cxt 0] Parser state 'parse_sctp_common': key is 01
[15:47:50.255] [bmv2] [T] [thread 356] [15.0] [cxt 0] Bytes parsed: 46
[15:47:50.255] [bmv2] [D] [thread 356] [15.0] [cxt 0] Parser 'parser' entering state 'parse_sctp_common_true'
[15:47:50.255] [bmv2] [D] [thread 356] [15.0] [cxt 0] Parser set: setting field 'scalars.metadata.is_ngap_traffic' to 1
[15:47:50.255] [bmv2] [D] [thread 356] [15.0] [cxt 0] Parser set: setting field 'scalars.metadata.traffic_type' to 1
[15:47:50.255] [bmv2] [D] [thread 356] [15.0] [cxt 0] Parser state 'parse_sctp_common_true' has no switch, going to default next state
[15:47:50.255] [bmv2] [T] [thread 356] [15.0] [cxt 0] Bytes parsed: 46
[15:47:50.255] [bmv2] [D] [thread 356] [15.0] [cxt 0] Parser 'parser' entering state 'parse_sctp_common_join'
[15:47:50.255] [bmv2] [D] [thread 356] [15.0] [cxt 0] Extracting header 'sctp_chunk'
[15:47:50.255] [bmv2] [D] [thread 356] [15.0] [cxt 0] Parser state 'parse_sctp_common_join': key is 01
[15:47:50.255] [bmv2] [T] [thread 356] [15.0] [cxt 0] Bytes parsed: 50
[15:47:50.255] [bmv2] [D] [thread 356] [15.0] [cxt 0] Parser 'parser': end
[15:47:50.255] [bmv2] [D] [thread 356] [15.0] [cxt 0] Pipeline 'ingress': start
[15:47:50.255] [bmv2] [T] [thread 356] [15.0] [cxt 0] Applying table 'tbl_intgtpsource295'
[15:47:50.255] [bmv2] [D] [thread 356] [15.0] [cxt 0] Looking up key:

[15:47:50.255] [bmv2] [D] [thread 356] [15.0] [cxt 0] Table 'tbl_intgtpsource295': miss
[15:47:50.255] [bmv2] [D] [thread 356] [15.0] [cxt 0] Action entry is intgtpsource295 -
[15:47:50.255] [bmv2] [T] [thread 356] [15.0] [cxt 0] Action intgtpsource295
[15:47:50.255] [bmv2] [T] [thread 356] [15.0] [cxt 0] int-gtp-source.p4(295) Primitive meta.switch_id = 1
[15:47:50.255] [bmv2] [T] [thread 356] [15.0] [cxt 0] int-gtp-source.p4(297) Condition "hdr.ethernet.isValid() && hdr.ipv4.isValid()" (node_3) is true
[15:47:50.255] [bmv2] [T] [thread 356] [15.0] [cxt 0] int-gtp-source.p4(299) Condition "(hdr.ipv4.protocol == 132 && hdr.sctp.isValid()) || ..." (node_4) is true
[15:47:50.255] [bmv2] [T] [thread 356] [15.0] [cxt 0] Applying table 'MyIngress.int_source_table'
[15:47:50.255] [bmv2] [D] [thread 356] [15.0] [cxt 0] Looking up key:
* meta.traffic_type   : 01

[15:47:50.255] [bmv2] [D] [thread 356] [15.0] [cxt 0] Table 'MyIngress.int_source_table': hit with handle 0
[15:47:50.255] [bmv2] [D] [thread 356] [15.0] [cxt 0] Dumping entry 0
Match key:
* meta.traffic_type   : EXACT     01
Action entry: MyIngress.int_source_action -

[15:47:50.255] [bmv2] [D] [thread 356] [15.0] [cxt 0] Action entry is MyIngress.int_source_action -
[15:47:50.255] [bmv2] [T] [thread 356] [15.0] [cxt 0] Action MyIngress.int_source_action
[15:47:50.255] [bmv2] [T] [thread 356] [15.0] [cxt 0] int-gtp-source.p4(221) Primitive meta.should_insert_int = 1
[15:47:50.255] [bmv2] [T] [thread 356] [15.0] [cxt 0] Applying table 'MyIngress.ipv4_lpm'
[15:47:50.255] [bmv2] [D] [thread 356] [15.0] [cxt 0] Looking up key:
* hdr.ipv4.dstAddr    : ac120014

[15:47:50.255] [bmv2] [D] [thread 356] [15.0] [cxt 0] Table 'MyIngress.ipv4_lpm': hit with handle 2
[15:47:50.255] [bmv2] [D] [thread 356] [15.0] [cxt 0] Dumping entry 2
Match key:
* hdr.ipv4.dstAddr    : LPM       00000000/0
Action entry: MyIngress.forward_action - 2,

[15:47:50.255] [bmv2] [D] [thread 356] [15.0] [cxt 0] Action entry is MyIngress.forward_action - 2,
[15:47:50.255] [bmv2] [T] [thread 356] [15.0] [cxt 0] Action MyIngress.forward_action
[15:47:50.255] [bmv2] [T] [thread 356] [15.0] [cxt 0] int-gtp-source.p4(266) Primitive standard_metadata.egress_spec = egress_port
[15:47:50.255] [bmv2] [T] [thread 356] [15.0] [cxt 0] int-gtp-source.p4(308) Condition "meta.should_insert_int == 1" (node_7) is true
[15:47:50.255] [bmv2] [T] [thread 356] [15.0] [cxt 0] Applying table 'tbl_do_insert_int'
[15:47:50.255] [bmv2] [D] [thread 356] [15.0] [cxt 0] Looking up key:

[15:47:50.255] [bmv2] [D] [thread 356] [15.0] [cxt 0] Table 'tbl_do_insert_int': miss
[15:47:50.255] [bmv2] [D] [thread 356] [15.0] [cxt 0] Action entry is MyIngress.do_insert_int -
[15:47:50.255] [bmv2] [T] [thread 356] [15.0] [cxt 0] Action MyIngress.do_insert_int
[15:47:50.255] [bmv2] [T] [thread 356] [15.0] [cxt 0] int-gtp-source.p4(226) Primitive bit<16> original_ether_type = hdr.ethernet.etherType
[15:47:50.255] [bmv2] [T] [thread 356] [15.0] [cxt 0] int-gtp-source.p4(229) Primitive hdr.ethernet.etherType = 0xFA
[15:47:50.255] [bmv2] [T] [thread 356] [15.0] [cxt 0] int-gtp-source.p4(232) Primitive hdr.int_shim.setValid()
[15:47:50.255] [bmv2] [T] [thread 356] [15.0] [cxt 0] int-gtp-source.p4(233) Primitive hdr.int_shim.type = 1
[15:47:50.255] [bmv2] [T] [thread 356] [15.0] [cxt 0] int-gtp-source.p4(234) Primitive hdr.int_shim.reserved = 0
[15:47:50.255] [bmv2] [T] [thread 356] [15.0] [cxt 0] int-gtp-source.p4(235) Primitive hdr.int_shim.length = 44
[15:47:50.255] [bmv2] [T] [thread 356] [15.0] [cxt 0] int-gtp-source.p4(236) Primitive hdr.int_shim.next_proto = original_ether_type
[15:47:50.255] [bmv2] [T] [thread 356] [15.0] [cxt 0] int-gtp-source.p4(239) Primitive hdr.int_header.setValid()
[15:47:50.255] [bmv2] [T] [thread 356] [15.0] [cxt 0] int-gtp-source.p4(240) Primitive hdr.int_header.version = 1
[15:47:50.255] [bmv2] [T] [thread 356] [15.0] [cxt 0] int-gtp-source.p4(241) Primitive hdr.int_header.d = 0
[15:47:50.255] [bmv2] [T] [thread 356] [15.0] [cxt 0] int-gtp-source.p4(242) Primitive hdr.int_header.q = 0
[15:47:50.255] [bmv2] [T] [thread 356] [15.0] [cxt 0] int-gtp-source.p4(243) Primitive hdr.int_header.m = 1
[15:47:50.255] [bmv2] [T] [thread 356] [15.0] [cxt 0] int-gtp-source.p4(244) Primitive hdr.int_header.reserved1 = 0
[15:47:50.255] [bmv2] [T] [thread 356] [15.0] [cxt 0] int-gtp-source.p4(245) Primitive hdr.int_header.hop_ml = 1
[15:47:50.255] [bmv2] [T] [thread 356] [15.0] [cxt 0] int-gtp-source.p4(246) Primitive hdr.int_header.instruction = 0x00FF
[15:47:50.255] [bmv2] [T] [thread 356] [15.0] [cxt 0] int-gtp-source.p4(247) Primitive hdr.int_header.reserved2 = 0
[15:47:50.255] [bmv2] [T] [thread 356] [15.0] [cxt 0] int-gtp-source.p4(248) Primitive hdr.int_header.remaining_hop_cnt = 8 - 1
[15:47:50.255] [bmv2] [T] [thread 356] [15.0] [cxt 0] int-gtp-source.p4(251) Primitive hdr.int_md.setValid()
[15:47:50.255] [bmv2] [T] [thread 356] [15.0] [cxt 0] int-gtp-source.p4(252) Primitive hdr.int_md.padding_switch = 0
[15:47:50.255] [bmv2] [T] [thread 356] [15.0] [cxt 0] int-gtp-source.p4(253) Primitive hdr.int_md.switch_id = (bit<16>)meta.switch_id
[15:47:50.255] [bmv2] [T] [thread 356] [15.0] [cxt 0] int-gtp-source.p4(254) Primitive hdr.int_md.ingress_port_id = (bit<16>)meta.ingress_port
[15:47:50.255] [bmv2] [T] [thread 356] [15.0] [cxt 0] int-gtp-source.p4(255) Primitive hdr.int_md.ingress_timestamp = meta.ingress_ts
[15:47:50.255] [bmv2] [T] [thread 356] [15.0] [cxt 0] int-gtp-source.p4(256) Primitive hdr.int_md.egress_port_id = 0
[15:47:50.255] [bmv2] [T] [thread 356] [15.0] [cxt 0] int-gtp-source.p4(257) Primitive hdr.int_md.hop_latency = 0
[15:47:50.256] [bmv2] [T] [thread 356] [15.0] [cxt 0] int-gtp-source.p4(258) Primitive hdr.int_md.egress_timestamp = 0
[15:47:50.256] [bmv2] [T] [thread 356] [15.0] [cxt 0] int-gtp-source.p4(259) Primitive hdr.int_md.queue_occupancy = 0
[15:47:50.256] [bmv2] [T] [thread 356] [15.0] [cxt 0] int-gtp-source.p4(260) Primitive hdr.int_md.congestion_notification = 0
[15:47:50.256] [bmv2] [T] [thread 356] [15.0] [cxt 0] int-gtp-source.p4(261) Primitive hdr.int_md.reserved1 = 0
[15:47:50.256] [bmv2] [T] [thread 356] [15.0] [cxt 0] int-gtp-source.p4(262) Primitive hdr.int_md.reserved2 = 0
[15:47:50.256] [bmv2] [D] [thread 356] [15.0] [cxt 0] Pipeline 'ingress': end
[15:47:50.256] [bmv2] [D] [thread 356] [15.0] [cxt 0] Egress port is 2
[15:47:50.256] [bmv2] [D] [thread 359] [15.0] [cxt 0] Pipeline 'egress': start
[15:47:50.256] [bmv2] [T] [thread 359] [15.0] [cxt 0] int-gtp-source.p4(330) Condition "hdr.int_shim.isValid()" (node_11) is true
[15:47:50.256] [bmv2] [T] [thread 359] [15.0] [cxt 0] Applying table 'tbl_update_int_metadata'
[15:47:50.256] [bmv2] [D] [thread 359] [15.0] [cxt 0] Looking up key:

[15:47:50.256] [bmv2] [D] [thread 359] [15.0] [cxt 0] Table 'tbl_update_int_metadata': miss
[15:47:50.256] [bmv2] [D] [thread 359] [15.0] [cxt 0] Action entry is MyEgress.update_int_metadata -
[15:47:50.256] [bmv2] [T] [thread 359] [15.0] [cxt 0] Action MyEgress.update_int_metadata
[15:47:50.256] [bmv2] [T] [thread 359] [15.0] [cxt 0] int-gtp-source.p4(321) Primitive if
[15:47:50.256] [bmv2] [T] [thread 359] [15.0] [cxt 0] int-gtp-source.p4(322) Primitive hdr.int_md.egress_port_id = (bit<16>)standard_metadata.egress_port
[15:47:50.256] [bmv2] [T] [thread 359] [15.0] [cxt 0] int-gtp-source.p4(323) Primitive hdr.int_md.egress_timestamp = (bit<32>)standard_metadata.egress_global_timestamp
[15:47:50.256] [bmv2] [T] [thread 359] [15.0] [cxt 0] int-gtp-source.p4(324) Primitive hdr.int_md.hop_latency = hdr.int_md.egress_timestamp - hdr.int_md.ingress_timestamp
[15:47:50.256] [bmv2] [T] [thread 359] [15.0] [cxt 0] int-gtp-source.p4(325) Primitive hdr.int_md.queue_occupancy = (bit<32>)standard_metadata.enq_qdepth
[15:47:50.256] [bmv2] [D] [thread 359] [15.0] [cxt 0] Pipeline 'egress': end
[15:47:50.256] [bmv2] [D] [thread 359] [15.0] [cxt 0] Deparser 'deparser': start
[15:47:50.256] [bmv2] [D] [thread 359] [15.0] [cxt 0] Deparsing header 'ethernet'
[15:47:50.256] [bmv2] [D] [thread 359] [15.0] [cxt 0] Deparsing header 'int_shim'
[15:47:50.256] [bmv2] [D] [thread 359] [15.0] [cxt 0] Deparsing header 'int_header'
[15:47:50.256] [bmv2] [D] [thread 359] [15.0] [cxt 0] Deparsing header 'int_md'
[15:47:50.256] [bmv2] [D] [thread 359] [15.0] [cxt 0] Deparsing header 'ipv4'
[15:47:50.256] [bmv2] [D] [thread 359] [15.0] [cxt 0] Deparsing header 'sctp'
[15:47:50.256] [bmv2] [D] [thread 359] [15.0] [cxt 0] Deparsing header 'sctp_chunk'
[15:47:50.256] [bmv2] [D] [thread 359] [15.0] [cxt 0] Deparser 'deparser': end
[15:47:50.256] [bmv2] [D] [thread 361] [15.0] [cxt 0] Transmitting packet of size 123 out of port 2
[15:47:50.281] [bmv2] [D] [thread 356] [16.0] [cxt 0] Processing packet received on port 2
[15:47:50.281] [bmv2] [D] [thread 356] [16.0] [cxt 0] Parser 'parser': start
[15:47:50.281] [bmv2] [D] [thread 356] [16.0] [cxt 0] Parser 'parser' entering state 'start'
[15:47:50.281] [bmv2] [D] [thread 356] [16.0] [cxt 0] Extracting header 'ethernet'
[15:47:50.281] [bmv2] [D] [thread 356] [16.0] [cxt 0] Parser set: setting field 'scalars.metadata.ingress_port' from field 'standard_metadata.ingress_port' (2)
[15:47:50.281] [bmv2] [D] [thread 356] [16.0] [cxt 0] Parser set: setting field 'scalars.metadata.ingress_ts' from expression, new value is 157731776
[15:47:50.282] [bmv2] [D] [thread 356] [16.0] [cxt 0] Parser set: setting field 'scalars.metadata.is_int_packet' to 0
[15:47:50.282] [bmv2] [D] [thread 356] [16.0] [cxt 0] Parser set: setting field 'scalars.metadata.is_ngap_traffic' to 0
[15:47:50.282] [bmv2] [D] [thread 356] [16.0] [cxt 0] Parser set: setting field 'scalars.metadata.is_gtp_u_traffic' to 0
[15:47:50.282] [bmv2] [D] [thread 356] [16.0] [cxt 0] Parser set: setting field 'scalars.metadata.traffic_type' to 0
[15:47:50.282] [bmv2] [D] [thread 356] [16.0] [cxt 0] Parser set: setting field 'scalars.metadata.should_insert_int' to 0
[15:47:50.282] [bmv2] [D] [thread 356] [16.0] [cxt 0] Parser state 'start': key is 0800
[15:47:50.282] [bmv2] [T] [thread 356] [16.0] [cxt 0] Bytes parsed: 14
[15:47:50.282] [bmv2] [D] [thread 356] [16.0] [cxt 0] Parser 'parser' entering state 'parse_ipv4'
[15:47:50.282] [bmv2] [D] [thread 356] [16.0] [cxt 0] Extracting header 'ipv4'
[15:47:50.282] [bmv2] [D] [thread 356] [16.0] [cxt 0] Parser state 'parse_ipv4': key is 84
[15:47:50.282] [bmv2] [T] [thread 356] [16.0] [cxt 0] Bytes parsed: 34
[15:47:50.282] [bmv2] [D] [thread 356] [16.0] [cxt 0] Parser 'parser' entering state 'parse_sctp_common'
[15:47:50.282] [bmv2] [D] [thread 356] [16.0] [cxt 0] Extracting header 'sctp'
[15:47:50.282] [bmv2] [D] [thread 356] [16.0] [cxt 0] Parser set: setting field 'scalars.metadata.transport_src_port' from field 'sctp.src_port' (38412)
[15:47:50.282] [bmv2] [D] [thread 356] [16.0] [cxt 0] Parser set: setting field 'scalars.metadata.transport_dst_port' from field 'sctp.dst_port' (39657)
[15:47:50.282] [bmv2] [D] [thread 356] [16.0] [cxt 0] Parser set: setting field 'scalars.tmp_0' from expression, new value is 0
[15:47:50.282] [bmv2] [D] [thread 356] [16.0] [cxt 0] Parser state 'parse_sctp_common': key is 00
[15:47:50.282] [bmv2] [T] [thread 356] [16.0] [cxt 0] Bytes parsed: 46
[15:47:50.282] [bmv2] [D] [thread 356] [16.0] [cxt 0] Parser 'parser' entering state 'parse_sctp_common_join'
[15:47:50.282] [bmv2] [D] [thread 356] [16.0] [cxt 0] Extracting header 'sctp_chunk'
[15:47:50.282] [bmv2] [D] [thread 356] [16.0] [cxt 0] Parser state 'parse_sctp_common_join': key is 02
[15:47:50.282] [bmv2] [T] [thread 356] [16.0] [cxt 0] Bytes parsed: 50
[15:47:50.282] [bmv2] [D] [thread 356] [16.0] [cxt 0] Parser 'parser': end
[15:47:50.282] [bmv2] [D] [thread 356] [16.0] [cxt 0] Pipeline 'ingress': start
[15:47:50.282] [bmv2] [T] [thread 356] [16.0] [cxt 0] Applying table 'tbl_intgtpsource295'
[15:47:50.282] [bmv2] [D] [thread 356] [16.0] [cxt 0] Looking up key:

[15:47:50.282] [bmv2] [D] [thread 356] [16.0] [cxt 0] Table 'tbl_intgtpsource295': miss
[15:47:50.282] [bmv2] [D] [thread 356] [16.0] [cxt 0] Action entry is intgtpsource295 -
[15:47:50.282] [bmv2] [T] [thread 356] [16.0] [cxt 0] Action intgtpsource295
[15:47:50.282] [bmv2] [T] [thread 356] [16.0] [cxt 0] int-gtp-source.p4(295) Primitive meta.switch_id = 1
[15:47:50.282] [bmv2] [T] [thread 356] [16.0] [cxt 0] int-gtp-source.p4(297) Condition "hdr.ethernet.isValid() && hdr.ipv4.isValid()" (node_3) is true
[15:47:50.282] [bmv2] [T] [thread 356] [16.0] [cxt 0] int-gtp-source.p4(299) Condition "(hdr.ipv4.protocol == 132 && hdr.sctp.isValid()) || ..." (node_4) is true
[15:47:50.282] [bmv2] [T] [thread 356] [16.0] [cxt 0] Applying table 'MyIngress.int_source_table'
[15:47:50.282] [bmv2] [D] [thread 356] [16.0] [cxt 0] Looking up key:
* meta.traffic_type   : 00

[15:47:50.282] [bmv2] [D] [thread 356] [16.0] [cxt 0] Table 'MyIngress.int_source_table': miss
[15:47:50.282] [bmv2] [D] [thread 356] [16.0] [cxt 0] Action entry is NoAction -
[15:47:50.282] [bmv2] [T] [thread 356] [16.0] [cxt 0] Action NoAction
[15:47:50.282] [bmv2] [T] [thread 356] [16.0] [cxt 0] Applying table 'MyIngress.ipv4_lpm'
[15:47:50.282] [bmv2] [D] [thread 356] [16.0] [cxt 0] Looking up key:
* hdr.ipv4.dstAddr    : ac120a03

[15:47:50.282] [bmv2] [D] [thread 356] [16.0] [cxt 0] Table 'MyIngress.ipv4_lpm': hit with handle 1
[15:47:50.282] [bmv2] [D] [thread 356] [16.0] [cxt 0] Dumping entry 1
Match key:
* hdr.ipv4.dstAddr    : LPM       ac120a03/32
Action entry: MyIngress.forward_action - 1,

[15:47:50.282] [bmv2] [D] [thread 356] [16.0] [cxt 0] Action entry is MyIngress.forward_action - 1,
[15:47:50.282] [bmv2] [T] [thread 356] [16.0] [cxt 0] Action MyIngress.forward_action
[15:47:50.282] [bmv2] [T] [thread 356] [16.0] [cxt 0] int-gtp-source.p4(266) Primitive standard_metadata.egress_spec = egress_port
[15:47:50.282] [bmv2] [T] [thread 356] [16.0] [cxt 0] int-gtp-source.p4(308) Condition "meta.should_insert_int == 1" (node_7) is false
[15:47:50.282] [bmv2] [D] [thread 356] [16.0] [cxt 0] Pipeline 'ingress': end
[15:47:50.282] [bmv2] [D] [thread 356] [16.0] [cxt 0] Egress port is 1
[15:47:50.282] [bmv2] [D] [thread 358] [16.0] [cxt 0] Pipeline 'egress': start
[15:47:50.282] [bmv2] [T] [thread 358] [16.0] [cxt 0] int-gtp-source.p4(330) Condition "hdr.int_shim.isValid()" (node_11) is false
[15:47:50.282] [bmv2] [D] [thread 358] [16.0] [cxt 0] Pipeline 'egress': end
[15:47:50.282] [bmv2] [D] [thread 358] [16.0] [cxt 0] Deparser 'deparser': start
[15:47:50.282] [bmv2] [D] [thread 358] [16.0] [cxt 0] Deparsing header 'ethernet'
[15:47:50.282] [bmv2] [D] [thread 358] [16.0] [cxt 0] Deparsing header 'ipv4'
[15:47:50.282] [bmv2] [D] [thread 358] [16.0] [cxt 0] Deparsing header 'sctp'
[15:47:50.282] [bmv2] [D] [thread 358] [16.0] [cxt 0] Deparsing header 'sctp_chunk'
[15:47:50.282] [bmv2] [D] [thread 358] [16.0] [cxt 0] Deparser 'deparser': end
[15:47:50.282] [bmv2] [D] [thread 361] [16.0] [cxt 0] Transmitting packet of size 306 out of port 1
[15:47:50.295] [bmv2] [D] [thread 356] [17.0] [cxt 0] Processing packet received on port 1
[15:47:50.295] [bmv2] [D] [thread 356] [17.0] [cxt 0] Parser 'parser': start
[15:47:50.295] [bmv2] [D] [thread 356] [17.0] [cxt 0] Parser 'parser' entering state 'start'
[15:47:50.295] [bmv2] [D] [thread 356] [17.0] [cxt 0] Extracting header 'ethernet'
[15:47:50.295] [bmv2] [D] [thread 356] [17.0] [cxt 0] Parser set: setting field 'scalars.metadata.ingress_port' from field 'standard_metadata.ingress_port' (1)
[15:47:50.295] [bmv2] [D] [thread 356] [17.0] [cxt 0] Parser set: setting field 'scalars.metadata.ingress_ts' from expression, new value is 157746242
[15:47:50.295] [bmv2] [D] [thread 356] [17.0] [cxt 0] Parser set: setting field 'scalars.metadata.is_int_packet' to 0
[15:47:50.295] [bmv2] [D] [thread 356] [17.0] [cxt 0] Parser set: setting field 'scalars.metadata.is_ngap_traffic' to 0
[15:47:50.295] [bmv2] [D] [thread 356] [17.0] [cxt 0] Parser set: setting field 'scalars.metadata.is_gtp_u_traffic' to 0
[15:47:50.295] [bmv2] [D] [thread 356] [17.0] [cxt 0] Parser set: setting field 'scalars.metadata.traffic_type' to 0
[15:47:50.295] [bmv2] [D] [thread 356] [17.0] [cxt 0] Parser set: setting field 'scalars.metadata.should_insert_int' to 0
[15:47:50.295] [bmv2] [D] [thread 356] [17.0] [cxt 0] Parser state 'start': key is 0800
[15:47:50.295] [bmv2] [T] [thread 356] [17.0] [cxt 0] Bytes parsed: 14
[15:47:50.295] [bmv2] [D] [thread 356] [17.0] [cxt 0] Parser 'parser' entering state 'parse_ipv4'
[15:47:50.295] [bmv2] [D] [thread 356] [17.0] [cxt 0] Extracting header 'ipv4'
[15:47:50.295] [bmv2] [D] [thread 356] [17.0] [cxt 0] Parser state 'parse_ipv4': key is 84
[15:47:50.295] [bmv2] [T] [thread 356] [17.0] [cxt 0] Bytes parsed: 34
[15:47:50.295] [bmv2] [D] [thread 356] [17.0] [cxt 0] Parser 'parser' entering state 'parse_sctp_common'
[15:47:50.295] [bmv2] [D] [thread 356] [17.0] [cxt 0] Extracting header 'sctp'
[15:47:50.295] [bmv2] [D] [thread 356] [17.0] [cxt 0] Parser set: setting field 'scalars.metadata.transport_src_port' from field 'sctp.src_port' (39657)
[15:47:50.295] [bmv2] [D] [thread 356] [17.0] [cxt 0] Parser set: setting field 'scalars.metadata.transport_dst_port' from field 'sctp.dst_port' (38412)
[15:47:50.296] [bmv2] [D] [thread 356] [17.0] [cxt 0] Parser set: setting field 'scalars.tmp_0' from expression, new value is 1
[15:47:50.296] [bmv2] [D] [thread 356] [17.0] [cxt 0] Parser state 'parse_sctp_common': key is 01
[15:47:50.296] [bmv2] [T] [thread 356] [17.0] [cxt 0] Bytes parsed: 46
[15:47:50.296] [bmv2] [D] [thread 356] [17.0] [cxt 0] Parser 'parser' entering state 'parse_sctp_common_true'
[15:47:50.296] [bmv2] [D] [thread 356] [17.0] [cxt 0] Parser set: setting field 'scalars.metadata.is_ngap_traffic' to 1
[15:47:50.296] [bmv2] [D] [thread 356] [17.0] [cxt 0] Parser set: setting field 'scalars.metadata.traffic_type' to 1
[15:47:50.296] [bmv2] [D] [thread 356] [17.0] [cxt 0] Parser state 'parse_sctp_common_true' has no switch, going to default next state
[15:47:50.296] [bmv2] [T] [thread 356] [17.0] [cxt 0] Bytes parsed: 46
[15:47:50.296] [bmv2] [D] [thread 356] [17.0] [cxt 0] Parser 'parser' entering state 'parse_sctp_common_join'
[15:47:50.296] [bmv2] [D] [thread 356] [17.0] [cxt 0] Extracting header 'sctp_chunk'
[15:47:50.296] [bmv2] [D] [thread 356] [17.0] [cxt 0] Parser state 'parse_sctp_common_join': key is 0a
[15:47:50.296] [bmv2] [T] [thread 356] [17.0] [cxt 0] Bytes parsed: 50
[15:47:50.296] [bmv2] [D] [thread 356] [17.0] [cxt 0] Parser 'parser': end
[15:47:50.296] [bmv2] [D] [thread 356] [17.0] [cxt 0] Pipeline 'ingress': start
[15:47:50.296] [bmv2] [T] [thread 356] [17.0] [cxt 0] Applying table 'tbl_intgtpsource295'
[15:47:50.296] [bmv2] [D] [thread 356] [17.0] [cxt 0] Looking up key:

[15:47:50.296] [bmv2] [D] [thread 356] [17.0] [cxt 0] Table 'tbl_intgtpsource295': miss
[15:47:50.296] [bmv2] [D] [thread 356] [17.0] [cxt 0] Action entry is intgtpsource295 -
[15:47:50.297] [bmv2] [T] [thread 356] [17.0] [cxt 0] Action intgtpsource295
[15:47:50.297] [bmv2] [T] [thread 356] [17.0] [cxt 0] int-gtp-source.p4(295) Primitive meta.switch_id = 1
[15:47:50.297] [bmv2] [T] [thread 356] [17.0] [cxt 0] int-gtp-source.p4(297) Condition "hdr.ethernet.isValid() && hdr.ipv4.isValid()" (node_3) is true
[15:47:50.297] [bmv2] [T] [thread 356] [17.0] [cxt 0] int-gtp-source.p4(299) Condition "(hdr.ipv4.protocol == 132 && hdr.sctp.isValid()) || ..." (node_4) is true
[15:47:50.297] [bmv2] [T] [thread 356] [17.0] [cxt 0] Applying table 'MyIngress.int_source_table'
[15:47:50.297] [bmv2] [D] [thread 356] [17.0] [cxt 0] Looking up key:
* meta.traffic_type   : 01

[15:47:50.297] [bmv2] [D] [thread 356] [17.0] [cxt 0] Table 'MyIngress.int_source_table': hit with handle 0
[15:47:50.298] [bmv2] [D] [thread 356] [17.0] [cxt 0] Dumping entry 0
Match key:
* meta.traffic_type   : EXACT     01
Action entry: MyIngress.int_source_action -

[15:47:50.298] [bmv2] [D] [thread 356] [17.0] [cxt 0] Action entry is MyIngress.int_source_action -
[15:47:50.298] [bmv2] [T] [thread 356] [17.0] [cxt 0] Action MyIngress.int_source_action
[15:47:50.298] [bmv2] [T] [thread 356] [17.0] [cxt 0] int-gtp-source.p4(221) Primitive meta.should_insert_int = 1
[15:47:50.298] [bmv2] [T] [thread 356] [17.0] [cxt 0] Applying table 'MyIngress.ipv4_lpm'
[15:47:50.298] [bmv2] [D] [thread 356] [17.0] [cxt 0] Looking up key:
* hdr.ipv4.dstAddr    : ac120014

[15:47:50.298] [bmv2] [D] [thread 356] [17.0] [cxt 0] Table 'MyIngress.ipv4_lpm': hit with handle 2
[15:47:50.298] [bmv2] [D] [thread 356] [17.0] [cxt 0] Dumping entry 2
Match key:
* hdr.ipv4.dstAddr    : LPM       00000000/0
Action entry: MyIngress.forward_action - 2,

[15:47:50.298] [bmv2] [D] [thread 356] [17.0] [cxt 0] Action entry is MyIngress.forward_action - 2,
[15:47:50.298] [bmv2] [T] [thread 356] [17.0] [cxt 0] Action MyIngress.forward_action
[15:47:50.298] [bmv2] [T] [thread 356] [17.0] [cxt 0] int-gtp-source.p4(266) Primitive standard_metadata.egress_spec = egress_port
[15:47:50.298] [bmv2] [T] [thread 356] [17.0] [cxt 0] int-gtp-source.p4(308) Condition "meta.should_insert_int == 1" (node_7) is true
[15:47:50.299] [bmv2] [T] [thread 356] [17.0] [cxt 0] Applying table 'tbl_do_insert_int'
[15:47:50.299] [bmv2] [D] [thread 356] [17.0] [cxt 0] Looking up key:

[15:47:50.299] [bmv2] [D] [thread 356] [17.0] [cxt 0] Table 'tbl_do_insert_int': miss
[15:47:50.299] [bmv2] [D] [thread 356] [17.0] [cxt 0] Action entry is MyIngress.do_insert_int -
[15:47:50.299] [bmv2] [T] [thread 356] [17.0] [cxt 0] Action MyIngress.do_insert_int
[15:47:50.299] [bmv2] [T] [thread 356] [17.0] [cxt 0] int-gtp-source.p4(226) Primitive bit<16> original_ether_type = hdr.ethernet.etherType
[15:47:50.299] [bmv2] [T] [thread 356] [17.0] [cxt 0] int-gtp-source.p4(229) Primitive hdr.ethernet.etherType = 0xFA
[15:47:50.299] [bmv2] [T] [thread 356] [17.0] [cxt 0] int-gtp-source.p4(232) Primitive hdr.int_shim.setValid()
[15:47:50.299] [bmv2] [T] [thread 356] [17.0] [cxt 0] int-gtp-source.p4(233) Primitive hdr.int_shim.type = 1
[15:47:50.299] [bmv2] [T] [thread 356] [17.0] [cxt 0] int-gtp-source.p4(234) Primitive hdr.int_shim.reserved = 0
[15:47:50.299] [bmv2] [T] [thread 356] [17.0] [cxt 0] int-gtp-source.p4(235) Primitive hdr.int_shim.length = 44
[15:47:50.299] [bmv2] [T] [thread 356] [17.0] [cxt 0] int-gtp-source.p4(236) Primitive hdr.int_shim.next_proto = original_ether_type
[15:47:50.299] [bmv2] [T] [thread 356] [17.0] [cxt 0] int-gtp-source.p4(239) Primitive hdr.int_header.setValid()
[15:47:50.299] [bmv2] [T] [thread 356] [17.0] [cxt 0] int-gtp-source.p4(240) Primitive hdr.int_header.version = 1
[15:47:50.299] [bmv2] [T] [thread 356] [17.0] [cxt 0] int-gtp-source.p4(241) Primitive hdr.int_header.d = 0
[15:47:50.299] [bmv2] [T] [thread 356] [17.0] [cxt 0] int-gtp-source.p4(242) Primitive hdr.int_header.q = 0
[15:47:50.299] [bmv2] [T] [thread 356] [17.0] [cxt 0] int-gtp-source.p4(243) Primitive hdr.int_header.m = 1
[15:47:50.299] [bmv2] [T] [thread 356] [17.0] [cxt 0] int-gtp-source.p4(244) Primitive hdr.int_header.reserved1 = 0
[15:47:50.299] [bmv2] [T] [thread 356] [17.0] [cxt 0] int-gtp-source.p4(245) Primitive hdr.int_header.hop_ml = 1
[15:47:50.299] [bmv2] [T] [thread 356] [17.0] [cxt 0] int-gtp-source.p4(246) Primitive hdr.int_header.instruction = 0x00FF
[15:47:50.299] [bmv2] [T] [thread 356] [17.0] [cxt 0] int-gtp-source.p4(247) Primitive hdr.int_header.reserved2 = 0
[15:47:50.299] [bmv2] [T] [thread 356] [17.0] [cxt 0] int-gtp-source.p4(248) Primitive hdr.int_header.remaining_hop_cnt = 8 - 1
[15:47:50.299] [bmv2] [T] [thread 356] [17.0] [cxt 0] int-gtp-source.p4(251) Primitive hdr.int_md.setValid()
[15:47:50.299] [bmv2] [T] [thread 356] [17.0] [cxt 0] int-gtp-source.p4(252) Primitive hdr.int_md.padding_switch = 0
[15:47:50.299] [bmv2] [T] [thread 356] [17.0] [cxt 0] int-gtp-source.p4(253) Primitive hdr.int_md.switch_id = (bit<16>)meta.switch_id
[15:47:50.299] [bmv2] [T] [thread 356] [17.0] [cxt 0] int-gtp-source.p4(254) Primitive hdr.int_md.ingress_port_id = (bit<16>)meta.ingress_port
[15:47:50.299] [bmv2] [T] [thread 356] [17.0] [cxt 0] int-gtp-source.p4(255) Primitive hdr.int_md.ingress_timestamp = meta.ingress_ts
[15:47:50.299] [bmv2] [T] [thread 356] [17.0] [cxt 0] int-gtp-source.p4(256) Primitive hdr.int_md.egress_port_id = 0
[15:47:50.299] [bmv2] [T] [thread 356] [17.0] [cxt 0] int-gtp-source.p4(257) Primitive hdr.int_md.hop_latency = 0
[15:47:50.299] [bmv2] [T] [thread 356] [17.0] [cxt 0] int-gtp-source.p4(258) Primitive hdr.int_md.egress_timestamp = 0
[15:47:50.299] [bmv2] [T] [thread 356] [17.0] [cxt 0] int-gtp-source.p4(259) Primitive hdr.int_md.queue_occupancy = 0
[15:47:50.299] [bmv2] [T] [thread 356] [17.0] [cxt 0] int-gtp-source.p4(260) Primitive hdr.int_md.congestion_notification = 0
[15:47:50.299] [bmv2] [T] [thread 356] [17.0] [cxt 0] int-gtp-source.p4(261) Primitive hdr.int_md.reserved1 = 0
[15:47:50.299] [bmv2] [T] [thread 356] [17.0] [cxt 0] int-gtp-source.p4(262) Primitive hdr.int_md.reserved2 = 0
[15:47:50.299] [bmv2] [D] [thread 356] [17.0] [cxt 0] Pipeline 'ingress': end
[15:47:50.299] [bmv2] [D] [thread 356] [17.0] [cxt 0] Egress port is 2
[15:47:50.299] [bmv2] [D] [thread 359] [17.0] [cxt 0] Pipeline 'egress': start
[15:47:50.299] [bmv2] [T] [thread 359] [17.0] [cxt 0] int-gtp-source.p4(330) Condition "hdr.int_shim.isValid()" (node_11) is true
[15:47:50.299] [bmv2] [T] [thread 359] [17.0] [cxt 0] Applying table 'tbl_update_int_metadata'
[15:47:50.299] [bmv2] [D] [thread 359] [17.0] [cxt 0] Looking up key:

[15:47:50.299] [bmv2] [D] [thread 359] [17.0] [cxt 0] Table 'tbl_update_int_metadata': miss
[15:47:50.302] [bmv2] [D] [thread 359] [17.0] [cxt 0] Action entry is MyEgress.update_int_metadata -
[15:47:50.302] [bmv2] [T] [thread 359] [17.0] [cxt 0] Action MyEgress.update_int_metadata
[15:47:50.302] [bmv2] [T] [thread 359] [17.0] [cxt 0] int-gtp-source.p4(321) Primitive if
[15:47:50.302] [bmv2] [T] [thread 359] [17.0] [cxt 0] int-gtp-source.p4(322) Primitive hdr.int_md.egress_port_id = (bit<16>)standard_metadata.egress_port
[15:47:50.302] [bmv2] [T] [thread 359] [17.0] [cxt 0] int-gtp-source.p4(323) Primitive hdr.int_md.egress_timestamp = (bit<32>)standard_metadata.egress_global_timestamp
[15:47:50.302] [bmv2] [T] [thread 359] [17.0] [cxt 0] int-gtp-source.p4(324) Primitive hdr.int_md.hop_latency = hdr.int_md.egress_timestamp - hdr.int_md.ingress_timestamp
[15:47:50.302] [bmv2] [T] [thread 359] [17.0] [cxt 0] int-gtp-source.p4(325) Primitive hdr.int_md.queue_occupancy = (bit<32>)standard_metadata.enq_qdepth
[15:47:50.302] [bmv2] [D] [thread 359] [17.0] [cxt 0] Pipeline 'egress': end
[15:47:50.302] [bmv2] [D] [thread 359] [17.0] [cxt 0] Deparser 'deparser': start
[15:47:50.302] [bmv2] [D] [thread 359] [17.0] [cxt 0] Deparsing header 'ethernet'
[15:47:50.302] [bmv2] [D] [thread 359] [17.0] [cxt 0] Deparsing header 'int_shim'
[15:47:50.302] [bmv2] [D] [thread 359] [17.0] [cxt 0] Deparsing header 'int_header'
[15:47:50.302] [bmv2] [D] [thread 359] [17.0] [cxt 0] Deparsing header 'int_md'
[15:47:50.302] [bmv2] [D] [thread 359] [17.0] [cxt 0] Deparsing header 'ipv4'
[15:47:50.302] [bmv2] [D] [thread 359] [17.0] [cxt 0] Deparsing header 'sctp'
[15:47:50.302] [bmv2] [D] [thread 359] [17.0] [cxt 0] Deparsing header 'sctp_chunk'
[15:47:50.302] [bmv2] [D] [thread 359] [17.0] [cxt 0] Deparser 'deparser': end
[15:47:50.302] [bmv2] [D] [thread 361] [17.0] [cxt 0] Transmitting packet of size 319 out of port 2
[15:47:50.331] [bmv2] [D] [thread 356] [18.0] [cxt 0] Processing packet received on port 2
[15:47:50.331] [bmv2] [D] [thread 356] [18.0] [cxt 0] Parser 'parser': start
[15:47:50.331] [bmv2] [D] [thread 356] [18.0] [cxt 0] Parser 'parser' entering state 'start'
[15:47:50.331] [bmv2] [D] [thread 356] [18.0] [cxt 0] Extracting header 'ethernet'
[15:47:50.331] [bmv2] [D] [thread 356] [18.0] [cxt 0] Parser set: setting field 'scalars.metadata.ingress_port' from field 'standard_metadata.ingress_port' (2)
[15:47:50.331] [bmv2] [D] [thread 356] [18.0] [cxt 0] Parser set: setting field 'scalars.metadata.ingress_ts' from expression, new value is 157782422
[15:47:50.331] [bmv2] [D] [thread 356] [18.0] [cxt 0] Parser set: setting field 'scalars.metadata.is_int_packet' to 0
[15:47:50.331] [bmv2] [D] [thread 356] [18.0] [cxt 0] Parser set: setting field 'scalars.metadata.is_ngap_traffic' to 0
[15:47:50.331] [bmv2] [D] [thread 356] [18.0] [cxt 0] Parser set: setting field 'scalars.metadata.is_gtp_u_traffic' to 0
[15:47:50.331] [bmv2] [D] [thread 356] [18.0] [cxt 0] Parser set: setting field 'scalars.metadata.traffic_type' to 0
[15:47:50.331] [bmv2] [D] [thread 356] [18.0] [cxt 0] Parser set: setting field 'scalars.metadata.should_insert_int' to 0
[15:47:50.331] [bmv2] [D] [thread 356] [18.0] [cxt 0] Parser state 'start': key is 0800
[15:47:50.331] [bmv2] [T] [thread 356] [18.0] [cxt 0] Bytes parsed: 14
[15:47:50.331] [bmv2] [D] [thread 356] [18.0] [cxt 0] Parser 'parser' entering state 'parse_ipv4'
[15:47:50.331] [bmv2] [D] [thread 356] [18.0] [cxt 0] Extracting header 'ipv4'
[15:47:50.331] [bmv2] [D] [thread 356] [18.0] [cxt 0] Parser state 'parse_ipv4': key is 84
[15:47:50.331] [bmv2] [T] [thread 356] [18.0] [cxt 0] Bytes parsed: 34
[15:47:50.331] [bmv2] [D] [thread 356] [18.0] [cxt 0] Parser 'parser' entering state 'parse_sctp_common'
[15:47:50.331] [bmv2] [D] [thread 356] [18.0] [cxt 0] Extracting header 'sctp'
[15:47:50.331] [bmv2] [D] [thread 356] [18.0] [cxt 0] Parser set: setting field 'scalars.metadata.transport_src_port' from field 'sctp.src_port' (38412)
[15:47:50.331] [bmv2] [D] [thread 356] [18.0] [cxt 0] Parser set: setting field 'scalars.metadata.transport_dst_port' from field 'sctp.dst_port' (39657)
[15:47:50.331] [bmv2] [D] [thread 356] [18.0] [cxt 0] Parser set: setting field 'scalars.tmp_0' from expression, new value is 0
[15:47:50.331] [bmv2] [D] [thread 356] [18.0] [cxt 0] Parser state 'parse_sctp_common': key is 00
[15:47:50.331] [bmv2] [T] [thread 356] [18.0] [cxt 0] Bytes parsed: 46
[15:47:50.331] [bmv2] [D] [thread 356] [18.0] [cxt 0] Parser 'parser' entering state 'parse_sctp_common_join'
[15:47:50.331] [bmv2] [D] [thread 356] [18.0] [cxt 0] Extracting header 'sctp_chunk'
[15:47:50.331] [bmv2] [D] [thread 356] [18.0] [cxt 0] Parser state 'parse_sctp_common_join': key is 0b
[15:47:50.331] [bmv2] [T] [thread 356] [18.0] [cxt 0] Bytes parsed: 50
[15:47:50.331] [bmv2] [D] [thread 356] [18.0] [cxt 0] Parser 'parser': end
[15:47:50.331] [bmv2] [D] [thread 356] [18.0] [cxt 0] Pipeline 'ingress': start
[15:47:50.331] [bmv2] [T] [thread 356] [18.0] [cxt 0] Applying table 'tbl_intgtpsource295'
[15:47:50.331] [bmv2] [D] [thread 356] [18.0] [cxt 0] Looking up key:

[15:47:50.331] [bmv2] [D] [thread 356] [18.0] [cxt 0] Table 'tbl_intgtpsource295': miss
[15:47:50.331] [bmv2] [D] [thread 356] [18.0] [cxt 0] Action entry is intgtpsource295 -
[15:47:50.331] [bmv2] [T] [thread 356] [18.0] [cxt 0] Action intgtpsource295
[15:47:50.331] [bmv2] [T] [thread 356] [18.0] [cxt 0] int-gtp-source.p4(295) Primitive meta.switch_id = 1
[15:47:50.331] [bmv2] [T] [thread 356] [18.0] [cxt 0] int-gtp-source.p4(297) Condition "hdr.ethernet.isValid() && hdr.ipv4.isValid()" (node_3) is true
[15:47:50.331] [bmv2] [T] [thread 356] [18.0] [cxt 0] int-gtp-source.p4(299) Condition "(hdr.ipv4.protocol == 132 && hdr.sctp.isValid()) || ..." (node_4) is true
[15:47:50.331] [bmv2] [T] [thread 356] [18.0] [cxt 0] Applying table 'MyIngress.int_source_table'
[15:47:50.331] [bmv2] [D] [thread 356] [18.0] [cxt 0] Looking up key:
* meta.traffic_type   : 00

[15:47:50.331] [bmv2] [D] [thread 356] [18.0] [cxt 0] Table 'MyIngress.int_source_table': miss
[15:47:50.331] [bmv2] [D] [thread 356] [18.0] [cxt 0] Action entry is NoAction -
[15:47:50.331] [bmv2] [T] [thread 356] [18.0] [cxt 0] Action NoAction
[15:47:50.331] [bmv2] [T] [thread 356] [18.0] [cxt 0] Applying table 'MyIngress.ipv4_lpm'
[15:47:50.331] [bmv2] [D] [thread 356] [18.0] [cxt 0] Looking up key:
* hdr.ipv4.dstAddr    : ac120a03

[15:47:50.331] [bmv2] [D] [thread 356] [18.0] [cxt 0] Table 'MyIngress.ipv4_lpm': hit with handle 1
[15:47:50.332] [bmv2] [D] [thread 356] [18.0] [cxt 0] Dumping entry 1
Match key:
* hdr.ipv4.dstAddr    : LPM       ac120a03/32
Action entry: MyIngress.forward_action - 1,

[15:47:50.332] [bmv2] [D] [thread 356] [18.0] [cxt 0] Action entry is MyIngress.forward_action - 1,
[15:47:50.332] [bmv2] [T] [thread 356] [18.0] [cxt 0] Action MyIngress.forward_action
[15:47:50.332] [bmv2] [T] [thread 356] [18.0] [cxt 0] int-gtp-source.p4(266) Primitive standard_metadata.egress_spec = egress_port
[15:47:50.332] [bmv2] [T] [thread 356] [18.0] [cxt 0] int-gtp-source.p4(308) Condition "meta.should_insert_int == 1" (node_7) is false
[15:47:50.332] [bmv2] [D] [thread 356] [18.0] [cxt 0] Pipeline 'ingress': end
[15:47:50.332] [bmv2] [D] [thread 356] [18.0] [cxt 0] Egress port is 1
[15:47:50.332] [bmv2] [D] [thread 358] [18.0] [cxt 0] Pipeline 'egress': start
[15:47:50.332] [bmv2] [T] [thread 358] [18.0] [cxt 0] int-gtp-source.p4(330) Condition "hdr.int_shim.isValid()" (node_11) is false
[15:47:50.332] [bmv2] [D] [thread 358] [18.0] [cxt 0] Pipeline 'egress': end
[15:47:50.332] [bmv2] [D] [thread 358] [18.0] [cxt 0] Deparser 'deparser': start
[15:47:50.332] [bmv2] [D] [thread 358] [18.0] [cxt 0] Deparsing header 'ethernet'
[15:47:50.332] [bmv2] [D] [thread 358] [18.0] [cxt 0] Deparsing header 'ipv4'
[15:47:50.332] [bmv2] [D] [thread 358] [18.0] [cxt 0] Deparsing header 'sctp'
[15:47:50.332] [bmv2] [D] [thread 358] [18.0] [cxt 0] Deparsing header 'sctp_chunk'
[15:47:50.332] [bmv2] [D] [thread 358] [18.0] [cxt 0] Deparser 'deparser': end
[15:47:50.332] [bmv2] [D] [thread 361] [18.0] [cxt 0] Transmitting packet of size 50 out of port 1
[15:47:50.357] [bmv2] [D] [thread 356] [19.0] [cxt 0] Processing packet received on port 1
[15:47:50.357] [bmv2] [D] [thread 356] [19.0] [cxt 0] Parser 'parser': start
[15:47:50.357] [bmv2] [D] [thread 356] [19.0] [cxt 0] Parser 'parser' entering state 'start'
[15:47:50.357] [bmv2] [D] [thread 356] [19.0] [cxt 0] Extracting header 'ethernet'
[15:47:50.357] [bmv2] [D] [thread 356] [19.0] [cxt 0] Parser set: setting field 'scalars.metadata.ingress_port' from field 'standard_metadata.ingress_port' (1)
[15:47:50.357] [bmv2] [D] [thread 356] [19.0] [cxt 0] Parser set: setting field 'scalars.metadata.ingress_ts' from expression, new value is 157807921
[15:47:50.357] [bmv2] [D] [thread 356] [19.0] [cxt 0] Parser set: setting field 'scalars.metadata.is_int_packet' to 0
[15:47:50.357] [bmv2] [D] [thread 356] [19.0] [cxt 0] Parser set: setting field 'scalars.metadata.is_ngap_traffic' to 0
[15:47:50.357] [bmv2] [D] [thread 356] [19.0] [cxt 0] Parser set: setting field 'scalars.metadata.is_gtp_u_traffic' to 0
[15:47:50.357] [bmv2] [D] [thread 356] [19.0] [cxt 0] Parser set: setting field 'scalars.metadata.traffic_type' to 0
[15:47:50.357] [bmv2] [D] [thread 356] [19.0] [cxt 0] Parser set: setting field 'scalars.metadata.should_insert_int' to 0
[15:47:50.357] [bmv2] [D] [thread 356] [19.0] [cxt 0] Parser state 'start': key is 0800
[15:47:50.357] [bmv2] [T] [thread 356] [19.0] [cxt 0] Bytes parsed: 14
[15:47:50.357] [bmv2] [D] [thread 356] [19.0] [cxt 0] Parser 'parser' entering state 'parse_ipv4'
[15:47:50.357] [bmv2] [D] [thread 356] [19.0] [cxt 0] Extracting header 'ipv4'
[15:47:50.357] [bmv2] [D] [thread 356] [19.0] [cxt 0] Parser state 'parse_ipv4': key is 84
[15:47:50.357] [bmv2] [T] [thread 356] [19.0] [cxt 0] Bytes parsed: 34
[15:47:50.357] [bmv2] [D] [thread 356] [19.0] [cxt 0] Parser 'parser' entering state 'parse_sctp_common'
[15:47:50.357] [bmv2] [D] [thread 356] [19.0] [cxt 0] Extracting header 'sctp'
[15:47:50.357] [bmv2] [D] [thread 356] [19.0] [cxt 0] Parser set: setting field 'scalars.metadata.transport_src_port' from field 'sctp.src_port' (39657)
[15:47:50.357] [bmv2] [D] [thread 356] [19.0] [cxt 0] Parser set: setting field 'scalars.metadata.transport_dst_port' from field 'sctp.dst_port' (38412)
[15:47:50.357] [bmv2] [D] [thread 356] [19.0] [cxt 0] Parser set: setting field 'scalars.tmp_0' from expression, new value is 1
[15:47:50.357] [bmv2] [D] [thread 356] [19.0] [cxt 0] Parser state 'parse_sctp_common': key is 01
[15:47:50.357] [bmv2] [T] [thread 356] [19.0] [cxt 0] Bytes parsed: 46
[15:47:50.357] [bmv2] [D] [thread 356] [19.0] [cxt 0] Parser 'parser' entering state 'parse_sctp_common_true'
[15:47:50.357] [bmv2] [D] [thread 356] [19.0] [cxt 0] Parser set: setting field 'scalars.metadata.is_ngap_traffic' to 1
[15:47:50.357] [bmv2] [D] [thread 356] [19.0] [cxt 0] Parser set: setting field 'scalars.metadata.traffic_type' to 1
[15:47:50.357] [bmv2] [D] [thread 356] [19.0] [cxt 0] Parser state 'parse_sctp_common_true' has no switch, going to default next state
[15:47:50.357] [bmv2] [T] [thread 356] [19.0] [cxt 0] Bytes parsed: 46
[15:47:50.357] [bmv2] [D] [thread 356] [19.0] [cxt 0] Parser 'parser' entering state 'parse_sctp_common_join'
[15:47:50.357] [bmv2] [D] [thread 356] [19.0] [cxt 0] Extracting header 'sctp_chunk'
[15:47:50.357] [bmv2] [D] [thread 356] [19.0] [cxt 0] Parser state 'parse_sctp_common_join': key is 00
[15:47:50.357] [bmv2] [T] [thread 356] [19.0] [cxt 0] Bytes parsed: 50
[15:47:50.357] [bmv2] [D] [thread 356] [19.0] [cxt 0] Parser 'parser' entering state 'parse_sctp_data_chunk'
[15:47:50.357] [bmv2] [D] [thread 356] [19.0] [cxt 0] Extracting header 'sctp_data_chunk'
[15:47:50.357] [bmv2] [D] [thread 356] [19.0] [cxt 0] Parser state 'parse_sctp_data_chunk' has no switch, going to default next state
[15:47:50.357] [bmv2] [T] [thread 356] [19.0] [cxt 0] Bytes parsed: 62
[15:47:50.357] [bmv2] [D] [thread 356] [19.0] [cxt 0] Parser 'parser': end
[15:47:50.357] [bmv2] [D] [thread 356] [19.0] [cxt 0] Pipeline 'ingress': start
[15:47:50.357] [bmv2] [T] [thread 356] [19.0] [cxt 0] Applying table 'tbl_intgtpsource295'
[15:47:50.357] [bmv2] [D] [thread 356] [19.0] [cxt 0] Looking up key:

[15:47:50.357] [bmv2] [D] [thread 356] [19.0] [cxt 0] Table 'tbl_intgtpsource295': miss
[15:47:50.357] [bmv2] [D] [thread 356] [19.0] [cxt 0] Action entry is intgtpsource295 -
[15:47:50.357] [bmv2] [T] [thread 356] [19.0] [cxt 0] Action intgtpsource295
[15:47:50.357] [bmv2] [T] [thread 356] [19.0] [cxt 0] int-gtp-source.p4(295) Primitive meta.switch_id = 1
[15:47:50.357] [bmv2] [T] [thread 356] [19.0] [cxt 0] int-gtp-source.p4(297) Condition "hdr.ethernet.isValid() && hdr.ipv4.isValid()" (node_3) is true
[15:47:50.357] [bmv2] [T] [thread 356] [19.0] [cxt 0] int-gtp-source.p4(299) Condition "(hdr.ipv4.protocol == 132 && hdr.sctp.isValid()) || ..." (node_4) is true
[15:47:50.357] [bmv2] [T] [thread 356] [19.0] [cxt 0] Applying table 'MyIngress.int_source_table'
[15:47:50.357] [bmv2] [D] [thread 356] [19.0] [cxt 0] Looking up key:
* meta.traffic_type   : 01

[15:47:50.357] [bmv2] [D] [thread 356] [19.0] [cxt 0] Table 'MyIngress.int_source_table': hit with handle 0
[15:47:50.357] [bmv2] [D] [thread 356] [19.0] [cxt 0] Dumping entry 0
Match key:
* meta.traffic_type   : EXACT     01
Action entry: MyIngress.int_source_action -

[15:47:50.357] [bmv2] [D] [thread 356] [19.0] [cxt 0] Action entry is MyIngress.int_source_action -
[15:47:50.357] [bmv2] [T] [thread 356] [19.0] [cxt 0] Action MyIngress.int_source_action
[15:47:50.357] [bmv2] [T] [thread 356] [19.0] [cxt 0] int-gtp-source.p4(221) Primitive meta.should_insert_int = 1
[15:47:50.357] [bmv2] [T] [thread 356] [19.0] [cxt 0] Applying table 'MyIngress.ipv4_lpm'
[15:47:50.357] [bmv2] [D] [thread 356] [19.0] [cxt 0] Looking up key:
* hdr.ipv4.dstAddr    : ac120014

[15:47:50.357] [bmv2] [D] [thread 356] [19.0] [cxt 0] Table 'MyIngress.ipv4_lpm': hit with handle 2
[15:47:50.357] [bmv2] [D] [thread 356] [19.0] [cxt 0] Dumping entry 2
Match key:
* hdr.ipv4.dstAddr    : LPM       00000000/0
Action entry: MyIngress.forward_action - 2,

[15:47:50.357] [bmv2] [D] [thread 356] [19.0] [cxt 0] Action entry is MyIngress.forward_action - 2,
[15:47:50.357] [bmv2] [T] [thread 356] [19.0] [cxt 0] Action MyIngress.forward_action
[15:47:50.357] [bmv2] [T] [thread 356] [19.0] [cxt 0] int-gtp-source.p4(266) Primitive standard_metadata.egress_spec = egress_port
[15:47:50.357] [bmv2] [T] [thread 356] [19.0] [cxt 0] int-gtp-source.p4(308) Condition "meta.should_insert_int == 1" (node_7) is true
[15:47:50.357] [bmv2] [T] [thread 356] [19.0] [cxt 0] Applying table 'tbl_do_insert_int'
[15:47:50.357] [bmv2] [D] [thread 356] [19.0] [cxt 0] Looking up key:

[15:47:50.357] [bmv2] [D] [thread 356] [19.0] [cxt 0] Table 'tbl_do_insert_int': miss
[15:47:50.357] [bmv2] [D] [thread 356] [19.0] [cxt 0] Action entry is MyIngress.do_insert_int -
[15:47:50.357] [bmv2] [T] [thread 356] [19.0] [cxt 0] Action MyIngress.do_insert_int
[15:47:50.357] [bmv2] [T] [thread 356] [19.0] [cxt 0] int-gtp-source.p4(226) Primitive bit<16> original_ether_type = hdr.ethernet.etherType
[15:47:50.357] [bmv2] [T] [thread 356] [19.0] [cxt 0] int-gtp-source.p4(229) Primitive hdr.ethernet.etherType = 0xFA
[15:47:50.357] [bmv2] [T] [thread 356] [19.0] [cxt 0] int-gtp-source.p4(232) Primitive hdr.int_shim.setValid()
[15:47:50.357] [bmv2] [T] [thread 356] [19.0] [cxt 0] int-gtp-source.p4(233) Primitive hdr.int_shim.type = 1
[15:47:50.357] [bmv2] [T] [thread 356] [19.0] [cxt 0] int-gtp-source.p4(234) Primitive hdr.int_shim.reserved = 0
[15:47:50.357] [bmv2] [T] [thread 356] [19.0] [cxt 0] int-gtp-source.p4(235) Primitive hdr.int_shim.length = 44
[15:47:50.357] [bmv2] [T] [thread 356] [19.0] [cxt 0] int-gtp-source.p4(236) Primitive hdr.int_shim.next_proto = original_ether_type
[15:47:50.357] [bmv2] [T] [thread 356] [19.0] [cxt 0] int-gtp-source.p4(239) Primitive hdr.int_header.setValid()
[15:47:50.357] [bmv2] [T] [thread 356] [19.0] [cxt 0] int-gtp-source.p4(240) Primitive hdr.int_header.version = 1
[15:47:50.357] [bmv2] [T] [thread 356] [19.0] [cxt 0] int-gtp-source.p4(241) Primitive hdr.int_header.d = 0
[15:47:50.357] [bmv2] [T] [thread 356] [19.0] [cxt 0] int-gtp-source.p4(242) Primitive hdr.int_header.q = 0
[15:47:50.357] [bmv2] [T] [thread 356] [19.0] [cxt 0] int-gtp-source.p4(243) Primitive hdr.int_header.m = 1
[15:47:50.357] [bmv2] [T] [thread 356] [19.0] [cxt 0] int-gtp-source.p4(244) Primitive hdr.int_header.reserved1 = 0
[15:47:50.357] [bmv2] [T] [thread 356] [19.0] [cxt 0] int-gtp-source.p4(245) Primitive hdr.int_header.hop_ml = 1
[15:47:50.357] [bmv2] [T] [thread 356] [19.0] [cxt 0] int-gtp-source.p4(246) Primitive hdr.int_header.instruction = 0x00FF
[15:47:50.357] [bmv2] [T] [thread 356] [19.0] [cxt 0] int-gtp-source.p4(247) Primitive hdr.int_header.reserved2 = 0
[15:47:50.357] [bmv2] [T] [thread 356] [19.0] [cxt 0] int-gtp-source.p4(248) Primitive hdr.int_header.remaining_hop_cnt = 8 - 1
[15:47:50.357] [bmv2] [T] [thread 356] [19.0] [cxt 0] int-gtp-source.p4(251) Primitive hdr.int_md.setValid()
[15:47:50.357] [bmv2] [T] [thread 356] [19.0] [cxt 0] int-gtp-source.p4(252) Primitive hdr.int_md.padding_switch = 0
[15:47:50.357] [bmv2] [T] [thread 356] [19.0] [cxt 0] int-gtp-source.p4(253) Primitive hdr.int_md.switch_id = (bit<16>)meta.switch_id
[15:47:50.357] [bmv2] [T] [thread 356] [19.0] [cxt 0] int-gtp-source.p4(254) Primitive hdr.int_md.ingress_port_id = (bit<16>)meta.ingress_port
[15:47:50.357] [bmv2] [T] [thread 356] [19.0] [cxt 0] int-gtp-source.p4(255) Primitive hdr.int_md.ingress_timestamp = meta.ingress_ts
[15:47:50.357] [bmv2] [T] [thread 356] [19.0] [cxt 0] int-gtp-source.p4(256) Primitive hdr.int_md.egress_port_id = 0
[15:47:50.357] [bmv2] [T] [thread 356] [19.0] [cxt 0] int-gtp-source.p4(257) Primitive hdr.int_md.hop_latency = 0
[15:47:50.357] [bmv2] [T] [thread 356] [19.0] [cxt 0] int-gtp-source.p4(258) Primitive hdr.int_md.egress_timestamp = 0
[15:47:50.357] [bmv2] [T] [thread 356] [19.0] [cxt 0] int-gtp-source.p4(259) Primitive hdr.int_md.queue_occupancy = 0
[15:47:50.357] [bmv2] [T] [thread 356] [19.0] [cxt 0] int-gtp-source.p4(260) Primitive hdr.int_md.congestion_notification = 0
[15:47:50.357] [bmv2] [T] [thread 356] [19.0] [cxt 0] int-gtp-source.p4(261) Primitive hdr.int_md.reserved1 = 0
[15:47:50.357] [bmv2] [T] [thread 356] [19.0] [cxt 0] int-gtp-source.p4(262) Primitive hdr.int_md.reserved2 = 0
[15:47:50.357] [bmv2] [D] [thread 356] [19.0] [cxt 0] Pipeline 'ingress': end
[15:47:50.357] [bmv2] [D] [thread 356] [19.0] [cxt 0] Egress port is 2
[15:47:50.358] [bmv2] [D] [thread 359] [19.0] [cxt 0] Pipeline 'egress': start
[15:47:50.358] [bmv2] [T] [thread 359] [19.0] [cxt 0] int-gtp-source.p4(330) Condition "hdr.int_shim.isValid()" (node_11) is true
[15:47:50.358] [bmv2] [T] [thread 359] [19.0] [cxt 0] Applying table 'tbl_update_int_metadata'
[15:47:50.358] [bmv2] [D] [thread 359] [19.0] [cxt 0] Looking up key:

[15:47:50.358] [bmv2] [D] [thread 359] [19.0] [cxt 0] Table 'tbl_update_int_metadata': miss
[15:47:50.358] [bmv2] [D] [thread 359] [19.0] [cxt 0] Action entry is MyEgress.update_int_metadata -
[15:47:50.358] [bmv2] [T] [thread 359] [19.0] [cxt 0] Action MyEgress.update_int_metadata
[15:47:50.358] [bmv2] [T] [thread 359] [19.0] [cxt 0] int-gtp-source.p4(321) Primitive if
[15:47:50.358] [bmv2] [T] [thread 359] [19.0] [cxt 0] int-gtp-source.p4(322) Primitive hdr.int_md.egress_port_id = (bit<16>)standard_metadata.egress_port
[15:47:50.358] [bmv2] [T] [thread 359] [19.0] [cxt 0] int-gtp-source.p4(323) Primitive hdr.int_md.egress_timestamp = (bit<32>)standard_metadata.egress_global_timestamp
[15:47:50.358] [bmv2] [T] [thread 359] [19.0] [cxt 0] int-gtp-source.p4(324) Primitive hdr.int_md.hop_latency = hdr.int_md.egress_timestamp - hdr.int_md.ingress_timestamp
[15:47:50.358] [bmv2] [T] [thread 359] [19.0] [cxt 0] int-gtp-source.p4(325) Primitive hdr.int_md.queue_occupancy = (bit<32>)standard_metadata.enq_qdepth
[15:47:50.358] [bmv2] [D] [thread 359] [19.0] [cxt 0] Pipeline 'egress': end
[15:47:50.358] [bmv2] [D] [thread 359] [19.0] [cxt 0] Deparser 'deparser': start
[15:47:50.358] [bmv2] [D] [thread 359] [19.0] [cxt 0] Deparsing header 'ethernet'
[15:47:50.358] [bmv2] [D] [thread 359] [19.0] [cxt 0] Deparsing header 'int_shim'
[15:47:50.360] [bmv2] [D] [thread 359] [19.0] [cxt 0] Deparsing header 'int_header'
[15:47:50.360] [bmv2] [D] [thread 359] [19.0] [cxt 0] Deparsing header 'int_md'
[15:47:50.360] [bmv2] [D] [thread 359] [19.0] [cxt 0] Deparsing header 'ipv4'
[15:47:50.360] [bmv2] [D] [thread 359] [19.0] [cxt 0] Deparsing header 'sctp'
[15:47:50.360] [bmv2] [D] [thread 359] [19.0] [cxt 0] Deparsing header 'sctp_chunk'
[15:47:50.361] [bmv2] [D] [thread 359] [19.0] [cxt 0] Deparsing header 'sctp_data_chunk'
[15:47:50.361] [bmv2] [D] [thread 359] [19.0] [cxt 0] Deparser 'deparser': end
[15:47:50.361] [bmv2] [D] [thread 361] [19.0] [cxt 0] Transmitting packet of size 183 out of port 2
[15:47:50.394] [bmv2] [D] [thread 356] [20.0] [cxt 0] Processing packet received on port 2
[15:47:50.394] [bmv2] [D] [thread 356] [20.0] [cxt 0] Parser 'parser': start
[15:47:50.394] [bmv2] [D] [thread 356] [20.0] [cxt 0] Parser 'parser' entering state 'start'
[15:47:50.394] [bmv2] [D] [thread 356] [20.0] [cxt 0] Extracting header 'ethernet'
[15:47:50.394] [bmv2] [D] [thread 356] [20.0] [cxt 0] Parser set: setting field 'scalars.metadata.ingress_port' from field 'standard_metadata.ingress_port' (2)
[15:47:50.394] [bmv2] [D] [thread 356] [20.0] [cxt 0] Parser set: setting field 'scalars.metadata.ingress_ts' from expression, new value is 157844860
[15:47:50.394] [bmv2] [D] [thread 356] [20.0] [cxt 0] Parser set: setting field 'scalars.metadata.is_int_packet' to 0
[15:47:50.394] [bmv2] [D] [thread 356] [20.0] [cxt 0] Parser set: setting field 'scalars.metadata.is_ngap_traffic' to 0
[15:47:50.394] [bmv2] [D] [thread 356] [20.0] [cxt 0] Parser set: setting field 'scalars.metadata.is_gtp_u_traffic' to 0
[15:47:50.394] [bmv2] [D] [thread 356] [20.0] [cxt 0] Parser set: setting field 'scalars.metadata.traffic_type' to 0
[15:47:50.394] [bmv2] [D] [thread 356] [20.0] [cxt 0] Parser set: setting field 'scalars.metadata.should_insert_int' to 0
[15:47:50.394] [bmv2] [D] [thread 356] [20.0] [cxt 0] Parser state 'start': key is 0800
[15:47:50.394] [bmv2] [T] [thread 356] [20.0] [cxt 0] Bytes parsed: 14
[15:47:50.394] [bmv2] [D] [thread 356] [20.0] [cxt 0] Parser 'parser' entering state 'parse_ipv4'
[15:47:50.394] [bmv2] [D] [thread 356] [20.0] [cxt 0] Extracting header 'ipv4'
[15:47:50.394] [bmv2] [D] [thread 356] [20.0] [cxt 0] Parser state 'parse_ipv4': key is 84
[15:47:50.394] [bmv2] [T] [thread 356] [20.0] [cxt 0] Bytes parsed: 34
[15:47:50.394] [bmv2] [D] [thread 356] [20.0] [cxt 0] Parser 'parser' entering state 'parse_sctp_common'
[15:47:50.394] [bmv2] [D] [thread 356] [20.0] [cxt 0] Extracting header 'sctp'
[15:47:50.394] [bmv2] [D] [thread 356] [20.0] [cxt 0] Parser set: setting field 'scalars.metadata.transport_src_port' from field 'sctp.src_port' (38412)
[15:47:50.394] [bmv2] [D] [thread 356] [20.0] [cxt 0] Parser set: setting field 'scalars.metadata.transport_dst_port' from field 'sctp.dst_port' (39657)
[15:47:50.394] [bmv2] [D] [thread 356] [20.0] [cxt 0] Parser set: setting field 'scalars.tmp_0' from expression, new value is 0
[15:47:50.394] [bmv2] [D] [thread 356] [20.0] [cxt 0] Parser state 'parse_sctp_common': key is 00
[15:47:50.394] [bmv2] [T] [thread 356] [20.0] [cxt 0] Bytes parsed: 46
[15:47:50.394] [bmv2] [D] [thread 356] [20.0] [cxt 0] Parser 'parser' entering state 'parse_sctp_common_join'
[15:47:50.394] [bmv2] [D] [thread 356] [20.0] [cxt 0] Extracting header 'sctp_chunk'
[15:47:50.394] [bmv2] [D] [thread 356] [20.0] [cxt 0] Parser state 'parse_sctp_common_join': key is 03
[15:47:50.394] [bmv2] [T] [thread 356] [20.0] [cxt 0] Bytes parsed: 50
[15:47:50.394] [bmv2] [D] [thread 356] [20.0] [cxt 0] Parser 'parser': end
[15:47:50.394] [bmv2] [D] [thread 356] [20.0] [cxt 0] Pipeline 'ingress': start
[15:47:50.394] [bmv2] [T] [thread 356] [20.0] [cxt 0] Applying table 'tbl_intgtpsource295'
[15:47:50.394] [bmv2] [D] [thread 356] [20.0] [cxt 0] Looking up key:

[15:47:50.394] [bmv2] [D] [thread 356] [20.0] [cxt 0] Table 'tbl_intgtpsource295': miss
[15:47:50.394] [bmv2] [D] [thread 356] [20.0] [cxt 0] Action entry is intgtpsource295 -
[15:47:50.394] [bmv2] [T] [thread 356] [20.0] [cxt 0] Action intgtpsource295
[15:47:50.394] [bmv2] [T] [thread 356] [20.0] [cxt 0] int-gtp-source.p4(295) Primitive meta.switch_id = 1
[15:47:50.394] [bmv2] [T] [thread 356] [20.0] [cxt 0] int-gtp-source.p4(297) Condition "hdr.ethernet.isValid() && hdr.ipv4.isValid()" (node_3) is true
[15:47:50.394] [bmv2] [T] [thread 356] [20.0] [cxt 0] int-gtp-source.p4(299) Condition "(hdr.ipv4.protocol == 132 && hdr.sctp.isValid()) || ..." (node_4) is true
[15:47:50.394] [bmv2] [T] [thread 356] [20.0] [cxt 0] Applying table 'MyIngress.int_source_table'
[15:47:50.394] [bmv2] [D] [thread 356] [20.0] [cxt 0] Looking up key:
* meta.traffic_type   : 00

[15:47:50.394] [bmv2] [D] [thread 356] [20.0] [cxt 0] Table 'MyIngress.int_source_table': miss
[15:47:50.394] [bmv2] [D] [thread 356] [20.0] [cxt 0] Action entry is NoAction -
[15:47:50.394] [bmv2] [T] [thread 356] [20.0] [cxt 0] Action NoAction
[15:47:50.394] [bmv2] [T] [thread 356] [20.0] [cxt 0] Applying table 'MyIngress.ipv4_lpm'
[15:47:50.394] [bmv2] [D] [thread 356] [20.0] [cxt 0] Looking up key:
* hdr.ipv4.dstAddr    : ac120a03

[15:47:50.394] [bmv2] [D] [thread 356] [20.0] [cxt 0] Table 'MyIngress.ipv4_lpm': hit with handle 1
[15:47:50.394] [bmv2] [D] [thread 356] [20.0] [cxt 0] Dumping entry 1
Match key:
* hdr.ipv4.dstAddr    : LPM       ac120a03/32
Action entry: MyIngress.forward_action - 1,

[15:47:50.394] [bmv2] [D] [thread 356] [20.0] [cxt 0] Action entry is MyIngress.forward_action - 1,
[15:47:50.394] [bmv2] [T] [thread 356] [20.0] [cxt 0] Action MyIngress.forward_action
[15:47:50.394] [bmv2] [T] [thread 356] [20.0] [cxt 0] int-gtp-source.p4(266) Primitive standard_metadata.egress_spec = egress_port
[15:47:50.394] [bmv2] [T] [thread 356] [20.0] [cxt 0] int-gtp-source.p4(308) Condition "meta.should_insert_int == 1" (node_7) is false
[15:47:50.394] [bmv2] [D] [thread 356] [20.0] [cxt 0] Pipeline 'ingress': end
[15:47:50.394] [bmv2] [D] [thread 356] [20.0] [cxt 0] Egress port is 1
[15:47:50.394] [bmv2] [D] [thread 358] [20.0] [cxt 0] Pipeline 'egress': start
[15:47:50.394] [bmv2] [T] [thread 358] [20.0] [cxt 0] int-gtp-source.p4(330) Condition "hdr.int_shim.isValid()" (node_11) is false
[15:47:50.394] [bmv2] [D] [thread 358] [20.0] [cxt 0] Pipeline 'egress': end
[15:47:50.394] [bmv2] [D] [thread 358] [20.0] [cxt 0] Deparser 'deparser': start
[15:47:50.394] [bmv2] [D] [thread 358] [20.0] [cxt 0] Deparsing header 'ethernet'
[15:47:50.394] [bmv2] [D] [thread 358] [20.0] [cxt 0] Deparsing header 'ipv4'
[15:47:50.394] [bmv2] [D] [thread 358] [20.0] [cxt 0] Deparsing header 'sctp'
[15:47:50.394] [bmv2] [D] [thread 358] [20.0] [cxt 0] Deparsing header 'sctp_chunk'
[15:47:50.394] [bmv2] [D] [thread 358] [20.0] [cxt 0] Deparser 'deparser': end
[15:47:50.394] [bmv2] [D] [thread 361] [20.0] [cxt 0] Transmitting packet of size 62 out of port 1
[15:47:50.395] [bmv2] [D] [thread 356] [21.0] [cxt 0] Processing packet received on port 2
[15:47:50.395] [bmv2] [D] [thread 356] [21.0] [cxt 0] Parser 'parser': start
[15:47:50.395] [bmv2] [D] [thread 356] [21.0] [cxt 0] Parser 'parser' entering state 'start'
[15:47:50.395] [bmv2] [D] [thread 356] [21.0] [cxt 0] Extracting header 'ethernet'
[15:47:50.395] [bmv2] [D] [thread 356] [21.0] [cxt 0] Parser set: setting field 'scalars.metadata.ingress_port' from field 'standard_metadata.ingress_port' (2)
[15:47:50.395] [bmv2] [D] [thread 356] [21.0] [cxt 0] Parser set: setting field 'scalars.metadata.ingress_ts' from expression, new value is 157845794
[15:47:50.395] [bmv2] [D] [thread 356] [21.0] [cxt 0] Parser set: setting field 'scalars.metadata.is_int_packet' to 0
[15:47:50.395] [bmv2] [D] [thread 356] [21.0] [cxt 0] Parser set: setting field 'scalars.metadata.is_ngap_traffic' to 0
[15:47:50.395] [bmv2] [D] [thread 356] [21.0] [cxt 0] Parser set: setting field 'scalars.metadata.is_gtp_u_traffic' to 0
[15:47:50.395] [bmv2] [D] [thread 356] [21.0] [cxt 0] Parser set: setting field 'scalars.metadata.traffic_type' to 0
[15:47:50.395] [bmv2] [D] [thread 356] [21.0] [cxt 0] Parser set: setting field 'scalars.metadata.should_insert_int' to 0
[15:47:50.395] [bmv2] [D] [thread 356] [21.0] [cxt 0] Parser state 'start': key is 0800
[15:47:50.395] [bmv2] [T] [thread 356] [21.0] [cxt 0] Bytes parsed: 14
[15:47:50.395] [bmv2] [D] [thread 356] [21.0] [cxt 0] Parser 'parser' entering state 'parse_ipv4'
[15:47:50.395] [bmv2] [D] [thread 356] [21.0] [cxt 0] Extracting header 'ipv4'
[15:47:50.395] [bmv2] [D] [thread 356] [21.0] [cxt 0] Parser state 'parse_ipv4': key is 84
[15:47:50.395] [bmv2] [T] [thread 356] [21.0] [cxt 0] Bytes parsed: 34
[15:47:50.395] [bmv2] [D] [thread 356] [21.0] [cxt 0] Parser 'parser' entering state 'parse_sctp_common'
[15:47:50.395] [bmv2] [D] [thread 356] [21.0] [cxt 0] Extracting header 'sctp'
[15:47:50.395] [bmv2] [D] [thread 356] [21.0] [cxt 0] Parser set: setting field 'scalars.metadata.transport_src_port' from field 'sctp.src_port' (38412)
[15:47:50.395] [bmv2] [D] [thread 356] [21.0] [cxt 0] Parser set: setting field 'scalars.metadata.transport_dst_port' from field 'sctp.dst_port' (39657)
[15:47:50.395] [bmv2] [D] [thread 356] [21.0] [cxt 0] Parser set: setting field 'scalars.tmp_0' from expression, new value is 0
[15:47:50.395] [bmv2] [D] [thread 356] [21.0] [cxt 0] Parser state 'parse_sctp_common': key is 00
[15:47:50.395] [bmv2] [T] [thread 356] [21.0] [cxt 0] Bytes parsed: 46
[15:47:50.395] [bmv2] [D] [thread 356] [21.0] [cxt 0] Parser 'parser' entering state 'parse_sctp_common_join'
[15:47:50.395] [bmv2] [D] [thread 356] [21.0] [cxt 0] Extracting header 'sctp_chunk'
[15:47:50.395] [bmv2] [D] [thread 356] [21.0] [cxt 0] Parser state 'parse_sctp_common_join': key is 00
[15:47:50.395] [bmv2] [T] [thread 356] [21.0] [cxt 0] Bytes parsed: 50
[15:47:50.395] [bmv2] [D] [thread 356] [21.0] [cxt 0] Parser 'parser' entering state 'parse_sctp_data_chunk'
[15:47:50.395] [bmv2] [D] [thread 356] [21.0] [cxt 0] Extracting header 'sctp_data_chunk'
[15:47:50.395] [bmv2] [D] [thread 356] [21.0] [cxt 0] Parser state 'parse_sctp_data_chunk' has no switch, going to default next state
[15:47:50.395] [bmv2] [T] [thread 356] [21.0] [cxt 0] Bytes parsed: 62
[15:47:50.395] [bmv2] [D] [thread 356] [21.0] [cxt 0] Parser 'parser': end
[15:47:50.395] [bmv2] [D] [thread 356] [21.0] [cxt 0] Pipeline 'ingress': start
[15:47:50.395] [bmv2] [T] [thread 356] [21.0] [cxt 0] Applying table 'tbl_intgtpsource295'
[15:47:50.395] [bmv2] [D] [thread 356] [21.0] [cxt 0] Looking up key:

[15:47:50.395] [bmv2] [D] [thread 356] [21.0] [cxt 0] Table 'tbl_intgtpsource295': miss
[15:47:50.395] [bmv2] [D] [thread 356] [21.0] [cxt 0] Action entry is intgtpsource295 -
[15:47:50.395] [bmv2] [T] [thread 356] [21.0] [cxt 0] Action intgtpsource295
[15:47:50.395] [bmv2] [T] [thread 356] [21.0] [cxt 0] int-gtp-source.p4(295) Primitive meta.switch_id = 1
[15:47:50.395] [bmv2] [T] [thread 356] [21.0] [cxt 0] int-gtp-source.p4(297) Condition "hdr.ethernet.isValid() && hdr.ipv4.isValid()" (node_3) is true
[15:47:50.395] [bmv2] [T] [thread 356] [21.0] [cxt 0] int-gtp-source.p4(299) Condition "(hdr.ipv4.protocol == 132 && hdr.sctp.isValid()) || ..." (node_4) is true
[15:47:50.395] [bmv2] [T] [thread 356] [21.0] [cxt 0] Applying table 'MyIngress.int_source_table'
[15:47:50.395] [bmv2] [D] [thread 356] [21.0] [cxt 0] Looking up key:
* meta.traffic_type   : 00

[15:47:50.395] [bmv2] [D] [thread 356] [21.0] [cxt 0] Table 'MyIngress.int_source_table': miss
[15:47:50.395] [bmv2] [D] [thread 356] [21.0] [cxt 0] Action entry is NoAction -
[15:47:50.395] [bmv2] [T] [thread 356] [21.0] [cxt 0] Action NoAction
[15:47:50.395] [bmv2] [T] [thread 356] [21.0] [cxt 0] Applying table 'MyIngress.ipv4_lpm'
[15:47:50.395] [bmv2] [D] [thread 356] [21.0] [cxt 0] Looking up key:
* hdr.ipv4.dstAddr    : ac120a03

[15:47:50.395] [bmv2] [D] [thread 356] [21.0] [cxt 0] Table 'MyIngress.ipv4_lpm': hit with handle 1
[15:47:50.395] [bmv2] [D] [thread 356] [21.0] [cxt 0] Dumping entry 1
Match key:
* hdr.ipv4.dstAddr    : LPM       ac120a03/32
Action entry: MyIngress.forward_action - 1,

[15:47:50.395] [bmv2] [D] [thread 356] [21.0] [cxt 0] Action entry is MyIngress.forward_action - 1,
[15:47:50.395] [bmv2] [T] [thread 356] [21.0] [cxt 0] Action MyIngress.forward_action
[15:47:50.395] [bmv2] [T] [thread 356] [21.0] [cxt 0] int-gtp-source.p4(266) Primitive standard_metadata.egress_spec = egress_port
[15:47:50.395] [bmv2] [T] [thread 356] [21.0] [cxt 0] int-gtp-source.p4(308) Condition "meta.should_insert_int == 1" (node_7) is false
[15:47:50.395] [bmv2] [D] [thread 356] [21.0] [cxt 0] Pipeline 'ingress': end
[15:47:50.395] [bmv2] [D] [thread 356] [21.0] [cxt 0] Egress port is 1
[15:47:50.395] [bmv2] [D] [thread 358] [21.0] [cxt 0] Pipeline 'egress': start
[15:47:50.395] [bmv2] [T] [thread 358] [21.0] [cxt 0] int-gtp-source.p4(330) Condition "hdr.int_shim.isValid()" (node_11) is false
[15:47:50.395] [bmv2] [D] [thread 358] [21.0] [cxt 0] Pipeline 'egress': end
[15:47:50.395] [bmv2] [D] [thread 358] [21.0] [cxt 0] Deparser 'deparser': start
[15:47:50.395] [bmv2] [D] [thread 358] [21.0] [cxt 0] Deparsing header 'ethernet'
[15:47:50.395] [bmv2] [D] [thread 358] [21.0] [cxt 0] Deparsing header 'ipv4'
[15:47:50.395] [bmv2] [D] [thread 358] [21.0] [cxt 0] Deparsing header 'sctp'
[15:47:50.395] [bmv2] [D] [thread 358] [21.0] [cxt 0] Deparsing header 'sctp_chunk'
[15:47:50.395] [bmv2] [D] [thread 358] [21.0] [cxt 0] Deparsing header 'sctp_data_chunk'
[15:47:50.395] [bmv2] [D] [thread 358] [21.0] [cxt 0] Deparser 'deparser': end
[15:47:50.395] [bmv2] [D] [thread 361] [21.0] [cxt 0] Transmitting packet of size 118 out of port 1
[15:47:50.408] [bmv2] [D] [thread 356] [22.0] [cxt 0] Processing packet received on port 1
[15:47:50.408] [bmv2] [D] [thread 356] [22.0] [cxt 0] Parser 'parser': start
[15:47:50.408] [bmv2] [D] [thread 356] [22.0] [cxt 0] Parser 'parser' entering state 'start'
[15:47:50.408] [bmv2] [D] [thread 356] [22.0] [cxt 0] Extracting header 'ethernet'
[15:47:50.408] [bmv2] [D] [thread 356] [22.0] [cxt 0] Parser set: setting field 'scalars.metadata.ingress_port' from field 'standard_metadata.ingress_port' (1)
[15:47:50.408] [bmv2] [D] [thread 356] [22.0] [cxt 0] Parser set: setting field 'scalars.metadata.ingress_ts' from expression, new value is 157858933
[15:47:50.408] [bmv2] [D] [thread 356] [22.0] [cxt 0] Parser set: setting field 'scalars.metadata.is_int_packet' to 0
[15:47:50.408] [bmv2] [D] [thread 356] [22.0] [cxt 0] Parser set: setting field 'scalars.metadata.is_ngap_traffic' to 0
[15:47:50.408] [bmv2] [D] [thread 356] [22.0] [cxt 0] Parser set: setting field 'scalars.metadata.is_gtp_u_traffic' to 0
[15:47:50.408] [bmv2] [D] [thread 356] [22.0] [cxt 0] Parser set: setting field 'scalars.metadata.traffic_type' to 0
[15:47:50.408] [bmv2] [D] [thread 356] [22.0] [cxt 0] Parser set: setting field 'scalars.metadata.should_insert_int' to 0
[15:47:50.408] [bmv2] [D] [thread 356] [22.0] [cxt 0] Parser state 'start': key is 0800
[15:47:50.408] [bmv2] [T] [thread 356] [22.0] [cxt 0] Bytes parsed: 14
[15:47:50.408] [bmv2] [D] [thread 356] [22.0] [cxt 0] Parser 'parser' entering state 'parse_ipv4'
[15:47:50.408] [bmv2] [D] [thread 356] [22.0] [cxt 0] Extracting header 'ipv4'
[15:47:50.408] [bmv2] [D] [thread 356] [22.0] [cxt 0] Parser state 'parse_ipv4': key is 84
[15:47:50.408] [bmv2] [T] [thread 356] [22.0] [cxt 0] Bytes parsed: 34
[15:47:50.408] [bmv2] [D] [thread 356] [22.0] [cxt 0] Parser 'parser' entering state 'parse_sctp_common'
[15:47:50.408] [bmv2] [D] [thread 356] [22.0] [cxt 0] Extracting header 'sctp'
[15:47:50.408] [bmv2] [D] [thread 356] [22.0] [cxt 0] Parser set: setting field 'scalars.metadata.transport_src_port' from field 'sctp.src_port' (39657)
[15:47:50.408] [bmv2] [D] [thread 356] [22.0] [cxt 0] Parser set: setting field 'scalars.metadata.transport_dst_port' from field 'sctp.dst_port' (38412)
[15:47:50.408] [bmv2] [D] [thread 356] [22.0] [cxt 0] Parser set: setting field 'scalars.tmp_0' from expression, new value is 1
[15:47:50.408] [bmv2] [D] [thread 356] [22.0] [cxt 0] Parser state 'parse_sctp_common': key is 01
[15:47:50.408] [bmv2] [T] [thread 356] [22.0] [cxt 0] Bytes parsed: 46
[15:47:50.408] [bmv2] [D] [thread 356] [22.0] [cxt 0] Parser 'parser' entering state 'parse_sctp_common_true'
[15:47:50.408] [bmv2] [D] [thread 356] [22.0] [cxt 0] Parser set: setting field 'scalars.metadata.is_ngap_traffic' to 1
[15:47:50.408] [bmv2] [D] [thread 356] [22.0] [cxt 0] Parser set: setting field 'scalars.metadata.traffic_type' to 1
[15:47:50.408] [bmv2] [D] [thread 356] [22.0] [cxt 0] Parser state 'parse_sctp_common_true' has no switch, going to default next state
[15:47:50.408] [bmv2] [T] [thread 356] [22.0] [cxt 0] Bytes parsed: 46
[15:47:50.408] [bmv2] [D] [thread 356] [22.0] [cxt 0] Parser 'parser' entering state 'parse_sctp_common_join'
[15:47:50.408] [bmv2] [D] [thread 356] [22.0] [cxt 0] Extracting header 'sctp_chunk'
[15:47:50.408] [bmv2] [D] [thread 356] [22.0] [cxt 0] Parser state 'parse_sctp_common_join': key is 03
[15:47:50.408] [bmv2] [T] [thread 356] [22.0] [cxt 0] Bytes parsed: 50
[15:47:50.408] [bmv2] [D] [thread 356] [22.0] [cxt 0] Parser 'parser': end
[15:47:50.408] [bmv2] [D] [thread 356] [22.0] [cxt 0] Pipeline 'ingress': start
[15:47:50.408] [bmv2] [T] [thread 356] [22.0] [cxt 0] Applying table 'tbl_intgtpsource295'
[15:47:50.408] [bmv2] [D] [thread 356] [22.0] [cxt 0] Looking up key:

[15:47:50.408] [bmv2] [D] [thread 356] [22.0] [cxt 0] Table 'tbl_intgtpsource295': miss
[15:47:50.408] [bmv2] [D] [thread 356] [22.0] [cxt 0] Action entry is intgtpsource295 -
[15:47:50.408] [bmv2] [T] [thread 356] [22.0] [cxt 0] Action intgtpsource295
[15:47:50.408] [bmv2] [T] [thread 356] [22.0] [cxt 0] int-gtp-source.p4(295) Primitive meta.switch_id = 1
[15:47:50.408] [bmv2] [T] [thread 356] [22.0] [cxt 0] int-gtp-source.p4(297) Condition "hdr.ethernet.isValid() && hdr.ipv4.isValid()" (node_3) is true
[15:47:50.408] [bmv2] [T] [thread 356] [22.0] [cxt 0] int-gtp-source.p4(299) Condition "(hdr.ipv4.protocol == 132 && hdr.sctp.isValid()) || ..." (node_4) is true
[15:47:50.408] [bmv2] [T] [thread 356] [22.0] [cxt 0] Applying table 'MyIngress.int_source_table'
[15:47:50.408] [bmv2] [D] [thread 356] [22.0] [cxt 0] Looking up key:
* meta.traffic_type   : 01

[15:47:50.408] [bmv2] [D] [thread 356] [22.0] [cxt 0] Table 'MyIngress.int_source_table': hit with handle 0
[15:47:50.408] [bmv2] [D] [thread 356] [22.0] [cxt 0] Dumping entry 0
Match key:
* meta.traffic_type   : EXACT     01
Action entry: MyIngress.int_source_action -

[15:47:50.408] [bmv2] [D] [thread 356] [22.0] [cxt 0] Action entry is MyIngress.int_source_action -
[15:47:50.408] [bmv2] [T] [thread 356] [22.0] [cxt 0] Action MyIngress.int_source_action
[15:47:50.408] [bmv2] [T] [thread 356] [22.0] [cxt 0] int-gtp-source.p4(221) Primitive meta.should_insert_int = 1
[15:47:50.408] [bmv2] [T] [thread 356] [22.0] [cxt 0] Applying table 'MyIngress.ipv4_lpm'
[15:47:50.408] [bmv2] [D] [thread 356] [22.0] [cxt 0] Looking up key:
* hdr.ipv4.dstAddr    : ac120014

[15:47:50.408] [bmv2] [D] [thread 356] [22.0] [cxt 0] Table 'MyIngress.ipv4_lpm': hit with handle 2
[15:47:50.408] [bmv2] [D] [thread 356] [22.0] [cxt 0] Dumping entry 2
Match key:
* hdr.ipv4.dstAddr    : LPM       00000000/0
Action entry: MyIngress.forward_action - 2,

[15:47:50.408] [bmv2] [D] [thread 356] [22.0] [cxt 0] Action entry is MyIngress.forward_action - 2,
[15:47:50.408] [bmv2] [T] [thread 356] [22.0] [cxt 0] Action MyIngress.forward_action
[15:47:50.408] [bmv2] [T] [thread 356] [22.0] [cxt 0] int-gtp-source.p4(266) Primitive standard_metadata.egress_spec = egress_port
[15:47:50.408] [bmv2] [T] [thread 356] [22.0] [cxt 0] int-gtp-source.p4(308) Condition "meta.should_insert_int == 1" (node_7) is true
[15:47:50.408] [bmv2] [T] [thread 356] [22.0] [cxt 0] Applying table 'tbl_do_insert_int'
[15:47:50.409] [bmv2] [D] [thread 356] [22.0] [cxt 0] Looking up key:

[15:47:50.409] [bmv2] [D] [thread 356] [22.0] [cxt 0] Table 'tbl_do_insert_int': miss
[15:47:50.409] [bmv2] [D] [thread 356] [22.0] [cxt 0] Action entry is MyIngress.do_insert_int -
[15:47:50.409] [bmv2] [T] [thread 356] [22.0] [cxt 0] Action MyIngress.do_insert_int
[15:47:50.409] [bmv2] [T] [thread 356] [22.0] [cxt 0] int-gtp-source.p4(226) Primitive bit<16> original_ether_type = hdr.ethernet.etherType
[15:47:50.409] [bmv2] [T] [thread 356] [22.0] [cxt 0] int-gtp-source.p4(229) Primitive hdr.ethernet.etherType = 0xFA
[15:47:50.409] [bmv2] [T] [thread 356] [22.0] [cxt 0] int-gtp-source.p4(232) Primitive hdr.int_shim.setValid()
[15:47:50.409] [bmv2] [T] [thread 356] [22.0] [cxt 0] int-gtp-source.p4(233) Primitive hdr.int_shim.type = 1
[15:47:50.409] [bmv2] [T] [thread 356] [22.0] [cxt 0] int-gtp-source.p4(234) Primitive hdr.int_shim.reserved = 0
[15:47:50.409] [bmv2] [T] [thread 356] [22.0] [cxt 0] int-gtp-source.p4(235) Primitive hdr.int_shim.length = 44
[15:47:50.409] [bmv2] [T] [thread 356] [22.0] [cxt 0] int-gtp-source.p4(236) Primitive hdr.int_shim.next_proto = original_ether_type
[15:47:50.409] [bmv2] [T] [thread 356] [22.0] [cxt 0] int-gtp-source.p4(239) Primitive hdr.int_header.setValid()
[15:47:50.409] [bmv2] [T] [thread 356] [22.0] [cxt 0] int-gtp-source.p4(240) Primitive hdr.int_header.version = 1
[15:47:50.409] [bmv2] [T] [thread 356] [22.0] [cxt 0] int-gtp-source.p4(241) Primitive hdr.int_header.d = 0
[15:47:50.409] [bmv2] [T] [thread 356] [22.0] [cxt 0] int-gtp-source.p4(242) Primitive hdr.int_header.q = 0
[15:47:50.409] [bmv2] [T] [thread 356] [22.0] [cxt 0] int-gtp-source.p4(243) Primitive hdr.int_header.m = 1
[15:47:50.409] [bmv2] [T] [thread 356] [22.0] [cxt 0] int-gtp-source.p4(244) Primitive hdr.int_header.reserved1 = 0
[15:47:50.409] [bmv2] [T] [thread 356] [22.0] [cxt 0] int-gtp-source.p4(245) Primitive hdr.int_header.hop_ml = 1
[15:47:50.409] [bmv2] [T] [thread 356] [22.0] [cxt 0] int-gtp-source.p4(246) Primitive hdr.int_header.instruction = 0x00FF
[15:47:50.409] [bmv2] [T] [thread 356] [22.0] [cxt 0] int-gtp-source.p4(247) Primitive hdr.int_header.reserved2 = 0
[15:47:50.409] [bmv2] [T] [thread 356] [22.0] [cxt 0] int-gtp-source.p4(248) Primitive hdr.int_header.remaining_hop_cnt = 8 - 1
[15:47:50.409] [bmv2] [T] [thread 356] [22.0] [cxt 0] int-gtp-source.p4(251) Primitive hdr.int_md.setValid()
[15:47:50.409] [bmv2] [T] [thread 356] [22.0] [cxt 0] int-gtp-source.p4(252) Primitive hdr.int_md.padding_switch = 0
[15:47:50.409] [bmv2] [T] [thread 356] [22.0] [cxt 0] int-gtp-source.p4(253) Primitive hdr.int_md.switch_id = (bit<16>)meta.switch_id
[15:47:50.409] [bmv2] [T] [thread 356] [22.0] [cxt 0] int-gtp-source.p4(254) Primitive hdr.int_md.ingress_port_id = (bit<16>)meta.ingress_port
[15:47:50.409] [bmv2] [T] [thread 356] [22.0] [cxt 0] int-gtp-source.p4(255) Primitive hdr.int_md.ingress_timestamp = meta.ingress_ts
[15:47:50.409] [bmv2] [T] [thread 356] [22.0] [cxt 0] int-gtp-source.p4(256) Primitive hdr.int_md.egress_port_id = 0
[15:47:50.409] [bmv2] [T] [thread 356] [22.0] [cxt 0] int-gtp-source.p4(257) Primitive hdr.int_md.hop_latency = 0
[15:47:50.409] [bmv2] [T] [thread 356] [22.0] [cxt 0] int-gtp-source.p4(258) Primitive hdr.int_md.egress_timestamp = 0
[15:47:50.409] [bmv2] [T] [thread 356] [22.0] [cxt 0] int-gtp-source.p4(259) Primitive hdr.int_md.queue_occupancy = 0
[15:47:50.409] [bmv2] [T] [thread 356] [22.0] [cxt 0] int-gtp-source.p4(260) Primitive hdr.int_md.congestion_notification = 0
[15:47:50.409] [bmv2] [T] [thread 356] [22.0] [cxt 0] int-gtp-source.p4(261) Primitive hdr.int_md.reserved1 = 0
[15:47:50.409] [bmv2] [T] [thread 356] [22.0] [cxt 0] int-gtp-source.p4(262) Primitive hdr.int_md.reserved2 = 0
[15:47:50.409] [bmv2] [D] [thread 356] [22.0] [cxt 0] Pipeline 'ingress': end
[15:47:50.409] [bmv2] [D] [thread 356] [22.0] [cxt 0] Egress port is 2
[15:47:50.409] [bmv2] [D] [thread 359] [22.0] [cxt 0] Pipeline 'egress': start
[15:47:50.409] [bmv2] [T] [thread 359] [22.0] [cxt 0] int-gtp-source.p4(330) Condition "hdr.int_shim.isValid()" (node_11) is true
[15:47:50.409] [bmv2] [T] [thread 359] [22.0] [cxt 0] Applying table 'tbl_update_int_metadata'
[15:47:50.409] [bmv2] [D] [thread 359] [22.0] [cxt 0] Looking up key:

[15:47:50.409] [bmv2] [D] [thread 359] [22.0] [cxt 0] Table 'tbl_update_int_metadata': miss
[15:47:50.409] [bmv2] [D] [thread 359] [22.0] [cxt 0] Action entry is MyEgress.update_int_metadata -
[15:47:50.409] [bmv2] [T] [thread 359] [22.0] [cxt 0] Action MyEgress.update_int_metadata
[15:47:50.409] [bmv2] [T] [thread 359] [22.0] [cxt 0] int-gtp-source.p4(321) Primitive if
[15:47:50.409] [bmv2] [T] [thread 359] [22.0] [cxt 0] int-gtp-source.p4(322) Primitive hdr.int_md.egress_port_id = (bit<16>)standard_metadata.egress_port
[15:47:50.409] [bmv2] [T] [thread 359] [22.0] [cxt 0] int-gtp-source.p4(323) Primitive hdr.int_md.egress_timestamp = (bit<32>)standard_metadata.egress_global_timestamp
[15:47:50.409] [bmv2] [T] [thread 359] [22.0] [cxt 0] int-gtp-source.p4(324) Primitive hdr.int_md.hop_latency = hdr.int_md.egress_timestamp - hdr.int_md.ingress_timestamp
[15:47:50.409] [bmv2] [T] [thread 359] [22.0] [cxt 0] int-gtp-source.p4(325) Primitive hdr.int_md.queue_occupancy = (bit<32>)standard_metadata.enq_qdepth
[15:47:50.409] [bmv2] [D] [thread 359] [22.0] [cxt 0] Pipeline 'egress': end
[15:47:50.409] [bmv2] [D] [thread 359] [22.0] [cxt 0] Deparser 'deparser': start
[15:47:50.409] [bmv2] [D] [thread 359] [22.0] [cxt 0] Deparsing header 'ethernet'
[15:47:50.409] [bmv2] [D] [thread 359] [22.0] [cxt 0] Deparsing header 'int_shim'
[15:47:50.409] [bmv2] [D] [thread 359] [22.0] [cxt 0] Deparsing header 'int_header'
[15:47:50.409] [bmv2] [D] [thread 359] [22.0] [cxt 0] Deparsing header 'int_md'
[15:47:50.409] [bmv2] [D] [thread 359] [22.0] [cxt 0] Deparsing header 'ipv4'
[15:47:50.409] [bmv2] [D] [thread 359] [22.0] [cxt 0] Deparsing header 'sctp'
[15:47:50.409] [bmv2] [D] [thread 359] [22.0] [cxt 0] Deparsing header 'sctp_chunk'
[15:47:50.409] [bmv2] [D] [thread 359] [22.0] [cxt 0] Deparser 'deparser': end
[15:47:50.409] [bmv2] [D] [thread 361] [22.0] [cxt 0] Transmitting packet of size 103 out of port 2
[15:47:57.346] [bmv2] [D] [thread 356] [23.0] [cxt 0] Processing packet received on port 1
[15:47:57.346] [bmv2] [D] [thread 356] [23.0] [cxt 0] Parser 'parser': start
[15:47:57.346] [bmv2] [D] [thread 356] [23.0] [cxt 0] Parser 'parser' entering state 'start'
[15:47:57.346] [bmv2] [D] [thread 356] [23.0] [cxt 0] Extracting header 'ethernet'
[15:47:57.346] [bmv2] [D] [thread 356] [23.0] [cxt 0] Parser set: setting field 'scalars.metadata.ingress_port' from field 'standard_metadata.ingress_port' (1)
[15:47:57.346] [bmv2] [D] [thread 356] [23.0] [cxt 0] Parser set: setting field 'scalars.metadata.ingress_ts' from expression, new value is 164797309
[15:47:57.346] [bmv2] [D] [thread 356] [23.0] [cxt 0] Parser set: setting field 'scalars.metadata.is_int_packet' to 0
[15:47:57.346] [bmv2] [D] [thread 356] [23.0] [cxt 0] Parser set: setting field 'scalars.metadata.is_ngap_traffic' to 0
[15:47:57.346] [bmv2] [D] [thread 356] [23.0] [cxt 0] Parser set: setting field 'scalars.metadata.is_gtp_u_traffic' to 0
[15:47:57.346] [bmv2] [D] [thread 356] [23.0] [cxt 0] Parser set: setting field 'scalars.metadata.traffic_type' to 0
[15:47:57.346] [bmv2] [D] [thread 356] [23.0] [cxt 0] Parser set: setting field 'scalars.metadata.should_insert_int' to 0
[15:47:57.346] [bmv2] [D] [thread 356] [23.0] [cxt 0] Parser state 'start': key is 9000
[15:47:57.346] [bmv2] [T] [thread 356] [23.0] [cxt 0] Bytes parsed: 14
[15:47:57.346] [bmv2] [D] [thread 356] [23.0] [cxt 0] Parser 'parser': end
[15:47:57.346] [bmv2] [D] [thread 356] [23.0] [cxt 0] Pipeline 'ingress': start
[15:47:57.346] [bmv2] [T] [thread 356] [23.0] [cxt 0] Applying table 'tbl_intgtpsource295'
[15:47:57.346] [bmv2] [D] [thread 356] [23.0] [cxt 0] Looking up key:

[15:47:57.346] [bmv2] [D] [thread 356] [23.0] [cxt 0] Table 'tbl_intgtpsource295': miss
[15:47:57.346] [bmv2] [D] [thread 356] [23.0] [cxt 0] Action entry is intgtpsource295 -
[15:47:57.346] [bmv2] [T] [thread 356] [23.0] [cxt 0] Action intgtpsource295
[15:47:57.346] [bmv2] [T] [thread 356] [23.0] [cxt 0] int-gtp-source.p4(295) Primitive meta.switch_id = 1
[15:47:57.346] [bmv2] [T] [thread 356] [23.0] [cxt 0] int-gtp-source.p4(297) Condition "hdr.ethernet.isValid() && hdr.ipv4.isValid()" (node_3) is false
[15:47:57.346] [bmv2] [D] [thread 356] [23.0] [cxt 0] Pipeline 'ingress': end
[15:47:57.346] [bmv2] [D] [thread 356] [23.0] [cxt 0] Egress port is 0
[15:47:57.346] [bmv2] [D] [thread 357] [23.0] [cxt 0] Pipeline 'egress': start
[15:47:57.346] [bmv2] [T] [thread 357] [23.0] [cxt 0] int-gtp-source.p4(330) Condition "hdr.int_shim.isValid()" (node_11) is false
[15:47:57.346] [bmv2] [D] [thread 357] [23.0] [cxt 0] Pipeline 'egress': end
[15:47:57.346] [bmv2] [D] [thread 357] [23.0] [cxt 0] Deparser 'deparser': start
[15:47:57.346] [bmv2] [D] [thread 357] [23.0] [cxt 0] Deparsing header 'ethernet'
[15:47:57.346] [bmv2] [D] [thread 357] [23.0] [cxt 0] Deparser 'deparser': end
[15:47:57.346] [bmv2] [D] [thread 361] [23.0] [cxt 0] Transmitting packet of size 60 out of port 0
[15:48:07.341] [bmv2] [D] [thread 356] [24.0] [cxt 0] Processing packet received on port 1
[15:48:07.341] [bmv2] [D] [thread 356] [24.0] [cxt 0] Parser 'parser': start
[15:48:07.341] [bmv2] [D] [thread 356] [24.0] [cxt 0] Parser 'parser' entering state 'start'
[15:48:07.341] [bmv2] [D] [thread 356] [24.0] [cxt 0] Extracting header 'ethernet'
[15:48:07.341] [bmv2] [D] [thread 356] [24.0] [cxt 0] Parser set: setting field 'scalars.metadata.ingress_port' from field 'standard_metadata.ingress_port' (1)
[15:48:07.341] [bmv2] [D] [thread 356] [24.0] [cxt 0] Parser set: setting field 'scalars.metadata.ingress_ts' from expression, new value is 174792542
[15:48:07.341] [bmv2] [D] [thread 356] [24.0] [cxt 0] Parser set: setting field 'scalars.metadata.is_int_packet' to 0
[15:48:07.341] [bmv2] [D] [thread 356] [24.0] [cxt 0] Parser set: setting field 'scalars.metadata.is_ngap_traffic' to 0
[15:48:07.341] [bmv2] [D] [thread 356] [24.0] [cxt 0] Parser set: setting field 'scalars.metadata.is_gtp_u_traffic' to 0
[15:48:07.341] [bmv2] [D] [thread 356] [24.0] [cxt 0] Parser set: setting field 'scalars.metadata.traffic_type' to 0
[15:48:07.341] [bmv2] [D] [thread 356] [24.0] [cxt 0] Parser set: setting field 'scalars.metadata.should_insert_int' to 0
[15:48:07.341] [bmv2] [D] [thread 356] [24.0] [cxt 0] Parser state 'start': key is 9000
[15:48:07.341] [bmv2] [T] [thread 356] [24.0] [cxt 0] Bytes parsed: 14
[15:48:07.341] [bmv2] [D] [thread 356] [24.0] [cxt 0] Parser 'parser': end
[15:48:07.342] [bmv2] [D] [thread 356] [24.0] [cxt 0] Pipeline 'ingress': start
[15:48:07.342] [bmv2] [T] [thread 356] [24.0] [cxt 0] Applying table 'tbl_intgtpsource295'
[15:48:07.342] [bmv2] [D] [thread 356] [24.0] [cxt 0] Looking up key:

[15:48:07.342] [bmv2] [D] [thread 356] [24.0] [cxt 0] Table 'tbl_intgtpsource295': miss
[15:48:07.342] [bmv2] [D] [thread 356] [24.0] [cxt 0] Action entry is intgtpsource295 -
[15:48:07.342] [bmv2] [T] [thread 356] [24.0] [cxt 0] Action intgtpsource295
[15:48:07.342] [bmv2] [T] [thread 356] [24.0] [cxt 0] int-gtp-source.p4(295) Primitive meta.switch_id = 1
[15:48:07.342] [bmv2] [T] [thread 356] [24.0] [cxt 0] int-gtp-source.p4(297) Condition "hdr.ethernet.isValid() && hdr.ipv4.isValid()" (node_3) is false
[15:48:07.342] [bmv2] [D] [thread 356] [24.0] [cxt 0] Pipeline 'ingress': end
[15:48:07.342] [bmv2] [D] [thread 356] [24.0] [cxt 0] Egress port is 0
[15:48:07.342] [bmv2] [D] [thread 357] [24.0] [cxt 0] Pipeline 'egress': start
[15:48:07.342] [bmv2] [T] [thread 357] [24.0] [cxt 0] int-gtp-source.p4(330) Condition "hdr.int_shim.isValid()" (node_11) is false
[15:48:07.342] [bmv2] [D] [thread 357] [24.0] [cxt 0] Pipeline 'egress': end
[15:48:07.342] [bmv2] [D] [thread 357] [24.0] [cxt 0] Deparser 'deparser': start
[15:48:07.342] [bmv2] [D] [thread 357] [24.0] [cxt 0] Deparsing header 'ethernet'
[15:48:07.342] [bmv2] [D] [thread 357] [24.0] [cxt 0] Deparser 'deparser': end
[15:48:07.342] [bmv2] [D] [thread 361] [24.0] [cxt 0] Transmitting packet of size 60 out of port 0
[15:48:07.864] [bmv2] [D] [thread 356] [25.0] [cxt 0] Processing packet received on port 1
[15:48:07.865] [bmv2] [D] [thread 356] [25.0] [cxt 0] Parser 'parser': start
[15:48:07.865] [bmv2] [D] [thread 356] [25.0] [cxt 0] Parser 'parser' entering state 'start'
[15:48:07.865] [bmv2] [D] [thread 356] [25.0] [cxt 0] Extracting header 'ethernet'
[15:48:07.865] [bmv2] [D] [thread 356] [25.0] [cxt 0] Parser set: setting field 'scalars.metadata.ingress_port' from field 'standard_metadata.ingress_port' (1)
[15:48:07.865] [bmv2] [D] [thread 356] [25.0] [cxt 0] Parser set: setting field 'scalars.metadata.ingress_ts' from expression, new value is 175315692
[15:48:07.865] [bmv2] [D] [thread 356] [25.0] [cxt 0] Parser set: setting field 'scalars.metadata.is_int_packet' to 0
[15:48:07.865] [bmv2] [D] [thread 356] [25.0] [cxt 0] Parser set: setting field 'scalars.metadata.is_ngap_traffic' to 0
[15:48:07.865] [bmv2] [D] [thread 356] [25.0] [cxt 0] Parser set: setting field 'scalars.metadata.is_gtp_u_traffic' to 0
[15:48:07.865] [bmv2] [D] [thread 356] [25.0] [cxt 0] Parser set: setting field 'scalars.metadata.traffic_type' to 0
[15:48:07.865] [bmv2] [D] [thread 356] [25.0] [cxt 0] Parser set: setting field 'scalars.metadata.should_insert_int' to 0
[15:48:07.865] [bmv2] [D] [thread 356] [25.0] [cxt 0] Parser state 'start': key is 0800
[15:48:07.865] [bmv2] [T] [thread 356] [25.0] [cxt 0] Bytes parsed: 14
[15:48:07.865] [bmv2] [D] [thread 356] [25.0] [cxt 0] Parser 'parser' entering state 'parse_ipv4'
[15:48:07.865] [bmv2] [D] [thread 356] [25.0] [cxt 0] Extracting header 'ipv4'
[15:48:07.865] [bmv2] [D] [thread 356] [25.0] [cxt 0] Parser state 'parse_ipv4': key is 84
[15:48:07.865] [bmv2] [T] [thread 356] [25.0] [cxt 0] Bytes parsed: 34
[15:48:07.865] [bmv2] [D] [thread 356] [25.0] [cxt 0] Parser 'parser' entering state 'parse_sctp_common'
[15:48:07.865] [bmv2] [D] [thread 356] [25.0] [cxt 0] Extracting header 'sctp'
[15:48:07.865] [bmv2] [D] [thread 356] [25.0] [cxt 0] Parser set: setting field 'scalars.metadata.transport_src_port' from field 'sctp.src_port' (39657)
[15:48:07.865] [bmv2] [D] [thread 356] [25.0] [cxt 0] Parser set: setting field 'scalars.metadata.transport_dst_port' from field 'sctp.dst_port' (38412)
[15:48:07.865] [bmv2] [D] [thread 356] [25.0] [cxt 0] Parser set: setting field 'scalars.tmp_0' from expression, new value is 1
[15:48:07.865] [bmv2] [D] [thread 356] [25.0] [cxt 0] Parser state 'parse_sctp_common': key is 01
[15:48:07.865] [bmv2] [T] [thread 356] [25.0] [cxt 0] Bytes parsed: 46
[15:48:07.865] [bmv2] [D] [thread 356] [25.0] [cxt 0] Parser 'parser' entering state 'parse_sctp_common_true'
[15:48:07.865] [bmv2] [D] [thread 356] [25.0] [cxt 0] Parser set: setting field 'scalars.metadata.is_ngap_traffic' to 1
[15:48:07.865] [bmv2] [D] [thread 356] [25.0] [cxt 0] Parser set: setting field 'scalars.metadata.traffic_type' to 1
[15:48:07.865] [bmv2] [D] [thread 356] [25.0] [cxt 0] Parser state 'parse_sctp_common_true' has no switch, going to default next state
[15:48:07.865] [bmv2] [T] [thread 356] [25.0] [cxt 0] Bytes parsed: 46
[15:48:07.865] [bmv2] [D] [thread 356] [25.0] [cxt 0] Parser 'parser' entering state 'parse_sctp_common_join'
[15:48:07.865] [bmv2] [D] [thread 356] [25.0] [cxt 0] Extracting header 'sctp_chunk'
[15:48:07.865] [bmv2] [D] [thread 356] [25.0] [cxt 0] Parser state 'parse_sctp_common_join': key is 00
[15:48:07.865] [bmv2] [T] [thread 356] [25.0] [cxt 0] Bytes parsed: 50
[15:48:07.865] [bmv2] [D] [thread 356] [25.0] [cxt 0] Parser 'parser' entering state 'parse_sctp_data_chunk'
[15:48:07.865] [bmv2] [D] [thread 356] [25.0] [cxt 0] Extracting header 'sctp_data_chunk'
[15:48:07.865] [bmv2] [D] [thread 356] [25.0] [cxt 0] Parser state 'parse_sctp_data_chunk' has no switch, going to default next state
[15:48:07.865] [bmv2] [T] [thread 356] [25.0] [cxt 0] Bytes parsed: 62
[15:48:07.865] [bmv2] [D] [thread 356] [25.0] [cxt 0] Parser 'parser': end
[15:48:07.865] [bmv2] [D] [thread 356] [25.0] [cxt 0] Pipeline 'ingress': start
[15:48:07.865] [bmv2] [T] [thread 356] [25.0] [cxt 0] Applying table 'tbl_intgtpsource295'
[15:48:07.865] [bmv2] [D] [thread 356] [25.0] [cxt 0] Looking up key:

[15:48:07.865] [bmv2] [D] [thread 356] [25.0] [cxt 0] Table 'tbl_intgtpsource295': miss
[15:48:07.865] [bmv2] [D] [thread 356] [25.0] [cxt 0] Action entry is intgtpsource295 -
[15:48:07.865] [bmv2] [T] [thread 356] [25.0] [cxt 0] Action intgtpsource295
[15:48:07.865] [bmv2] [T] [thread 356] [25.0] [cxt 0] int-gtp-source.p4(295) Primitive meta.switch_id = 1
[15:48:07.865] [bmv2] [T] [thread 356] [25.0] [cxt 0] int-gtp-source.p4(297) Condition "hdr.ethernet.isValid() && hdr.ipv4.isValid()" (node_3) is true
[15:48:07.865] [bmv2] [T] [thread 356] [25.0] [cxt 0] int-gtp-source.p4(299) Condition "(hdr.ipv4.protocol == 132 && hdr.sctp.isValid()) || ..." (node_4) is true
[15:48:07.865] [bmv2] [T] [thread 356] [25.0] [cxt 0] Applying table 'MyIngress.int_source_table'
[15:48:07.865] [bmv2] [D] [thread 356] [25.0] [cxt 0] Looking up key:
* meta.traffic_type   : 01

[15:48:07.865] [bmv2] [D] [thread 356] [25.0] [cxt 0] Table 'MyIngress.int_source_table': hit with handle 0
[15:48:07.865] [bmv2] [D] [thread 356] [25.0] [cxt 0] Dumping entry 0
Match key:
* meta.traffic_type   : EXACT     01
Action entry: MyIngress.int_source_action -

[15:48:07.865] [bmv2] [D] [thread 356] [25.0] [cxt 0] Action entry is MyIngress.int_source_action -
[15:48:07.865] [bmv2] [T] [thread 356] [25.0] [cxt 0] Action MyIngress.int_source_action
[15:48:07.865] [bmv2] [T] [thread 356] [25.0] [cxt 0] int-gtp-source.p4(221) Primitive meta.should_insert_int = 1
[15:48:07.865] [bmv2] [T] [thread 356] [25.0] [cxt 0] Applying table 'MyIngress.ipv4_lpm'
[15:48:07.865] [bmv2] [D] [thread 356] [25.0] [cxt 0] Looking up key:
* hdr.ipv4.dstAddr    : ac120014

[15:48:07.865] [bmv2] [D] [thread 356] [25.0] [cxt 0] Table 'MyIngress.ipv4_lpm': hit with handle 2
[15:48:07.865] [bmv2] [D] [thread 356] [25.0] [cxt 0] Dumping entry 2
Match key:
* hdr.ipv4.dstAddr    : LPM       00000000/0
Action entry: MyIngress.forward_action - 2,

[15:48:07.865] [bmv2] [D] [thread 356] [25.0] [cxt 0] Action entry is MyIngress.forward_action - 2,
[15:48:07.865] [bmv2] [T] [thread 356] [25.0] [cxt 0] Action MyIngress.forward_action
[15:48:07.865] [bmv2] [T] [thread 356] [25.0] [cxt 0] int-gtp-source.p4(266) Primitive standard_metadata.egress_spec = egress_port
[15:48:07.865] [bmv2] [T] [thread 356] [25.0] [cxt 0] int-gtp-source.p4(308) Condition "meta.should_insert_int == 1" (node_7) is true
[15:48:07.865] [bmv2] [T] [thread 356] [25.0] [cxt 0] Applying table 'tbl_do_insert_int'
[15:48:07.865] [bmv2] [D] [thread 356] [25.0] [cxt 0] Looking up key:

[15:48:07.865] [bmv2] [D] [thread 356] [25.0] [cxt 0] Table 'tbl_do_insert_int': miss
[15:48:07.865] [bmv2] [D] [thread 356] [25.0] [cxt 0] Action entry is MyIngress.do_insert_int -
[15:48:07.865] [bmv2] [T] [thread 356] [25.0] [cxt 0] Action MyIngress.do_insert_int
[15:48:07.865] [bmv2] [T] [thread 356] [25.0] [cxt 0] int-gtp-source.p4(226) Primitive bit<16> original_ether_type = hdr.ethernet.etherType
[15:48:07.865] [bmv2] [T] [thread 356] [25.0] [cxt 0] int-gtp-source.p4(229) Primitive hdr.ethernet.etherType = 0xFA
[15:48:07.865] [bmv2] [T] [thread 356] [25.0] [cxt 0] int-gtp-source.p4(232) Primitive hdr.int_shim.setValid()
[15:48:07.865] [bmv2] [T] [thread 356] [25.0] [cxt 0] int-gtp-source.p4(233) Primitive hdr.int_shim.type = 1
[15:48:07.865] [bmv2] [T] [thread 356] [25.0] [cxt 0] int-gtp-source.p4(234) Primitive hdr.int_shim.reserved = 0
[15:48:07.865] [bmv2] [T] [thread 356] [25.0] [cxt 0] int-gtp-source.p4(235) Primitive hdr.int_shim.length = 44
[15:48:07.865] [bmv2] [T] [thread 356] [25.0] [cxt 0] int-gtp-source.p4(236) Primitive hdr.int_shim.next_proto = original_ether_type
[15:48:07.865] [bmv2] [T] [thread 356] [25.0] [cxt 0] int-gtp-source.p4(239) Primitive hdr.int_header.setValid()
[15:48:07.865] [bmv2] [T] [thread 356] [25.0] [cxt 0] int-gtp-source.p4(240) Primitive hdr.int_header.version = 1
[15:48:07.865] [bmv2] [T] [thread 356] [25.0] [cxt 0] int-gtp-source.p4(241) Primitive hdr.int_header.d = 0
[15:48:07.865] [bmv2] [T] [thread 356] [25.0] [cxt 0] int-gtp-source.p4(242) Primitive hdr.int_header.q = 0
[15:48:07.865] [bmv2] [T] [thread 356] [25.0] [cxt 0] int-gtp-source.p4(243) Primitive hdr.int_header.m = 1
[15:48:07.865] [bmv2] [T] [thread 356] [25.0] [cxt 0] int-gtp-source.p4(244) Primitive hdr.int_header.reserved1 = 0
[15:48:07.865] [bmv2] [T] [thread 356] [25.0] [cxt 0] int-gtp-source.p4(245) Primitive hdr.int_header.hop_ml = 1
[15:48:07.865] [bmv2] [T] [thread 356] [25.0] [cxt 0] int-gtp-source.p4(246) Primitive hdr.int_header.instruction = 0x00FF
[15:48:07.865] [bmv2] [T] [thread 356] [25.0] [cxt 0] int-gtp-source.p4(247) Primitive hdr.int_header.reserved2 = 0
[15:48:07.865] [bmv2] [T] [thread 356] [25.0] [cxt 0] int-gtp-source.p4(248) Primitive hdr.int_header.remaining_hop_cnt = 8 - 1
[15:48:07.865] [bmv2] [T] [thread 356] [25.0] [cxt 0] int-gtp-source.p4(251) Primitive hdr.int_md.setValid()
[15:48:07.865] [bmv2] [T] [thread 356] [25.0] [cxt 0] int-gtp-source.p4(252) Primitive hdr.int_md.padding_switch = 0
[15:48:07.865] [bmv2] [T] [thread 356] [25.0] [cxt 0] int-gtp-source.p4(253) Primitive hdr.int_md.switch_id = (bit<16>)meta.switch_id
[15:48:07.865] [bmv2] [T] [thread 356] [25.0] [cxt 0] int-gtp-source.p4(254) Primitive hdr.int_md.ingress_port_id = (bit<16>)meta.ingress_port
[15:48:07.866] [bmv2] [T] [thread 356] [25.0] [cxt 0] int-gtp-source.p4(255) Primitive hdr.int_md.ingress_timestamp = meta.ingress_ts
[15:48:07.866] [bmv2] [T] [thread 356] [25.0] [cxt 0] int-gtp-source.p4(256) Primitive hdr.int_md.egress_port_id = 0
[15:48:07.866] [bmv2] [T] [thread 356] [25.0] [cxt 0] int-gtp-source.p4(257) Primitive hdr.int_md.hop_latency = 0
[15:48:07.866] [bmv2] [T] [thread 356] [25.0] [cxt 0] int-gtp-source.p4(258) Primitive hdr.int_md.egress_timestamp = 0
[15:48:07.866] [bmv2] [T] [thread 356] [25.0] [cxt 0] int-gtp-source.p4(259) Primitive hdr.int_md.queue_occupancy = 0
[15:48:07.866] [bmv2] [T] [thread 356] [25.0] [cxt 0] int-gtp-source.p4(260) Primitive hdr.int_md.congestion_notification = 0
[15:48:07.866] [bmv2] [T] [thread 356] [25.0] [cxt 0] int-gtp-source.p4(261) Primitive hdr.int_md.reserved1 = 0
[15:48:07.866] [bmv2] [T] [thread 356] [25.0] [cxt 0] int-gtp-source.p4(262) Primitive hdr.int_md.reserved2 = 0
[15:48:07.866] [bmv2] [D] [thread 356] [25.0] [cxt 0] Pipeline 'ingress': end
[15:48:07.866] [bmv2] [D] [thread 356] [25.0] [cxt 0] Egress port is 2
[15:48:07.866] [bmv2] [D] [thread 359] [25.0] [cxt 0] Pipeline 'egress': start
[15:48:07.866] [bmv2] [T] [thread 359] [25.0] [cxt 0] int-gtp-source.p4(330) Condition "hdr.int_shim.isValid()" (node_11) is true
[15:48:07.866] [bmv2] [T] [thread 359] [25.0] [cxt 0] Applying table 'tbl_update_int_metadata'
[15:48:07.866] [bmv2] [D] [thread 359] [25.0] [cxt 0] Looking up key:

[15:48:07.866] [bmv2] [D] [thread 359] [25.0] [cxt 0] Table 'tbl_update_int_metadata': miss
[15:48:07.866] [bmv2] [D] [thread 359] [25.0] [cxt 0] Action entry is MyEgress.update_int_metadata -
[15:48:07.866] [bmv2] [T] [thread 359] [25.0] [cxt 0] Action MyEgress.update_int_metadata
[15:48:07.866] [bmv2] [T] [thread 359] [25.0] [cxt 0] int-gtp-source.p4(321) Primitive if
[15:48:07.866] [bmv2] [T] [thread 359] [25.0] [cxt 0] int-gtp-source.p4(322) Primitive hdr.int_md.egress_port_id = (bit<16>)standard_metadata.egress_port
[15:48:07.866] [bmv2] [T] [thread 359] [25.0] [cxt 0] int-gtp-source.p4(323) Primitive hdr.int_md.egress_timestamp = (bit<32>)standard_metadata.egress_global_timestamp
[15:48:07.866] [bmv2] [T] [thread 359] [25.0] [cxt 0] int-gtp-source.p4(324) Primitive hdr.int_md.hop_latency = hdr.int_md.egress_timestamp - hdr.int_md.ingress_timestamp
[15:48:07.866] [bmv2] [T] [thread 359] [25.0] [cxt 0] int-gtp-source.p4(325) Primitive hdr.int_md.queue_occupancy = (bit<32>)standard_metadata.enq_qdepth
[15:48:07.866] [bmv2] [D] [thread 359] [25.0] [cxt 0] Pipeline 'egress': end
[15:48:07.866] [bmv2] [D] [thread 359] [25.0] [cxt 0] Deparser 'deparser': start
[15:48:07.866] [bmv2] [D] [thread 359] [25.0] [cxt 0] Deparsing header 'ethernet'
[15:48:07.866] [bmv2] [D] [thread 359] [25.0] [cxt 0] Deparsing header 'int_shim'
[15:48:07.866] [bmv2] [D] [thread 359] [25.0] [cxt 0] Deparsing header 'int_header'
[15:48:07.866] [bmv2] [D] [thread 359] [25.0] [cxt 0] Deparsing header 'int_md'
[15:48:07.866] [bmv2] [D] [thread 359] [25.0] [cxt 0] Deparsing header 'ipv4'
[15:48:07.866] [bmv2] [D] [thread 359] [25.0] [cxt 0] Deparsing header 'sctp'
[15:48:07.866] [bmv2] [D] [thread 359] [25.0] [cxt 0] Deparsing header 'sctp_chunk'
[15:48:07.866] [bmv2] [D] [thread 359] [25.0] [cxt 0] Deparsing header 'sctp_data_chunk'
[15:48:07.866] [bmv2] [D] [thread 359] [25.0] [cxt 0] Deparser 'deparser': end
[15:48:07.866] [bmv2] [D] [thread 361] [25.0] [cxt 0] Transmitting packet of size 179 out of port 2
[15:48:08.093] [bmv2] [D] [thread 356] [26.0] [cxt 0] Processing packet received on port 2
[15:48:08.093] [bmv2] [D] [thread 356] [26.0] [cxt 0] Parser 'parser': start
[15:48:08.093] [bmv2] [D] [thread 356] [26.0] [cxt 0] Parser 'parser' entering state 'start'
[15:48:08.093] [bmv2] [D] [thread 356] [26.0] [cxt 0] Extracting header 'ethernet'
[15:48:08.093] [bmv2] [D] [thread 356] [26.0] [cxt 0] Parser set: setting field 'scalars.metadata.ingress_port' from field 'standard_metadata.ingress_port' (2)
[15:48:08.093] [bmv2] [D] [thread 356] [26.0] [cxt 0] Parser set: setting field 'scalars.metadata.ingress_ts' from expression, new value is 175543781
[15:48:08.093] [bmv2] [D] [thread 356] [26.0] [cxt 0] Parser set: setting field 'scalars.metadata.is_int_packet' to 0
[15:48:08.093] [bmv2] [D] [thread 356] [26.0] [cxt 0] Parser set: setting field 'scalars.metadata.is_ngap_traffic' to 0
[15:48:08.093] [bmv2] [D] [thread 356] [26.0] [cxt 0] Parser set: setting field 'scalars.metadata.is_gtp_u_traffic' to 0
[15:48:08.093] [bmv2] [D] [thread 356] [26.0] [cxt 0] Parser set: setting field 'scalars.metadata.traffic_type' to 0
[15:48:08.093] [bmv2] [D] [thread 356] [26.0] [cxt 0] Parser set: setting field 'scalars.metadata.should_insert_int' to 0
[15:48:08.093] [bmv2] [D] [thread 356] [26.0] [cxt 0] Parser state 'start': key is 0800
[15:48:08.093] [bmv2] [T] [thread 356] [26.0] [cxt 0] Bytes parsed: 14
[15:48:08.093] [bmv2] [D] [thread 356] [26.0] [cxt 0] Parser 'parser' entering state 'parse_ipv4'
[15:48:08.093] [bmv2] [D] [thread 356] [26.0] [cxt 0] Extracting header 'ipv4'
[15:48:08.093] [bmv2] [D] [thread 356] [26.0] [cxt 0] Parser state 'parse_ipv4': key is 84
[15:48:08.093] [bmv2] [T] [thread 356] [26.0] [cxt 0] Bytes parsed: 34
[15:48:08.093] [bmv2] [D] [thread 356] [26.0] [cxt 0] Parser 'parser' entering state 'parse_sctp_common'
[15:48:08.093] [bmv2] [D] [thread 356] [26.0] [cxt 0] Extracting header 'sctp'
[15:48:08.093] [bmv2] [D] [thread 356] [26.0] [cxt 0] Parser set: setting field 'scalars.metadata.transport_src_port' from field 'sctp.src_port' (38412)
[15:48:08.093] [bmv2] [D] [thread 356] [26.0] [cxt 0] Parser set: setting field 'scalars.metadata.transport_dst_port' from field 'sctp.dst_port' (39657)
[15:48:08.093] [bmv2] [D] [thread 356] [26.0] [cxt 0] Parser set: setting field 'scalars.tmp_0' from expression, new value is 0
[15:48:08.093] [bmv2] [D] [thread 356] [26.0] [cxt 0] Parser state 'parse_sctp_common': key is 00
[15:48:08.093] [bmv2] [T] [thread 356] [26.0] [cxt 0] Bytes parsed: 46
[15:48:08.093] [bmv2] [D] [thread 356] [26.0] [cxt 0] Parser 'parser' entering state 'parse_sctp_common_join'
[15:48:08.093] [bmv2] [D] [thread 356] [26.0] [cxt 0] Extracting header 'sctp_chunk'
[15:48:08.093] [bmv2] [D] [thread 356] [26.0] [cxt 0] Parser state 'parse_sctp_common_join': key is 03
[15:48:08.093] [bmv2] [T] [thread 356] [26.0] [cxt 0] Bytes parsed: 50
[15:48:08.093] [bmv2] [D] [thread 356] [26.0] [cxt 0] Parser 'parser': end
[15:48:08.093] [bmv2] [D] [thread 356] [26.0] [cxt 0] Pipeline 'ingress': start
[15:48:08.093] [bmv2] [T] [thread 356] [26.0] [cxt 0] Applying table 'tbl_intgtpsource295'
[15:48:08.093] [bmv2] [D] [thread 356] [26.0] [cxt 0] Looking up key:

[15:48:08.093] [bmv2] [D] [thread 356] [26.0] [cxt 0] Table 'tbl_intgtpsource295': miss
[15:48:08.093] [bmv2] [D] [thread 356] [26.0] [cxt 0] Action entry is intgtpsource295 -
[15:48:08.093] [bmv2] [T] [thread 356] [26.0] [cxt 0] Action intgtpsource295
[15:48:08.093] [bmv2] [T] [thread 356] [26.0] [cxt 0] int-gtp-source.p4(295) Primitive meta.switch_id = 1
[15:48:08.093] [bmv2] [T] [thread 356] [26.0] [cxt 0] int-gtp-source.p4(297) Condition "hdr.ethernet.isValid() && hdr.ipv4.isValid()" (node_3) is true
[15:48:08.093] [bmv2] [T] [thread 356] [26.0] [cxt 0] int-gtp-source.p4(299) Condition "(hdr.ipv4.protocol == 132 && hdr.sctp.isValid()) || ..." (node_4) is true
[15:48:08.093] [bmv2] [T] [thread 356] [26.0] [cxt 0] Applying table 'MyIngress.int_source_table'
[15:48:08.093] [bmv2] [D] [thread 356] [26.0] [cxt 0] Looking up key:
* meta.traffic_type   : 00

[15:48:08.093] [bmv2] [D] [thread 356] [26.0] [cxt 0] Table 'MyIngress.int_source_table': miss
[15:48:08.093] [bmv2] [D] [thread 356] [26.0] [cxt 0] Action entry is NoAction -
[15:48:08.093] [bmv2] [T] [thread 356] [26.0] [cxt 0] Action NoAction
[15:48:08.093] [bmv2] [T] [thread 356] [26.0] [cxt 0] Applying table 'MyIngress.ipv4_lpm'
[15:48:08.093] [bmv2] [D] [thread 356] [26.0] [cxt 0] Looking up key:
* hdr.ipv4.dstAddr    : ac120a03

[15:48:08.093] [bmv2] [D] [thread 356] [26.0] [cxt 0] Table 'MyIngress.ipv4_lpm': hit with handle 1
[15:48:08.093] [bmv2] [D] [thread 356] [26.0] [cxt 0] Dumping entry 1
Match key:
* hdr.ipv4.dstAddr    : LPM       ac120a03/32
Action entry: MyIngress.forward_action - 1,

[15:48:08.093] [bmv2] [D] [thread 356] [26.0] [cxt 0] Action entry is MyIngress.forward_action - 1,
[15:48:08.093] [bmv2] [T] [thread 356] [26.0] [cxt 0] Action MyIngress.forward_action
[15:48:08.093] [bmv2] [T] [thread 356] [26.0] [cxt 0] int-gtp-source.p4(266) Primitive standard_metadata.egress_spec = egress_port
[15:48:08.093] [bmv2] [T] [thread 356] [26.0] [cxt 0] int-gtp-source.p4(308) Condition "meta.should_insert_int == 1" (node_7) is false
[15:48:08.093] [bmv2] [D] [thread 356] [26.0] [cxt 0] Pipeline 'ingress': end
[15:48:08.093] [bmv2] [D] [thread 356] [26.0] [cxt 0] Egress port is 1
[15:48:08.093] [bmv2] [D] [thread 358] [26.0] [cxt 0] Pipeline 'egress': start
[15:48:08.093] [bmv2] [T] [thread 358] [26.0] [cxt 0] int-gtp-source.p4(330) Condition "hdr.int_shim.isValid()" (node_11) is false
[15:48:08.093] [bmv2] [D] [thread 358] [26.0] [cxt 0] Pipeline 'egress': end
[15:48:08.093] [bmv2] [D] [thread 358] [26.0] [cxt 0] Deparser 'deparser': start
[15:48:08.093] [bmv2] [D] [thread 358] [26.0] [cxt 0] Deparsing header 'ethernet'
[15:48:08.093] [bmv2] [D] [thread 358] [26.0] [cxt 0] Deparsing header 'ipv4'
[15:48:08.093] [bmv2] [D] [thread 358] [26.0] [cxt 0] Deparsing header 'sctp'
[15:48:08.093] [bmv2] [D] [thread 358] [26.0] [cxt 0] Deparsing header 'sctp_chunk'
[15:48:08.093] [bmv2] [D] [thread 358] [26.0] [cxt 0] Deparser 'deparser': end
[15:48:08.093] [bmv2] [D] [thread 361] [26.0] [cxt 0] Transmitting packet of size 62 out of port 1
[15:48:08.094] [bmv2] [D] [thread 356] [27.0] [cxt 0] Processing packet received on port 2
[15:48:08.094] [bmv2] [D] [thread 356] [27.0] [cxt 0] Parser 'parser': start
[15:48:08.094] [bmv2] [D] [thread 356] [27.0] [cxt 0] Parser 'parser' entering state 'start'
[15:48:08.094] [bmv2] [D] [thread 356] [27.0] [cxt 0] Extracting header 'ethernet'
[15:48:08.094] [bmv2] [D] [thread 356] [27.0] [cxt 0] Parser set: setting field 'scalars.metadata.ingress_port' from field 'standard_metadata.ingress_port' (2)
[15:48:08.094] [bmv2] [D] [thread 356] [27.0] [cxt 0] Parser set: setting field 'scalars.metadata.ingress_ts' from expression, new value is 175544916
[15:48:08.094] [bmv2] [D] [thread 356] [27.0] [cxt 0] Parser set: setting field 'scalars.metadata.is_int_packet' to 0
[15:48:08.094] [bmv2] [D] [thread 356] [27.0] [cxt 0] Parser set: setting field 'scalars.metadata.is_ngap_traffic' to 0
[15:48:08.094] [bmv2] [D] [thread 356] [27.0] [cxt 0] Parser set: setting field 'scalars.metadata.is_gtp_u_traffic' to 0
[15:48:08.094] [bmv2] [D] [thread 356] [27.0] [cxt 0] Parser set: setting field 'scalars.metadata.traffic_type' to 0
[15:48:08.094] [bmv2] [D] [thread 356] [27.0] [cxt 0] Parser set: setting field 'scalars.metadata.should_insert_int' to 0
[15:48:08.094] [bmv2] [D] [thread 356] [27.0] [cxt 0] Parser state 'start': key is 0800
[15:48:08.094] [bmv2] [T] [thread 356] [27.0] [cxt 0] Bytes parsed: 14
[15:48:08.094] [bmv2] [D] [thread 356] [27.0] [cxt 0] Parser 'parser' entering state 'parse_ipv4'
[15:48:08.094] [bmv2] [D] [thread 356] [27.0] [cxt 0] Extracting header 'ipv4'
[15:48:08.094] [bmv2] [D] [thread 356] [27.0] [cxt 0] Parser state 'parse_ipv4': key is 84
[15:48:08.094] [bmv2] [T] [thread 356] [27.0] [cxt 0] Bytes parsed: 34
[15:48:08.094] [bmv2] [D] [thread 356] [27.0] [cxt 0] Parser 'parser' entering state 'parse_sctp_common'
[15:48:08.094] [bmv2] [D] [thread 356] [27.0] [cxt 0] Extracting header 'sctp'
[15:48:08.094] [bmv2] [D] [thread 356] [27.0] [cxt 0] Parser set: setting field 'scalars.metadata.transport_src_port' from field 'sctp.src_port' (38412)
[15:48:08.094] [bmv2] [D] [thread 356] [27.0] [cxt 0] Parser set: setting field 'scalars.metadata.transport_dst_port' from field 'sctp.dst_port' (39657)
[15:48:08.094] [bmv2] [D] [thread 356] [27.0] [cxt 0] Parser set: setting field 'scalars.tmp_0' from expression, new value is 0
[15:48:08.094] [bmv2] [D] [thread 356] [27.0] [cxt 0] Parser state 'parse_sctp_common': key is 00
[15:48:08.094] [bmv2] [T] [thread 356] [27.0] [cxt 0] Bytes parsed: 46
[15:48:08.094] [bmv2] [D] [thread 356] [27.0] [cxt 0] Parser 'parser' entering state 'parse_sctp_common_join'
[15:48:08.094] [bmv2] [D] [thread 356] [27.0] [cxt 0] Extracting header 'sctp_chunk'
[15:48:08.094] [bmv2] [D] [thread 356] [27.0] [cxt 0] Parser state 'parse_sctp_common_join': key is 00
[15:48:08.094] [bmv2] [T] [thread 356] [27.0] [cxt 0] Bytes parsed: 50
[15:48:08.094] [bmv2] [D] [thread 356] [27.0] [cxt 0] Parser 'parser' entering state 'parse_sctp_data_chunk'
[15:48:08.094] [bmv2] [D] [thread 356] [27.0] [cxt 0] Extracting header 'sctp_data_chunk'
[15:48:08.094] [bmv2] [D] [thread 356] [27.0] [cxt 0] Parser state 'parse_sctp_data_chunk' has no switch, going to default next state
[15:48:08.094] [bmv2] [T] [thread 356] [27.0] [cxt 0] Bytes parsed: 62
[15:48:08.094] [bmv2] [D] [thread 356] [27.0] [cxt 0] Parser 'parser': end
[15:48:08.094] [bmv2] [D] [thread 356] [27.0] [cxt 0] Pipeline 'ingress': start
[15:48:08.094] [bmv2] [T] [thread 356] [27.0] [cxt 0] Applying table 'tbl_intgtpsource295'
[15:48:08.094] [bmv2] [D] [thread 356] [27.0] [cxt 0] Looking up key:

[15:48:08.094] [bmv2] [D] [thread 356] [27.0] [cxt 0] Table 'tbl_intgtpsource295': miss
[15:48:08.094] [bmv2] [D] [thread 356] [27.0] [cxt 0] Action entry is intgtpsource295 -
[15:48:08.094] [bmv2] [T] [thread 356] [27.0] [cxt 0] Action intgtpsource295
[15:48:08.094] [bmv2] [T] [thread 356] [27.0] [cxt 0] int-gtp-source.p4(295) Primitive meta.switch_id = 1
[15:48:08.094] [bmv2] [T] [thread 356] [27.0] [cxt 0] int-gtp-source.p4(297) Condition "hdr.ethernet.isValid() && hdr.ipv4.isValid()" (node_3) is true
[15:48:08.094] [bmv2] [T] [thread 356] [27.0] [cxt 0] int-gtp-source.p4(299) Condition "(hdr.ipv4.protocol == 132 && hdr.sctp.isValid()) || ..." (node_4) is true
[15:48:08.094] [bmv2] [T] [thread 356] [27.0] [cxt 0] Applying table 'MyIngress.int_source_table'
[15:48:08.094] [bmv2] [D] [thread 356] [27.0] [cxt 0] Looking up key:
* meta.traffic_type   : 00

[15:48:08.094] [bmv2] [D] [thread 356] [27.0] [cxt 0] Table 'MyIngress.int_source_table': miss
[15:48:08.094] [bmv2] [D] [thread 356] [27.0] [cxt 0] Action entry is NoAction -
[15:48:08.094] [bmv2] [T] [thread 356] [27.0] [cxt 0] Action NoAction
[15:48:08.094] [bmv2] [T] [thread 356] [27.0] [cxt 0] Applying table 'MyIngress.ipv4_lpm'
[15:48:08.094] [bmv2] [D] [thread 356] [27.0] [cxt 0] Looking up key:
* hdr.ipv4.dstAddr    : ac120a03

[15:48:08.094] [bmv2] [D] [thread 356] [27.0] [cxt 0] Table 'MyIngress.ipv4_lpm': hit with handle 1
[15:48:08.094] [bmv2] [D] [thread 356] [27.0] [cxt 0] Dumping entry 1
Match key:
* hdr.ipv4.dstAddr    : LPM       ac120a03/32
Action entry: MyIngress.forward_action - 1,

[15:48:08.094] [bmv2] [D] [thread 356] [27.0] [cxt 0] Action entry is MyIngress.forward_action - 1,
[15:48:08.094] [bmv2] [T] [thread 356] [27.0] [cxt 0] Action MyIngress.forward_action
[15:48:08.094] [bmv2] [T] [thread 356] [27.0] [cxt 0] int-gtp-source.p4(266) Primitive standard_metadata.egress_spec = egress_port
[15:48:08.094] [bmv2] [T] [thread 356] [27.0] [cxt 0] int-gtp-source.p4(308) Condition "meta.should_insert_int == 1" (node_7) is false
[15:48:08.094] [bmv2] [D] [thread 356] [27.0] [cxt 0] Pipeline 'ingress': end
[15:48:08.094] [bmv2] [D] [thread 356] [27.0] [cxt 0] Egress port is 1
[15:48:08.094] [bmv2] [D] [thread 358] [27.0] [cxt 0] Pipeline 'egress': start
[15:48:08.094] [bmv2] [T] [thread 358] [27.0] [cxt 0] int-gtp-source.p4(330) Condition "hdr.int_shim.isValid()" (node_11) is false
[15:48:08.094] [bmv2] [D] [thread 358] [27.0] [cxt 0] Pipeline 'egress': end
[15:48:08.094] [bmv2] [D] [thread 358] [27.0] [cxt 0] Deparser 'deparser': start
[15:48:08.094] [bmv2] [D] [thread 358] [27.0] [cxt 0] Deparsing header 'ethernet'
[15:48:08.094] [bmv2] [D] [thread 358] [27.0] [cxt 0] Deparsing header 'ipv4'
[15:48:08.094] [bmv2] [D] [thread 358] [27.0] [cxt 0] Deparsing header 'sctp'
[15:48:08.094] [bmv2] [D] [thread 358] [27.0] [cxt 0] Deparsing header 'sctp_chunk'
[15:48:08.094] [bmv2] [D] [thread 358] [27.0] [cxt 0] Deparsing header 'sctp_data_chunk'
[15:48:08.094] [bmv2] [D] [thread 358] [27.0] [cxt 0] Deparser 'deparser': end
[15:48:08.094] [bmv2] [D] [thread 361] [27.0] [cxt 0] Transmitting packet of size 130 out of port 1
[15:48:08.114] [bmv2] [D] [thread 356] [28.0] [cxt 0] Processing packet received on port 1
[15:48:08.114] [bmv2] [D] [thread 356] [28.0] [cxt 0] Parser 'parser': start
[15:48:08.114] [bmv2] [D] [thread 356] [28.0] [cxt 0] Parser 'parser' entering state 'start'
[15:48:08.114] [bmv2] [D] [thread 356] [28.0] [cxt 0] Extracting header 'ethernet'
[15:48:08.114] [bmv2] [D] [thread 356] [28.0] [cxt 0] Parser set: setting field 'scalars.metadata.ingress_port' from field 'standard_metadata.ingress_port' (1)
[15:48:08.114] [bmv2] [D] [thread 356] [28.0] [cxt 0] Parser set: setting field 'scalars.metadata.ingress_ts' from expression, new value is 175565214
[15:48:08.114] [bmv2] [D] [thread 356] [28.0] [cxt 0] Parser set: setting field 'scalars.metadata.is_int_packet' to 0
[15:48:08.114] [bmv2] [D] [thread 356] [28.0] [cxt 0] Parser set: setting field 'scalars.metadata.is_ngap_traffic' to 0
[15:48:08.114] [bmv2] [D] [thread 356] [28.0] [cxt 0] Parser set: setting field 'scalars.metadata.is_gtp_u_traffic' to 0
[15:48:08.114] [bmv2] [D] [thread 356] [28.0] [cxt 0] Parser set: setting field 'scalars.metadata.traffic_type' to 0
[15:48:08.114] [bmv2] [D] [thread 356] [28.0] [cxt 0] Parser set: setting field 'scalars.metadata.should_insert_int' to 0
[15:48:08.114] [bmv2] [D] [thread 356] [28.0] [cxt 0] Parser state 'start': key is 0800
[15:48:08.114] [bmv2] [T] [thread 356] [28.0] [cxt 0] Bytes parsed: 14
[15:48:08.114] [bmv2] [D] [thread 356] [28.0] [cxt 0] Parser 'parser' entering state 'parse_ipv4'
[15:48:08.114] [bmv2] [D] [thread 356] [28.0] [cxt 0] Extracting header 'ipv4'
[15:48:08.114] [bmv2] [D] [thread 356] [28.0] [cxt 0] Parser state 'parse_ipv4': key is 84
[15:48:08.114] [bmv2] [T] [thread 356] [28.0] [cxt 0] Bytes parsed: 34
[15:48:08.114] [bmv2] [D] [thread 356] [28.0] [cxt 0] Parser 'parser' entering state 'parse_sctp_common'
[15:48:08.114] [bmv2] [D] [thread 356] [28.0] [cxt 0] Extracting header 'sctp'
[15:48:08.114] [bmv2] [D] [thread 356] [28.0] [cxt 0] Parser set: setting field 'scalars.metadata.transport_src_port' from field 'sctp.src_port' (39657)
[15:48:08.114] [bmv2] [D] [thread 356] [28.0] [cxt 0] Parser set: setting field 'scalars.metadata.transport_dst_port' from field 'sctp.dst_port' (38412)
[15:48:08.114] [bmv2] [D] [thread 356] [28.0] [cxt 0] Parser set: setting field 'scalars.tmp_0' from expression, new value is 1
[15:48:08.114] [bmv2] [D] [thread 356] [28.0] [cxt 0] Parser state 'parse_sctp_common': key is 01
[15:48:08.114] [bmv2] [T] [thread 356] [28.0] [cxt 0] Bytes parsed: 46
[15:48:08.114] [bmv2] [D] [thread 356] [28.0] [cxt 0] Parser 'parser' entering state 'parse_sctp_common_true'
[15:48:08.114] [bmv2] [D] [thread 356] [28.0] [cxt 0] Parser set: setting field 'scalars.metadata.is_ngap_traffic' to 1
[15:48:08.114] [bmv2] [D] [thread 356] [28.0] [cxt 0] Parser set: setting field 'scalars.metadata.traffic_type' to 1
[15:48:08.114] [bmv2] [D] [thread 356] [28.0] [cxt 0] Parser state 'parse_sctp_common_true' has no switch, going to default next state
[15:48:08.114] [bmv2] [T] [thread 356] [28.0] [cxt 0] Bytes parsed: 46
[15:48:08.114] [bmv2] [D] [thread 356] [28.0] [cxt 0] Parser 'parser' entering state 'parse_sctp_common_join'
[15:48:08.114] [bmv2] [D] [thread 356] [28.0] [cxt 0] Extracting header 'sctp_chunk'
[15:48:08.114] [bmv2] [D] [thread 356] [28.0] [cxt 0] Parser state 'parse_sctp_common_join': key is 03
[15:48:08.114] [bmv2] [T] [thread 356] [28.0] [cxt 0] Bytes parsed: 50
[15:48:08.114] [bmv2] [D] [thread 356] [28.0] [cxt 0] Parser 'parser': end
[15:48:08.114] [bmv2] [D] [thread 356] [28.0] [cxt 0] Pipeline 'ingress': start
[15:48:08.114] [bmv2] [T] [thread 356] [28.0] [cxt 0] Applying table 'tbl_intgtpsource295'
[15:48:08.114] [bmv2] [D] [thread 356] [28.0] [cxt 0] Looking up key:

[15:48:08.114] [bmv2] [D] [thread 356] [28.0] [cxt 0] Table 'tbl_intgtpsource295': miss
[15:48:08.114] [bmv2] [D] [thread 356] [28.0] [cxt 0] Action entry is intgtpsource295 -
[15:48:08.114] [bmv2] [T] [thread 356] [28.0] [cxt 0] Action intgtpsource295
[15:48:08.114] [bmv2] [T] [thread 356] [28.0] [cxt 0] int-gtp-source.p4(295) Primitive meta.switch_id = 1
[15:48:08.114] [bmv2] [T] [thread 356] [28.0] [cxt 0] int-gtp-source.p4(297) Condition "hdr.ethernet.isValid() && hdr.ipv4.isValid()" (node_3) is true
[15:48:08.114] [bmv2] [T] [thread 356] [28.0] [cxt 0] int-gtp-source.p4(299) Condition "(hdr.ipv4.protocol == 132 && hdr.sctp.isValid()) || ..." (node_4) is true
[15:48:08.114] [bmv2] [T] [thread 356] [28.0] [cxt 0] Applying table 'MyIngress.int_source_table'
[15:48:08.115] [bmv2] [D] [thread 356] [28.0] [cxt 0] Looking up key:
* meta.traffic_type   : 01

[15:48:08.115] [bmv2] [D] [thread 356] [28.0] [cxt 0] Table 'MyIngress.int_source_table': hit with handle 0
[15:48:08.115] [bmv2] [D] [thread 356] [28.0] [cxt 0] Dumping entry 0
Match key:
* meta.traffic_type   : EXACT     01
Action entry: MyIngress.int_source_action -

[15:48:08.115] [bmv2] [D] [thread 356] [28.0] [cxt 0] Action entry is MyIngress.int_source_action -
[15:48:08.115] [bmv2] [T] [thread 356] [28.0] [cxt 0] Action MyIngress.int_source_action
[15:48:08.115] [bmv2] [T] [thread 356] [28.0] [cxt 0] int-gtp-source.p4(221) Primitive meta.should_insert_int = 1
[15:48:08.115] [bmv2] [T] [thread 356] [28.0] [cxt 0] Applying table 'MyIngress.ipv4_lpm'
[15:48:08.115] [bmv2] [D] [thread 356] [28.0] [cxt 0] Looking up key:
* hdr.ipv4.dstAddr    : ac120014

[15:48:08.115] [bmv2] [D] [thread 356] [28.0] [cxt 0] Table 'MyIngress.ipv4_lpm': hit with handle 2
[15:48:08.115] [bmv2] [D] [thread 356] [28.0] [cxt 0] Dumping entry 2
Match key:
* hdr.ipv4.dstAddr    : LPM       00000000/0
Action entry: MyIngress.forward_action - 2,

[15:48:08.115] [bmv2] [D] [thread 356] [28.0] [cxt 0] Action entry is MyIngress.forward_action - 2,
[15:48:08.115] [bmv2] [T] [thread 356] [28.0] [cxt 0] Action MyIngress.forward_action
[15:48:08.115] [bmv2] [T] [thread 356] [28.0] [cxt 0] int-gtp-source.p4(266) Primitive standard_metadata.egress_spec = egress_port
[15:48:08.115] [bmv2] [T] [thread 356] [28.0] [cxt 0] int-gtp-source.p4(308) Condition "meta.should_insert_int == 1" (node_7) is true
[15:48:08.115] [bmv2] [T] [thread 356] [28.0] [cxt 0] Applying table 'tbl_do_insert_int'
[15:48:08.115] [bmv2] [D] [thread 356] [28.0] [cxt 0] Looking up key:

[15:48:08.115] [bmv2] [D] [thread 356] [28.0] [cxt 0] Table 'tbl_do_insert_int': miss
[15:48:08.115] [bmv2] [D] [thread 356] [28.0] [cxt 0] Action entry is MyIngress.do_insert_int -
[15:48:08.115] [bmv2] [T] [thread 356] [28.0] [cxt 0] Action MyIngress.do_insert_int
[15:48:08.115] [bmv2] [T] [thread 356] [28.0] [cxt 0] int-gtp-source.p4(226) Primitive bit<16> original_ether_type = hdr.ethernet.etherType
[15:48:08.115] [bmv2] [T] [thread 356] [28.0] [cxt 0] int-gtp-source.p4(229) Primitive hdr.ethernet.etherType = 0xFA
[15:48:08.115] [bmv2] [T] [thread 356] [28.0] [cxt 0] int-gtp-source.p4(232) Primitive hdr.int_shim.setValid()
[15:48:08.115] [bmv2] [T] [thread 356] [28.0] [cxt 0] int-gtp-source.p4(233) Primitive hdr.int_shim.type = 1
[15:48:08.115] [bmv2] [T] [thread 356] [28.0] [cxt 0] int-gtp-source.p4(234) Primitive hdr.int_shim.reserved = 0
[15:48:08.115] [bmv2] [T] [thread 356] [28.0] [cxt 0] int-gtp-source.p4(235) Primitive hdr.int_shim.length = 44
[15:48:08.115] [bmv2] [T] [thread 356] [28.0] [cxt 0] int-gtp-source.p4(236) Primitive hdr.int_shim.next_proto = original_ether_type
[15:48:08.115] [bmv2] [T] [thread 356] [28.0] [cxt 0] int-gtp-source.p4(239) Primitive hdr.int_header.setValid()
[15:48:08.115] [bmv2] [T] [thread 356] [28.0] [cxt 0] int-gtp-source.p4(240) Primitive hdr.int_header.version = 1
[15:48:08.115] [bmv2] [T] [thread 356] [28.0] [cxt 0] int-gtp-source.p4(241) Primitive hdr.int_header.d = 0
[15:48:08.115] [bmv2] [T] [thread 356] [28.0] [cxt 0] int-gtp-source.p4(242) Primitive hdr.int_header.q = 0
[15:48:08.115] [bmv2] [T] [thread 356] [28.0] [cxt 0] int-gtp-source.p4(243) Primitive hdr.int_header.m = 1
[15:48:08.115] [bmv2] [T] [thread 356] [28.0] [cxt 0] int-gtp-source.p4(244) Primitive hdr.int_header.reserved1 = 0
[15:48:08.115] [bmv2] [T] [thread 356] [28.0] [cxt 0] int-gtp-source.p4(245) Primitive hdr.int_header.hop_ml = 1
[15:48:08.115] [bmv2] [T] [thread 356] [28.0] [cxt 0] int-gtp-source.p4(246) Primitive hdr.int_header.instruction = 0x00FF
[15:48:08.115] [bmv2] [T] [thread 356] [28.0] [cxt 0] int-gtp-source.p4(247) Primitive hdr.int_header.reserved2 = 0
[15:48:08.115] [bmv2] [T] [thread 356] [28.0] [cxt 0] int-gtp-source.p4(248) Primitive hdr.int_header.remaining_hop_cnt = 8 - 1
[15:48:08.115] [bmv2] [T] [thread 356] [28.0] [cxt 0] int-gtp-source.p4(251) Primitive hdr.int_md.setValid()
[15:48:08.115] [bmv2] [T] [thread 356] [28.0] [cxt 0] int-gtp-source.p4(252) Primitive hdr.int_md.padding_switch = 0
[15:48:08.115] [bmv2] [T] [thread 356] [28.0] [cxt 0] int-gtp-source.p4(253) Primitive hdr.int_md.switch_id = (bit<16>)meta.switch_id
[15:48:08.115] [bmv2] [T] [thread 356] [28.0] [cxt 0] int-gtp-source.p4(254) Primitive hdr.int_md.ingress_port_id = (bit<16>)meta.ingress_port
[15:48:08.115] [bmv2] [T] [thread 356] [28.0] [cxt 0] int-gtp-source.p4(255) Primitive hdr.int_md.ingress_timestamp = meta.ingress_ts
[15:48:08.115] [bmv2] [T] [thread 356] [28.0] [cxt 0] int-gtp-source.p4(256) Primitive hdr.int_md.egress_port_id = 0
[15:48:08.115] [bmv2] [T] [thread 356] [28.0] [cxt 0] int-gtp-source.p4(257) Primitive hdr.int_md.hop_latency = 0
[15:48:08.115] [bmv2] [T] [thread 356] [28.0] [cxt 0] int-gtp-source.p4(258) Primitive hdr.int_md.egress_timestamp = 0
[15:48:08.115] [bmv2] [T] [thread 356] [28.0] [cxt 0] int-gtp-source.p4(259) Primitive hdr.int_md.queue_occupancy = 0
[15:48:08.115] [bmv2] [T] [thread 356] [28.0] [cxt 0] int-gtp-source.p4(260) Primitive hdr.int_md.congestion_notification = 0
[15:48:08.115] [bmv2] [T] [thread 356] [28.0] [cxt 0] int-gtp-source.p4(261) Primitive hdr.int_md.reserved1 = 0
[15:48:08.115] [bmv2] [T] [thread 356] [28.0] [cxt 0] int-gtp-source.p4(262) Primitive hdr.int_md.reserved2 = 0
[15:48:08.115] [bmv2] [D] [thread 356] [28.0] [cxt 0] Pipeline 'ingress': end
[15:48:08.115] [bmv2] [D] [thread 356] [28.0] [cxt 0] Egress port is 2
[15:48:08.117] [bmv2] [D] [thread 359] [28.0] [cxt 0] Pipeline 'egress': start
[15:48:08.117] [bmv2] [T] [thread 359] [28.0] [cxt 0] int-gtp-source.p4(330) Condition "hdr.int_shim.isValid()" (node_11) is true
[15:48:08.117] [bmv2] [T] [thread 359] [28.0] [cxt 0] Applying table 'tbl_update_int_metadata'
[15:48:08.117] [bmv2] [D] [thread 359] [28.0] [cxt 0] Looking up key:

[15:48:08.117] [bmv2] [D] [thread 359] [28.0] [cxt 0] Table 'tbl_update_int_metadata': miss
[15:48:08.117] [bmv2] [D] [thread 359] [28.0] [cxt 0] Action entry is MyEgress.update_int_metadata -
[15:48:08.117] [bmv2] [T] [thread 359] [28.0] [cxt 0] Action MyEgress.update_int_metadata
[15:48:08.117] [bmv2] [T] [thread 359] [28.0] [cxt 0] int-gtp-source.p4(321) Primitive if
[15:48:08.117] [bmv2] [T] [thread 359] [28.0] [cxt 0] int-gtp-source.p4(322) Primitive hdr.int_md.egress_port_id = (bit<16>)standard_metadata.egress_port
[15:48:08.117] [bmv2] [T] [thread 359] [28.0] [cxt 0] int-gtp-source.p4(323) Primitive hdr.int_md.egress_timestamp = (bit<32>)standard_metadata.egress_global_timestamp
[15:48:08.117] [bmv2] [T] [thread 359] [28.0] [cxt 0] int-gtp-source.p4(324) Primitive hdr.int_md.hop_latency = hdr.int_md.egress_timestamp - hdr.int_md.ingress_timestamp
[15:48:08.117] [bmv2] [T] [thread 359] [28.0] [cxt 0] int-gtp-source.p4(325) Primitive hdr.int_md.queue_occupancy = (bit<32>)standard_metadata.enq_qdepth
[15:48:08.117] [bmv2] [D] [thread 359] [28.0] [cxt 0] Pipeline 'egress': end
[15:48:08.117] [bmv2] [D] [thread 359] [28.0] [cxt 0] Deparser 'deparser': start
[15:48:08.117] [bmv2] [D] [thread 359] [28.0] [cxt 0] Deparsing header 'ethernet'
[15:48:08.117] [bmv2] [D] [thread 359] [28.0] [cxt 0] Deparsing header 'int_shim'
[15:48:08.117] [bmv2] [D] [thread 359] [28.0] [cxt 0] Deparsing header 'int_header'
[15:48:08.118] [bmv2] [D] [thread 359] [28.0] [cxt 0] Deparsing header 'int_md'
[15:48:08.118] [bmv2] [D] [thread 359] [28.0] [cxt 0] Deparsing header 'ipv4'
[15:48:08.118] [bmv2] [D] [thread 359] [28.0] [cxt 0] Deparsing header 'sctp'
[15:48:08.118] [bmv2] [D] [thread 359] [28.0] [cxt 0] Deparsing header 'sctp_chunk'
[15:48:08.118] [bmv2] [D] [thread 359] [28.0] [cxt 0] Deparser 'deparser': end
[15:48:08.119] [bmv2] [D] [thread 361] [28.0] [cxt 0] Transmitting packet of size 187 out of port 2
[15:48:08.261] [bmv2] [D] [thread 356] [29.0] [cxt 0] Processing packet received on port 2
[15:48:08.261] [bmv2] [D] [thread 356] [29.0] [cxt 0] Parser 'parser': start
[15:48:08.261] [bmv2] [D] [thread 356] [29.0] [cxt 0] Parser 'parser' entering state 'start'
[15:48:08.261] [bmv2] [D] [thread 356] [29.0] [cxt 0] Extracting header 'ethernet'
[15:48:08.261] [bmv2] [D] [thread 356] [29.0] [cxt 0] Parser set: setting field 'scalars.metadata.ingress_port' from field 'standard_metadata.ingress_port' (2)
[15:48:08.261] [bmv2] [D] [thread 356] [29.0] [cxt 0] Parser set: setting field 'scalars.metadata.ingress_ts' from expression, new value is 175712027
[15:48:08.261] [bmv2] [D] [thread 356] [29.0] [cxt 0] Parser set: setting field 'scalars.metadata.is_int_packet' to 0
[15:48:08.261] [bmv2] [D] [thread 356] [29.0] [cxt 0] Parser set: setting field 'scalars.metadata.is_ngap_traffic' to 0
[15:48:08.261] [bmv2] [D] [thread 356] [29.0] [cxt 0] Parser set: setting field 'scalars.metadata.is_gtp_u_traffic' to 0
[15:48:08.261] [bmv2] [D] [thread 356] [29.0] [cxt 0] Parser set: setting field 'scalars.metadata.traffic_type' to 0
[15:48:08.261] [bmv2] [D] [thread 356] [29.0] [cxt 0] Parser set: setting field 'scalars.metadata.should_insert_int' to 0
[15:48:08.261] [bmv2] [D] [thread 356] [29.0] [cxt 0] Parser state 'start': key is 0800
[15:48:08.261] [bmv2] [T] [thread 356] [29.0] [cxt 0] Bytes parsed: 14
[15:48:08.261] [bmv2] [D] [thread 356] [29.0] [cxt 0] Parser 'parser' entering state 'parse_ipv4'
[15:48:08.261] [bmv2] [D] [thread 356] [29.0] [cxt 0] Extracting header 'ipv4'
[15:48:08.261] [bmv2] [D] [thread 356] [29.0] [cxt 0] Parser state 'parse_ipv4': key is 84
[15:48:08.261] [bmv2] [T] [thread 356] [29.0] [cxt 0] Bytes parsed: 34
[15:48:08.261] [bmv2] [D] [thread 356] [29.0] [cxt 0] Parser 'parser' entering state 'parse_sctp_common'
[15:48:08.261] [bmv2] [D] [thread 356] [29.0] [cxt 0] Extracting header 'sctp'
[15:48:08.261] [bmv2] [D] [thread 356] [29.0] [cxt 0] Parser set: setting field 'scalars.metadata.transport_src_port' from field 'sctp.src_port' (38412)
[15:48:08.261] [bmv2] [D] [thread 356] [29.0] [cxt 0] Parser set: setting field 'scalars.metadata.transport_dst_port' from field 'sctp.dst_port' (39657)
[15:48:08.261] [bmv2] [D] [thread 356] [29.0] [cxt 0] Parser set: setting field 'scalars.tmp_0' from expression, new value is 0
[15:48:08.261] [bmv2] [D] [thread 356] [29.0] [cxt 0] Parser state 'parse_sctp_common': key is 00
[15:48:08.261] [bmv2] [T] [thread 356] [29.0] [cxt 0] Bytes parsed: 46
[15:48:08.261] [bmv2] [D] [thread 356] [29.0] [cxt 0] Parser 'parser' entering state 'parse_sctp_common_join'
[15:48:08.261] [bmv2] [D] [thread 356] [29.0] [cxt 0] Extracting header 'sctp_chunk'
[15:48:08.261] [bmv2] [D] [thread 356] [29.0] [cxt 0] Parser state 'parse_sctp_common_join': key is 03
[15:48:08.261] [bmv2] [T] [thread 356] [29.0] [cxt 0] Bytes parsed: 50
[15:48:08.261] [bmv2] [D] [thread 356] [29.0] [cxt 0] Parser 'parser': end
[15:48:08.261] [bmv2] [D] [thread 356] [29.0] [cxt 0] Pipeline 'ingress': start
[15:48:08.261] [bmv2] [T] [thread 356] [29.0] [cxt 0] Applying table 'tbl_intgtpsource295'
[15:48:08.261] [bmv2] [D] [thread 356] [29.0] [cxt 0] Looking up key:

[15:48:08.261] [bmv2] [D] [thread 356] [29.0] [cxt 0] Table 'tbl_intgtpsource295': miss
[15:48:08.261] [bmv2] [D] [thread 356] [29.0] [cxt 0] Action entry is intgtpsource295 -
[15:48:08.261] [bmv2] [T] [thread 356] [29.0] [cxt 0] Action intgtpsource295
[15:48:08.261] [bmv2] [T] [thread 356] [29.0] [cxt 0] int-gtp-source.p4(295) Primitive meta.switch_id = 1
[15:48:08.261] [bmv2] [T] [thread 356] [29.0] [cxt 0] int-gtp-source.p4(297) Condition "hdr.ethernet.isValid() && hdr.ipv4.isValid()" (node_3) is true
[15:48:08.261] [bmv2] [T] [thread 356] [29.0] [cxt 0] int-gtp-source.p4(299) Condition "(hdr.ipv4.protocol == 132 && hdr.sctp.isValid()) || ..." (node_4) is true
[15:48:08.261] [bmv2] [T] [thread 356] [29.0] [cxt 0] Applying table 'MyIngress.int_source_table'
[15:48:08.261] [bmv2] [D] [thread 356] [29.0] [cxt 0] Looking up key:
* meta.traffic_type   : 00

[15:48:08.261] [bmv2] [D] [thread 356] [29.0] [cxt 0] Table 'MyIngress.int_source_table': miss
[15:48:08.261] [bmv2] [D] [thread 356] [29.0] [cxt 0] Action entry is NoAction -
[15:48:08.261] [bmv2] [T] [thread 356] [29.0] [cxt 0] Action NoAction
[15:48:08.261] [bmv2] [T] [thread 356] [29.0] [cxt 0] Applying table 'MyIngress.ipv4_lpm'
[15:48:08.261] [bmv2] [D] [thread 356] [29.0] [cxt 0] Looking up key:
* hdr.ipv4.dstAddr    : ac120a03

[15:48:08.261] [bmv2] [D] [thread 356] [29.0] [cxt 0] Table 'MyIngress.ipv4_lpm': hit with handle 1
[15:48:08.261] [bmv2] [D] [thread 356] [29.0] [cxt 0] Dumping entry 1
Match key:
* hdr.ipv4.dstAddr    : LPM       ac120a03/32
Action entry: MyIngress.forward_action - 1,

[15:48:08.261] [bmv2] [D] [thread 356] [29.0] [cxt 0] Action entry is MyIngress.forward_action - 1,
[15:48:08.261] [bmv2] [T] [thread 356] [29.0] [cxt 0] Action MyIngress.forward_action
[15:48:08.261] [bmv2] [T] [thread 356] [29.0] [cxt 0] int-gtp-source.p4(266) Primitive standard_metadata.egress_spec = egress_port
[15:48:08.261] [bmv2] [T] [thread 356] [29.0] [cxt 0] int-gtp-source.p4(308) Condition "meta.should_insert_int == 1" (node_7) is false
[15:48:08.261] [bmv2] [D] [thread 356] [29.0] [cxt 0] Pipeline 'ingress': end
[15:48:08.261] [bmv2] [D] [thread 356] [29.0] [cxt 0] Egress port is 1
[15:48:08.261] [bmv2] [D] [thread 358] [29.0] [cxt 0] Pipeline 'egress': start
[15:48:08.261] [bmv2] [T] [thread 358] [29.0] [cxt 0] int-gtp-source.p4(330) Condition "hdr.int_shim.isValid()" (node_11) is false
[15:48:08.261] [bmv2] [D] [thread 358] [29.0] [cxt 0] Pipeline 'egress': end
[15:48:08.261] [bmv2] [D] [thread 358] [29.0] [cxt 0] Deparser 'deparser': start
[15:48:08.261] [bmv2] [D] [thread 358] [29.0] [cxt 0] Deparsing header 'ethernet'
[15:48:08.261] [bmv2] [D] [thread 358] [29.0] [cxt 0] Deparsing header 'ipv4'
[15:48:08.261] [bmv2] [D] [thread 358] [29.0] [cxt 0] Deparsing header 'sctp'
[15:48:08.261] [bmv2] [D] [thread 358] [29.0] [cxt 0] Deparsing header 'sctp_chunk'
[15:48:08.261] [bmv2] [D] [thread 358] [29.0] [cxt 0] Deparser 'deparser': end
[15:48:08.262] [bmv2] [D] [thread 361] [29.0] [cxt 0] Transmitting packet of size 126 out of port 1
[15:48:08.282] [bmv2] [D] [thread 356] [30.0] [cxt 0] Processing packet received on port 1
[15:48:08.282] [bmv2] [D] [thread 356] [30.0] [cxt 0] Parser 'parser': start
[15:48:08.282] [bmv2] [D] [thread 356] [30.0] [cxt 0] Parser 'parser' entering state 'start'
[15:48:08.282] [bmv2] [D] [thread 356] [30.0] [cxt 0] Extracting header 'ethernet'
[15:48:08.282] [bmv2] [D] [thread 356] [30.0] [cxt 0] Parser set: setting field 'scalars.metadata.ingress_port' from field 'standard_metadata.ingress_port' (1)
[15:48:08.282] [bmv2] [D] [thread 356] [30.0] [cxt 0] Parser set: setting field 'scalars.metadata.ingress_ts' from expression, new value is 175732987
[15:48:08.282] [bmv2] [D] [thread 356] [30.0] [cxt 0] Parser set: setting field 'scalars.metadata.is_int_packet' to 0
[15:48:08.282] [bmv2] [D] [thread 356] [30.0] [cxt 0] Parser set: setting field 'scalars.metadata.is_ngap_traffic' to 0
[15:48:08.282] [bmv2] [D] [thread 356] [30.0] [cxt 0] Parser set: setting field 'scalars.metadata.is_gtp_u_traffic' to 0
[15:48:08.282] [bmv2] [D] [thread 356] [30.0] [cxt 0] Parser set: setting field 'scalars.metadata.traffic_type' to 0
[15:48:08.282] [bmv2] [D] [thread 356] [30.0] [cxt 0] Parser set: setting field 'scalars.metadata.should_insert_int' to 0
[15:48:08.282] [bmv2] [D] [thread 356] [30.0] [cxt 0] Parser state 'start': key is 0800
[15:48:08.282] [bmv2] [T] [thread 356] [30.0] [cxt 0] Bytes parsed: 14
[15:48:08.282] [bmv2] [D] [thread 356] [30.0] [cxt 0] Parser 'parser' entering state 'parse_ipv4'
[15:48:08.282] [bmv2] [D] [thread 356] [30.0] [cxt 0] Extracting header 'ipv4'
[15:48:08.282] [bmv2] [D] [thread 356] [30.0] [cxt 0] Parser state 'parse_ipv4': key is 84
[15:48:08.282] [bmv2] [T] [thread 356] [30.0] [cxt 0] Bytes parsed: 34
[15:48:08.282] [bmv2] [D] [thread 356] [30.0] [cxt 0] Parser 'parser' entering state 'parse_sctp_common'
[15:48:08.282] [bmv2] [D] [thread 356] [30.0] [cxt 0] Extracting header 'sctp'
[15:48:08.282] [bmv2] [D] [thread 356] [30.0] [cxt 0] Parser set: setting field 'scalars.metadata.transport_src_port' from field 'sctp.src_port' (39657)
[15:48:08.282] [bmv2] [D] [thread 356] [30.0] [cxt 0] Parser set: setting field 'scalars.metadata.transport_dst_port' from field 'sctp.dst_port' (38412)
[15:48:08.282] [bmv2] [D] [thread 356] [30.0] [cxt 0] Parser set: setting field 'scalars.tmp_0' from expression, new value is 1
[15:48:08.282] [bmv2] [D] [thread 356] [30.0] [cxt 0] Parser state 'parse_sctp_common': key is 01
[15:48:08.282] [bmv2] [T] [thread 356] [30.0] [cxt 0] Bytes parsed: 46
[15:48:08.282] [bmv2] [D] [thread 356] [30.0] [cxt 0] Parser 'parser' entering state 'parse_sctp_common_true'
[15:48:08.282] [bmv2] [D] [thread 356] [30.0] [cxt 0] Parser set: setting field 'scalars.metadata.is_ngap_traffic' to 1
[15:48:08.282] [bmv2] [D] [thread 356] [30.0] [cxt 0] Parser set: setting field 'scalars.metadata.traffic_type' to 1
[15:48:08.282] [bmv2] [D] [thread 356] [30.0] [cxt 0] Parser state 'parse_sctp_common_true' has no switch, going to default next state
[15:48:08.282] [bmv2] [T] [thread 356] [30.0] [cxt 0] Bytes parsed: 46
[15:48:08.282] [bmv2] [D] [thread 356] [30.0] [cxt 0] Parser 'parser' entering state 'parse_sctp_common_join'
[15:48:08.282] [bmv2] [D] [thread 356] [30.0] [cxt 0] Extracting header 'sctp_chunk'
[15:48:08.282] [bmv2] [D] [thread 356] [30.0] [cxt 0] Parser state 'parse_sctp_common_join': key is 03
[15:48:08.282] [bmv2] [T] [thread 356] [30.0] [cxt 0] Bytes parsed: 50
[15:48:08.282] [bmv2] [D] [thread 356] [30.0] [cxt 0] Parser 'parser': end
[15:48:08.282] [bmv2] [D] [thread 356] [30.0] [cxt 0] Pipeline 'ingress': start
[15:48:08.282] [bmv2] [T] [thread 356] [30.0] [cxt 0] Applying table 'tbl_intgtpsource295'
[15:48:08.282] [bmv2] [D] [thread 356] [30.0] [cxt 0] Looking up key:

[15:48:08.282] [bmv2] [D] [thread 356] [30.0] [cxt 0] Table 'tbl_intgtpsource295': miss
[15:48:08.282] [bmv2] [D] [thread 356] [30.0] [cxt 0] Action entry is intgtpsource295 -
[15:48:08.282] [bmv2] [T] [thread 356] [30.0] [cxt 0] Action intgtpsource295
[15:48:08.282] [bmv2] [T] [thread 356] [30.0] [cxt 0] int-gtp-source.p4(295) Primitive meta.switch_id = 1
[15:48:08.282] [bmv2] [T] [thread 356] [30.0] [cxt 0] int-gtp-source.p4(297) Condition "hdr.ethernet.isValid() && hdr.ipv4.isValid()" (node_3) is true
[15:48:08.282] [bmv2] [T] [thread 356] [30.0] [cxt 0] int-gtp-source.p4(299) Condition "(hdr.ipv4.protocol == 132 && hdr.sctp.isValid()) || ..." (node_4) is true
[15:48:08.282] [bmv2] [T] [thread 356] [30.0] [cxt 0] Applying table 'MyIngress.int_source_table'
[15:48:08.282] [bmv2] [D] [thread 356] [30.0] [cxt 0] Looking up key:
* meta.traffic_type   : 01

[15:48:08.282] [bmv2] [D] [thread 356] [30.0] [cxt 0] Table 'MyIngress.int_source_table': hit with handle 0
[15:48:08.283] [bmv2] [D] [thread 356] [30.0] [cxt 0] Dumping entry 0
Match key:
* meta.traffic_type   : EXACT     01
Action entry: MyIngress.int_source_action -

[15:48:08.283] [bmv2] [D] [thread 356] [30.0] [cxt 0] Action entry is MyIngress.int_source_action -
[15:48:08.283] [bmv2] [T] [thread 356] [30.0] [cxt 0] Action MyIngress.int_source_action
[15:48:08.283] [bmv2] [T] [thread 356] [30.0] [cxt 0] int-gtp-source.p4(221) Primitive meta.should_insert_int = 1
[15:48:08.283] [bmv2] [T] [thread 356] [30.0] [cxt 0] Applying table 'MyIngress.ipv4_lpm'
[15:48:08.283] [bmv2] [D] [thread 356] [30.0] [cxt 0] Looking up key:
* hdr.ipv4.dstAddr    : ac120014

[15:48:08.283] [bmv2] [D] [thread 356] [30.0] [cxt 0] Table 'MyIngress.ipv4_lpm': hit with handle 2
[15:48:08.283] [bmv2] [D] [thread 356] [30.0] [cxt 0] Dumping entry 2
Match key:
* hdr.ipv4.dstAddr    : LPM       00000000/0
Action entry: MyIngress.forward_action - 2,

[15:48:08.283] [bmv2] [D] [thread 356] [30.0] [cxt 0] Action entry is MyIngress.forward_action - 2,
[15:48:08.283] [bmv2] [T] [thread 356] [30.0] [cxt 0] Action MyIngress.forward_action
[15:48:08.283] [bmv2] [T] [thread 356] [30.0] [cxt 0] int-gtp-source.p4(266) Primitive standard_metadata.egress_spec = egress_port
[15:48:08.283] [bmv2] [T] [thread 356] [30.0] [cxt 0] int-gtp-source.p4(308) Condition "meta.should_insert_int == 1" (node_7) is true
[15:48:08.283] [bmv2] [T] [thread 356] [30.0] [cxt 0] Applying table 'tbl_do_insert_int'
[15:48:08.283] [bmv2] [D] [thread 356] [30.0] [cxt 0] Looking up key:

[15:48:08.283] [bmv2] [D] [thread 356] [30.0] [cxt 0] Table 'tbl_do_insert_int': miss
[15:48:08.283] [bmv2] [D] [thread 356] [30.0] [cxt 0] Action entry is MyIngress.do_insert_int -
[15:48:08.283] [bmv2] [T] [thread 356] [30.0] [cxt 0] Action MyIngress.do_insert_int
[15:48:08.283] [bmv2] [T] [thread 356] [30.0] [cxt 0] int-gtp-source.p4(226) Primitive bit<16> original_ether_type = hdr.ethernet.etherType
[15:48:08.283] [bmv2] [T] [thread 356] [30.0] [cxt 0] int-gtp-source.p4(229) Primitive hdr.ethernet.etherType = 0xFA
[15:48:08.283] [bmv2] [T] [thread 356] [30.0] [cxt 0] int-gtp-source.p4(232) Primitive hdr.int_shim.setValid()
[15:48:08.283] [bmv2] [T] [thread 356] [30.0] [cxt 0] int-gtp-source.p4(233) Primitive hdr.int_shim.type = 1
[15:48:08.283] [bmv2] [T] [thread 356] [30.0] [cxt 0] int-gtp-source.p4(234) Primitive hdr.int_shim.reserved = 0
[15:48:08.283] [bmv2] [T] [thread 356] [30.0] [cxt 0] int-gtp-source.p4(235) Primitive hdr.int_shim.length = 44
[15:48:08.283] [bmv2] [T] [thread 356] [30.0] [cxt 0] int-gtp-source.p4(236) Primitive hdr.int_shim.next_proto = original_ether_type
[15:48:08.283] [bmv2] [T] [thread 356] [30.0] [cxt 0] int-gtp-source.p4(239) Primitive hdr.int_header.setValid()
[15:48:08.283] [bmv2] [T] [thread 356] [30.0] [cxt 0] int-gtp-source.p4(240) Primitive hdr.int_header.version = 1
[15:48:08.283] [bmv2] [T] [thread 356] [30.0] [cxt 0] int-gtp-source.p4(241) Primitive hdr.int_header.d = 0
[15:48:08.283] [bmv2] [T] [thread 356] [30.0] [cxt 0] int-gtp-source.p4(242) Primitive hdr.int_header.q = 0
[15:48:08.283] [bmv2] [T] [thread 356] [30.0] [cxt 0] int-gtp-source.p4(243) Primitive hdr.int_header.m = 1
[15:48:08.283] [bmv2] [T] [thread 356] [30.0] [cxt 0] int-gtp-source.p4(244) Primitive hdr.int_header.reserved1 = 0
[15:48:08.283] [bmv2] [T] [thread 356] [30.0] [cxt 0] int-gtp-source.p4(245) Primitive hdr.int_header.hop_ml = 1
[15:48:08.283] [bmv2] [T] [thread 356] [30.0] [cxt 0] int-gtp-source.p4(246) Primitive hdr.int_header.instruction = 0x00FF
[15:48:08.283] [bmv2] [T] [thread 356] [30.0] [cxt 0] int-gtp-source.p4(247) Primitive hdr.int_header.reserved2 = 0
[15:48:08.283] [bmv2] [T] [thread 356] [30.0] [cxt 0] int-gtp-source.p4(248) Primitive hdr.int_header.remaining_hop_cnt = 8 - 1
[15:48:08.283] [bmv2] [T] [thread 356] [30.0] [cxt 0] int-gtp-source.p4(251) Primitive hdr.int_md.setValid()
[15:48:08.283] [bmv2] [T] [thread 356] [30.0] [cxt 0] int-gtp-source.p4(252) Primitive hdr.int_md.padding_switch = 0
[15:48:08.283] [bmv2] [T] [thread 356] [30.0] [cxt 0] int-gtp-source.p4(253) Primitive hdr.int_md.switch_id = (bit<16>)meta.switch_id
[15:48:08.283] [bmv2] [T] [thread 356] [30.0] [cxt 0] int-gtp-source.p4(254) Primitive hdr.int_md.ingress_port_id = (bit<16>)meta.ingress_port
[15:48:08.283] [bmv2] [T] [thread 356] [30.0] [cxt 0] int-gtp-source.p4(255) Primitive hdr.int_md.ingress_timestamp = meta.ingress_ts
[15:48:08.283] [bmv2] [T] [thread 356] [30.0] [cxt 0] int-gtp-source.p4(256) Primitive hdr.int_md.egress_port_id = 0
[15:48:08.283] [bmv2] [T] [thread 356] [30.0] [cxt 0] int-gtp-source.p4(257) Primitive hdr.int_md.hop_latency = 0
[15:48:08.283] [bmv2] [T] [thread 356] [30.0] [cxt 0] int-gtp-source.p4(258) Primitive hdr.int_md.egress_timestamp = 0
[15:48:08.283] [bmv2] [T] [thread 356] [30.0] [cxt 0] int-gtp-source.p4(259) Primitive hdr.int_md.queue_occupancy = 0
[15:48:08.283] [bmv2] [T] [thread 356] [30.0] [cxt 0] int-gtp-source.p4(260) Primitive hdr.int_md.congestion_notification = 0
[15:48:08.283] [bmv2] [T] [thread 356] [30.0] [cxt 0] int-gtp-source.p4(261) Primitive hdr.int_md.reserved1 = 0
[15:48:08.283] [bmv2] [T] [thread 356] [30.0] [cxt 0] int-gtp-source.p4(262) Primitive hdr.int_md.reserved2 = 0
[15:48:08.283] [bmv2] [D] [thread 356] [30.0] [cxt 0] Pipeline 'ingress': end
[15:48:08.283] [bmv2] [D] [thread 356] [30.0] [cxt 0] Egress port is 2
[15:48:08.283] [bmv2] [D] [thread 359] [30.0] [cxt 0] Pipeline 'egress': start
[15:48:08.283] [bmv2] [T] [thread 359] [30.0] [cxt 0] int-gtp-source.p4(330) Condition "hdr.int_shim.isValid()" (node_11) is true
[15:48:08.283] [bmv2] [T] [thread 359] [30.0] [cxt 0] Applying table 'tbl_update_int_metadata'
[15:48:08.283] [bmv2] [D] [thread 359] [30.0] [cxt 0] Looking up key:

[15:48:08.283] [bmv2] [D] [thread 359] [30.0] [cxt 0] Table 'tbl_update_int_metadata': miss
[15:48:08.283] [bmv2] [D] [thread 359] [30.0] [cxt 0] Action entry is MyEgress.update_int_metadata -
[15:48:08.283] [bmv2] [T] [thread 359] [30.0] [cxt 0] Action MyEgress.update_int_metadata
[15:48:08.283] [bmv2] [T] [thread 359] [30.0] [cxt 0] int-gtp-source.p4(321) Primitive if
[15:48:08.283] [bmv2] [T] [thread 359] [30.0] [cxt 0] int-gtp-source.p4(322) Primitive hdr.int_md.egress_port_id = (bit<16>)standard_metadata.egress_port
[15:48:08.283] [bmv2] [T] [thread 359] [30.0] [cxt 0] int-gtp-source.p4(323) Primitive hdr.int_md.egress_timestamp = (bit<32>)standard_metadata.egress_global_timestamp
[15:48:08.283] [bmv2] [T] [thread 359] [30.0] [cxt 0] int-gtp-source.p4(324) Primitive hdr.int_md.hop_latency = hdr.int_md.egress_timestamp - hdr.int_md.ingress_timestamp
[15:48:08.283] [bmv2] [T] [thread 359] [30.0] [cxt 0] int-gtp-source.p4(325) Primitive hdr.int_md.queue_occupancy = (bit<32>)standard_metadata.enq_qdepth
[15:48:08.283] [bmv2] [D] [thread 359] [30.0] [cxt 0] Pipeline 'egress': end
[15:48:08.283] [bmv2] [D] [thread 359] [30.0] [cxt 0] Deparser 'deparser': start
[15:48:08.283] [bmv2] [D] [thread 359] [30.0] [cxt 0] Deparsing header 'ethernet'
[15:48:08.283] [bmv2] [D] [thread 359] [30.0] [cxt 0] Deparsing header 'int_shim'
[15:48:08.283] [bmv2] [D] [thread 359] [30.0] [cxt 0] Deparsing header 'int_header'
[15:48:08.283] [bmv2] [D] [thread 359] [30.0] [cxt 0] Deparsing header 'int_md'
[15:48:08.283] [bmv2] [D] [thread 359] [30.0] [cxt 0] Deparsing header 'ipv4'
[15:48:08.283] [bmv2] [D] [thread 359] [30.0] [cxt 0] Deparsing header 'sctp'
[15:48:08.283] [bmv2] [D] [thread 359] [30.0] [cxt 0] Deparsing header 'sctp_chunk'
[15:48:08.283] [bmv2] [D] [thread 359] [30.0] [cxt 0] Deparser 'deparser': end
[15:48:08.283] [bmv2] [D] [thread 361] [30.0] [cxt 0] Transmitting packet of size 223 out of port 2
[15:48:08.469] [bmv2] [D] [thread 356] [31.0] [cxt 0] Processing packet received on port 2
[15:48:08.469] [bmv2] [D] [thread 356] [31.0] [cxt 0] Parser 'parser': start
[15:48:08.469] [bmv2] [D] [thread 356] [31.0] [cxt 0] Parser 'parser' entering state 'start'
[15:48:08.469] [bmv2] [D] [thread 356] [31.0] [cxt 0] Extracting header 'ethernet'
[15:48:08.469] [bmv2] [D] [thread 356] [31.0] [cxt 0] Parser set: setting field 'scalars.metadata.ingress_port' from field 'standard_metadata.ingress_port' (2)
[15:48:08.469] [bmv2] [D] [thread 356] [31.0] [cxt 0] Parser set: setting field 'scalars.metadata.ingress_ts' from expression, new value is 175920460
[15:48:08.469] [bmv2] [D] [thread 356] [31.0] [cxt 0] Parser set: setting field 'scalars.metadata.is_int_packet' to 0
[15:48:08.469] [bmv2] [D] [thread 356] [31.0] [cxt 0] Parser set: setting field 'scalars.metadata.is_ngap_traffic' to 0
[15:48:08.469] [bmv2] [D] [thread 356] [31.0] [cxt 0] Parser set: setting field 'scalars.metadata.is_gtp_u_traffic' to 0
[15:48:08.469] [bmv2] [D] [thread 356] [31.0] [cxt 0] Parser set: setting field 'scalars.metadata.traffic_type' to 0
[15:48:08.469] [bmv2] [D] [thread 356] [31.0] [cxt 0] Parser set: setting field 'scalars.metadata.should_insert_int' to 0
[15:48:08.469] [bmv2] [D] [thread 356] [31.0] [cxt 0] Parser state 'start': key is 0800
[15:48:08.469] [bmv2] [T] [thread 356] [31.0] [cxt 0] Bytes parsed: 14
[15:48:08.470] [bmv2] [D] [thread 356] [31.0] [cxt 0] Parser 'parser' entering state 'parse_ipv4'
[15:48:08.470] [bmv2] [D] [thread 356] [31.0] [cxt 0] Extracting header 'ipv4'
[15:48:08.470] [bmv2] [D] [thread 356] [31.0] [cxt 0] Parser state 'parse_ipv4': key is 84
[15:48:08.470] [bmv2] [T] [thread 356] [31.0] [cxt 0] Bytes parsed: 34
[15:48:08.470] [bmv2] [D] [thread 356] [31.0] [cxt 0] Parser 'parser' entering state 'parse_sctp_common'
[15:48:08.470] [bmv2] [D] [thread 356] [31.0] [cxt 0] Extracting header 'sctp'
[15:48:08.470] [bmv2] [D] [thread 356] [31.0] [cxt 0] Parser set: setting field 'scalars.metadata.transport_src_port' from field 'sctp.src_port' (38412)
[15:48:08.470] [bmv2] [D] [thread 356] [31.0] [cxt 0] Parser set: setting field 'scalars.metadata.transport_dst_port' from field 'sctp.dst_port' (39657)
[15:48:08.470] [bmv2] [D] [thread 356] [31.0] [cxt 0] Parser set: setting field 'scalars.tmp_0' from expression, new value is 0
[15:48:08.470] [bmv2] [D] [thread 356] [31.0] [cxt 0] Parser state 'parse_sctp_common': key is 00
[15:48:08.470] [bmv2] [T] [thread 356] [31.0] [cxt 0] Bytes parsed: 46
[15:48:08.470] [bmv2] [D] [thread 356] [31.0] [cxt 0] Parser 'parser' entering state 'parse_sctp_common_join'
[15:48:08.470] [bmv2] [D] [thread 356] [31.0] [cxt 0] Extracting header 'sctp_chunk'
[15:48:08.470] [bmv2] [D] [thread 356] [31.0] [cxt 0] Parser state 'parse_sctp_common_join': key is 03
[15:48:08.470] [bmv2] [T] [thread 356] [31.0] [cxt 0] Bytes parsed: 50
[15:48:08.470] [bmv2] [D] [thread 356] [31.0] [cxt 0] Parser 'parser': end
[15:48:08.470] [bmv2] [D] [thread 356] [31.0] [cxt 0] Pipeline 'ingress': start
[15:48:08.470] [bmv2] [T] [thread 356] [31.0] [cxt 0] Applying table 'tbl_intgtpsource295'
[15:48:08.470] [bmv2] [D] [thread 356] [31.0] [cxt 0] Looking up key:

[15:48:08.470] [bmv2] [D] [thread 356] [31.0] [cxt 0] Table 'tbl_intgtpsource295': miss
[15:48:08.470] [bmv2] [D] [thread 356] [31.0] [cxt 0] Action entry is intgtpsource295 -
[15:48:08.470] [bmv2] [T] [thread 356] [31.0] [cxt 0] Action intgtpsource295
[15:48:08.470] [bmv2] [T] [thread 356] [31.0] [cxt 0] int-gtp-source.p4(295) Primitive meta.switch_id = 1
[15:48:08.470] [bmv2] [T] [thread 356] [31.0] [cxt 0] int-gtp-source.p4(297) Condition "hdr.ethernet.isValid() && hdr.ipv4.isValid()" (node_3) is true
[15:48:08.470] [bmv2] [T] [thread 356] [31.0] [cxt 0] int-gtp-source.p4(299) Condition "(hdr.ipv4.protocol == 132 && hdr.sctp.isValid()) || ..." (node_4) is true
[15:48:08.470] [bmv2] [T] [thread 356] [31.0] [cxt 0] Applying table 'MyIngress.int_source_table'
[15:48:08.470] [bmv2] [D] [thread 356] [31.0] [cxt 0] Looking up key:
* meta.traffic_type   : 00

[15:48:08.470] [bmv2] [D] [thread 356] [31.0] [cxt 0] Table 'MyIngress.int_source_table': miss
[15:48:08.470] [bmv2] [D] [thread 356] [31.0] [cxt 0] Action entry is NoAction -
[15:48:08.470] [bmv2] [T] [thread 356] [31.0] [cxt 0] Action NoAction
[15:48:08.470] [bmv2] [T] [thread 356] [31.0] [cxt 0] Applying table 'MyIngress.ipv4_lpm'
[15:48:08.470] [bmv2] [D] [thread 356] [31.0] [cxt 0] Looking up key:
* hdr.ipv4.dstAddr    : ac120a03

[15:48:08.470] [bmv2] [D] [thread 356] [31.0] [cxt 0] Table 'MyIngress.ipv4_lpm': hit with handle 1
[15:48:08.470] [bmv2] [D] [thread 356] [31.0] [cxt 0] Dumping entry 1
Match key:
* hdr.ipv4.dstAddr    : LPM       ac120a03/32
Action entry: MyIngress.forward_action - 1,

[15:48:08.470] [bmv2] [D] [thread 356] [31.0] [cxt 0] Action entry is MyIngress.forward_action - 1,
[15:48:08.470] [bmv2] [T] [thread 356] [31.0] [cxt 0] Action MyIngress.forward_action
[15:48:08.470] [bmv2] [T] [thread 356] [31.0] [cxt 0] int-gtp-source.p4(266) Primitive standard_metadata.egress_spec = egress_port
[15:48:08.470] [bmv2] [T] [thread 356] [31.0] [cxt 0] int-gtp-source.p4(308) Condition "meta.should_insert_int == 1" (node_7) is false
[15:48:08.470] [bmv2] [D] [thread 356] [31.0] [cxt 0] Pipeline 'ingress': end
[15:48:08.470] [bmv2] [D] [thread 356] [31.0] [cxt 0] Egress port is 1
[15:48:08.470] [bmv2] [D] [thread 358] [31.0] [cxt 0] Pipeline 'egress': start
[15:48:08.470] [bmv2] [T] [thread 358] [31.0] [cxt 0] int-gtp-source.p4(330) Condition "hdr.int_shim.isValid()" (node_11) is false
[15:48:08.470] [bmv2] [D] [thread 358] [31.0] [cxt 0] Pipeline 'egress': end
[15:48:08.470] [bmv2] [D] [thread 358] [31.0] [cxt 0] Deparser 'deparser': start
[15:48:08.470] [bmv2] [D] [thread 358] [31.0] [cxt 0] Deparsing header 'ethernet'
[15:48:08.470] [bmv2] [D] [thread 358] [31.0] [cxt 0] Deparsing header 'ipv4'
[15:48:08.470] [bmv2] [D] [thread 358] [31.0] [cxt 0] Deparsing header 'sctp'
[15:48:08.470] [bmv2] [D] [thread 358] [31.0] [cxt 0] Deparsing header 'sctp_chunk'
[15:48:08.470] [bmv2] [D] [thread 358] [31.0] [cxt 0] Deparser 'deparser': end
[15:48:08.470] [bmv2] [D] [thread 361] [31.0] [cxt 0] Transmitting packet of size 254 out of port 1
[15:48:08.494] [bmv2] [D] [thread 356] [32.0] [cxt 0] Processing packet received on port 1
[15:48:08.494] [bmv2] [D] [thread 356] [32.0] [cxt 0] Parser 'parser': start
[15:48:08.494] [bmv2] [D] [thread 356] [32.0] [cxt 0] Parser 'parser' entering state 'start'
[15:48:08.494] [bmv2] [D] [thread 356] [32.0] [cxt 0] Extracting header 'ethernet'
[15:48:08.494] [bmv2] [D] [thread 356] [32.0] [cxt 0] Parser set: setting field 'scalars.metadata.ingress_port' from field 'standard_metadata.ingress_port' (1)
[15:48:08.494] [bmv2] [D] [thread 356] [32.0] [cxt 0] Parser set: setting field 'scalars.metadata.ingress_ts' from expression, new value is 175944798
[15:48:08.494] [bmv2] [D] [thread 356] [32.0] [cxt 0] Parser set: setting field 'scalars.metadata.is_int_packet' to 0
[15:48:08.494] [bmv2] [D] [thread 356] [32.0] [cxt 0] Parser set: setting field 'scalars.metadata.is_ngap_traffic' to 0
[15:48:08.494] [bmv2] [D] [thread 356] [32.0] [cxt 0] Parser set: setting field 'scalars.metadata.is_gtp_u_traffic' to 0
[15:48:08.494] [bmv2] [D] [thread 356] [32.0] [cxt 0] Parser set: setting field 'scalars.metadata.traffic_type' to 0
[15:48:08.494] [bmv2] [D] [thread 356] [32.0] [cxt 0] Parser set: setting field 'scalars.metadata.should_insert_int' to 0
[15:48:08.494] [bmv2] [D] [thread 356] [32.0] [cxt 0] Parser state 'start': key is 0800
[15:48:08.494] [bmv2] [T] [thread 356] [32.0] [cxt 0] Bytes parsed: 14
[15:48:08.494] [bmv2] [D] [thread 356] [32.0] [cxt 0] Parser 'parser' entering state 'parse_ipv4'
[15:48:08.494] [bmv2] [D] [thread 356] [32.0] [cxt 0] Extracting header 'ipv4'
[15:48:08.494] [bmv2] [D] [thread 356] [32.0] [cxt 0] Parser state 'parse_ipv4': key is 84
[15:48:08.494] [bmv2] [T] [thread 356] [32.0] [cxt 0] Bytes parsed: 34
[15:48:08.494] [bmv2] [D] [thread 356] [32.0] [cxt 0] Parser 'parser' entering state 'parse_sctp_common'
[15:48:08.494] [bmv2] [D] [thread 356] [32.0] [cxt 0] Extracting header 'sctp'
[15:48:08.494] [bmv2] [D] [thread 356] [32.0] [cxt 0] Parser set: setting field 'scalars.metadata.transport_src_port' from field 'sctp.src_port' (39657)
[15:48:08.494] [bmv2] [D] [thread 356] [32.0] [cxt 0] Parser set: setting field 'scalars.metadata.transport_dst_port' from field 'sctp.dst_port' (38412)
[15:48:08.494] [bmv2] [D] [thread 356] [32.0] [cxt 0] Parser set: setting field 'scalars.tmp_0' from expression, new value is 1
[15:48:08.494] [bmv2] [D] [thread 356] [32.0] [cxt 0] Parser state 'parse_sctp_common': key is 01
[15:48:08.494] [bmv2] [T] [thread 356] [32.0] [cxt 0] Bytes parsed: 46
[15:48:08.494] [bmv2] [D] [thread 356] [32.0] [cxt 0] Parser 'parser' entering state 'parse_sctp_common_true'
[15:48:08.494] [bmv2] [D] [thread 356] [32.0] [cxt 0] Parser set: setting field 'scalars.metadata.is_ngap_traffic' to 1
[15:48:08.494] [bmv2] [D] [thread 356] [32.0] [cxt 0] Parser set: setting field 'scalars.metadata.traffic_type' to 1
[15:48:08.494] [bmv2] [D] [thread 356] [32.0] [cxt 0] Parser state 'parse_sctp_common_true' has no switch, going to default next state
[15:48:08.494] [bmv2] [T] [thread 356] [32.0] [cxt 0] Bytes parsed: 46
[15:48:08.494] [bmv2] [D] [thread 356] [32.0] [cxt 0] Parser 'parser' entering state 'parse_sctp_common_join'
[15:48:08.494] [bmv2] [D] [thread 356] [32.0] [cxt 0] Extracting header 'sctp_chunk'
[15:48:08.494] [bmv2] [D] [thread 356] [32.0] [cxt 0] Parser state 'parse_sctp_common_join': key is 03
[15:48:08.494] [bmv2] [T] [thread 356] [32.0] [cxt 0] Bytes parsed: 50
[15:48:08.494] [bmv2] [D] [thread 356] [32.0] [cxt 0] Parser 'parser': end
[15:48:08.495] [bmv2] [D] [thread 356] [32.0] [cxt 0] Pipeline 'ingress': start
[15:48:08.495] [bmv2] [T] [thread 356] [32.0] [cxt 0] Applying table 'tbl_intgtpsource295'
[15:48:08.495] [bmv2] [D] [thread 356] [32.0] [cxt 0] Looking up key:

[15:48:08.495] [bmv2] [D] [thread 356] [32.0] [cxt 0] Table 'tbl_intgtpsource295': miss
[15:48:08.495] [bmv2] [D] [thread 356] [32.0] [cxt 0] Action entry is intgtpsource295 -
[15:48:08.495] [bmv2] [T] [thread 356] [32.0] [cxt 0] Action intgtpsource295
[15:48:08.495] [bmv2] [T] [thread 356] [32.0] [cxt 0] int-gtp-source.p4(295) Primitive meta.switch_id = 1
[15:48:08.495] [bmv2] [T] [thread 356] [32.0] [cxt 0] int-gtp-source.p4(297) Condition "hdr.ethernet.isValid() && hdr.ipv4.isValid()" (node_3) is true
[15:48:08.495] [bmv2] [T] [thread 356] [32.0] [cxt 0] int-gtp-source.p4(299) Condition "(hdr.ipv4.protocol == 132 && hdr.sctp.isValid()) || ..." (node_4) is true
[15:48:08.495] [bmv2] [T] [thread 356] [32.0] [cxt 0] Applying table 'MyIngress.int_source_table'
[15:48:08.495] [bmv2] [D] [thread 356] [32.0] [cxt 0] Looking up key:
* meta.traffic_type   : 01

[15:48:08.495] [bmv2] [D] [thread 356] [32.0] [cxt 0] Table 'MyIngress.int_source_table': hit with handle 0
[15:48:08.495] [bmv2] [D] [thread 356] [32.0] [cxt 0] Dumping entry 0
Match key:
* meta.traffic_type   : EXACT     01
Action entry: MyIngress.int_source_action -

[15:48:08.495] [bmv2] [D] [thread 356] [32.0] [cxt 0] Action entry is MyIngress.int_source_action -
[15:48:08.495] [bmv2] [T] [thread 356] [32.0] [cxt 0] Action MyIngress.int_source_action
[15:48:08.495] [bmv2] [T] [thread 356] [32.0] [cxt 0] int-gtp-source.p4(221) Primitive meta.should_insert_int = 1
[15:48:08.495] [bmv2] [T] [thread 356] [32.0] [cxt 0] Applying table 'MyIngress.ipv4_lpm'
[15:48:08.495] [bmv2] [D] [thread 356] [32.0] [cxt 0] Looking up key:
* hdr.ipv4.dstAddr    : ac120014

[15:48:08.495] [bmv2] [D] [thread 356] [32.0] [cxt 0] Table 'MyIngress.ipv4_lpm': hit with handle 2
[15:48:08.495] [bmv2] [D] [thread 356] [32.0] [cxt 0] Dumping entry 2
Match key:
* hdr.ipv4.dstAddr    : LPM       00000000/0
Action entry: MyIngress.forward_action - 2,

[15:48:08.495] [bmv2] [D] [thread 356] [32.0] [cxt 0] Action entry is MyIngress.forward_action - 2,
[15:48:08.495] [bmv2] [T] [thread 356] [32.0] [cxt 0] Action MyIngress.forward_action
[15:48:08.495] [bmv2] [T] [thread 356] [32.0] [cxt 0] int-gtp-source.p4(266) Primitive standard_metadata.egress_spec = egress_port
[15:48:08.495] [bmv2] [T] [thread 356] [32.0] [cxt 0] int-gtp-source.p4(308) Condition "meta.should_insert_int == 1" (node_7) is true
[15:48:08.495] [bmv2] [T] [thread 356] [32.0] [cxt 0] Applying table 'tbl_do_insert_int'
[15:48:08.495] [bmv2] [D] [thread 356] [32.0] [cxt 0] Looking up key:

[15:48:08.495] [bmv2] [D] [thread 356] [32.0] [cxt 0] Table 'tbl_do_insert_int': miss
[15:48:08.495] [bmv2] [D] [thread 356] [32.0] [cxt 0] Action entry is MyIngress.do_insert_int -
[15:48:08.495] [bmv2] [T] [thread 356] [32.0] [cxt 0] Action MyIngress.do_insert_int
[15:48:08.495] [bmv2] [T] [thread 356] [32.0] [cxt 0] int-gtp-source.p4(226) Primitive bit<16> original_ether_type = hdr.ethernet.etherType
[15:48:08.495] [bmv2] [T] [thread 356] [32.0] [cxt 0] int-gtp-source.p4(229) Primitive hdr.ethernet.etherType = 0xFA
[15:48:08.495] [bmv2] [T] [thread 356] [32.0] [cxt 0] int-gtp-source.p4(232) Primitive hdr.int_shim.setValid()
[15:48:08.495] [bmv2] [T] [thread 356] [32.0] [cxt 0] int-gtp-source.p4(233) Primitive hdr.int_shim.type = 1
[15:48:08.495] [bmv2] [T] [thread 356] [32.0] [cxt 0] int-gtp-source.p4(234) Primitive hdr.int_shim.reserved = 0
[15:48:08.495] [bmv2] [T] [thread 356] [32.0] [cxt 0] int-gtp-source.p4(235) Primitive hdr.int_shim.length = 44
[15:48:08.495] [bmv2] [T] [thread 356] [32.0] [cxt 0] int-gtp-source.p4(236) Primitive hdr.int_shim.next_proto = original_ether_type
[15:48:08.495] [bmv2] [T] [thread 356] [32.0] [cxt 0] int-gtp-source.p4(239) Primitive hdr.int_header.setValid()
[15:48:08.495] [bmv2] [T] [thread 356] [32.0] [cxt 0] int-gtp-source.p4(240) Primitive hdr.int_header.version = 1
[15:48:08.495] [bmv2] [T] [thread 356] [32.0] [cxt 0] int-gtp-source.p4(241) Primitive hdr.int_header.d = 0
[15:48:08.495] [bmv2] [T] [thread 356] [32.0] [cxt 0] int-gtp-source.p4(242) Primitive hdr.int_header.q = 0
[15:48:08.495] [bmv2] [T] [thread 356] [32.0] [cxt 0] int-gtp-source.p4(243) Primitive hdr.int_header.m = 1
[15:48:08.495] [bmv2] [T] [thread 356] [32.0] [cxt 0] int-gtp-source.p4(244) Primitive hdr.int_header.reserved1 = 0
[15:48:08.495] [bmv2] [T] [thread 356] [32.0] [cxt 0] int-gtp-source.p4(245) Primitive hdr.int_header.hop_ml = 1
[15:48:08.495] [bmv2] [T] [thread 356] [32.0] [cxt 0] int-gtp-source.p4(246) Primitive hdr.int_header.instruction = 0x00FF
[15:48:08.495] [bmv2] [T] [thread 356] [32.0] [cxt 0] int-gtp-source.p4(247) Primitive hdr.int_header.reserved2 = 0
[15:48:08.495] [bmv2] [T] [thread 356] [32.0] [cxt 0] int-gtp-source.p4(248) Primitive hdr.int_header.remaining_hop_cnt = 8 - 1
[15:48:08.495] [bmv2] [T] [thread 356] [32.0] [cxt 0] int-gtp-source.p4(251) Primitive hdr.int_md.setValid()
[15:48:08.495] [bmv2] [T] [thread 356] [32.0] [cxt 0] int-gtp-source.p4(252) Primitive hdr.int_md.padding_switch = 0
[15:48:08.495] [bmv2] [T] [thread 356] [32.0] [cxt 0] int-gtp-source.p4(253) Primitive hdr.int_md.switch_id = (bit<16>)meta.switch_id
[15:48:08.495] [bmv2] [T] [thread 356] [32.0] [cxt 0] int-gtp-source.p4(254) Primitive hdr.int_md.ingress_port_id = (bit<16>)meta.ingress_port
[15:48:08.495] [bmv2] [T] [thread 356] [32.0] [cxt 0] int-gtp-source.p4(255) Primitive hdr.int_md.ingress_timestamp = meta.ingress_ts
[15:48:08.495] [bmv2] [T] [thread 356] [32.0] [cxt 0] int-gtp-source.p4(256) Primitive hdr.int_md.egress_port_id = 0
[15:48:08.495] [bmv2] [T] [thread 356] [32.0] [cxt 0] int-gtp-source.p4(257) Primitive hdr.int_md.hop_latency = 0
[15:48:08.496] [bmv2] [T] [thread 356] [32.0] [cxt 0] int-gtp-source.p4(258) Primitive hdr.int_md.egress_timestamp = 0
[15:48:08.496] [bmv2] [T] [thread 356] [32.0] [cxt 0] int-gtp-source.p4(259) Primitive hdr.int_md.queue_occupancy = 0
[15:48:08.496] [bmv2] [T] [thread 356] [32.0] [cxt 0] int-gtp-source.p4(260) Primitive hdr.int_md.congestion_notification = 0
[15:48:08.496] [bmv2] [T] [thread 356] [32.0] [cxt 0] int-gtp-source.p4(261) Primitive hdr.int_md.reserved1 = 0
[15:48:08.496] [bmv2] [T] [thread 356] [32.0] [cxt 0] int-gtp-source.p4(262) Primitive hdr.int_md.reserved2 = 0
[15:48:08.496] [bmv2] [D] [thread 356] [32.0] [cxt 0] Pipeline 'ingress': end
[15:48:08.496] [bmv2] [D] [thread 356] [32.0] [cxt 0] Egress port is 2
[15:48:08.496] [bmv2] [D] [thread 359] [32.0] [cxt 0] Pipeline 'egress': start
[15:48:08.496] [bmv2] [T] [thread 359] [32.0] [cxt 0] int-gtp-source.p4(330) Condition "hdr.int_shim.isValid()" (node_11) is true
[15:48:08.496] [bmv2] [T] [thread 359] [32.0] [cxt 0] Applying table 'tbl_update_int_metadata'
[15:48:08.496] [bmv2] [D] [thread 359] [32.0] [cxt 0] Looking up key:

[15:48:08.496] [bmv2] [D] [thread 359] [32.0] [cxt 0] Table 'tbl_update_int_metadata': miss
[15:48:08.496] [bmv2] [D] [thread 359] [32.0] [cxt 0] Action entry is MyEgress.update_int_metadata -
[15:48:08.496] [bmv2] [T] [thread 359] [32.0] [cxt 0] Action MyEgress.update_int_metadata
[15:48:08.496] [bmv2] [T] [thread 359] [32.0] [cxt 0] int-gtp-source.p4(321) Primitive if
[15:48:08.496] [bmv2] [T] [thread 359] [32.0] [cxt 0] int-gtp-source.p4(322) Primitive hdr.int_md.egress_port_id = (bit<16>)standard_metadata.egress_port
[15:48:08.496] [bmv2] [T] [thread 359] [32.0] [cxt 0] int-gtp-source.p4(323) Primitive hdr.int_md.egress_timestamp = (bit<32>)standard_metadata.egress_global_timestamp
[15:48:08.496] [bmv2] [T] [thread 359] [32.0] [cxt 0] int-gtp-source.p4(324) Primitive hdr.int_md.hop_latency = hdr.int_md.egress_timestamp - hdr.int_md.ingress_timestamp
[15:48:08.496] [bmv2] [T] [thread 359] [32.0] [cxt 0] int-gtp-source.p4(325) Primitive hdr.int_md.queue_occupancy = (bit<32>)standard_metadata.enq_qdepth
[15:48:08.496] [bmv2] [D] [thread 359] [32.0] [cxt 0] Pipeline 'egress': end
[15:48:08.496] [bmv2] [D] [thread 359] [32.0] [cxt 0] Deparser 'deparser': start
[15:48:08.496] [bmv2] [D] [thread 359] [32.0] [cxt 0] Deparsing header 'ethernet'
[15:48:08.496] [bmv2] [D] [thread 359] [32.0] [cxt 0] Deparsing header 'int_shim'
[15:48:08.496] [bmv2] [D] [thread 359] [32.0] [cxt 0] Deparsing header 'int_header'
[15:48:08.496] [bmv2] [D] [thread 359] [32.0] [cxt 0] Deparsing header 'int_md'
[15:48:08.496] [bmv2] [D] [thread 359] [32.0] [cxt 0] Deparsing header 'ipv4'
[15:48:08.496] [bmv2] [D] [thread 359] [32.0] [cxt 0] Deparsing header 'sctp'
[15:48:08.496] [bmv2] [D] [thread 359] [32.0] [cxt 0] Deparsing header 'sctp_chunk'
[15:48:08.496] [bmv2] [D] [thread 359] [32.0] [cxt 0] Deparser 'deparser': end
[15:48:08.496] [bmv2] [D] [thread 361] [32.0] [cxt 0] Transmitting packet of size 139 out of port 2
[15:48:08.738] [bmv2] [D] [thread 356] [33.0] [cxt 0] Processing packet received on port 2
[15:48:08.738] [bmv2] [D] [thread 356] [33.0] [cxt 0] Parser 'parser': start
[15:48:08.738] [bmv2] [D] [thread 356] [33.0] [cxt 0] Parser 'parser' entering state 'start'
[15:48:08.738] [bmv2] [D] [thread 356] [33.0] [cxt 0] Extracting header 'ethernet'
[15:48:08.738] [bmv2] [D] [thread 356] [33.0] [cxt 0] Parser set: setting field 'scalars.metadata.ingress_port' from field 'standard_metadata.ingress_port' (2)
[15:48:08.738] [bmv2] [D] [thread 356] [33.0] [cxt 0] Parser set: setting field 'scalars.metadata.ingress_ts' from expression, new value is 176188873
[15:48:08.738] [bmv2] [D] [thread 356] [33.0] [cxt 0] Parser set: setting field 'scalars.metadata.is_int_packet' to 0
[15:48:08.738] [bmv2] [D] [thread 356] [33.0] [cxt 0] Parser set: setting field 'scalars.metadata.is_ngap_traffic' to 0
[15:48:08.738] [bmv2] [D] [thread 356] [33.0] [cxt 0] Parser set: setting field 'scalars.metadata.is_gtp_u_traffic' to 0
[15:48:08.738] [bmv2] [D] [thread 356] [33.0] [cxt 0] Parser set: setting field 'scalars.metadata.traffic_type' to 0
[15:48:08.738] [bmv2] [D] [thread 356] [33.0] [cxt 0] Parser set: setting field 'scalars.metadata.should_insert_int' to 0
[15:48:08.738] [bmv2] [D] [thread 356] [33.0] [cxt 0] Parser state 'start': key is 0800
[15:48:08.738] [bmv2] [T] [thread 356] [33.0] [cxt 0] Bytes parsed: 14
[15:48:08.738] [bmv2] [D] [thread 356] [33.0] [cxt 0] Parser 'parser' entering state 'parse_ipv4'
[15:48:08.738] [bmv2] [D] [thread 356] [33.0] [cxt 0] Extracting header 'ipv4'
[15:48:08.738] [bmv2] [D] [thread 356] [33.0] [cxt 0] Parser state 'parse_ipv4': key is 84
[15:48:08.738] [bmv2] [T] [thread 356] [33.0] [cxt 0] Bytes parsed: 34
[15:48:08.738] [bmv2] [D] [thread 356] [33.0] [cxt 0] Parser 'parser' entering state 'parse_sctp_common'
[15:48:08.738] [bmv2] [D] [thread 356] [33.0] [cxt 0] Extracting header 'sctp'
[15:48:08.738] [bmv2] [D] [thread 356] [33.0] [cxt 0] Parser set: setting field 'scalars.metadata.transport_src_port' from field 'sctp.src_port' (38412)
[15:48:08.738] [bmv2] [D] [thread 356] [33.0] [cxt 0] Parser set: setting field 'scalars.metadata.transport_dst_port' from field 'sctp.dst_port' (39657)
[15:48:08.738] [bmv2] [D] [thread 356] [33.0] [cxt 0] Parser set: setting field 'scalars.tmp_0' from expression, new value is 0
[15:48:08.738] [bmv2] [D] [thread 356] [33.0] [cxt 0] Parser state 'parse_sctp_common': key is 00
[15:48:08.738] [bmv2] [T] [thread 356] [33.0] [cxt 0] Bytes parsed: 46
[15:48:08.738] [bmv2] [D] [thread 356] [33.0] [cxt 0] Parser 'parser' entering state 'parse_sctp_common_join'
[15:48:08.738] [bmv2] [D] [thread 356] [33.0] [cxt 0] Extracting header 'sctp_chunk'
[15:48:08.738] [bmv2] [D] [thread 356] [33.0] [cxt 0] Parser state 'parse_sctp_common_join': key is 03
[15:48:08.738] [bmv2] [T] [thread 356] [33.0] [cxt 0] Bytes parsed: 50
[15:48:08.738] [bmv2] [D] [thread 356] [33.0] [cxt 0] Parser 'parser': end
[15:48:08.738] [bmv2] [D] [thread 356] [33.0] [cxt 0] Pipeline 'ingress': start
[15:48:08.738] [bmv2] [T] [thread 356] [33.0] [cxt 0] Applying table 'tbl_intgtpsource295'
[15:48:08.738] [bmv2] [D] [thread 356] [33.0] [cxt 0] Looking up key:

[15:48:08.738] [bmv2] [D] [thread 356] [33.0] [cxt 0] Table 'tbl_intgtpsource295': miss
[15:48:08.738] [bmv2] [D] [thread 356] [33.0] [cxt 0] Action entry is intgtpsource295 -
[15:48:08.738] [bmv2] [T] [thread 356] [33.0] [cxt 0] Action intgtpsource295
[15:48:08.738] [bmv2] [T] [thread 356] [33.0] [cxt 0] int-gtp-source.p4(295) Primitive meta.switch_id = 1
[15:48:08.738] [bmv2] [T] [thread 356] [33.0] [cxt 0] int-gtp-source.p4(297) Condition "hdr.ethernet.isValid() && hdr.ipv4.isValid()" (node_3) is true
[15:48:08.738] [bmv2] [T] [thread 356] [33.0] [cxt 0] int-gtp-source.p4(299) Condition "(hdr.ipv4.protocol == 132 && hdr.sctp.isValid()) || ..." (node_4) is true
[15:48:08.738] [bmv2] [T] [thread 356] [33.0] [cxt 0] Applying table 'MyIngress.int_source_table'
[15:48:08.738] [bmv2] [D] [thread 356] [33.0] [cxt 0] Looking up key:
* meta.traffic_type   : 00

[15:48:08.738] [bmv2] [D] [thread 356] [33.0] [cxt 0] Table 'MyIngress.int_source_table': miss
[15:48:08.738] [bmv2] [D] [thread 356] [33.0] [cxt 0] Action entry is NoAction -
[15:48:08.738] [bmv2] [T] [thread 356] [33.0] [cxt 0] Action NoAction
[15:48:08.738] [bmv2] [T] [thread 356] [33.0] [cxt 0] Applying table 'MyIngress.ipv4_lpm'
[15:48:08.738] [bmv2] [D] [thread 356] [33.0] [cxt 0] Looking up key:
* hdr.ipv4.dstAddr    : ac120a03

[15:48:08.738] [bmv2] [D] [thread 356] [33.0] [cxt 0] Table 'MyIngress.ipv4_lpm': hit with handle 1
[15:48:08.738] [bmv2] [D] [thread 356] [33.0] [cxt 0] Dumping entry 1
Match key:
* hdr.ipv4.dstAddr    : LPM       ac120a03/32
Action entry: MyIngress.forward_action - 1,

[15:48:08.738] [bmv2] [D] [thread 356] [33.0] [cxt 0] Action entry is MyIngress.forward_action - 1,
[15:48:08.738] [bmv2] [T] [thread 356] [33.0] [cxt 0] Action MyIngress.forward_action
[15:48:08.738] [bmv2] [T] [thread 356] [33.0] [cxt 0] int-gtp-source.p4(266) Primitive standard_metadata.egress_spec = egress_port
[15:48:08.738] [bmv2] [T] [thread 356] [33.0] [cxt 0] int-gtp-source.p4(308) Condition "meta.should_insert_int == 1" (node_7) is false
[15:48:08.738] [bmv2] [D] [thread 356] [33.0] [cxt 0] Pipeline 'ingress': end
[15:48:08.738] [bmv2] [D] [thread 356] [33.0] [cxt 0] Egress port is 1
[15:48:08.738] [bmv2] [D] [thread 358] [33.0] [cxt 0] Pipeline 'egress': start
[15:48:08.738] [bmv2] [T] [thread 358] [33.0] [cxt 0] int-gtp-source.p4(330) Condition "hdr.int_shim.isValid()" (node_11) is false
[15:48:08.738] [bmv2] [D] [thread 358] [33.0] [cxt 0] Pipeline 'egress': end
[15:48:08.738] [bmv2] [D] [thread 358] [33.0] [cxt 0] Deparser 'deparser': start
[15:48:08.738] [bmv2] [D] [thread 358] [33.0] [cxt 0] Deparsing header 'ethernet'
[15:48:08.738] [bmv2] [D] [thread 358] [33.0] [cxt 0] Deparsing header 'ipv4'
[15:48:08.738] [bmv2] [D] [thread 358] [33.0] [cxt 0] Deparsing header 'sctp'
[15:48:08.738] [bmv2] [D] [thread 358] [33.0] [cxt 0] Deparsing header 'sctp_chunk'
[15:48:08.738] [bmv2] [D] [thread 358] [33.0] [cxt 0] Deparser 'deparser': end
[15:48:08.739] [bmv2] [D] [thread 361] [33.0] [cxt 0] Transmitting packet of size 62 out of port 1
[15:48:08.754] [bmv2] [D] [thread 356] [34.0] [cxt 0] Processing packet received on port 1
[15:48:08.754] [bmv2] [D] [thread 356] [34.0] [cxt 0] Parser 'parser': start
[15:48:08.754] [bmv2] [D] [thread 356] [34.0] [cxt 0] Parser 'parser' entering state 'start'
[15:48:08.754] [bmv2] [D] [thread 356] [34.0] [cxt 0] Extracting header 'ethernet'
[15:48:08.754] [bmv2] [D] [thread 356] [34.0] [cxt 0] Parser set: setting field 'scalars.metadata.ingress_port' from field 'standard_metadata.ingress_port' (1)
[15:48:08.754] [bmv2] [D] [thread 356] [34.0] [cxt 0] Parser set: setting field 'scalars.metadata.ingress_ts' from expression, new value is 176204775
[15:48:08.754] [bmv2] [D] [thread 356] [34.0] [cxt 0] Parser set: setting field 'scalars.metadata.is_int_packet' to 0
[15:48:08.754] [bmv2] [D] [thread 356] [34.0] [cxt 0] Parser set: setting field 'scalars.metadata.is_ngap_traffic' to 0
[15:48:08.754] [bmv2] [D] [thread 356] [34.0] [cxt 0] Parser set: setting field 'scalars.metadata.is_gtp_u_traffic' to 0
[15:48:08.754] [bmv2] [D] [thread 356] [34.0] [cxt 0] Parser set: setting field 'scalars.metadata.traffic_type' to 0
[15:48:08.754] [bmv2] [D] [thread 356] [34.0] [cxt 0] Parser set: setting field 'scalars.metadata.should_insert_int' to 0
[15:48:08.754] [bmv2] [D] [thread 356] [34.0] [cxt 0] Parser state 'start': key is 0800
[15:48:08.754] [bmv2] [T] [thread 356] [34.0] [cxt 0] Bytes parsed: 14
[15:48:08.754] [bmv2] [D] [thread 356] [34.0] [cxt 0] Parser 'parser' entering state 'parse_ipv4'
[15:48:08.754] [bmv2] [D] [thread 356] [34.0] [cxt 0] Extracting header 'ipv4'
[15:48:08.754] [bmv2] [D] [thread 356] [34.0] [cxt 0] Parser state 'parse_ipv4': key is 84
[15:48:08.754] [bmv2] [T] [thread 356] [34.0] [cxt 0] Bytes parsed: 34
[15:48:08.754] [bmv2] [D] [thread 356] [34.0] [cxt 0] Parser 'parser' entering state 'parse_sctp_common'
[15:48:08.754] [bmv2] [D] [thread 356] [34.0] [cxt 0] Extracting header 'sctp'
[15:48:08.754] [bmv2] [D] [thread 356] [34.0] [cxt 0] Parser set: setting field 'scalars.metadata.transport_src_port' from field 'sctp.src_port' (39657)
[15:48:08.754] [bmv2] [D] [thread 356] [34.0] [cxt 0] Parser set: setting field 'scalars.metadata.transport_dst_port' from field 'sctp.dst_port' (38412)
[15:48:08.754] [bmv2] [D] [thread 356] [34.0] [cxt 0] Parser set: setting field 'scalars.tmp_0' from expression, new value is 1
[15:48:08.754] [bmv2] [D] [thread 356] [34.0] [cxt 0] Parser state 'parse_sctp_common': key is 01
[15:48:08.754] [bmv2] [T] [thread 356] [34.0] [cxt 0] Bytes parsed: 46
[15:48:08.754] [bmv2] [D] [thread 356] [34.0] [cxt 0] Parser 'parser' entering state 'parse_sctp_common_true'
[15:48:08.754] [bmv2] [D] [thread 356] [34.0] [cxt 0] Parser set: setting field 'scalars.metadata.is_ngap_traffic' to 1
[15:48:08.754] [bmv2] [D] [thread 356] [34.0] [cxt 0] Parser set: setting field 'scalars.metadata.traffic_type' to 1
[15:48:08.754] [bmv2] [D] [thread 356] [34.0] [cxt 0] Parser state 'parse_sctp_common_true' has no switch, going to default next state
[15:48:08.754] [bmv2] [T] [thread 356] [34.0] [cxt 0] Bytes parsed: 46
[15:48:08.754] [bmv2] [D] [thread 356] [34.0] [cxt 0] Parser 'parser' entering state 'parse_sctp_common_join'
[15:48:08.754] [bmv2] [D] [thread 356] [34.0] [cxt 0] Extracting header 'sctp_chunk'
[15:48:08.754] [bmv2] [D] [thread 356] [34.0] [cxt 0] Parser state 'parse_sctp_common_join': key is 00
[15:48:08.754] [bmv2] [T] [thread 356] [34.0] [cxt 0] Bytes parsed: 50
[15:48:08.754] [bmv2] [D] [thread 356] [34.0] [cxt 0] Parser 'parser' entering state 'parse_sctp_data_chunk'
[15:48:08.754] [bmv2] [D] [thread 356] [34.0] [cxt 0] Extracting header 'sctp_data_chunk'
[15:48:08.754] [bmv2] [D] [thread 356] [34.0] [cxt 0] Parser state 'parse_sctp_data_chunk' has no switch, going to default next state
[15:48:08.754] [bmv2] [T] [thread 356] [34.0] [cxt 0] Bytes parsed: 62
[15:48:08.754] [bmv2] [D] [thread 356] [34.0] [cxt 0] Parser 'parser': end
[15:48:08.754] [bmv2] [D] [thread 356] [34.0] [cxt 0] Pipeline 'ingress': start
[15:48:08.754] [bmv2] [T] [thread 356] [34.0] [cxt 0] Applying table 'tbl_intgtpsource295'
[15:48:08.754] [bmv2] [D] [thread 356] [34.0] [cxt 0] Looking up key:

[15:48:08.754] [bmv2] [D] [thread 356] [34.0] [cxt 0] Table 'tbl_intgtpsource295': miss
[15:48:08.754] [bmv2] [D] [thread 356] [34.0] [cxt 0] Action entry is intgtpsource295 -
[15:48:08.754] [bmv2] [T] [thread 356] [34.0] [cxt 0] Action intgtpsource295
[15:48:08.754] [bmv2] [T] [thread 356] [34.0] [cxt 0] int-gtp-source.p4(295) Primitive meta.switch_id = 1
[15:48:08.754] [bmv2] [T] [thread 356] [34.0] [cxt 0] int-gtp-source.p4(297) Condition "hdr.ethernet.isValid() && hdr.ipv4.isValid()" (node_3) is true
[15:48:08.754] [bmv2] [T] [thread 356] [34.0] [cxt 0] int-gtp-source.p4(299) Condition "(hdr.ipv4.protocol == 132 && hdr.sctp.isValid()) || ..." (node_4) is true
[15:48:08.754] [bmv2] [T] [thread 356] [34.0] [cxt 0] Applying table 'MyIngress.int_source_table'
[15:48:08.754] [bmv2] [D] [thread 356] [34.0] [cxt 0] Looking up key:
* meta.traffic_type   : 01

[15:48:08.754] [bmv2] [D] [thread 356] [34.0] [cxt 0] Table 'MyIngress.int_source_table': hit with handle 0
[15:48:08.754] [bmv2] [D] [thread 356] [34.0] [cxt 0] Dumping entry 0
Match key:
* meta.traffic_type   : EXACT     01
Action entry: MyIngress.int_source_action -

[15:48:08.754] [bmv2] [D] [thread 356] [34.0] [cxt 0] Action entry is MyIngress.int_source_action -
[15:48:08.754] [bmv2] [T] [thread 356] [34.0] [cxt 0] Action MyIngress.int_source_action
[15:48:08.754] [bmv2] [T] [thread 356] [34.0] [cxt 0] int-gtp-source.p4(221) Primitive meta.should_insert_int = 1
[15:48:08.754] [bmv2] [T] [thread 356] [34.0] [cxt 0] Applying table 'MyIngress.ipv4_lpm'
[15:48:08.754] [bmv2] [D] [thread 356] [34.0] [cxt 0] Looking up key:
* hdr.ipv4.dstAddr    : ac120014

[15:48:08.754] [bmv2] [D] [thread 356] [34.0] [cxt 0] Table 'MyIngress.ipv4_lpm': hit with handle 2
[15:48:08.754] [bmv2] [D] [thread 356] [34.0] [cxt 0] Dumping entry 2
Match key:
* hdr.ipv4.dstAddr    : LPM       00000000/0
Action entry: MyIngress.forward_action - 2,

[15:48:08.754] [bmv2] [D] [thread 356] [34.0] [cxt 0] Action entry is MyIngress.forward_action - 2,
[15:48:08.754] [bmv2] [T] [thread 356] [34.0] [cxt 0] Action MyIngress.forward_action
[15:48:08.754] [bmv2] [T] [thread 356] [34.0] [cxt 0] int-gtp-source.p4(266) Primitive standard_metadata.egress_spec = egress_port
[15:48:08.754] [bmv2] [T] [thread 356] [34.0] [cxt 0] int-gtp-source.p4(308) Condition "meta.should_insert_int == 1" (node_7) is true
[15:48:08.754] [bmv2] [T] [thread 356] [34.0] [cxt 0] Applying table 'tbl_do_insert_int'
[15:48:08.754] [bmv2] [D] [thread 356] [34.0] [cxt 0] Looking up key:

[15:48:08.754] [bmv2] [D] [thread 356] [34.0] [cxt 0] Table 'tbl_do_insert_int': miss
[15:48:08.754] [bmv2] [D] [thread 356] [34.0] [cxt 0] Action entry is MyIngress.do_insert_int -
[15:48:08.754] [bmv2] [T] [thread 356] [34.0] [cxt 0] Action MyIngress.do_insert_int
[15:48:08.754] [bmv2] [T] [thread 356] [34.0] [cxt 0] int-gtp-source.p4(226) Primitive bit<16> original_ether_type = hdr.ethernet.etherType
[15:48:08.754] [bmv2] [T] [thread 356] [34.0] [cxt 0] int-gtp-source.p4(229) Primitive hdr.ethernet.etherType = 0xFA
[15:48:08.754] [bmv2] [T] [thread 356] [34.0] [cxt 0] int-gtp-source.p4(232) Primitive hdr.int_shim.setValid()
[15:48:08.754] [bmv2] [T] [thread 356] [34.0] [cxt 0] int-gtp-source.p4(233) Primitive hdr.int_shim.type = 1
[15:48:08.754] [bmv2] [T] [thread 356] [34.0] [cxt 0] int-gtp-source.p4(234) Primitive hdr.int_shim.reserved = 0
[15:48:08.754] [bmv2] [T] [thread 356] [34.0] [cxt 0] int-gtp-source.p4(235) Primitive hdr.int_shim.length = 44
[15:48:08.754] [bmv2] [T] [thread 356] [34.0] [cxt 0] int-gtp-source.p4(236) Primitive hdr.int_shim.next_proto = original_ether_type
[15:48:08.754] [bmv2] [T] [thread 356] [34.0] [cxt 0] int-gtp-source.p4(239) Primitive hdr.int_header.setValid()
[15:48:08.754] [bmv2] [T] [thread 356] [34.0] [cxt 0] int-gtp-source.p4(240) Primitive hdr.int_header.version = 1
[15:48:08.754] [bmv2] [T] [thread 356] [34.0] [cxt 0] int-gtp-source.p4(241) Primitive hdr.int_header.d = 0
[15:48:08.754] [bmv2] [T] [thread 356] [34.0] [cxt 0] int-gtp-source.p4(242) Primitive hdr.int_header.q = 0
[15:48:08.754] [bmv2] [T] [thread 356] [34.0] [cxt 0] int-gtp-source.p4(243) Primitive hdr.int_header.m = 1
[15:48:08.754] [bmv2] [T] [thread 356] [34.0] [cxt 0] int-gtp-source.p4(244) Primitive hdr.int_header.reserved1 = 0
[15:48:08.754] [bmv2] [T] [thread 356] [34.0] [cxt 0] int-gtp-source.p4(245) Primitive hdr.int_header.hop_ml = 1
[15:48:08.755] [bmv2] [T] [thread 356] [34.0] [cxt 0] int-gtp-source.p4(246) Primitive hdr.int_header.instruction = 0x00FF
[15:48:08.755] [bmv2] [T] [thread 356] [34.0] [cxt 0] int-gtp-source.p4(247) Primitive hdr.int_header.reserved2 = 0
[15:48:08.755] [bmv2] [T] [thread 356] [34.0] [cxt 0] int-gtp-source.p4(248) Primitive hdr.int_header.remaining_hop_cnt = 8 - 1
[15:48:08.755] [bmv2] [T] [thread 356] [34.0] [cxt 0] int-gtp-source.p4(251) Primitive hdr.int_md.setValid()
[15:48:08.755] [bmv2] [T] [thread 356] [34.0] [cxt 0] int-gtp-source.p4(252) Primitive hdr.int_md.padding_switch = 0
[15:48:08.755] [bmv2] [T] [thread 356] [34.0] [cxt 0] int-gtp-source.p4(253) Primitive hdr.int_md.switch_id = (bit<16>)meta.switch_id
[15:48:08.755] [bmv2] [T] [thread 356] [34.0] [cxt 0] int-gtp-source.p4(254) Primitive hdr.int_md.ingress_port_id = (bit<16>)meta.ingress_port
[15:48:08.755] [bmv2] [T] [thread 356] [34.0] [cxt 0] int-gtp-source.p4(255) Primitive hdr.int_md.ingress_timestamp = meta.ingress_ts
[15:48:08.755] [bmv2] [T] [thread 356] [34.0] [cxt 0] int-gtp-source.p4(256) Primitive hdr.int_md.egress_port_id = 0
[15:48:08.755] [bmv2] [T] [thread 356] [34.0] [cxt 0] int-gtp-source.p4(257) Primitive hdr.int_md.hop_latency = 0
[15:48:08.755] [bmv2] [T] [thread 356] [34.0] [cxt 0] int-gtp-source.p4(258) Primitive hdr.int_md.egress_timestamp = 0
[15:48:08.755] [bmv2] [T] [thread 356] [34.0] [cxt 0] int-gtp-source.p4(259) Primitive hdr.int_md.queue_occupancy = 0
[15:48:08.755] [bmv2] [T] [thread 356] [34.0] [cxt 0] int-gtp-source.p4(260) Primitive hdr.int_md.congestion_notification = 0
[15:48:08.755] [bmv2] [T] [thread 356] [34.0] [cxt 0] int-gtp-source.p4(261) Primitive hdr.int_md.reserved1 = 0
[15:48:08.755] [bmv2] [T] [thread 356] [34.0] [cxt 0] int-gtp-source.p4(262) Primitive hdr.int_md.reserved2 = 0
[15:48:08.755] [bmv2] [D] [thread 356] [34.0] [cxt 0] Pipeline 'ingress': end
[15:48:08.755] [bmv2] [D] [thread 356] [34.0] [cxt 0] Egress port is 2
[15:48:08.755] [bmv2] [D] [thread 359] [34.0] [cxt 0] Pipeline 'egress': start
[15:48:08.755] [bmv2] [T] [thread 359] [34.0] [cxt 0] int-gtp-source.p4(330) Condition "hdr.int_shim.isValid()" (node_11) is true
[15:48:08.755] [bmv2] [T] [thread 359] [34.0] [cxt 0] Applying table 'tbl_update_int_metadata'
[15:48:08.755] [bmv2] [D] [thread 359] [34.0] [cxt 0] Looking up key:

[15:48:08.755] [bmv2] [D] [thread 359] [34.0] [cxt 0] Table 'tbl_update_int_metadata': miss
[15:48:08.755] [bmv2] [D] [thread 359] [34.0] [cxt 0] Action entry is MyEgress.update_int_metadata -
[15:48:08.755] [bmv2] [T] [thread 359] [34.0] [cxt 0] Action MyEgress.update_int_metadata
[15:48:08.755] [bmv2] [T] [thread 359] [34.0] [cxt 0] int-gtp-source.p4(321) Primitive if
[15:48:08.755] [bmv2] [T] [thread 359] [34.0] [cxt 0] int-gtp-source.p4(322) Primitive hdr.int_md.egress_port_id = (bit<16>)standard_metadata.egress_port
[15:48:08.755] [bmv2] [T] [thread 359] [34.0] [cxt 0] int-gtp-source.p4(323) Primitive hdr.int_md.egress_timestamp = (bit<32>)standard_metadata.egress_global_timestamp
[15:48:08.755] [bmv2] [T] [thread 359] [34.0] [cxt 0] int-gtp-source.p4(324) Primitive hdr.int_md.hop_latency = hdr.int_md.egress_timestamp - hdr.int_md.ingress_timestamp
[15:48:08.755] [bmv2] [T] [thread 359] [34.0] [cxt 0] int-gtp-source.p4(325) Primitive hdr.int_md.queue_occupancy = (bit<32>)standard_metadata.enq_qdepth
[15:48:08.755] [bmv2] [D] [thread 359] [34.0] [cxt 0] Pipeline 'egress': end
[15:48:08.755] [bmv2] [D] [thread 359] [34.0] [cxt 0] Deparser 'deparser': start
[15:48:08.755] [bmv2] [D] [thread 359] [34.0] [cxt 0] Deparsing header 'ethernet'
[15:48:08.755] [bmv2] [D] [thread 359] [34.0] [cxt 0] Deparsing header 'int_shim'
[15:48:08.755] [bmv2] [D] [thread 359] [34.0] [cxt 0] Deparsing header 'int_header'
[15:48:08.755] [bmv2] [D] [thread 359] [34.0] [cxt 0] Deparsing header 'int_md'
[15:48:08.755] [bmv2] [D] [thread 359] [34.0] [cxt 0] Deparsing header 'ipv4'
[15:48:08.755] [bmv2] [D] [thread 359] [34.0] [cxt 0] Deparsing header 'sctp'
[15:48:08.755] [bmv2] [D] [thread 359] [34.0] [cxt 0] Deparsing header 'sctp_chunk'
[15:48:08.755] [bmv2] [D] [thread 359] [34.0] [cxt 0] Deparsing header 'sctp_data_chunk'
[15:48:08.755] [bmv2] [D] [thread 359] [34.0] [cxt 0] Deparser 'deparser': end
[15:48:08.755] [bmv2] [D] [thread 361] [34.0] [cxt 0] Transmitting packet of size 403 out of port 2
[15:48:08.979] [bmv2] [D] [thread 356] [35.0] [cxt 0] Processing packet received on port 2
[15:48:08.979] [bmv2] [D] [thread 356] [35.0] [cxt 0] Parser 'parser': start
[15:48:08.979] [bmv2] [D] [thread 356] [35.0] [cxt 0] Parser 'parser' entering state 'start'
[15:48:08.979] [bmv2] [D] [thread 356] [35.0] [cxt 0] Extracting header 'ethernet'
[15:48:08.979] [bmv2] [D] [thread 356] [35.0] [cxt 0] Parser set: setting field 'scalars.metadata.ingress_port' from field 'standard_metadata.ingress_port' (2)
[15:48:08.979] [bmv2] [D] [thread 356] [35.0] [cxt 0] Parser set: setting field 'scalars.metadata.ingress_ts' from expression, new value is 176430140
[15:48:08.979] [bmv2] [D] [thread 356] [35.0] [cxt 0] Parser set: setting field 'scalars.metadata.is_int_packet' to 0
[15:48:08.979] [bmv2] [D] [thread 356] [35.0] [cxt 0] Parser set: setting field 'scalars.metadata.is_ngap_traffic' to 0
[15:48:08.979] [bmv2] [D] [thread 356] [35.0] [cxt 0] Parser set: setting field 'scalars.metadata.is_gtp_u_traffic' to 0
[15:48:08.979] [bmv2] [D] [thread 356] [35.0] [cxt 0] Parser set: setting field 'scalars.metadata.traffic_type' to 0
[15:48:08.979] [bmv2] [D] [thread 356] [35.0] [cxt 0] Parser set: setting field 'scalars.metadata.should_insert_int' to 0
[15:48:08.979] [bmv2] [D] [thread 356] [35.0] [cxt 0] Parser state 'start': key is 0800
[15:48:08.979] [bmv2] [T] [thread 356] [35.0] [cxt 0] Bytes parsed: 14
[15:48:08.979] [bmv2] [D] [thread 356] [35.0] [cxt 0] Parser 'parser' entering state 'parse_ipv4'
[15:48:08.979] [bmv2] [D] [thread 356] [35.0] [cxt 0] Extracting header 'ipv4'
[15:48:08.979] [bmv2] [D] [thread 356] [35.0] [cxt 0] Parser state 'parse_ipv4': key is 84
[15:48:08.979] [bmv2] [T] [thread 356] [35.0] [cxt 0] Bytes parsed: 34
[15:48:08.979] [bmv2] [D] [thread 356] [35.0] [cxt 0] Parser 'parser' entering state 'parse_sctp_common'
[15:48:08.979] [bmv2] [D] [thread 356] [35.0] [cxt 0] Extracting header 'sctp'
[15:48:08.979] [bmv2] [D] [thread 356] [35.0] [cxt 0] Parser set: setting field 'scalars.metadata.transport_src_port' from field 'sctp.src_port' (38412)
[15:48:08.979] [bmv2] [D] [thread 356] [35.0] [cxt 0] Parser set: setting field 'scalars.metadata.transport_dst_port' from field 'sctp.dst_port' (39657)
[15:48:08.979] [bmv2] [D] [thread 356] [35.0] [cxt 0] Parser set: setting field 'scalars.tmp_0' from expression, new value is 0
[15:48:08.979] [bmv2] [D] [thread 356] [35.0] [cxt 0] Parser state 'parse_sctp_common': key is 00
[15:48:08.979] [bmv2] [T] [thread 356] [35.0] [cxt 0] Bytes parsed: 46
[15:48:08.979] [bmv2] [D] [thread 356] [35.0] [cxt 0] Parser 'parser' entering state 'parse_sctp_common_join'
[15:48:08.979] [bmv2] [D] [thread 356] [35.0] [cxt 0] Extracting header 'sctp_chunk'
[15:48:08.979] [bmv2] [D] [thread 356] [35.0] [cxt 0] Parser state 'parse_sctp_common_join': key is 03
[15:48:08.979] [bmv2] [T] [thread 356] [35.0] [cxt 0] Bytes parsed: 50
[15:48:08.979] [bmv2] [D] [thread 356] [35.0] [cxt 0] Parser 'parser': end
[15:48:08.979] [bmv2] [D] [thread 356] [35.0] [cxt 0] Pipeline 'ingress': start
[15:48:08.979] [bmv2] [T] [thread 356] [35.0] [cxt 0] Applying table 'tbl_intgtpsource295'
[15:48:08.979] [bmv2] [D] [thread 356] [35.0] [cxt 0] Looking up key:

[15:48:08.979] [bmv2] [D] [thread 356] [35.0] [cxt 0] Table 'tbl_intgtpsource295': miss
[15:48:08.979] [bmv2] [D] [thread 356] [35.0] [cxt 0] Action entry is intgtpsource295 -
[15:48:08.979] [bmv2] [T] [thread 356] [35.0] [cxt 0] Action intgtpsource295
[15:48:08.979] [bmv2] [T] [thread 356] [35.0] [cxt 0] int-gtp-source.p4(295) Primitive meta.switch_id = 1
[15:48:08.979] [bmv2] [T] [thread 356] [35.0] [cxt 0] int-gtp-source.p4(297) Condition "hdr.ethernet.isValid() && hdr.ipv4.isValid()" (node_3) is true
[15:48:08.979] [bmv2] [T] [thread 356] [35.0] [cxt 0] int-gtp-source.p4(299) Condition "(hdr.ipv4.protocol == 132 && hdr.sctp.isValid()) || ..." (node_4) is true
[15:48:08.979] [bmv2] [T] [thread 356] [35.0] [cxt 0] Applying table 'MyIngress.int_source_table'
[15:48:08.979] [bmv2] [D] [thread 356] [35.0] [cxt 0] Looking up key:
* meta.traffic_type   : 00

[15:48:08.979] [bmv2] [D] [thread 356] [35.0] [cxt 0] Table 'MyIngress.int_source_table': miss
[15:48:08.979] [bmv2] [D] [thread 356] [35.0] [cxt 0] Action entry is NoAction -
[15:48:08.979] [bmv2] [T] [thread 356] [35.0] [cxt 0] Action NoAction
[15:48:08.979] [bmv2] [T] [thread 356] [35.0] [cxt 0] Applying table 'MyIngress.ipv4_lpm'
[15:48:08.979] [bmv2] [D] [thread 356] [35.0] [cxt 0] Looking up key:
* hdr.ipv4.dstAddr    : ac120a03

[15:48:08.979] [bmv2] [D] [thread 356] [35.0] [cxt 0] Table 'MyIngress.ipv4_lpm': hit with handle 1
[15:48:08.979] [bmv2] [D] [thread 356] [35.0] [cxt 0] Dumping entry 1
Match key:
* hdr.ipv4.dstAddr    : LPM       ac120a03/32
Action entry: MyIngress.forward_action - 1,

[15:48:08.979] [bmv2] [D] [thread 356] [35.0] [cxt 0] Action entry is MyIngress.forward_action - 1,
[15:48:08.979] [bmv2] [T] [thread 356] [35.0] [cxt 0] Action MyIngress.forward_action
[15:48:08.979] [bmv2] [T] [thread 356] [35.0] [cxt 0] int-gtp-source.p4(266) Primitive standard_metadata.egress_spec = egress_port
[15:48:08.979] [bmv2] [T] [thread 356] [35.0] [cxt 0] int-gtp-source.p4(308) Condition "meta.should_insert_int == 1" (node_7) is false
[15:48:08.979] [bmv2] [D] [thread 356] [35.0] [cxt 0] Pipeline 'ingress': end
[15:48:08.979] [bmv2] [D] [thread 356] [35.0] [cxt 0] Egress port is 1
[15:48:08.979] [bmv2] [D] [thread 358] [35.0] [cxt 0] Pipeline 'egress': start
[15:48:08.979] [bmv2] [T] [thread 358] [35.0] [cxt 0] int-gtp-source.p4(330) Condition "hdr.int_shim.isValid()" (node_11) is false
[15:48:08.979] [bmv2] [D] [thread 358] [35.0] [cxt 0] Pipeline 'egress': end
[15:48:08.979] [bmv2] [D] [thread 358] [35.0] [cxt 0] Deparser 'deparser': start
[15:48:08.979] [bmv2] [D] [thread 358] [35.0] [cxt 0] Deparsing header 'ethernet'
[15:48:08.979] [bmv2] [D] [thread 358] [35.0] [cxt 0] Deparsing header 'ipv4'
[15:48:08.979] [bmv2] [D] [thread 358] [35.0] [cxt 0] Deparsing header 'sctp'
[15:48:08.979] [bmv2] [D] [thread 358] [35.0] [cxt 0] Deparsing header 'sctp_chunk'
[15:48:08.979] [bmv2] [D] [thread 358] [35.0] [cxt 0] Deparser 'deparser': end
[15:48:08.979] [bmv2] [D] [thread 361] [35.0] [cxt 0] Transmitting packet of size 62 out of port 1
[15:48:09.213] [bmv2] [D] [thread 356] [36.0] [cxt 0] Processing packet received on port 2
[15:48:09.213] [bmv2] [D] [thread 356] [36.0] [cxt 0] Parser 'parser': start
[15:48:09.213] [bmv2] [D] [thread 356] [36.0] [cxt 0] Parser 'parser' entering state 'start'
[15:48:09.213] [bmv2] [D] [thread 356] [36.0] [cxt 0] Extracting header 'ethernet'
[15:48:09.213] [bmv2] [D] [thread 356] [36.0] [cxt 0] Parser set: setting field 'scalars.metadata.ingress_port' from field 'standard_metadata.ingress_port' (2)
[15:48:09.213] [bmv2] [D] [thread 356] [36.0] [cxt 0] Parser set: setting field 'scalars.metadata.ingress_ts' from expression, new value is 176663880
[15:48:09.213] [bmv2] [D] [thread 356] [36.0] [cxt 0] Parser set: setting field 'scalars.metadata.is_int_packet' to 0
[15:48:09.213] [bmv2] [D] [thread 356] [36.0] [cxt 0] Parser set: setting field 'scalars.metadata.is_ngap_traffic' to 0
[15:48:09.213] [bmv2] [D] [thread 356] [36.0] [cxt 0] Parser set: setting field 'scalars.metadata.is_gtp_u_traffic' to 0
[15:48:09.213] [bmv2] [D] [thread 356] [36.0] [cxt 0] Parser set: setting field 'scalars.metadata.traffic_type' to 0
[15:48:09.213] [bmv2] [D] [thread 356] [36.0] [cxt 0] Parser set: setting field 'scalars.metadata.should_insert_int' to 0
[15:48:09.213] [bmv2] [D] [thread 356] [36.0] [cxt 0] Parser state 'start': key is 0800
[15:48:09.213] [bmv2] [T] [thread 356] [36.0] [cxt 0] Bytes parsed: 14
[15:48:09.213] [bmv2] [D] [thread 356] [36.0] [cxt 0] Parser 'parser' entering state 'parse_ipv4'
[15:48:09.213] [bmv2] [D] [thread 356] [36.0] [cxt 0] Extracting header 'ipv4'
[15:48:09.213] [bmv2] [D] [thread 356] [36.0] [cxt 0] Parser state 'parse_ipv4': key is 84
[15:48:09.213] [bmv2] [T] [thread 356] [36.0] [cxt 0] Bytes parsed: 34
[15:48:09.213] [bmv2] [D] [thread 356] [36.0] [cxt 0] Parser 'parser' entering state 'parse_sctp_common'
[15:48:09.213] [bmv2] [D] [thread 356] [36.0] [cxt 0] Extracting header 'sctp'
[15:48:09.213] [bmv2] [D] [thread 356] [36.0] [cxt 0] Parser set: setting field 'scalars.metadata.transport_src_port' from field 'sctp.src_port' (38412)
[15:48:09.213] [bmv2] [D] [thread 356] [36.0] [cxt 0] Parser set: setting field 'scalars.metadata.transport_dst_port' from field 'sctp.dst_port' (39657)
[15:48:09.213] [bmv2] [D] [thread 356] [36.0] [cxt 0] Parser set: setting field 'scalars.tmp_0' from expression, new value is 0
[15:48:09.213] [bmv2] [D] [thread 356] [36.0] [cxt 0] Parser state 'parse_sctp_common': key is 00
[15:48:09.213] [bmv2] [T] [thread 356] [36.0] [cxt 0] Bytes parsed: 46
[15:48:09.213] [bmv2] [D] [thread 356] [36.0] [cxt 0] Parser 'parser' entering state 'parse_sctp_common_join'
[15:48:09.213] [bmv2] [D] [thread 356] [36.0] [cxt 0] Extracting header 'sctp_chunk'
[15:48:09.213] [bmv2] [D] [thread 356] [36.0] [cxt 0] Parser state 'parse_sctp_common_join': key is 00
[15:48:09.213] [bmv2] [T] [thread 356] [36.0] [cxt 0] Bytes parsed: 50
[15:48:09.213] [bmv2] [D] [thread 356] [36.0] [cxt 0] Parser 'parser' entering state 'parse_sctp_data_chunk'
[15:48:09.213] [bmv2] [D] [thread 356] [36.0] [cxt 0] Extracting header 'sctp_data_chunk'
[15:48:09.213] [bmv2] [D] [thread 356] [36.0] [cxt 0] Parser state 'parse_sctp_data_chunk' has no switch, going to default next state
[15:48:09.213] [bmv2] [T] [thread 356] [36.0] [cxt 0] Bytes parsed: 62
[15:48:09.213] [bmv2] [D] [thread 356] [36.0] [cxt 0] Parser 'parser': end
[15:48:09.213] [bmv2] [D] [thread 356] [36.0] [cxt 0] Pipeline 'ingress': start
[15:48:09.213] [bmv2] [T] [thread 356] [36.0] [cxt 0] Applying table 'tbl_intgtpsource295'
[15:48:09.213] [bmv2] [D] [thread 356] [36.0] [cxt 0] Looking up key:

[15:48:09.213] [bmv2] [D] [thread 356] [36.0] [cxt 0] Table 'tbl_intgtpsource295': miss
[15:48:09.213] [bmv2] [D] [thread 356] [36.0] [cxt 0] Action entry is intgtpsource295 -
[15:48:09.213] [bmv2] [T] [thread 356] [36.0] [cxt 0] Action intgtpsource295
[15:48:09.213] [bmv2] [T] [thread 356] [36.0] [cxt 0] int-gtp-source.p4(295) Primitive meta.switch_id = 1
[15:48:09.213] [bmv2] [T] [thread 356] [36.0] [cxt 0] int-gtp-source.p4(297) Condition "hdr.ethernet.isValid() && hdr.ipv4.isValid()" (node_3) is true
[15:48:09.213] [bmv2] [T] [thread 356] [36.0] [cxt 0] int-gtp-source.p4(299) Condition "(hdr.ipv4.protocol == 132 && hdr.sctp.isValid()) || ..." (node_4) is true
[15:48:09.213] [bmv2] [T] [thread 356] [36.0] [cxt 0] Applying table 'MyIngress.int_source_table'
[15:48:09.213] [bmv2] [D] [thread 356] [36.0] [cxt 0] Looking up key:
* meta.traffic_type   : 00

[15:48:09.213] [bmv2] [D] [thread 356] [36.0] [cxt 0] Table 'MyIngress.int_source_table': miss
[15:48:09.213] [bmv2] [D] [thread 356] [36.0] [cxt 0] Action entry is NoAction -
[15:48:09.213] [bmv2] [T] [thread 356] [36.0] [cxt 0] Action NoAction
[15:48:09.213] [bmv2] [T] [thread 356] [36.0] [cxt 0] Applying table 'MyIngress.ipv4_lpm'
[15:48:09.213] [bmv2] [D] [thread 356] [36.0] [cxt 0] Looking up key:
* hdr.ipv4.dstAddr    : ac120a03

[15:48:09.213] [bmv2] [D] [thread 356] [36.0] [cxt 0] Table 'MyIngress.ipv4_lpm': hit with handle 1
[15:48:09.213] [bmv2] [D] [thread 356] [36.0] [cxt 0] Dumping entry 1
Match key:
* hdr.ipv4.dstAddr    : LPM       ac120a03/32
Action entry: MyIngress.forward_action - 1,

[15:48:09.213] [bmv2] [D] [thread 356] [36.0] [cxt 0] Action entry is MyIngress.forward_action - 1,
[15:48:09.213] [bmv2] [T] [thread 356] [36.0] [cxt 0] Action MyIngress.forward_action
[15:48:09.213] [bmv2] [T] [thread 356] [36.0] [cxt 0] int-gtp-source.p4(266) Primitive standard_metadata.egress_spec = egress_port
[15:48:09.213] [bmv2] [T] [thread 356] [36.0] [cxt 0] int-gtp-source.p4(308) Condition "meta.should_insert_int == 1" (node_7) is false
[15:48:09.213] [bmv2] [D] [thread 356] [36.0] [cxt 0] Pipeline 'ingress': end
[15:48:09.213] [bmv2] [D] [thread 356] [36.0] [cxt 0] Egress port is 1
[15:48:09.213] [bmv2] [D] [thread 358] [36.0] [cxt 0] Pipeline 'egress': start
[15:48:09.214] [bmv2] [T] [thread 358] [36.0] [cxt 0] int-gtp-source.p4(330) Condition "hdr.int_shim.isValid()" (node_11) is false
[15:48:09.214] [bmv2] [D] [thread 358] [36.0] [cxt 0] Pipeline 'egress': end
[15:48:09.214] [bmv2] [D] [thread 358] [36.0] [cxt 0] Deparser 'deparser': start
[15:48:09.214] [bmv2] [D] [thread 358] [36.0] [cxt 0] Deparsing header 'ethernet'
[15:48:09.214] [bmv2] [D] [thread 358] [36.0] [cxt 0] Deparsing header 'ipv4'
[15:48:09.214] [bmv2] [D] [thread 358] [36.0] [cxt 0] Deparsing header 'sctp'
[15:48:09.214] [bmv2] [D] [thread 358] [36.0] [cxt 0] Deparsing header 'sctp_chunk'
[15:48:09.214] [bmv2] [D] [thread 358] [36.0] [cxt 0] Deparsing header 'sctp_data_chunk'
[15:48:09.214] [bmv2] [D] [thread 358] [36.0] [cxt 0] Deparser 'deparser': end
[15:48:09.214] [bmv2] [D] [thread 361] [36.0] [cxt 0] Transmitting packet of size 130 out of port 1
[15:48:09.329] [bmv2] [D] [thread 356] [37.0] [cxt 0] Processing packet received on port 2
[15:48:09.329] [bmv2] [D] [thread 356] [37.0] [cxt 0] Parser 'parser': start
[15:48:09.329] [bmv2] [D] [thread 356] [37.0] [cxt 0] Parser 'parser' entering state 'start'
[15:48:09.329] [bmv2] [D] [thread 356] [37.0] [cxt 0] Extracting header 'ethernet'
[15:48:09.329] [bmv2] [D] [thread 356] [37.0] [cxt 0] Parser set: setting field 'scalars.metadata.ingress_port' from field 'standard_metadata.ingress_port' (2)
[15:48:09.329] [bmv2] [D] [thread 356] [37.0] [cxt 0] Parser set: setting field 'scalars.metadata.ingress_ts' from expression, new value is 176779758
[15:48:09.329] [bmv2] [D] [thread 356] [37.0] [cxt 0] Parser set: setting field 'scalars.metadata.is_int_packet' to 0
[15:48:09.329] [bmv2] [D] [thread 356] [37.0] [cxt 0] Parser set: setting field 'scalars.metadata.is_ngap_traffic' to 0
[15:48:09.329] [bmv2] [D] [thread 356] [37.0] [cxt 0] Parser set: setting field 'scalars.metadata.is_gtp_u_traffic' to 0
[15:48:09.329] [bmv2] [D] [thread 356] [37.0] [cxt 0] Parser set: setting field 'scalars.metadata.traffic_type' to 0
[15:48:09.329] [bmv2] [D] [thread 356] [37.0] [cxt 0] Parser set: setting field 'scalars.metadata.should_insert_int' to 0
[15:48:09.329] [bmv2] [D] [thread 356] [37.0] [cxt 0] Parser state 'start': key is 0800
[15:48:09.329] [bmv2] [T] [thread 356] [37.0] [cxt 0] Bytes parsed: 14
[15:48:09.329] [bmv2] [D] [thread 356] [37.0] [cxt 0] Parser 'parser' entering state 'parse_ipv4'
[15:48:09.329] [bmv2] [D] [thread 356] [37.0] [cxt 0] Extracting header 'ipv4'
[15:48:09.329] [bmv2] [D] [thread 356] [37.0] [cxt 0] Parser state 'parse_ipv4': key is 84
[15:48:09.329] [bmv2] [T] [thread 356] [37.0] [cxt 0] Bytes parsed: 34
[15:48:09.329] [bmv2] [D] [thread 356] [37.0] [cxt 0] Parser 'parser' entering state 'parse_sctp_common'
[15:48:09.329] [bmv2] [D] [thread 356] [37.0] [cxt 0] Extracting header 'sctp'
[15:48:09.329] [bmv2] [D] [thread 356] [37.0] [cxt 0] Parser set: setting field 'scalars.metadata.transport_src_port' from field 'sctp.src_port' (38412)
[15:48:09.329] [bmv2] [D] [thread 356] [37.0] [cxt 0] Parser set: setting field 'scalars.metadata.transport_dst_port' from field 'sctp.dst_port' (39657)
[15:48:09.329] [bmv2] [D] [thread 356] [37.0] [cxt 0] Parser set: setting field 'scalars.tmp_0' from expression, new value is 0
[15:48:09.329] [bmv2] [D] [thread 356] [37.0] [cxt 0] Parser state 'parse_sctp_common': key is 00
[15:48:09.329] [bmv2] [T] [thread 356] [37.0] [cxt 0] Bytes parsed: 46
[15:48:09.329] [bmv2] [D] [thread 356] [37.0] [cxt 0] Parser 'parser' entering state 'parse_sctp_common_join'
[15:48:09.329] [bmv2] [D] [thread 356] [37.0] [cxt 0] Extracting header 'sctp_chunk'
[15:48:09.329] [bmv2] [D] [thread 356] [37.0] [cxt 0] Parser state 'parse_sctp_common_join': key is 00
[15:48:09.329] [bmv2] [T] [thread 356] [37.0] [cxt 0] Bytes parsed: 50
[15:48:09.329] [bmv2] [D] [thread 356] [37.0] [cxt 0] Parser 'parser' entering state 'parse_sctp_data_chunk'
[15:48:09.329] [bmv2] [D] [thread 356] [37.0] [cxt 0] Extracting header 'sctp_data_chunk'
[15:48:09.329] [bmv2] [D] [thread 356] [37.0] [cxt 0] Parser state 'parse_sctp_data_chunk' has no switch, going to default next state
[15:48:09.329] [bmv2] [T] [thread 356] [37.0] [cxt 0] Bytes parsed: 62
[15:48:09.329] [bmv2] [D] [thread 356] [37.0] [cxt 0] Parser 'parser': end
[15:48:09.329] [bmv2] [D] [thread 356] [37.0] [cxt 0] Pipeline 'ingress': start
[15:48:09.329] [bmv2] [T] [thread 356] [37.0] [cxt 0] Applying table 'tbl_intgtpsource295'
[15:48:09.329] [bmv2] [D] [thread 356] [37.0] [cxt 0] Looking up key:

[15:48:09.329] [bmv2] [D] [thread 356] [37.0] [cxt 0] Table 'tbl_intgtpsource295': miss
[15:48:09.329] [bmv2] [D] [thread 356] [37.0] [cxt 0] Action entry is intgtpsource295 -
[15:48:09.329] [bmv2] [T] [thread 356] [37.0] [cxt 0] Action intgtpsource295
[15:48:09.329] [bmv2] [T] [thread 356] [37.0] [cxt 0] int-gtp-source.p4(295) Primitive meta.switch_id = 1
[15:48:09.329] [bmv2] [T] [thread 356] [37.0] [cxt 0] int-gtp-source.p4(297) Condition "hdr.ethernet.isValid() && hdr.ipv4.isValid()" (node_3) is true
[15:48:09.329] [bmv2] [T] [thread 356] [37.0] [cxt 0] int-gtp-source.p4(299) Condition "(hdr.ipv4.protocol == 132 && hdr.sctp.isValid()) || ..." (node_4) is true
[15:48:09.329] [bmv2] [T] [thread 356] [37.0] [cxt 0] Applying table 'MyIngress.int_source_table'
[15:48:09.329] [bmv2] [D] [thread 356] [37.0] [cxt 0] Looking up key:
* meta.traffic_type   : 00

[15:48:09.329] [bmv2] [D] [thread 356] [37.0] [cxt 0] Table 'MyIngress.int_source_table': miss
[15:48:09.329] [bmv2] [D] [thread 356] [37.0] [cxt 0] Action entry is NoAction -
[15:48:09.329] [bmv2] [T] [thread 356] [37.0] [cxt 0] Action NoAction
[15:48:09.329] [bmv2] [T] [thread 356] [37.0] [cxt 0] Applying table 'MyIngress.ipv4_lpm'
[15:48:09.329] [bmv2] [D] [thread 356] [37.0] [cxt 0] Looking up key:
* hdr.ipv4.dstAddr    : ac120a03

[15:48:09.329] [bmv2] [D] [thread 356] [37.0] [cxt 0] Table 'MyIngress.ipv4_lpm': hit with handle 1
[15:48:09.329] [bmv2] [D] [thread 356] [37.0] [cxt 0] Dumping entry 1
Match key:
* hdr.ipv4.dstAddr    : LPM       ac120a03/32
Action entry: MyIngress.forward_action - 1,

[15:48:09.329] [bmv2] [D] [thread 356] [37.0] [cxt 0] Action entry is MyIngress.forward_action - 1,
[15:48:09.329] [bmv2] [T] [thread 356] [37.0] [cxt 0] Action MyIngress.forward_action
[15:48:09.329] [bmv2] [T] [thread 356] [37.0] [cxt 0] int-gtp-source.p4(266) Primitive standard_metadata.egress_spec = egress_port
[15:48:09.329] [bmv2] [T] [thread 356] [37.0] [cxt 0] int-gtp-source.p4(308) Condition "meta.should_insert_int == 1" (node_7) is false
[15:48:09.329] [bmv2] [D] [thread 356] [37.0] [cxt 0] Pipeline 'ingress': end
[15:48:09.329] [bmv2] [D] [thread 356] [37.0] [cxt 0] Egress port is 1
[15:48:09.330] [bmv2] [D] [thread 358] [37.0] [cxt 0] Pipeline 'egress': start
[15:48:09.330] [bmv2] [T] [thread 358] [37.0] [cxt 0] int-gtp-source.p4(330) Condition "hdr.int_shim.isValid()" (node_11) is false
[15:48:09.330] [bmv2] [D] [thread 358] [37.0] [cxt 0] Pipeline 'egress': end
[15:48:09.330] [bmv2] [D] [thread 358] [37.0] [cxt 0] Deparser 'deparser': start
[15:48:09.330] [bmv2] [D] [thread 358] [37.0] [cxt 0] Deparsing header 'ethernet'
[15:48:09.330] [bmv2] [D] [thread 358] [37.0] [cxt 0] Deparsing header 'ipv4'
[15:48:09.330] [bmv2] [D] [thread 358] [37.0] [cxt 0] Deparsing header 'sctp'
[15:48:09.330] [bmv2] [D] [thread 358] [37.0] [cxt 0] Deparsing header 'sctp_chunk'
[15:48:09.330] [bmv2] [D] [thread 358] [37.0] [cxt 0] Deparsing header 'sctp_data_chunk'
[15:48:09.330] [bmv2] [D] [thread 358] [37.0] [cxt 0] Deparser 'deparser': end
[15:48:09.330] [bmv2] [D] [thread 361] [37.0] [cxt 0] Transmitting packet of size 130 out of port 1
[15:48:09.346] [bmv2] [D] [thread 356] [38.0] [cxt 0] Processing packet received on port 1
[15:48:09.346] [bmv2] [D] [thread 356] [38.0] [cxt 0] Parser 'parser': start
[15:48:09.347] [bmv2] [D] [thread 356] [38.0] [cxt 0] Parser 'parser' entering state 'start'
[15:48:09.347] [bmv2] [D] [thread 356] [38.0] [cxt 0] Extracting header 'ethernet'
[15:48:09.347] [bmv2] [D] [thread 356] [38.0] [cxt 0] Parser set: setting field 'scalars.metadata.ingress_port' from field 'standard_metadata.ingress_port' (1)
[15:48:09.347] [bmv2] [D] [thread 356] [38.0] [cxt 0] Parser set: setting field 'scalars.metadata.ingress_ts' from expression, new value is 176797589
[15:48:09.347] [bmv2] [D] [thread 356] [38.0] [cxt 0] Parser set: setting field 'scalars.metadata.is_int_packet' to 0
[15:48:09.347] [bmv2] [D] [thread 356] [38.0] [cxt 0] Parser set: setting field 'scalars.metadata.is_ngap_traffic' to 0
[15:48:09.347] [bmv2] [D] [thread 356] [38.0] [cxt 0] Parser set: setting field 'scalars.metadata.is_gtp_u_traffic' to 0
[15:48:09.347] [bmv2] [D] [thread 356] [38.0] [cxt 0] Parser set: setting field 'scalars.metadata.traffic_type' to 0
[15:48:09.347] [bmv2] [D] [thread 356] [38.0] [cxt 0] Parser set: setting field 'scalars.metadata.should_insert_int' to 0
[15:48:09.347] [bmv2] [D] [thread 356] [38.0] [cxt 0] Parser state 'start': key is 0800
[15:48:09.347] [bmv2] [T] [thread 356] [38.0] [cxt 0] Bytes parsed: 14
[15:48:09.347] [bmv2] [D] [thread 356] [38.0] [cxt 0] Parser 'parser' entering state 'parse_ipv4'
[15:48:09.347] [bmv2] [D] [thread 356] [38.0] [cxt 0] Extracting header 'ipv4'
[15:48:09.347] [bmv2] [D] [thread 356] [38.0] [cxt 0] Parser state 'parse_ipv4': key is 84
[15:48:09.347] [bmv2] [T] [thread 356] [38.0] [cxt 0] Bytes parsed: 34
[15:48:09.347] [bmv2] [D] [thread 356] [38.0] [cxt 0] Parser 'parser' entering state 'parse_sctp_common'
[15:48:09.347] [bmv2] [D] [thread 356] [38.0] [cxt 0] Extracting header 'sctp'
[15:48:09.347] [bmv2] [D] [thread 356] [38.0] [cxt 0] Parser set: setting field 'scalars.metadata.transport_src_port' from field 'sctp.src_port' (39657)
[15:48:09.347] [bmv2] [D] [thread 356] [38.0] [cxt 0] Parser set: setting field 'scalars.metadata.transport_dst_port' from field 'sctp.dst_port' (38412)
[15:48:09.347] [bmv2] [D] [thread 356] [38.0] [cxt 0] Parser set: setting field 'scalars.tmp_0' from expression, new value is 1
[15:48:09.347] [bmv2] [D] [thread 356] [38.0] [cxt 0] Parser state 'parse_sctp_common': key is 01
[15:48:09.347] [bmv2] [T] [thread 356] [38.0] [cxt 0] Bytes parsed: 46
[15:48:09.347] [bmv2] [D] [thread 356] [38.0] [cxt 0] Parser 'parser' entering state 'parse_sctp_common_true'
[15:48:09.347] [bmv2] [D] [thread 356] [38.0] [cxt 0] Parser set: setting field 'scalars.metadata.is_ngap_traffic' to 1
[15:48:09.347] [bmv2] [D] [thread 356] [38.0] [cxt 0] Parser set: setting field 'scalars.metadata.traffic_type' to 1
[15:48:09.347] [bmv2] [D] [thread 356] [38.0] [cxt 0] Parser state 'parse_sctp_common_true' has no switch, going to default next state
[15:48:09.347] [bmv2] [T] [thread 356] [38.0] [cxt 0] Bytes parsed: 46
[15:48:09.347] [bmv2] [D] [thread 356] [38.0] [cxt 0] Parser 'parser' entering state 'parse_sctp_common_join'
[15:48:09.347] [bmv2] [D] [thread 356] [38.0] [cxt 0] Extracting header 'sctp_chunk'
[15:48:09.347] [bmv2] [D] [thread 356] [38.0] [cxt 0] Parser state 'parse_sctp_common_join': key is 03
[15:48:09.347] [bmv2] [T] [thread 356] [38.0] [cxt 0] Bytes parsed: 50
[15:48:09.347] [bmv2] [D] [thread 356] [38.0] [cxt 0] Parser 'parser': end
[15:48:09.347] [bmv2] [D] [thread 356] [38.0] [cxt 0] Pipeline 'ingress': start
[15:48:09.347] [bmv2] [T] [thread 356] [38.0] [cxt 0] Applying table 'tbl_intgtpsource295'
[15:48:09.347] [bmv2] [D] [thread 356] [38.0] [cxt 0] Looking up key:

[15:48:09.347] [bmv2] [D] [thread 356] [38.0] [cxt 0] Table 'tbl_intgtpsource295': miss
[15:48:09.347] [bmv2] [D] [thread 356] [38.0] [cxt 0] Action entry is intgtpsource295 -
[15:48:09.347] [bmv2] [T] [thread 356] [38.0] [cxt 0] Action intgtpsource295
[15:48:09.347] [bmv2] [T] [thread 356] [38.0] [cxt 0] int-gtp-source.p4(295) Primitive meta.switch_id = 1
[15:48:09.347] [bmv2] [T] [thread 356] [38.0] [cxt 0] int-gtp-source.p4(297) Condition "hdr.ethernet.isValid() && hdr.ipv4.isValid()" (node_3) is true
[15:48:09.347] [bmv2] [T] [thread 356] [38.0] [cxt 0] int-gtp-source.p4(299) Condition "(hdr.ipv4.protocol == 132 && hdr.sctp.isValid()) || ..." (node_4) is true
[15:48:09.347] [bmv2] [T] [thread 356] [38.0] [cxt 0] Applying table 'MyIngress.int_source_table'
[15:48:09.347] [bmv2] [D] [thread 356] [38.0] [cxt 0] Looking up key:
* meta.traffic_type   : 01

[15:48:09.347] [bmv2] [D] [thread 356] [38.0] [cxt 0] Table 'MyIngress.int_source_table': hit with handle 0
[15:48:09.347] [bmv2] [D] [thread 356] [38.0] [cxt 0] Dumping entry 0
Match key:
* meta.traffic_type   : EXACT     01
Action entry: MyIngress.int_source_action -

[15:48:09.347] [bmv2] [D] [thread 356] [38.0] [cxt 0] Action entry is MyIngress.int_source_action -
[15:48:09.347] [bmv2] [T] [thread 356] [38.0] [cxt 0] Action MyIngress.int_source_action
[15:48:09.347] [bmv2] [T] [thread 356] [38.0] [cxt 0] int-gtp-source.p4(221) Primitive meta.should_insert_int = 1
[15:48:09.347] [bmv2] [T] [thread 356] [38.0] [cxt 0] Applying table 'MyIngress.ipv4_lpm'
[15:48:09.347] [bmv2] [D] [thread 356] [38.0] [cxt 0] Looking up key:
* hdr.ipv4.dstAddr    : ac120014

[15:48:09.347] [bmv2] [D] [thread 356] [38.0] [cxt 0] Table 'MyIngress.ipv4_lpm': hit with handle 2
[15:48:09.347] [bmv2] [D] [thread 356] [38.0] [cxt 0] Dumping entry 2
Match key:
* hdr.ipv4.dstAddr    : LPM       00000000/0
Action entry: MyIngress.forward_action - 2,

[15:48:09.347] [bmv2] [D] [thread 356] [38.0] [cxt 0] Action entry is MyIngress.forward_action - 2,
[15:48:09.347] [bmv2] [T] [thread 356] [38.0] [cxt 0] Action MyIngress.forward_action
[15:48:09.347] [bmv2] [T] [thread 356] [38.0] [cxt 0] int-gtp-source.p4(266) Primitive standard_metadata.egress_spec = egress_port
[15:48:09.347] [bmv2] [T] [thread 356] [38.0] [cxt 0] int-gtp-source.p4(308) Condition "meta.should_insert_int == 1" (node_7) is true
[15:48:09.347] [bmv2] [T] [thread 356] [38.0] [cxt 0] Applying table 'tbl_do_insert_int'
[15:48:09.347] [bmv2] [D] [thread 356] [38.0] [cxt 0] Looking up key:

[15:48:09.347] [bmv2] [D] [thread 356] [38.0] [cxt 0] Table 'tbl_do_insert_int': miss
[15:48:09.347] [bmv2] [D] [thread 356] [38.0] [cxt 0] Action entry is MyIngress.do_insert_int -
[15:48:09.347] [bmv2] [T] [thread 356] [38.0] [cxt 0] Action MyIngress.do_insert_int
[15:48:09.347] [bmv2] [T] [thread 356] [38.0] [cxt 0] int-gtp-source.p4(226) Primitive bit<16> original_ether_type = hdr.ethernet.etherType
[15:48:09.347] [bmv2] [T] [thread 356] [38.0] [cxt 0] int-gtp-source.p4(229) Primitive hdr.ethernet.etherType = 0xFA
[15:48:09.347] [bmv2] [T] [thread 356] [38.0] [cxt 0] int-gtp-source.p4(232) Primitive hdr.int_shim.setValid()
[15:48:09.347] [bmv2] [T] [thread 356] [38.0] [cxt 0] int-gtp-source.p4(233) Primitive hdr.int_shim.type = 1
[15:48:09.347] [bmv2] [T] [thread 356] [38.0] [cxt 0] int-gtp-source.p4(234) Primitive hdr.int_shim.reserved = 0
[15:48:09.347] [bmv2] [T] [thread 356] [38.0] [cxt 0] int-gtp-source.p4(235) Primitive hdr.int_shim.length = 44
[15:48:09.347] [bmv2] [T] [thread 356] [38.0] [cxt 0] int-gtp-source.p4(236) Primitive hdr.int_shim.next_proto = original_ether_type
[15:48:09.347] [bmv2] [T] [thread 356] [38.0] [cxt 0] int-gtp-source.p4(239) Primitive hdr.int_header.setValid()
[15:48:09.347] [bmv2] [T] [thread 356] [38.0] [cxt 0] int-gtp-source.p4(240) Primitive hdr.int_header.version = 1
[15:48:09.347] [bmv2] [T] [thread 356] [38.0] [cxt 0] int-gtp-source.p4(241) Primitive hdr.int_header.d = 0
[15:48:09.347] [bmv2] [T] [thread 356] [38.0] [cxt 0] int-gtp-source.p4(242) Primitive hdr.int_header.q = 0
[15:48:09.348] [bmv2] [T] [thread 356] [38.0] [cxt 0] int-gtp-source.p4(243) Primitive hdr.int_header.m = 1
[15:48:09.348] [bmv2] [T] [thread 356] [38.0] [cxt 0] int-gtp-source.p4(244) Primitive hdr.int_header.reserved1 = 0
[15:48:09.348] [bmv2] [T] [thread 356] [38.0] [cxt 0] int-gtp-source.p4(245) Primitive hdr.int_header.hop_ml = 1
[15:48:09.348] [bmv2] [T] [thread 356] [38.0] [cxt 0] int-gtp-source.p4(246) Primitive hdr.int_header.instruction = 0x00FF
[15:48:09.348] [bmv2] [T] [thread 356] [38.0] [cxt 0] int-gtp-source.p4(247) Primitive hdr.int_header.reserved2 = 0
[15:48:09.348] [bmv2] [T] [thread 356] [38.0] [cxt 0] int-gtp-source.p4(248) Primitive hdr.int_header.remaining_hop_cnt = 8 - 1
[15:48:09.348] [bmv2] [T] [thread 356] [38.0] [cxt 0] int-gtp-source.p4(251) Primitive hdr.int_md.setValid()
[15:48:09.348] [bmv2] [T] [thread 356] [38.0] [cxt 0] int-gtp-source.p4(252) Primitive hdr.int_md.padding_switch = 0
[15:48:09.348] [bmv2] [T] [thread 356] [38.0] [cxt 0] int-gtp-source.p4(253) Primitive hdr.int_md.switch_id = (bit<16>)meta.switch_id
[15:48:09.348] [bmv2] [T] [thread 356] [38.0] [cxt 0] int-gtp-source.p4(254) Primitive hdr.int_md.ingress_port_id = (bit<16>)meta.ingress_port
[15:48:09.348] [bmv2] [T] [thread 356] [38.0] [cxt 0] int-gtp-source.p4(255) Primitive hdr.int_md.ingress_timestamp = meta.ingress_ts
[15:48:09.348] [bmv2] [T] [thread 356] [38.0] [cxt 0] int-gtp-source.p4(256) Primitive hdr.int_md.egress_port_id = 0
[15:48:09.348] [bmv2] [T] [thread 356] [38.0] [cxt 0] int-gtp-source.p4(257) Primitive hdr.int_md.hop_latency = 0
[15:48:09.348] [bmv2] [T] [thread 356] [38.0] [cxt 0] int-gtp-source.p4(258) Primitive hdr.int_md.egress_timestamp = 0
[15:48:09.348] [bmv2] [T] [thread 356] [38.0] [cxt 0] int-gtp-source.p4(259) Primitive hdr.int_md.queue_occupancy = 0
[15:48:09.348] [bmv2] [T] [thread 356] [38.0] [cxt 0] int-gtp-source.p4(260) Primitive hdr.int_md.congestion_notification = 0
[15:48:09.348] [bmv2] [T] [thread 356] [38.0] [cxt 0] int-gtp-source.p4(261) Primitive hdr.int_md.reserved1 = 0
[15:48:09.348] [bmv2] [T] [thread 356] [38.0] [cxt 0] int-gtp-source.p4(262) Primitive hdr.int_md.reserved2 = 0
[15:48:09.348] [bmv2] [D] [thread 356] [38.0] [cxt 0] Pipeline 'ingress': end
[15:48:09.348] [bmv2] [D] [thread 356] [38.0] [cxt 0] Egress port is 2
[15:48:09.348] [bmv2] [D] [thread 359] [38.0] [cxt 0] Pipeline 'egress': start
[15:48:09.348] [bmv2] [T] [thread 359] [38.0] [cxt 0] int-gtp-source.p4(330) Condition "hdr.int_shim.isValid()" (node_11) is true
[15:48:09.348] [bmv2] [T] [thread 359] [38.0] [cxt 0] Applying table 'tbl_update_int_metadata'
[15:48:09.348] [bmv2] [D] [thread 359] [38.0] [cxt 0] Looking up key:

[15:48:09.348] [bmv2] [D] [thread 359] [38.0] [cxt 0] Table 'tbl_update_int_metadata': miss
[15:48:09.348] [bmv2] [D] [thread 359] [38.0] [cxt 0] Action entry is MyEgress.update_int_metadata -
[15:48:09.348] [bmv2] [T] [thread 359] [38.0] [cxt 0] Action MyEgress.update_int_metadata
[15:48:09.348] [bmv2] [T] [thread 359] [38.0] [cxt 0] int-gtp-source.p4(321) Primitive if
[15:48:09.348] [bmv2] [T] [thread 359] [38.0] [cxt 0] int-gtp-source.p4(322) Primitive hdr.int_md.egress_port_id = (bit<16>)standard_metadata.egress_port
[15:48:09.348] [bmv2] [T] [thread 359] [38.0] [cxt 0] int-gtp-source.p4(323) Primitive hdr.int_md.egress_timestamp = (bit<32>)standard_metadata.egress_global_timestamp
[15:48:09.348] [bmv2] [T] [thread 359] [38.0] [cxt 0] int-gtp-source.p4(324) Primitive hdr.int_md.hop_latency = hdr.int_md.egress_timestamp - hdr.int_md.ingress_timestamp
[15:48:09.348] [bmv2] [T] [thread 359] [38.0] [cxt 0] int-gtp-source.p4(325) Primitive hdr.int_md.queue_occupancy = (bit<32>)standard_metadata.enq_qdepth
[15:48:09.348] [bmv2] [D] [thread 359] [38.0] [cxt 0] Pipeline 'egress': end
[15:48:09.348] [bmv2] [D] [thread 359] [38.0] [cxt 0] Deparser 'deparser': start
[15:48:09.348] [bmv2] [D] [thread 359] [38.0] [cxt 0] Deparsing header 'ethernet'
[15:48:09.348] [bmv2] [D] [thread 359] [38.0] [cxt 0] Deparsing header 'int_shim'
[15:48:09.348] [bmv2] [D] [thread 359] [38.0] [cxt 0] Deparsing header 'int_header'
[15:48:09.348] [bmv2] [D] [thread 359] [38.0] [cxt 0] Deparsing header 'int_md'
[15:48:09.348] [bmv2] [D] [thread 359] [38.0] [cxt 0] Deparsing header 'ipv4'
[15:48:09.348] [bmv2] [D] [thread 359] [38.0] [cxt 0] Deparsing header 'sctp'
[15:48:09.348] [bmv2] [D] [thread 359] [38.0] [cxt 0] Deparsing header 'sctp_chunk'
[15:48:09.348] [bmv2] [D] [thread 359] [38.0] [cxt 0] Deparser 'deparser': end
[15:48:09.348] [bmv2] [D] [thread 361] [38.0] [cxt 0] Transmitting packet of size 107 out of port 2
[15:48:09.544] [bmv2] [D] [thread 356] [39.0] [cxt 0] Processing packet received on port 2
[15:48:09.544] [bmv2] [D] [thread 356] [39.0] [cxt 0] Parser 'parser': start
[15:48:09.544] [bmv2] [D] [thread 356] [39.0] [cxt 0] Parser 'parser' entering state 'start'
[15:48:09.544] [bmv2] [D] [thread 356] [39.0] [cxt 0] Extracting header 'ethernet'
[15:48:09.544] [bmv2] [D] [thread 356] [39.0] [cxt 0] Parser set: setting field 'scalars.metadata.ingress_port' from field 'standard_metadata.ingress_port' (2)
[15:48:09.544] [bmv2] [D] [thread 356] [39.0] [cxt 0] Parser set: setting field 'scalars.metadata.ingress_ts' from expression, new value is 176995536
[15:48:09.544] [bmv2] [D] [thread 356] [39.0] [cxt 0] Parser set: setting field 'scalars.metadata.is_int_packet' to 0
[15:48:09.545] [bmv2] [D] [thread 356] [39.0] [cxt 0] Parser set: setting field 'scalars.metadata.is_ngap_traffic' to 0
[15:48:09.545] [bmv2] [D] [thread 356] [39.0] [cxt 0] Parser set: setting field 'scalars.metadata.is_gtp_u_traffic' to 0
[15:48:09.545] [bmv2] [D] [thread 356] [39.0] [cxt 0] Parser set: setting field 'scalars.metadata.traffic_type' to 0
[15:48:09.545] [bmv2] [D] [thread 356] [39.0] [cxt 0] Parser set: setting field 'scalars.metadata.should_insert_int' to 0
[15:48:09.545] [bmv2] [D] [thread 356] [39.0] [cxt 0] Parser state 'start': key is 0800
[15:48:09.545] [bmv2] [T] [thread 356] [39.0] [cxt 0] Bytes parsed: 14
[15:48:09.545] [bmv2] [D] [thread 356] [39.0] [cxt 0] Parser 'parser' entering state 'parse_ipv4'
[15:48:09.545] [bmv2] [D] [thread 356] [39.0] [cxt 0] Extracting header 'ipv4'
[15:48:09.545] [bmv2] [D] [thread 356] [39.0] [cxt 0] Parser state 'parse_ipv4': key is 84
[15:48:09.545] [bmv2] [T] [thread 356] [39.0] [cxt 0] Bytes parsed: 34
[15:48:09.545] [bmv2] [D] [thread 356] [39.0] [cxt 0] Parser 'parser' entering state 'parse_sctp_common'
[15:48:09.545] [bmv2] [D] [thread 356] [39.0] [cxt 0] Extracting header 'sctp'
[15:48:09.545] [bmv2] [D] [thread 356] [39.0] [cxt 0] Parser set: setting field 'scalars.metadata.transport_src_port' from field 'sctp.src_port' (38412)
[15:48:09.546] [bmv2] [D] [thread 356] [39.0] [cxt 0] Parser set: setting field 'scalars.metadata.transport_dst_port' from field 'sctp.dst_port' (39657)
[15:48:09.546] [bmv2] [D] [thread 356] [39.0] [cxt 0] Parser set: setting field 'scalars.tmp_0' from expression, new value is 0
[15:48:09.546] [bmv2] [D] [thread 356] [39.0] [cxt 0] Parser state 'parse_sctp_common': key is 00
[15:48:09.546] [bmv2] [T] [thread 356] [39.0] [cxt 0] Bytes parsed: 46
[15:48:09.546] [bmv2] [D] [thread 356] [39.0] [cxt 0] Parser 'parser' entering state 'parse_sctp_common_join'
[15:48:09.546] [bmv2] [D] [thread 356] [39.0] [cxt 0] Extracting header 'sctp_chunk'
[15:48:09.546] [bmv2] [D] [thread 356] [39.0] [cxt 0] Parser state 'parse_sctp_common_join': key is 04
[15:48:09.546] [bmv2] [T] [thread 356] [39.0] [cxt 0] Bytes parsed: 50
[15:48:09.547] [bmv2] [D] [thread 356] [39.0] [cxt 0] Parser 'parser': end
[15:48:09.547] [bmv2] [D] [thread 356] [39.0] [cxt 0] Pipeline 'ingress': start
[15:48:09.547] [bmv2] [T] [thread 356] [39.0] [cxt 0] Applying table 'tbl_intgtpsource295'
[15:48:09.547] [bmv2] [D] [thread 356] [39.0] [cxt 0] Looking up key:

[15:48:09.547] [bmv2] [D] [thread 356] [39.0] [cxt 0] Table 'tbl_intgtpsource295': miss
[15:48:09.547] [bmv2] [D] [thread 356] [39.0] [cxt 0] Action entry is intgtpsource295 -
[15:48:09.547] [bmv2] [T] [thread 356] [39.0] [cxt 0] Action intgtpsource295
[15:48:09.547] [bmv2] [T] [thread 356] [39.0] [cxt 0] int-gtp-source.p4(295) Primitive meta.switch_id = 1
[15:48:09.548] [bmv2] [T] [thread 356] [39.0] [cxt 0] int-gtp-source.p4(297) Condition "hdr.ethernet.isValid() && hdr.ipv4.isValid()" (node_3) is true
[15:48:09.548] [bmv2] [T] [thread 356] [39.0] [cxt 0] int-gtp-source.p4(299) Condition "(hdr.ipv4.protocol == 132 && hdr.sctp.isValid()) || ..." (node_4) is true
[15:48:09.548] [bmv2] [T] [thread 356] [39.0] [cxt 0] Applying table 'MyIngress.int_source_table'
[15:48:09.548] [bmv2] [D] [thread 356] [39.0] [cxt 0] Looking up key:
* meta.traffic_type   : 00

[15:48:09.548] [bmv2] [D] [thread 356] [39.0] [cxt 0] Table 'MyIngress.int_source_table': miss
[15:48:09.548] [bmv2] [D] [thread 356] [39.0] [cxt 0] Action entry is NoAction -
[15:48:09.549] [bmv2] [T] [thread 356] [39.0] [cxt 0] Action NoAction
[15:48:09.549] [bmv2] [T] [thread 356] [39.0] [cxt 0] Applying table 'MyIngress.ipv4_lpm'
[15:48:09.549] [bmv2] [D] [thread 356] [39.0] [cxt 0] Looking up key:
* hdr.ipv4.dstAddr    : ac120a03

[15:48:09.549] [bmv2] [D] [thread 356] [39.0] [cxt 0] Table 'MyIngress.ipv4_lpm': hit with handle 1
[15:48:09.549] [bmv2] [D] [thread 356] [39.0] [cxt 0] Dumping entry 1
Match key:
* hdr.ipv4.dstAddr    : LPM       ac120a03/32
Action entry: MyIngress.forward_action - 1,

[15:48:09.549] [bmv2] [D] [thread 356] [39.0] [cxt 0] Action entry is MyIngress.forward_action - 1,
[15:48:09.549] [bmv2] [T] [thread 356] [39.0] [cxt 0] Action MyIngress.forward_action
[15:48:09.549] [bmv2] [T] [thread 356] [39.0] [cxt 0] int-gtp-source.p4(266) Primitive standard_metadata.egress_spec = egress_port
[15:48:09.549] [bmv2] [T] [thread 356] [39.0] [cxt 0] int-gtp-source.p4(308) Condition "meta.should_insert_int == 1" (node_7) is false
[15:48:09.549] [bmv2] [D] [thread 356] [39.0] [cxt 0] Pipeline 'ingress': end
[15:48:09.549] [bmv2] [D] [thread 356] [39.0] [cxt 0] Egress port is 1
[15:48:09.549] [bmv2] [D] [thread 358] [39.0] [cxt 0] Pipeline 'egress': start
[15:48:09.549] [bmv2] [T] [thread 358] [39.0] [cxt 0] int-gtp-source.p4(330) Condition "hdr.int_shim.isValid()" (node_11) is false
[15:48:09.549] [bmv2] [D] [thread 358] [39.0] [cxt 0] Pipeline 'egress': end
[15:48:09.549] [bmv2] [D] [thread 358] [39.0] [cxt 0] Deparser 'deparser': start
[15:48:09.549] [bmv2] [D] [thread 358] [39.0] [cxt 0] Deparsing header 'ethernet'
[15:48:09.549] [bmv2] [D] [thread 358] [39.0] [cxt 0] Deparsing header 'ipv4'
[15:48:09.549] [bmv2] [D] [thread 358] [39.0] [cxt 0] Deparsing header 'sctp'
[15:48:09.549] [bmv2] [D] [thread 358] [39.0] [cxt 0] Deparsing header 'sctp_chunk'
[15:48:09.549] [bmv2] [D] [thread 358] [39.0] [cxt 0] Deparser 'deparser': end
[15:48:09.549] [bmv2] [D] [thread 361] [39.0] [cxt 0] Transmitting packet of size 106 out of port 1
[15:48:09.564] [bmv2] [D] [thread 356] [40.0] [cxt 0] Processing packet received on port 1
[15:48:09.564] [bmv2] [D] [thread 356] [40.0] [cxt 0] Parser 'parser': start
[15:48:09.564] [bmv2] [D] [thread 356] [40.0] [cxt 0] Parser 'parser' entering state 'start'
[15:48:09.564] [bmv2] [D] [thread 356] [40.0] [cxt 0] Extracting header 'ethernet'
[15:48:09.564] [bmv2] [D] [thread 356] [40.0] [cxt 0] Parser set: setting field 'scalars.metadata.ingress_port' from field 'standard_metadata.ingress_port' (1)
[15:48:09.564] [bmv2] [D] [thread 356] [40.0] [cxt 0] Parser set: setting field 'scalars.metadata.ingress_ts' from expression, new value is 177015548
[15:48:09.564] [bmv2] [D] [thread 356] [40.0] [cxt 0] Parser set: setting field 'scalars.metadata.is_int_packet' to 0
[15:48:09.564] [bmv2] [D] [thread 356] [40.0] [cxt 0] Parser set: setting field 'scalars.metadata.is_ngap_traffic' to 0
[15:48:09.564] [bmv2] [D] [thread 356] [40.0] [cxt 0] Parser set: setting field 'scalars.metadata.is_gtp_u_traffic' to 0
[15:48:09.564] [bmv2] [D] [thread 356] [40.0] [cxt 0] Parser set: setting field 'scalars.metadata.traffic_type' to 0
[15:48:09.564] [bmv2] [D] [thread 356] [40.0] [cxt 0] Parser set: setting field 'scalars.metadata.should_insert_int' to 0
[15:48:09.564] [bmv2] [D] [thread 356] [40.0] [cxt 0] Parser state 'start': key is 0800
[15:48:09.564] [bmv2] [T] [thread 356] [40.0] [cxt 0] Bytes parsed: 14
[15:48:09.564] [bmv2] [D] [thread 356] [40.0] [cxt 0] Parser 'parser' entering state 'parse_ipv4'
[15:48:09.564] [bmv2] [D] [thread 356] [40.0] [cxt 0] Extracting header 'ipv4'
[15:48:09.564] [bmv2] [D] [thread 356] [40.0] [cxt 0] Parser state 'parse_ipv4': key is 84
[15:48:09.564] [bmv2] [T] [thread 356] [40.0] [cxt 0] Bytes parsed: 34
[15:48:09.565] [bmv2] [D] [thread 356] [40.0] [cxt 0] Parser 'parser' entering state 'parse_sctp_common'
[15:48:09.565] [bmv2] [D] [thread 356] [40.0] [cxt 0] Extracting header 'sctp'
[15:48:09.565] [bmv2] [D] [thread 356] [40.0] [cxt 0] Parser set: setting field 'scalars.metadata.transport_src_port' from field 'sctp.src_port' (39657)
[15:48:09.565] [bmv2] [D] [thread 356] [40.0] [cxt 0] Parser set: setting field 'scalars.metadata.transport_dst_port' from field 'sctp.dst_port' (38412)
[15:48:09.565] [bmv2] [D] [thread 356] [40.0] [cxt 0] Parser set: setting field 'scalars.tmp_0' from expression, new value is 1
[15:48:09.565] [bmv2] [D] [thread 356] [40.0] [cxt 0] Parser state 'parse_sctp_common': key is 01
[15:48:09.565] [bmv2] [T] [thread 356] [40.0] [cxt 0] Bytes parsed: 46
[15:48:09.565] [bmv2] [D] [thread 356] [40.0] [cxt 0] Parser 'parser' entering state 'parse_sctp_common_true'
[15:48:09.565] [bmv2] [D] [thread 356] [40.0] [cxt 0] Parser set: setting field 'scalars.metadata.is_ngap_traffic' to 1
[15:48:09.565] [bmv2] [D] [thread 356] [40.0] [cxt 0] Parser set: setting field 'scalars.metadata.traffic_type' to 1
[15:48:09.565] [bmv2] [D] [thread 356] [40.0] [cxt 0] Parser state 'parse_sctp_common_true' has no switch, going to default next state
[15:48:09.565] [bmv2] [T] [thread 356] [40.0] [cxt 0] Bytes parsed: 46
[15:48:09.565] [bmv2] [D] [thread 356] [40.0] [cxt 0] Parser 'parser' entering state 'parse_sctp_common_join'
[15:48:09.565] [bmv2] [D] [thread 356] [40.0] [cxt 0] Extracting header 'sctp_chunk'
[15:48:09.565] [bmv2] [D] [thread 356] [40.0] [cxt 0] Parser state 'parse_sctp_common_join': key is 05
[15:48:09.565] [bmv2] [T] [thread 356] [40.0] [cxt 0] Bytes parsed: 50
[15:48:09.565] [bmv2] [D] [thread 356] [40.0] [cxt 0] Parser 'parser': end
[15:48:09.565] [bmv2] [D] [thread 356] [40.0] [cxt 0] Pipeline 'ingress': start
[15:48:09.565] [bmv2] [T] [thread 356] [40.0] [cxt 0] Applying table 'tbl_intgtpsource295'
[15:48:09.565] [bmv2] [D] [thread 356] [40.0] [cxt 0] Looking up key:

[15:48:09.565] [bmv2] [D] [thread 356] [40.0] [cxt 0] Table 'tbl_intgtpsource295': miss
[15:48:09.565] [bmv2] [D] [thread 356] [40.0] [cxt 0] Action entry is intgtpsource295 -
[15:48:09.565] [bmv2] [T] [thread 356] [40.0] [cxt 0] Action intgtpsource295
[15:48:09.565] [bmv2] [T] [thread 356] [40.0] [cxt 0] int-gtp-source.p4(295) Primitive meta.switch_id = 1
[15:48:09.565] [bmv2] [T] [thread 356] [40.0] [cxt 0] int-gtp-source.p4(297) Condition "hdr.ethernet.isValid() && hdr.ipv4.isValid()" (node_3) is true
[15:48:09.565] [bmv2] [T] [thread 356] [40.0] [cxt 0] int-gtp-source.p4(299) Condition "(hdr.ipv4.protocol == 132 && hdr.sctp.isValid()) || ..." (node_4) is true
[15:48:09.565] [bmv2] [T] [thread 356] [40.0] [cxt 0] Applying table 'MyIngress.int_source_table'
[15:48:09.565] [bmv2] [D] [thread 356] [40.0] [cxt 0] Looking up key:
* meta.traffic_type   : 01

[15:48:09.565] [bmv2] [D] [thread 356] [40.0] [cxt 0] Table 'MyIngress.int_source_table': hit with handle 0
[15:48:09.565] [bmv2] [D] [thread 356] [40.0] [cxt 0] Dumping entry 0
Match key:
* meta.traffic_type   : EXACT     01
Action entry: MyIngress.int_source_action -

[15:48:09.565] [bmv2] [D] [thread 356] [40.0] [cxt 0] Action entry is MyIngress.int_source_action -
[15:48:09.565] [bmv2] [T] [thread 356] [40.0] [cxt 0] Action MyIngress.int_source_action
[15:48:09.565] [bmv2] [T] [thread 356] [40.0] [cxt 0] int-gtp-source.p4(221) Primitive meta.should_insert_int = 1
[15:48:09.565] [bmv2] [T] [thread 356] [40.0] [cxt 0] Applying table 'MyIngress.ipv4_lpm'
[15:48:09.565] [bmv2] [D] [thread 356] [40.0] [cxt 0] Looking up key:
* hdr.ipv4.dstAddr    : ac120014

[15:48:09.565] [bmv2] [D] [thread 356] [40.0] [cxt 0] Table 'MyIngress.ipv4_lpm': hit with handle 2
[15:48:09.565] [bmv2] [D] [thread 356] [40.0] [cxt 0] Dumping entry 2
Match key:
* hdr.ipv4.dstAddr    : LPM       00000000/0
Action entry: MyIngress.forward_action - 2,

[15:48:09.565] [bmv2] [D] [thread 356] [40.0] [cxt 0] Action entry is MyIngress.forward_action - 2,
[15:48:09.565] [bmv2] [T] [thread 356] [40.0] [cxt 0] Action MyIngress.forward_action
[15:48:09.565] [bmv2] [T] [thread 356] [40.0] [cxt 0] int-gtp-source.p4(266) Primitive standard_metadata.egress_spec = egress_port
[15:48:09.565] [bmv2] [T] [thread 356] [40.0] [cxt 0] int-gtp-source.p4(308) Condition "meta.should_insert_int == 1" (node_7) is true
[15:48:09.565] [bmv2] [T] [thread 356] [40.0] [cxt 0] Applying table 'tbl_do_insert_int'
[15:48:09.565] [bmv2] [D] [thread 356] [40.0] [cxt 0] Looking up key:

[15:48:09.565] [bmv2] [D] [thread 356] [40.0] [cxt 0] Table 'tbl_do_insert_int': miss
[15:48:09.565] [bmv2] [D] [thread 356] [40.0] [cxt 0] Action entry is MyIngress.do_insert_int -
[15:48:09.565] [bmv2] [T] [thread 356] [40.0] [cxt 0] Action MyIngress.do_insert_int
[15:48:09.565] [bmv2] [T] [thread 356] [40.0] [cxt 0] int-gtp-source.p4(226) Primitive bit<16> original_ether_type = hdr.ethernet.etherType
[15:48:09.565] [bmv2] [T] [thread 356] [40.0] [cxt 0] int-gtp-source.p4(229) Primitive hdr.ethernet.etherType = 0xFA
[15:48:09.565] [bmv2] [T] [thread 356] [40.0] [cxt 0] int-gtp-source.p4(232) Primitive hdr.int_shim.setValid()
[15:48:09.565] [bmv2] [T] [thread 356] [40.0] [cxt 0] int-gtp-source.p4(233) Primitive hdr.int_shim.type = 1
[15:48:09.565] [bmv2] [T] [thread 356] [40.0] [cxt 0] int-gtp-source.p4(234) Primitive hdr.int_shim.reserved = 0
[15:48:09.565] [bmv2] [T] [thread 356] [40.0] [cxt 0] int-gtp-source.p4(235) Primitive hdr.int_shim.length = 44
[15:48:09.565] [bmv2] [T] [thread 356] [40.0] [cxt 0] int-gtp-source.p4(236) Primitive hdr.int_shim.next_proto = original_ether_type
[15:48:09.565] [bmv2] [T] [thread 356] [40.0] [cxt 0] int-gtp-source.p4(239) Primitive hdr.int_header.setValid()
[15:48:09.565] [bmv2] [T] [thread 356] [40.0] [cxt 0] int-gtp-source.p4(240) Primitive hdr.int_header.version = 1
[15:48:09.565] [bmv2] [T] [thread 356] [40.0] [cxt 0] int-gtp-source.p4(241) Primitive hdr.int_header.d = 0
[15:48:09.565] [bmv2] [T] [thread 356] [40.0] [cxt 0] int-gtp-source.p4(242) Primitive hdr.int_header.q = 0
[15:48:09.565] [bmv2] [T] [thread 356] [40.0] [cxt 0] int-gtp-source.p4(243) Primitive hdr.int_header.m = 1
[15:48:09.565] [bmv2] [T] [thread 356] [40.0] [cxt 0] int-gtp-source.p4(244) Primitive hdr.int_header.reserved1 = 0
[15:48:09.565] [bmv2] [T] [thread 356] [40.0] [cxt 0] int-gtp-source.p4(245) Primitive hdr.int_header.hop_ml = 1
[15:48:09.565] [bmv2] [T] [thread 356] [40.0] [cxt 0] int-gtp-source.p4(246) Primitive hdr.int_header.instruction = 0x00FF
[15:48:09.565] [bmv2] [T] [thread 356] [40.0] [cxt 0] int-gtp-source.p4(247) Primitive hdr.int_header.reserved2 = 0
[15:48:09.565] [bmv2] [T] [thread 356] [40.0] [cxt 0] int-gtp-source.p4(248) Primitive hdr.int_header.remaining_hop_cnt = 8 - 1
[15:48:09.565] [bmv2] [T] [thread 356] [40.0] [cxt 0] int-gtp-source.p4(251) Primitive hdr.int_md.setValid()
[15:48:09.565] [bmv2] [T] [thread 356] [40.0] [cxt 0] int-gtp-source.p4(252) Primitive hdr.int_md.padding_switch = 0
[15:48:09.565] [bmv2] [T] [thread 356] [40.0] [cxt 0] int-gtp-source.p4(253) Primitive hdr.int_md.switch_id = (bit<16>)meta.switch_id
[15:48:09.565] [bmv2] [T] [thread 356] [40.0] [cxt 0] int-gtp-source.p4(254) Primitive hdr.int_md.ingress_port_id = (bit<16>)meta.ingress_port
[15:48:09.565] [bmv2] [T] [thread 356] [40.0] [cxt 0] int-gtp-source.p4(255) Primitive hdr.int_md.ingress_timestamp = meta.ingress_ts
[15:48:09.565] [bmv2] [T] [thread 356] [40.0] [cxt 0] int-gtp-source.p4(256) Primitive hdr.int_md.egress_port_id = 0
[15:48:09.565] [bmv2] [T] [thread 356] [40.0] [cxt 0] int-gtp-source.p4(257) Primitive hdr.int_md.hop_latency = 0
[15:48:09.565] [bmv2] [T] [thread 356] [40.0] [cxt 0] int-gtp-source.p4(258) Primitive hdr.int_md.egress_timestamp = 0
[15:48:09.565] [bmv2] [T] [thread 356] [40.0] [cxt 0] int-gtp-source.p4(259) Primitive hdr.int_md.queue_occupancy = 0
[15:48:09.565] [bmv2] [T] [thread 356] [40.0] [cxt 0] int-gtp-source.p4(260) Primitive hdr.int_md.congestion_notification = 0
[15:48:09.565] [bmv2] [T] [thread 356] [40.0] [cxt 0] int-gtp-source.p4(261) Primitive hdr.int_md.reserved1 = 0
[15:48:09.565] [bmv2] [T] [thread 356] [40.0] [cxt 0] int-gtp-source.p4(262) Primitive hdr.int_md.reserved2 = 0
[15:48:09.565] [bmv2] [D] [thread 356] [40.0] [cxt 0] Pipeline 'ingress': end
[15:48:09.565] [bmv2] [D] [thread 356] [40.0] [cxt 0] Egress port is 2
[15:48:09.565] [bmv2] [D] [thread 359] [40.0] [cxt 0] Pipeline 'egress': start
[15:48:09.565] [bmv2] [T] [thread 359] [40.0] [cxt 0] int-gtp-source.p4(330) Condition "hdr.int_shim.isValid()" (node_11) is true
[15:48:09.565] [bmv2] [T] [thread 359] [40.0] [cxt 0] Applying table 'tbl_update_int_metadata'
[15:48:09.565] [bmv2] [D] [thread 359] [40.0] [cxt 0] Looking up key:

[15:48:09.565] [bmv2] [D] [thread 359] [40.0] [cxt 0] Table 'tbl_update_int_metadata': miss
[15:48:09.565] [bmv2] [D] [thread 359] [40.0] [cxt 0] Action entry is MyEgress.update_int_metadata -
[15:48:09.566] [bmv2] [T] [thread 359] [40.0] [cxt 0] Action MyEgress.update_int_metadata
[15:48:09.566] [bmv2] [T] [thread 359] [40.0] [cxt 0] int-gtp-source.p4(321) Primitive if
[15:48:09.566] [bmv2] [T] [thread 359] [40.0] [cxt 0] int-gtp-source.p4(322) Primitive hdr.int_md.egress_port_id = (bit<16>)standard_metadata.egress_port
[15:48:09.566] [bmv2] [T] [thread 359] [40.0] [cxt 0] int-gtp-source.p4(323) Primitive hdr.int_md.egress_timestamp = (bit<32>)standard_metadata.egress_global_timestamp
[15:48:09.566] [bmv2] [T] [thread 359] [40.0] [cxt 0] int-gtp-source.p4(324) Primitive hdr.int_md.hop_latency = hdr.int_md.egress_timestamp - hdr.int_md.ingress_timestamp
[15:48:09.566] [bmv2] [T] [thread 359] [40.0] [cxt 0] int-gtp-source.p4(325) Primitive hdr.int_md.queue_occupancy = (bit<32>)standard_metadata.enq_qdepth
[15:48:09.566] [bmv2] [D] [thread 359] [40.0] [cxt 0] Pipeline 'egress': end
[15:48:09.566] [bmv2] [D] [thread 359] [40.0] [cxt 0] Deparser 'deparser': start
[15:48:09.566] [bmv2] [D] [thread 359] [40.0] [cxt 0] Deparsing header 'ethernet'
[15:48:09.566] [bmv2] [D] [thread 359] [40.0] [cxt 0] Deparsing header 'int_shim'
[15:48:09.566] [bmv2] [D] [thread 359] [40.0] [cxt 0] Deparsing header 'int_header'
[15:48:09.566] [bmv2] [D] [thread 359] [40.0] [cxt 0] Deparsing header 'int_md'
[15:48:09.566] [bmv2] [D] [thread 359] [40.0] [cxt 0] Deparsing header 'ipv4'
[15:48:09.566] [bmv2] [D] [thread 359] [40.0] [cxt 0] Deparsing header 'sctp'
[15:48:09.566] [bmv2] [D] [thread 359] [40.0] [cxt 0] Deparsing header 'sctp_chunk'
[15:48:09.566] [bmv2] [D] [thread 359] [40.0] [cxt 0] Deparser 'deparser': end
[15:48:09.566] [bmv2] [D] [thread 361] [40.0] [cxt 0] Transmitting packet of size 147 out of port 2
[15:48:09.898] [bmv2] [D] [thread 356] [41.0] [cxt 0] Processing packet received on port 2
[15:48:09.898] [bmv2] [D] [thread 356] [41.0] [cxt 0] Parser 'parser': start
[15:48:09.898] [bmv2] [D] [thread 356] [41.0] [cxt 0] Parser 'parser' entering state 'start'
[15:48:09.898] [bmv2] [D] [thread 356] [41.0] [cxt 0] Extracting header 'ethernet'
[15:48:09.898] [bmv2] [D] [thread 356] [41.0] [cxt 0] Parser set: setting field 'scalars.metadata.ingress_port' from field 'standard_metadata.ingress_port' (2)
[15:48:09.898] [bmv2] [D] [thread 356] [41.0] [cxt 0] Parser set: setting field 'scalars.metadata.ingress_ts' from expression, new value is 177349165
[15:48:09.898] [bmv2] [D] [thread 356] [41.0] [cxt 0] Parser set: setting field 'scalars.metadata.is_int_packet' to 0
[15:48:09.898] [bmv2] [D] [thread 356] [41.0] [cxt 0] Parser set: setting field 'scalars.metadata.is_ngap_traffic' to 0
[15:48:09.898] [bmv2] [D] [thread 356] [41.0] [cxt 0] Parser set: setting field 'scalars.metadata.is_gtp_u_traffic' to 0
[15:48:09.898] [bmv2] [D] [thread 356] [41.0] [cxt 0] Parser set: setting field 'scalars.metadata.traffic_type' to 0
[15:48:09.898] [bmv2] [D] [thread 356] [41.0] [cxt 0] Parser set: setting field 'scalars.metadata.should_insert_int' to 0
[15:48:09.898] [bmv2] [D] [thread 356] [41.0] [cxt 0] Parser state 'start': key is 0800
[15:48:09.898] [bmv2] [T] [thread 356] [41.0] [cxt 0] Bytes parsed: 14
[15:48:09.898] [bmv2] [D] [thread 356] [41.0] [cxt 0] Parser 'parser' entering state 'parse_ipv4'
[15:48:09.898] [bmv2] [D] [thread 356] [41.0] [cxt 0] Extracting header 'ipv4'
[15:48:09.898] [bmv2] [D] [thread 356] [41.0] [cxt 0] Parser state 'parse_ipv4': key is 84
[15:48:09.898] [bmv2] [T] [thread 356] [41.0] [cxt 0] Bytes parsed: 34
[15:48:09.898] [bmv2] [D] [thread 356] [41.0] [cxt 0] Parser 'parser' entering state 'parse_sctp_common'
[15:48:09.898] [bmv2] [D] [thread 356] [41.0] [cxt 0] Extracting header 'sctp'
[15:48:09.898] [bmv2] [D] [thread 356] [41.0] [cxt 0] Parser set: setting field 'scalars.metadata.transport_src_port' from field 'sctp.src_port' (38412)
[15:48:09.898] [bmv2] [D] [thread 356] [41.0] [cxt 0] Parser set: setting field 'scalars.metadata.transport_dst_port' from field 'sctp.dst_port' (39657)
[15:48:09.898] [bmv2] [D] [thread 356] [41.0] [cxt 0] Parser set: setting field 'scalars.tmp_0' from expression, new value is 0
[15:48:09.898] [bmv2] [D] [thread 356] [41.0] [cxt 0] Parser state 'parse_sctp_common': key is 00
[15:48:09.898] [bmv2] [T] [thread 356] [41.0] [cxt 0] Bytes parsed: 46
[15:48:09.898] [bmv2] [D] [thread 356] [41.0] [cxt 0] Parser 'parser' entering state 'parse_sctp_common_join'
[15:48:09.898] [bmv2] [D] [thread 356] [41.0] [cxt 0] Extracting header 'sctp_chunk'
[15:48:09.898] [bmv2] [D] [thread 356] [41.0] [cxt 0] Parser state 'parse_sctp_common_join': key is 00
[15:48:09.898] [bmv2] [T] [thread 356] [41.0] [cxt 0] Bytes parsed: 50
[15:48:09.898] [bmv2] [D] [thread 356] [41.0] [cxt 0] Parser 'parser' entering state 'parse_sctp_data_chunk'
[15:48:09.898] [bmv2] [D] [thread 356] [41.0] [cxt 0] Extracting header 'sctp_data_chunk'
[15:48:09.898] [bmv2] [D] [thread 356] [41.0] [cxt 0] Parser state 'parse_sctp_data_chunk' has no switch, going to default next state
[15:48:09.898] [bmv2] [T] [thread 356] [41.0] [cxt 0] Bytes parsed: 62
[15:48:09.898] [bmv2] [D] [thread 356] [41.0] [cxt 0] Parser 'parser': end
[15:48:09.898] [bmv2] [D] [thread 356] [41.0] [cxt 0] Pipeline 'ingress': start
[15:48:09.898] [bmv2] [T] [thread 356] [41.0] [cxt 0] Applying table 'tbl_intgtpsource295'
[15:48:09.898] [bmv2] [D] [thread 356] [41.0] [cxt 0] Looking up key:

[15:48:09.898] [bmv2] [D] [thread 356] [41.0] [cxt 0] Table 'tbl_intgtpsource295': miss
[15:48:09.898] [bmv2] [D] [thread 356] [41.0] [cxt 0] Action entry is intgtpsource295 -
[15:48:09.898] [bmv2] [T] [thread 356] [41.0] [cxt 0] Action intgtpsource295
[15:48:09.898] [bmv2] [T] [thread 356] [41.0] [cxt 0] int-gtp-source.p4(295) Primitive meta.switch_id = 1
[15:48:09.898] [bmv2] [T] [thread 356] [41.0] [cxt 0] int-gtp-source.p4(297) Condition "hdr.ethernet.isValid() && hdr.ipv4.isValid()" (node_3) is true
[15:48:09.898] [bmv2] [T] [thread 356] [41.0] [cxt 0] int-gtp-source.p4(299) Condition "(hdr.ipv4.protocol == 132 && hdr.sctp.isValid()) || ..." (node_4) is true
[15:48:09.898] [bmv2] [T] [thread 356] [41.0] [cxt 0] Applying table 'MyIngress.int_source_table'
[15:48:09.898] [bmv2] [D] [thread 356] [41.0] [cxt 0] Looking up key:
* meta.traffic_type   : 00

[15:48:09.899] [bmv2] [D] [thread 356] [41.0] [cxt 0] Table 'MyIngress.int_source_table': miss
[15:48:09.899] [bmv2] [D] [thread 356] [41.0] [cxt 0] Action entry is NoAction -
[15:48:09.899] [bmv2] [T] [thread 356] [41.0] [cxt 0] Action NoAction
[15:48:09.899] [bmv2] [T] [thread 356] [41.0] [cxt 0] Applying table 'MyIngress.ipv4_lpm'
[15:48:09.899] [bmv2] [D] [thread 356] [41.0] [cxt 0] Looking up key:
* hdr.ipv4.dstAddr    : ac120a03

[15:48:09.899] [bmv2] [D] [thread 356] [41.0] [cxt 0] Table 'MyIngress.ipv4_lpm': hit with handle 1
[15:48:09.899] [bmv2] [D] [thread 356] [41.0] [cxt 0] Dumping entry 1
Match key:
* hdr.ipv4.dstAddr    : LPM       ac120a03/32
Action entry: MyIngress.forward_action - 1,

[15:48:09.899] [bmv2] [D] [thread 356] [41.0] [cxt 0] Action entry is MyIngress.forward_action - 1,
[15:48:09.899] [bmv2] [T] [thread 356] [41.0] [cxt 0] Action MyIngress.forward_action
[15:48:09.899] [bmv2] [T] [thread 356] [41.0] [cxt 0] int-gtp-source.p4(266) Primitive standard_metadata.egress_spec = egress_port
[15:48:09.899] [bmv2] [T] [thread 356] [41.0] [cxt 0] int-gtp-source.p4(308) Condition "meta.should_insert_int == 1" (node_7) is false
[15:48:09.899] [bmv2] [D] [thread 356] [41.0] [cxt 0] Pipeline 'ingress': end
[15:48:09.899] [bmv2] [D] [thread 356] [41.0] [cxt 0] Egress port is 1
[15:48:09.899] [bmv2] [D] [thread 358] [41.0] [cxt 0] Pipeline 'egress': start
[15:48:09.899] [bmv2] [T] [thread 358] [41.0] [cxt 0] int-gtp-source.p4(330) Condition "hdr.int_shim.isValid()" (node_11) is false
[15:48:09.899] [bmv2] [D] [thread 358] [41.0] [cxt 0] Pipeline 'egress': end
[15:48:09.899] [bmv2] [D] [thread 358] [41.0] [cxt 0] Deparser 'deparser': start
[15:48:09.899] [bmv2] [D] [thread 358] [41.0] [cxt 0] Deparsing header 'ethernet'
[15:48:09.899] [bmv2] [D] [thread 358] [41.0] [cxt 0] Deparsing header 'ipv4'
[15:48:09.899] [bmv2] [D] [thread 358] [41.0] [cxt 0] Deparsing header 'sctp'
[15:48:09.899] [bmv2] [D] [thread 358] [41.0] [cxt 0] Deparsing header 'sctp_chunk'
[15:48:09.899] [bmv2] [D] [thread 358] [41.0] [cxt 0] Deparsing header 'sctp_data_chunk'
[15:48:09.899] [bmv2] [D] [thread 358] [41.0] [cxt 0] Deparser 'deparser': end
[15:48:09.899] [bmv2] [D] [thread 361] [41.0] [cxt 0] Transmitting packet of size 294 out of port 1
[15:48:09.916] [bmv2] [D] [thread 356] [42.0] [cxt 0] Processing packet received on port 1
[15:48:09.916] [bmv2] [D] [thread 356] [42.0] [cxt 0] Parser 'parser': start
[15:48:09.916] [bmv2] [D] [thread 356] [42.0] [cxt 0] Parser 'parser' entering state 'start'
[15:48:09.916] [bmv2] [D] [thread 356] [42.0] [cxt 0] Extracting header 'ethernet'
[15:48:09.916] [bmv2] [D] [thread 356] [42.0] [cxt 0] Parser set: setting field 'scalars.metadata.ingress_port' from field 'standard_metadata.ingress_port' (1)
[15:48:09.916] [bmv2] [D] [thread 356] [42.0] [cxt 0] Parser set: setting field 'scalars.metadata.ingress_ts' from expression, new value is 177366979
[15:48:09.916] [bmv2] [D] [thread 356] [42.0] [cxt 0] Parser set: setting field 'scalars.metadata.is_int_packet' to 0
[15:48:09.916] [bmv2] [D] [thread 356] [42.0] [cxt 0] Parser set: setting field 'scalars.metadata.is_ngap_traffic' to 0
[15:48:09.916] [bmv2] [D] [thread 356] [42.0] [cxt 0] Parser set: setting field 'scalars.metadata.is_gtp_u_traffic' to 0
[15:48:09.916] [bmv2] [D] [thread 356] [42.0] [cxt 0] Parser set: setting field 'scalars.metadata.traffic_type' to 0
[15:48:09.916] [bmv2] [D] [thread 356] [42.0] [cxt 0] Parser set: setting field 'scalars.metadata.should_insert_int' to 0
[15:48:09.916] [bmv2] [D] [thread 356] [42.0] [cxt 0] Parser state 'start': key is 0800
[15:48:09.916] [bmv2] [T] [thread 356] [42.0] [cxt 0] Bytes parsed: 14
[15:48:09.916] [bmv2] [D] [thread 356] [42.0] [cxt 0] Parser 'parser' entering state 'parse_ipv4'
[15:48:09.916] [bmv2] [D] [thread 356] [42.0] [cxt 0] Extracting header 'ipv4'
[15:48:09.916] [bmv2] [D] [thread 356] [42.0] [cxt 0] Parser state 'parse_ipv4': key is 84
[15:48:09.916] [bmv2] [T] [thread 356] [42.0] [cxt 0] Bytes parsed: 34
[15:48:09.916] [bmv2] [D] [thread 356] [42.0] [cxt 0] Parser 'parser' entering state 'parse_sctp_common'
[15:48:09.916] [bmv2] [D] [thread 356] [42.0] [cxt 0] Extracting header 'sctp'
[15:48:09.916] [bmv2] [D] [thread 356] [42.0] [cxt 0] Parser set: setting field 'scalars.metadata.transport_src_port' from field 'sctp.src_port' (39657)
[15:48:09.916] [bmv2] [D] [thread 356] [42.0] [cxt 0] Parser set: setting field 'scalars.metadata.transport_dst_port' from field 'sctp.dst_port' (38412)
[15:48:09.916] [bmv2] [D] [thread 356] [42.0] [cxt 0] Parser set: setting field 'scalars.tmp_0' from expression, new value is 1
[15:48:09.916] [bmv2] [D] [thread 356] [42.0] [cxt 0] Parser state 'parse_sctp_common': key is 01
[15:48:09.916] [bmv2] [T] [thread 356] [42.0] [cxt 0] Bytes parsed: 46
[15:48:09.916] [bmv2] [D] [thread 356] [42.0] [cxt 0] Parser 'parser' entering state 'parse_sctp_common_true'
[15:48:09.916] [bmv2] [D] [thread 356] [42.0] [cxt 0] Parser set: setting field 'scalars.metadata.is_ngap_traffic' to 1
[15:48:09.916] [bmv2] [D] [thread 356] [42.0] [cxt 0] Parser set: setting field 'scalars.metadata.traffic_type' to 1
[15:48:09.916] [bmv2] [D] [thread 356] [42.0] [cxt 0] Parser state 'parse_sctp_common_true' has no switch, going to default next state
[15:48:09.916] [bmv2] [T] [thread 356] [42.0] [cxt 0] Bytes parsed: 46
[15:48:09.916] [bmv2] [D] [thread 356] [42.0] [cxt 0] Parser 'parser' entering state 'parse_sctp_common_join'
[15:48:09.916] [bmv2] [D] [thread 356] [42.0] [cxt 0] Extracting header 'sctp_chunk'
[15:48:09.916] [bmv2] [D] [thread 356] [42.0] [cxt 0] Parser state 'parse_sctp_common_join': key is 03
[15:48:09.916] [bmv2] [T] [thread 356] [42.0] [cxt 0] Bytes parsed: 50
[15:48:09.916] [bmv2] [D] [thread 356] [42.0] [cxt 0] Parser 'parser': end
[15:48:09.916] [bmv2] [D] [thread 356] [42.0] [cxt 0] Pipeline 'ingress': start
[15:48:09.916] [bmv2] [T] [thread 356] [42.0] [cxt 0] Applying table 'tbl_intgtpsource295'
[15:48:09.916] [bmv2] [D] [thread 356] [42.0] [cxt 0] Looking up key:

[15:48:09.916] [bmv2] [D] [thread 356] [42.0] [cxt 0] Table 'tbl_intgtpsource295': miss
[15:48:09.916] [bmv2] [D] [thread 356] [42.0] [cxt 0] Action entry is intgtpsource295 -
[15:48:09.916] [bmv2] [T] [thread 356] [42.0] [cxt 0] Action intgtpsource295
[15:48:09.916] [bmv2] [T] [thread 356] [42.0] [cxt 0] int-gtp-source.p4(295) Primitive meta.switch_id = 1
[15:48:09.916] [bmv2] [T] [thread 356] [42.0] [cxt 0] int-gtp-source.p4(297) Condition "hdr.ethernet.isValid() && hdr.ipv4.isValid()" (node_3) is true
[15:48:09.916] [bmv2] [T] [thread 356] [42.0] [cxt 0] int-gtp-source.p4(299) Condition "(hdr.ipv4.protocol == 132 && hdr.sctp.isValid()) || ..." (node_4) is true
[15:48:09.916] [bmv2] [T] [thread 356] [42.0] [cxt 0] Applying table 'MyIngress.int_source_table'
[15:48:09.916] [bmv2] [D] [thread 356] [42.0] [cxt 0] Looking up key:
* meta.traffic_type   : 01

[15:48:09.916] [bmv2] [D] [thread 356] [42.0] [cxt 0] Table 'MyIngress.int_source_table': hit with handle 0
[15:48:09.916] [bmv2] [D] [thread 356] [42.0] [cxt 0] Dumping entry 0
Match key:
* meta.traffic_type   : EXACT     01
Action entry: MyIngress.int_source_action -

[15:48:09.917] [bmv2] [D] [thread 356] [42.0] [cxt 0] Action entry is MyIngress.int_source_action -
[15:48:09.917] [bmv2] [T] [thread 356] [42.0] [cxt 0] Action MyIngress.int_source_action
[15:48:09.917] [bmv2] [T] [thread 356] [42.0] [cxt 0] int-gtp-source.p4(221) Primitive meta.should_insert_int = 1
[15:48:09.917] [bmv2] [T] [thread 356] [42.0] [cxt 0] Applying table 'MyIngress.ipv4_lpm'
[15:48:09.917] [bmv2] [D] [thread 356] [42.0] [cxt 0] Looking up key:
* hdr.ipv4.dstAddr    : ac120014

[15:48:09.917] [bmv2] [D] [thread 356] [42.0] [cxt 0] Table 'MyIngress.ipv4_lpm': hit with handle 2
[15:48:09.917] [bmv2] [D] [thread 356] [42.0] [cxt 0] Dumping entry 2
Match key:
* hdr.ipv4.dstAddr    : LPM       00000000/0
Action entry: MyIngress.forward_action - 2,

[15:48:09.917] [bmv2] [D] [thread 356] [42.0] [cxt 0] Action entry is MyIngress.forward_action - 2,
[15:48:09.917] [bmv2] [T] [thread 356] [42.0] [cxt 0] Action MyIngress.forward_action
[15:48:09.917] [bmv2] [T] [thread 356] [42.0] [cxt 0] int-gtp-source.p4(266) Primitive standard_metadata.egress_spec = egress_port
[15:48:09.917] [bmv2] [T] [thread 356] [42.0] [cxt 0] int-gtp-source.p4(308) Condition "meta.should_insert_int == 1" (node_7) is true
[15:48:09.917] [bmv2] [T] [thread 356] [42.0] [cxt 0] Applying table 'tbl_do_insert_int'
[15:48:09.917] [bmv2] [D] [thread 356] [42.0] [cxt 0] Looking up key:

[15:48:09.917] [bmv2] [D] [thread 356] [42.0] [cxt 0] Table 'tbl_do_insert_int': miss
[15:48:09.917] [bmv2] [D] [thread 356] [42.0] [cxt 0] Action entry is MyIngress.do_insert_int -
[15:48:09.917] [bmv2] [T] [thread 356] [42.0] [cxt 0] Action MyIngress.do_insert_int
[15:48:09.918] [bmv2] [T] [thread 356] [42.0] [cxt 0] int-gtp-source.p4(226) Primitive bit<16> original_ether_type = hdr.ethernet.etherType
[15:48:09.918] [bmv2] [T] [thread 356] [42.0] [cxt 0] int-gtp-source.p4(229) Primitive hdr.ethernet.etherType = 0xFA
[15:48:09.918] [bmv2] [T] [thread 356] [42.0] [cxt 0] int-gtp-source.p4(232) Primitive hdr.int_shim.setValid()
[15:48:09.918] [bmv2] [T] [thread 356] [42.0] [cxt 0] int-gtp-source.p4(233) Primitive hdr.int_shim.type = 1
[15:48:09.918] [bmv2] [T] [thread 356] [42.0] [cxt 0] int-gtp-source.p4(234) Primitive hdr.int_shim.reserved = 0
[15:48:09.918] [bmv2] [T] [thread 356] [42.0] [cxt 0] int-gtp-source.p4(235) Primitive hdr.int_shim.length = 44
[15:48:09.918] [bmv2] [T] [thread 356] [42.0] [cxt 0] int-gtp-source.p4(236) Primitive hdr.int_shim.next_proto = original_ether_type
[15:48:09.918] [bmv2] [T] [thread 356] [42.0] [cxt 0] int-gtp-source.p4(239) Primitive hdr.int_header.setValid()
[15:48:09.918] [bmv2] [T] [thread 356] [42.0] [cxt 0] int-gtp-source.p4(240) Primitive hdr.int_header.version = 1
[15:48:09.918] [bmv2] [T] [thread 356] [42.0] [cxt 0] int-gtp-source.p4(241) Primitive hdr.int_header.d = 0
[15:48:09.918] [bmv2] [T] [thread 356] [42.0] [cxt 0] int-gtp-source.p4(242) Primitive hdr.int_header.q = 0
[15:48:09.918] [bmv2] [T] [thread 356] [42.0] [cxt 0] int-gtp-source.p4(243) Primitive hdr.int_header.m = 1
[15:48:09.918] [bmv2] [T] [thread 356] [42.0] [cxt 0] int-gtp-source.p4(244) Primitive hdr.int_header.reserved1 = 0
[15:48:09.918] [bmv2] [T] [thread 356] [42.0] [cxt 0] int-gtp-source.p4(245) Primitive hdr.int_header.hop_ml = 1
[15:48:09.918] [bmv2] [T] [thread 356] [42.0] [cxt 0] int-gtp-source.p4(246) Primitive hdr.int_header.instruction = 0x00FF
[15:48:09.918] [bmv2] [T] [thread 356] [42.0] [cxt 0] int-gtp-source.p4(247) Primitive hdr.int_header.reserved2 = 0
[15:48:09.918] [bmv2] [T] [thread 356] [42.0] [cxt 0] int-gtp-source.p4(248) Primitive hdr.int_header.remaining_hop_cnt = 8 - 1
[15:48:09.918] [bmv2] [T] [thread 356] [42.0] [cxt 0] int-gtp-source.p4(251) Primitive hdr.int_md.setValid()
[15:48:09.918] [bmv2] [T] [thread 356] [42.0] [cxt 0] int-gtp-source.p4(252) Primitive hdr.int_md.padding_switch = 0
[15:48:09.918] [bmv2] [T] [thread 356] [42.0] [cxt 0] int-gtp-source.p4(253) Primitive hdr.int_md.switch_id = (bit<16>)meta.switch_id
[15:48:09.918] [bmv2] [T] [thread 356] [42.0] [cxt 0] int-gtp-source.p4(254) Primitive hdr.int_md.ingress_port_id = (bit<16>)meta.ingress_port
[15:48:09.918] [bmv2] [T] [thread 356] [42.0] [cxt 0] int-gtp-source.p4(255) Primitive hdr.int_md.ingress_timestamp = meta.ingress_ts
[15:48:09.918] [bmv2] [T] [thread 356] [42.0] [cxt 0] int-gtp-source.p4(256) Primitive hdr.int_md.egress_port_id = 0
[15:48:09.918] [bmv2] [T] [thread 356] [42.0] [cxt 0] int-gtp-source.p4(257) Primitive hdr.int_md.hop_latency = 0
[15:48:09.918] [bmv2] [T] [thread 356] [42.0] [cxt 0] int-gtp-source.p4(258) Primitive hdr.int_md.egress_timestamp = 0
[15:48:09.918] [bmv2] [T] [thread 356] [42.0] [cxt 0] int-gtp-source.p4(259) Primitive hdr.int_md.queue_occupancy = 0
[15:48:09.918] [bmv2] [T] [thread 356] [42.0] [cxt 0] int-gtp-source.p4(260) Primitive hdr.int_md.congestion_notification = 0
[15:48:09.918] [bmv2] [T] [thread 356] [42.0] [cxt 0] int-gtp-source.p4(261) Primitive hdr.int_md.reserved1 = 0
[15:48:09.918] [bmv2] [T] [thread 356] [42.0] [cxt 0] int-gtp-source.p4(262) Primitive hdr.int_md.reserved2 = 0
[15:48:09.918] [bmv2] [D] [thread 356] [42.0] [cxt 0] Pipeline 'ingress': end
[15:48:09.918] [bmv2] [D] [thread 356] [42.0] [cxt 0] Egress port is 2
[15:48:09.918] [bmv2] [D] [thread 359] [42.0] [cxt 0] Pipeline 'egress': start
[15:48:09.918] [bmv2] [T] [thread 359] [42.0] [cxt 0] int-gtp-source.p4(330) Condition "hdr.int_shim.isValid()" (node_11) is true
[15:48:09.918] [bmv2] [T] [thread 359] [42.0] [cxt 0] Applying table 'tbl_update_int_metadata'
[15:48:09.918] [bmv2] [D] [thread 359] [42.0] [cxt 0] Looking up key:

[15:48:09.918] [bmv2] [D] [thread 359] [42.0] [cxt 0] Table 'tbl_update_int_metadata': miss
[15:48:09.918] [bmv2] [D] [thread 359] [42.0] [cxt 0] Action entry is MyEgress.update_int_metadata -
[15:48:09.918] [bmv2] [T] [thread 359] [42.0] [cxt 0] Action MyEgress.update_int_metadata
[15:48:09.918] [bmv2] [T] [thread 359] [42.0] [cxt 0] int-gtp-source.p4(321) Primitive if
[15:48:09.918] [bmv2] [T] [thread 359] [42.0] [cxt 0] int-gtp-source.p4(322) Primitive hdr.int_md.egress_port_id = (bit<16>)standard_metadata.egress_port
[15:48:09.918] [bmv2] [T] [thread 359] [42.0] [cxt 0] int-gtp-source.p4(323) Primitive hdr.int_md.egress_timestamp = (bit<32>)standard_metadata.egress_global_timestamp
[15:48:09.918] [bmv2] [T] [thread 359] [42.0] [cxt 0] int-gtp-source.p4(324) Primitive hdr.int_md.hop_latency = hdr.int_md.egress_timestamp - hdr.int_md.ingress_timestamp
[15:48:09.918] [bmv2] [T] [thread 359] [42.0] [cxt 0] int-gtp-source.p4(325) Primitive hdr.int_md.queue_occupancy = (bit<32>)standard_metadata.enq_qdepth
[15:48:09.919] [bmv2] [D] [thread 359] [42.0] [cxt 0] Pipeline 'egress': end
[15:48:09.919] [bmv2] [D] [thread 359] [42.0] [cxt 0] Deparser 'deparser': start
[15:48:09.919] [bmv2] [D] [thread 359] [42.0] [cxt 0] Deparsing header 'ethernet'
[15:48:09.919] [bmv2] [D] [thread 359] [42.0] [cxt 0] Deparsing header 'int_shim'
[15:48:09.919] [bmv2] [D] [thread 359] [42.0] [cxt 0] Deparsing header 'int_header'
[15:48:09.919] [bmv2] [D] [thread 359] [42.0] [cxt 0] Deparsing header 'int_md'
[15:48:09.919] [bmv2] [D] [thread 359] [42.0] [cxt 0] Deparsing header 'ipv4'
[15:48:09.919] [bmv2] [D] [thread 359] [42.0] [cxt 0] Deparsing header 'sctp'
[15:48:09.919] [bmv2] [D] [thread 359] [42.0] [cxt 0] Deparsing header 'sctp_chunk'
[15:48:09.919] [bmv2] [D] [thread 359] [42.0] [cxt 0] Deparser 'deparser': end
[15:48:09.919] [bmv2] [D] [thread 361] [42.0] [cxt 0] Transmitting packet of size 187 out of port 2
[15:48:10.148] [bmv2] [D] [thread 356] [43.0] [cxt 0] Processing packet received on port 2
[15:48:10.148] [bmv2] [D] [thread 356] [43.0] [cxt 0] Parser 'parser': start
[15:48:10.148] [bmv2] [D] [thread 356] [43.0] [cxt 0] Parser 'parser' entering state 'start'
[15:48:10.148] [bmv2] [D] [thread 356] [43.0] [cxt 0] Extracting header 'ethernet'
[15:48:10.148] [bmv2] [D] [thread 356] [43.0] [cxt 0] Parser set: setting field 'scalars.metadata.ingress_port' from field 'standard_metadata.ingress_port' (2)
[15:48:10.148] [bmv2] [D] [thread 356] [43.0] [cxt 0] Parser set: setting field 'scalars.metadata.ingress_ts' from expression, new value is 177599112
[15:48:10.148] [bmv2] [D] [thread 356] [43.0] [cxt 0] Parser set: setting field 'scalars.metadata.is_int_packet' to 0
[15:48:10.148] [bmv2] [D] [thread 356] [43.0] [cxt 0] Parser set: setting field 'scalars.metadata.is_ngap_traffic' to 0
[15:48:10.148] [bmv2] [D] [thread 356] [43.0] [cxt 0] Parser set: setting field 'scalars.metadata.is_gtp_u_traffic' to 0
[15:48:10.148] [bmv2] [D] [thread 356] [43.0] [cxt 0] Parser set: setting field 'scalars.metadata.traffic_type' to 0
[15:48:10.148] [bmv2] [D] [thread 356] [43.0] [cxt 0] Parser set: setting field 'scalars.metadata.should_insert_int' to 0
[15:48:10.148] [bmv2] [D] [thread 356] [43.0] [cxt 0] Parser state 'start': key is 0800
[15:48:10.148] [bmv2] [T] [thread 356] [43.0] [cxt 0] Bytes parsed: 14
[15:48:10.148] [bmv2] [D] [thread 356] [43.0] [cxt 0] Parser 'parser' entering state 'parse_ipv4'
[15:48:10.148] [bmv2] [D] [thread 356] [43.0] [cxt 0] Extracting header 'ipv4'
[15:48:10.148] [bmv2] [D] [thread 356] [43.0] [cxt 0] Parser state 'parse_ipv4': key is 84
[15:48:10.148] [bmv2] [T] [thread 356] [43.0] [cxt 0] Bytes parsed: 34
[15:48:10.148] [bmv2] [D] [thread 356] [43.0] [cxt 0] Parser 'parser' entering state 'parse_sctp_common'
[15:48:10.148] [bmv2] [D] [thread 356] [43.0] [cxt 0] Extracting header 'sctp'
[15:48:10.148] [bmv2] [D] [thread 356] [43.0] [cxt 0] Parser set: setting field 'scalars.metadata.transport_src_port' from field 'sctp.src_port' (38412)
[15:48:10.148] [bmv2] [D] [thread 356] [43.0] [cxt 0] Parser set: setting field 'scalars.metadata.transport_dst_port' from field 'sctp.dst_port' (39657)
[15:48:10.148] [bmv2] [D] [thread 356] [43.0] [cxt 0] Parser set: setting field 'scalars.tmp_0' from expression, new value is 0
[15:48:10.148] [bmv2] [D] [thread 356] [43.0] [cxt 0] Parser state 'parse_sctp_common': key is 00
[15:48:10.148] [bmv2] [T] [thread 356] [43.0] [cxt 0] Bytes parsed: 46
[15:48:10.148] [bmv2] [D] [thread 356] [43.0] [cxt 0] Parser 'parser' entering state 'parse_sctp_common_join'
[15:48:10.148] [bmv2] [D] [thread 356] [43.0] [cxt 0] Extracting header 'sctp_chunk'
[15:48:10.148] [bmv2] [D] [thread 356] [43.0] [cxt 0] Parser state 'parse_sctp_common_join': key is 03
[15:48:10.148] [bmv2] [T] [thread 356] [43.0] [cxt 0] Bytes parsed: 50
[15:48:10.148] [bmv2] [D] [thread 356] [43.0] [cxt 0] Parser 'parser': end
[15:48:10.148] [bmv2] [D] [thread 356] [43.0] [cxt 0] Pipeline 'ingress': start
[15:48:10.148] [bmv2] [T] [thread 356] [43.0] [cxt 0] Applying table 'tbl_intgtpsource295'
[15:48:10.148] [bmv2] [D] [thread 356] [43.0] [cxt 0] Looking up key:

[15:48:10.148] [bmv2] [D] [thread 356] [43.0] [cxt 0] Table 'tbl_intgtpsource295': miss
[15:48:10.148] [bmv2] [D] [thread 356] [43.0] [cxt 0] Action entry is intgtpsource295 -
[15:48:10.148] [bmv2] [T] [thread 356] [43.0] [cxt 0] Action intgtpsource295
[15:48:10.148] [bmv2] [T] [thread 356] [43.0] [cxt 0] int-gtp-source.p4(295) Primitive meta.switch_id = 1
[15:48:10.148] [bmv2] [T] [thread 356] [43.0] [cxt 0] int-gtp-source.p4(297) Condition "hdr.ethernet.isValid() && hdr.ipv4.isValid()" (node_3) is true
[15:48:10.148] [bmv2] [T] [thread 356] [43.0] [cxt 0] int-gtp-source.p4(299) Condition "(hdr.ipv4.protocol == 132 && hdr.sctp.isValid()) || ..." (node_4) is true
[15:48:10.148] [bmv2] [T] [thread 356] [43.0] [cxt 0] Applying table 'MyIngress.int_source_table'
[15:48:10.148] [bmv2] [D] [thread 356] [43.0] [cxt 0] Looking up key:
* meta.traffic_type   : 00

[15:48:10.148] [bmv2] [D] [thread 356] [43.0] [cxt 0] Table 'MyIngress.int_source_table': miss
[15:48:10.148] [bmv2] [D] [thread 356] [43.0] [cxt 0] Action entry is NoAction -
[15:48:10.148] [bmv2] [T] [thread 356] [43.0] [cxt 0] Action NoAction
[15:48:10.148] [bmv2] [T] [thread 356] [43.0] [cxt 0] Applying table 'MyIngress.ipv4_lpm'
[15:48:10.148] [bmv2] [D] [thread 356] [43.0] [cxt 0] Looking up key:
* hdr.ipv4.dstAddr    : ac120a03

[15:48:10.148] [bmv2] [D] [thread 356] [43.0] [cxt 0] Table 'MyIngress.ipv4_lpm': hit with handle 1
[15:48:10.148] [bmv2] [D] [thread 356] [43.0] [cxt 0] Dumping entry 1
Match key:
* hdr.ipv4.dstAddr    : LPM       ac120a03/32
Action entry: MyIngress.forward_action - 1,

[15:48:10.148] [bmv2] [D] [thread 356] [43.0] [cxt 0] Action entry is MyIngress.forward_action - 1,
[15:48:10.148] [bmv2] [T] [thread 356] [43.0] [cxt 0] Action MyIngress.forward_action
[15:48:10.148] [bmv2] [T] [thread 356] [43.0] [cxt 0] int-gtp-source.p4(266) Primitive standard_metadata.egress_spec = egress_port
[15:48:10.148] [bmv2] [T] [thread 356] [43.0] [cxt 0] int-gtp-source.p4(308) Condition "meta.should_insert_int == 1" (node_7) is false
[15:48:10.148] [bmv2] [D] [thread 356] [43.0] [cxt 0] Pipeline 'ingress': end
[15:48:10.148] [bmv2] [D] [thread 356] [43.0] [cxt 0] Egress port is 1
[15:48:10.148] [bmv2] [D] [thread 358] [43.0] [cxt 0] Pipeline 'egress': start
[15:48:10.148] [bmv2] [T] [thread 358] [43.0] [cxt 0] int-gtp-source.p4(330) Condition "hdr.int_shim.isValid()" (node_11) is false
[15:48:10.148] [bmv2] [D] [thread 358] [43.0] [cxt 0] Pipeline 'egress': end
[15:48:10.148] [bmv2] [D] [thread 358] [43.0] [cxt 0] Deparser 'deparser': start
[15:48:10.149] [bmv2] [D] [thread 358] [43.0] [cxt 0] Deparsing header 'ethernet'
[15:48:10.149] [bmv2] [D] [thread 358] [43.0] [cxt 0] Deparsing header 'ipv4'
[15:48:10.149] [bmv2] [D] [thread 358] [43.0] [cxt 0] Deparsing header 'sctp'
[15:48:10.149] [bmv2] [D] [thread 358] [43.0] [cxt 0] Deparsing header 'sctp_chunk'
[15:48:10.149] [bmv2] [D] [thread 358] [43.0] [cxt 0] Deparser 'deparser': end
[15:48:10.149] [bmv2] [D] [thread 361] [43.0] [cxt 0] Transmitting packet of size 62 out of port 1
[15:48:10.409] [bmv2] [D] [thread 356] [44.0] [cxt 0] Processing packet received on port 2
[15:48:10.409] [bmv2] [D] [thread 356] [44.0] [cxt 0] Parser 'parser': start
[15:48:10.409] [bmv2] [D] [thread 356] [44.0] [cxt 0] Parser 'parser' entering state 'start'
[15:48:10.409] [bmv2] [D] [thread 356] [44.0] [cxt 0] Extracting header 'ethernet'
[15:48:10.409] [bmv2] [D] [thread 356] [44.0] [cxt 0] Parser set: setting field 'scalars.metadata.ingress_port' from field 'standard_metadata.ingress_port' (2)
[15:48:10.409] [bmv2] [D] [thread 356] [44.0] [cxt 0] Parser set: setting field 'scalars.metadata.ingress_ts' from expression, new value is 177859975
[15:48:10.409] [bmv2] [D] [thread 356] [44.0] [cxt 0] Parser set: setting field 'scalars.metadata.is_int_packet' to 0
[15:48:10.409] [bmv2] [D] [thread 356] [44.0] [cxt 0] Parser set: setting field 'scalars.metadata.is_ngap_traffic' to 0
[15:48:10.409] [bmv2] [D] [thread 356] [44.0] [cxt 0] Parser set: setting field 'scalars.metadata.is_gtp_u_traffic' to 0
[15:48:10.409] [bmv2] [D] [thread 356] [44.0] [cxt 0] Parser set: setting field 'scalars.metadata.traffic_type' to 0
[15:48:10.409] [bmv2] [D] [thread 356] [44.0] [cxt 0] Parser set: setting field 'scalars.metadata.should_insert_int' to 0
[15:48:10.409] [bmv2] [D] [thread 356] [44.0] [cxt 0] Parser state 'start': key is 0800
[15:48:10.409] [bmv2] [T] [thread 356] [44.0] [cxt 0] Bytes parsed: 14
[15:48:10.409] [bmv2] [D] [thread 356] [44.0] [cxt 0] Parser 'parser' entering state 'parse_ipv4'
[15:48:10.409] [bmv2] [D] [thread 356] [44.0] [cxt 0] Extracting header 'ipv4'
[15:48:10.409] [bmv2] [D] [thread 356] [44.0] [cxt 0] Parser state 'parse_ipv4': key is 84
[15:48:10.409] [bmv2] [T] [thread 356] [44.0] [cxt 0] Bytes parsed: 34
[15:48:10.409] [bmv2] [D] [thread 356] [44.0] [cxt 0] Parser 'parser' entering state 'parse_sctp_common'
[15:48:10.409] [bmv2] [D] [thread 356] [44.0] [cxt 0] Extracting header 'sctp'
[15:48:10.409] [bmv2] [D] [thread 356] [44.0] [cxt 0] Parser set: setting field 'scalars.metadata.transport_src_port' from field 'sctp.src_port' (38412)
[15:48:10.409] [bmv2] [D] [thread 356] [44.0] [cxt 0] Parser set: setting field 'scalars.metadata.transport_dst_port' from field 'sctp.dst_port' (39657)
[15:48:10.409] [bmv2] [D] [thread 356] [44.0] [cxt 0] Parser set: setting field 'scalars.tmp_0' from expression, new value is 0
[15:48:10.409] [bmv2] [D] [thread 356] [44.0] [cxt 0] Parser state 'parse_sctp_common': key is 00
[15:48:10.409] [bmv2] [T] [thread 356] [44.0] [cxt 0] Bytes parsed: 46
[15:48:10.409] [bmv2] [D] [thread 356] [44.0] [cxt 0] Parser 'parser' entering state 'parse_sctp_common_join'
[15:48:10.409] [bmv2] [D] [thread 356] [44.0] [cxt 0] Extracting header 'sctp_chunk'
[15:48:10.409] [bmv2] [D] [thread 356] [44.0] [cxt 0] Parser state 'parse_sctp_common_join': key is 00
[15:48:10.409] [bmv2] [T] [thread 356] [44.0] [cxt 0] Bytes parsed: 50
[15:48:10.409] [bmv2] [D] [thread 356] [44.0] [cxt 0] Parser 'parser' entering state 'parse_sctp_data_chunk'
[15:48:10.409] [bmv2] [D] [thread 356] [44.0] [cxt 0] Extracting header 'sctp_data_chunk'
[15:48:10.409] [bmv2] [D] [thread 356] [44.0] [cxt 0] Parser state 'parse_sctp_data_chunk' has no switch, going to default next state
[15:48:10.409] [bmv2] [T] [thread 356] [44.0] [cxt 0] Bytes parsed: 62
[15:48:10.409] [bmv2] [D] [thread 356] [44.0] [cxt 0] Parser 'parser': end
[15:48:10.409] [bmv2] [D] [thread 356] [44.0] [cxt 0] Pipeline 'ingress': start
[15:48:10.409] [bmv2] [T] [thread 356] [44.0] [cxt 0] Applying table 'tbl_intgtpsource295'
[15:48:10.409] [bmv2] [D] [thread 356] [44.0] [cxt 0] Looking up key:

[15:48:10.409] [bmv2] [D] [thread 356] [44.0] [cxt 0] Table 'tbl_intgtpsource295': miss
[15:48:10.409] [bmv2] [D] [thread 356] [44.0] [cxt 0] Action entry is intgtpsource295 -
[15:48:10.409] [bmv2] [T] [thread 356] [44.0] [cxt 0] Action intgtpsource295
[15:48:10.409] [bmv2] [T] [thread 356] [44.0] [cxt 0] int-gtp-source.p4(295) Primitive meta.switch_id = 1
[15:48:10.409] [bmv2] [T] [thread 356] [44.0] [cxt 0] int-gtp-source.p4(297) Condition "hdr.ethernet.isValid() && hdr.ipv4.isValid()" (node_3) is true
[15:48:10.409] [bmv2] [T] [thread 356] [44.0] [cxt 0] int-gtp-source.p4(299) Condition "(hdr.ipv4.protocol == 132 && hdr.sctp.isValid()) || ..." (node_4) is true
[15:48:10.409] [bmv2] [T] [thread 356] [44.0] [cxt 0] Applying table 'MyIngress.int_source_table'
[15:48:10.409] [bmv2] [D] [thread 356] [44.0] [cxt 0] Looking up key:
* meta.traffic_type   : 00

[15:48:10.409] [bmv2] [D] [thread 356] [44.0] [cxt 0] Table 'MyIngress.int_source_table': miss
[15:48:10.409] [bmv2] [D] [thread 356] [44.0] [cxt 0] Action entry is NoAction -
[15:48:10.409] [bmv2] [T] [thread 356] [44.0] [cxt 0] Action NoAction
[15:48:10.409] [bmv2] [T] [thread 356] [44.0] [cxt 0] Applying table 'MyIngress.ipv4_lpm'
[15:48:10.409] [bmv2] [D] [thread 356] [44.0] [cxt 0] Looking up key:
* hdr.ipv4.dstAddr    : ac120a03

[15:48:10.409] [bmv2] [D] [thread 356] [44.0] [cxt 0] Table 'MyIngress.ipv4_lpm': hit with handle 1
[15:48:10.409] [bmv2] [D] [thread 356] [44.0] [cxt 0] Dumping entry 1
Match key:
* hdr.ipv4.dstAddr    : LPM       ac120a03/32
Action entry: MyIngress.forward_action - 1,

[15:48:10.409] [bmv2] [D] [thread 356] [44.0] [cxt 0] Action entry is MyIngress.forward_action - 1,
[15:48:10.410] [bmv2] [T] [thread 356] [44.0] [cxt 0] Action MyIngress.forward_action
[15:48:10.410] [bmv2] [T] [thread 356] [44.0] [cxt 0] int-gtp-source.p4(266) Primitive standard_metadata.egress_spec = egress_port
[15:48:10.410] [bmv2] [T] [thread 356] [44.0] [cxt 0] int-gtp-source.p4(308) Condition "meta.should_insert_int == 1" (node_7) is false
[15:48:10.410] [bmv2] [D] [thread 356] [44.0] [cxt 0] Pipeline 'ingress': end
[15:48:10.410] [bmv2] [D] [thread 356] [44.0] [cxt 0] Egress port is 1
[15:48:10.410] [bmv2] [D] [thread 358] [44.0] [cxt 0] Pipeline 'egress': start
[15:48:10.410] [bmv2] [T] [thread 358] [44.0] [cxt 0] int-gtp-source.p4(330) Condition "hdr.int_shim.isValid()" (node_11) is false
[15:48:10.410] [bmv2] [D] [thread 358] [44.0] [cxt 0] Pipeline 'egress': end
[15:48:10.410] [bmv2] [D] [thread 358] [44.0] [cxt 0] Deparser 'deparser': start
[15:48:10.410] [bmv2] [D] [thread 358] [44.0] [cxt 0] Deparsing header 'ethernet'
[15:48:10.410] [bmv2] [D] [thread 358] [44.0] [cxt 0] Deparsing header 'ipv4'
[15:48:10.410] [bmv2] [D] [thread 358] [44.0] [cxt 0] Deparsing header 'sctp'
[15:48:10.410] [bmv2] [D] [thread 358] [44.0] [cxt 0] Deparsing header 'sctp_chunk'
[15:48:10.410] [bmv2] [D] [thread 358] [44.0] [cxt 0] Deparsing header 'sctp_data_chunk'
[15:48:10.410] [bmv2] [D] [thread 358] [44.0] [cxt 0] Deparser 'deparser': end
[15:48:10.410] [bmv2] [D] [thread 361] [44.0] [cxt 0] Transmitting packet of size 294 out of port 1
[15:48:10.428] [bmv2] [D] [thread 356] [45.0] [cxt 0] Processing packet received on port 1
[15:48:10.428] [bmv2] [D] [thread 356] [45.0] [cxt 0] Parser 'parser': start
[15:48:10.428] [bmv2] [D] [thread 356] [45.0] [cxt 0] Parser 'parser' entering state 'start'
[15:48:10.428] [bmv2] [D] [thread 356] [45.0] [cxt 0] Extracting header 'ethernet'
[15:48:10.428] [bmv2] [D] [thread 356] [45.0] [cxt 0] Parser set: setting field 'scalars.metadata.ingress_port' from field 'standard_metadata.ingress_port' (1)
[15:48:10.428] [bmv2] [D] [thread 356] [45.0] [cxt 0] Parser set: setting field 'scalars.metadata.ingress_ts' from expression, new value is 177879158
[15:48:10.428] [bmv2] [D] [thread 356] [45.0] [cxt 0] Parser set: setting field 'scalars.metadata.is_int_packet' to 0
[15:48:10.428] [bmv2] [D] [thread 356] [45.0] [cxt 0] Parser set: setting field 'scalars.metadata.is_ngap_traffic' to 0
[15:48:10.428] [bmv2] [D] [thread 356] [45.0] [cxt 0] Parser set: setting field 'scalars.metadata.is_gtp_u_traffic' to 0
[15:48:10.428] [bmv2] [D] [thread 356] [45.0] [cxt 0] Parser set: setting field 'scalars.metadata.traffic_type' to 0
[15:48:10.428] [bmv2] [D] [thread 356] [45.0] [cxt 0] Parser set: setting field 'scalars.metadata.should_insert_int' to 0
[15:48:10.428] [bmv2] [D] [thread 356] [45.0] [cxt 0] Parser state 'start': key is 0800
[15:48:10.428] [bmv2] [T] [thread 356] [45.0] [cxt 0] Bytes parsed: 14
[15:48:10.428] [bmv2] [D] [thread 356] [45.0] [cxt 0] Parser 'parser' entering state 'parse_ipv4'
[15:48:10.428] [bmv2] [D] [thread 356] [45.0] [cxt 0] Extracting header 'ipv4'
[15:48:10.428] [bmv2] [D] [thread 356] [45.0] [cxt 0] Parser state 'parse_ipv4': key is 84
[15:48:10.428] [bmv2] [T] [thread 356] [45.0] [cxt 0] Bytes parsed: 34
[15:48:10.428] [bmv2] [D] [thread 356] [45.0] [cxt 0] Parser 'parser' entering state 'parse_sctp_common'
[15:48:10.428] [bmv2] [D] [thread 356] [45.0] [cxt 0] Extracting header 'sctp'
[15:48:10.428] [bmv2] [D] [thread 356] [45.0] [cxt 0] Parser set: setting field 'scalars.metadata.transport_src_port' from field 'sctp.src_port' (39657)
[15:48:10.428] [bmv2] [D] [thread 356] [45.0] [cxt 0] Parser set: setting field 'scalars.metadata.transport_dst_port' from field 'sctp.dst_port' (38412)
[15:48:10.428] [bmv2] [D] [thread 356] [45.0] [cxt 0] Parser set: setting field 'scalars.tmp_0' from expression, new value is 1
[15:48:10.428] [bmv2] [D] [thread 356] [45.0] [cxt 0] Parser state 'parse_sctp_common': key is 01
[15:48:10.428] [bmv2] [T] [thread 356] [45.0] [cxt 0] Bytes parsed: 46
[15:48:10.428] [bmv2] [D] [thread 356] [45.0] [cxt 0] Parser 'parser' entering state 'parse_sctp_common_true'
[15:48:10.428] [bmv2] [D] [thread 356] [45.0] [cxt 0] Parser set: setting field 'scalars.metadata.is_ngap_traffic' to 1
[15:48:10.428] [bmv2] [D] [thread 356] [45.0] [cxt 0] Parser set: setting field 'scalars.metadata.traffic_type' to 1
[15:48:10.428] [bmv2] [D] [thread 356] [45.0] [cxt 0] Parser state 'parse_sctp_common_true' has no switch, going to default next state
[15:48:10.428] [bmv2] [T] [thread 356] [45.0] [cxt 0] Bytes parsed: 46
[15:48:10.428] [bmv2] [D] [thread 356] [45.0] [cxt 0] Parser 'parser' entering state 'parse_sctp_common_join'
[15:48:10.428] [bmv2] [D] [thread 356] [45.0] [cxt 0] Extracting header 'sctp_chunk'
[15:48:10.428] [bmv2] [D] [thread 356] [45.0] [cxt 0] Parser state 'parse_sctp_common_join': key is 03
[15:48:10.428] [bmv2] [T] [thread 356] [45.0] [cxt 0] Bytes parsed: 50
[15:48:10.428] [bmv2] [D] [thread 356] [45.0] [cxt 0] Parser 'parser': end
[15:48:10.428] [bmv2] [D] [thread 356] [45.0] [cxt 0] Pipeline 'ingress': start
[15:48:10.428] [bmv2] [T] [thread 356] [45.0] [cxt 0] Applying table 'tbl_intgtpsource295'
[15:48:10.428] [bmv2] [D] [thread 356] [45.0] [cxt 0] Looking up key:

[15:48:10.428] [bmv2] [D] [thread 356] [45.0] [cxt 0] Table 'tbl_intgtpsource295': miss
[15:48:10.428] [bmv2] [D] [thread 356] [45.0] [cxt 0] Action entry is intgtpsource295 -
[15:48:10.428] [bmv2] [T] [thread 356] [45.0] [cxt 0] Action intgtpsource295
[15:48:10.428] [bmv2] [T] [thread 356] [45.0] [cxt 0] int-gtp-source.p4(295) Primitive meta.switch_id = 1
[15:48:10.428] [bmv2] [T] [thread 356] [45.0] [cxt 0] int-gtp-source.p4(297) Condition "hdr.ethernet.isValid() && hdr.ipv4.isValid()" (node_3) is true
[15:48:10.428] [bmv2] [T] [thread 356] [45.0] [cxt 0] int-gtp-source.p4(299) Condition "(hdr.ipv4.protocol == 132 && hdr.sctp.isValid()) || ..." (node_4) is true
[15:48:10.428] [bmv2] [T] [thread 356] [45.0] [cxt 0] Applying table 'MyIngress.int_source_table'
[15:48:10.428] [bmv2] [D] [thread 356] [45.0] [cxt 0] Looking up key:
* meta.traffic_type   : 01

[15:48:10.428] [bmv2] [D] [thread 356] [45.0] [cxt 0] Table 'MyIngress.int_source_table': hit with handle 0
[15:48:10.428] [bmv2] [D] [thread 356] [45.0] [cxt 0] Dumping entry 0
Match key:
* meta.traffic_type   : EXACT     01
Action entry: MyIngress.int_source_action -

[15:48:10.428] [bmv2] [D] [thread 356] [45.0] [cxt 0] Action entry is MyIngress.int_source_action -
[15:48:10.428] [bmv2] [T] [thread 356] [45.0] [cxt 0] Action MyIngress.int_source_action
[15:48:10.428] [bmv2] [T] [thread 356] [45.0] [cxt 0] int-gtp-source.p4(221) Primitive meta.should_insert_int = 1
[15:48:10.428] [bmv2] [T] [thread 356] [45.0] [cxt 0] Applying table 'MyIngress.ipv4_lpm'
[15:48:10.428] [bmv2] [D] [thread 356] [45.0] [cxt 0] Looking up key:
* hdr.ipv4.dstAddr    : ac120014

[15:48:10.428] [bmv2] [D] [thread 356] [45.0] [cxt 0] Table 'MyIngress.ipv4_lpm': hit with handle 2
[15:48:10.428] [bmv2] [D] [thread 356] [45.0] [cxt 0] Dumping entry 2
Match key:
* hdr.ipv4.dstAddr    : LPM       00000000/0
Action entry: MyIngress.forward_action - 2,

[15:48:10.428] [bmv2] [D] [thread 356] [45.0] [cxt 0] Action entry is MyIngress.forward_action - 2,
[15:48:10.428] [bmv2] [T] [thread 356] [45.0] [cxt 0] Action MyIngress.forward_action
[15:48:10.428] [bmv2] [T] [thread 356] [45.0] [cxt 0] int-gtp-source.p4(266) Primitive standard_metadata.egress_spec = egress_port
[15:48:10.428] [bmv2] [T] [thread 356] [45.0] [cxt 0] int-gtp-source.p4(308) Condition "meta.should_insert_int == 1" (node_7) is true
[15:48:10.428] [bmv2] [T] [thread 356] [45.0] [cxt 0] Applying table 'tbl_do_insert_int'
[15:48:10.428] [bmv2] [D] [thread 356] [45.0] [cxt 0] Looking up key:

[15:48:10.428] [bmv2] [D] [thread 356] [45.0] [cxt 0] Table 'tbl_do_insert_int': miss
[15:48:10.428] [bmv2] [D] [thread 356] [45.0] [cxt 0] Action entry is MyIngress.do_insert_int -
[15:48:10.428] [bmv2] [T] [thread 356] [45.0] [cxt 0] Action MyIngress.do_insert_int
[15:48:10.428] [bmv2] [T] [thread 356] [45.0] [cxt 0] int-gtp-source.p4(226) Primitive bit<16> original_ether_type = hdr.ethernet.etherType
[15:48:10.429] [bmv2] [T] [thread 356] [45.0] [cxt 0] int-gtp-source.p4(229) Primitive hdr.ethernet.etherType = 0xFA
[15:48:10.429] [bmv2] [T] [thread 356] [45.0] [cxt 0] int-gtp-source.p4(232) Primitive hdr.int_shim.setValid()
[15:48:10.429] [bmv2] [T] [thread 356] [45.0] [cxt 0] int-gtp-source.p4(233) Primitive hdr.int_shim.type = 1
[15:48:10.429] [bmv2] [T] [thread 356] [45.0] [cxt 0] int-gtp-source.p4(234) Primitive hdr.int_shim.reserved = 0
[15:48:10.429] [bmv2] [T] [thread 356] [45.0] [cxt 0] int-gtp-source.p4(235) Primitive hdr.int_shim.length = 44
[15:48:10.429] [bmv2] [T] [thread 356] [45.0] [cxt 0] int-gtp-source.p4(236) Primitive hdr.int_shim.next_proto = original_ether_type
[15:48:10.429] [bmv2] [T] [thread 356] [45.0] [cxt 0] int-gtp-source.p4(239) Primitive hdr.int_header.setValid()
[15:48:10.429] [bmv2] [T] [thread 356] [45.0] [cxt 0] int-gtp-source.p4(240) Primitive hdr.int_header.version = 1
[15:48:10.429] [bmv2] [T] [thread 356] [45.0] [cxt 0] int-gtp-source.p4(241) Primitive hdr.int_header.d = 0
[15:48:10.429] [bmv2] [T] [thread 356] [45.0] [cxt 0] int-gtp-source.p4(242) Primitive hdr.int_header.q = 0
[15:48:10.429] [bmv2] [T] [thread 356] [45.0] [cxt 0] int-gtp-source.p4(243) Primitive hdr.int_header.m = 1
[15:48:10.429] [bmv2] [T] [thread 356] [45.0] [cxt 0] int-gtp-source.p4(244) Primitive hdr.int_header.reserved1 = 0
[15:48:10.429] [bmv2] [T] [thread 356] [45.0] [cxt 0] int-gtp-source.p4(245) Primitive hdr.int_header.hop_ml = 1
[15:48:10.429] [bmv2] [T] [thread 356] [45.0] [cxt 0] int-gtp-source.p4(246) Primitive hdr.int_header.instruction = 0x00FF
[15:48:10.429] [bmv2] [T] [thread 356] [45.0] [cxt 0] int-gtp-source.p4(247) Primitive hdr.int_header.reserved2 = 0
[15:48:10.429] [bmv2] [T] [thread 356] [45.0] [cxt 0] int-gtp-source.p4(248) Primitive hdr.int_header.remaining_hop_cnt = 8 - 1
[15:48:10.429] [bmv2] [T] [thread 356] [45.0] [cxt 0] int-gtp-source.p4(251) Primitive hdr.int_md.setValid()
[15:48:10.429] [bmv2] [T] [thread 356] [45.0] [cxt 0] int-gtp-source.p4(252) Primitive hdr.int_md.padding_switch = 0
[15:48:10.429] [bmv2] [T] [thread 356] [45.0] [cxt 0] int-gtp-source.p4(253) Primitive hdr.int_md.switch_id = (bit<16>)meta.switch_id
[15:48:10.429] [bmv2] [T] [thread 356] [45.0] [cxt 0] int-gtp-source.p4(254) Primitive hdr.int_md.ingress_port_id = (bit<16>)meta.ingress_port
[15:48:10.429] [bmv2] [T] [thread 356] [45.0] [cxt 0] int-gtp-source.p4(255) Primitive hdr.int_md.ingress_timestamp = meta.ingress_ts
[15:48:10.429] [bmv2] [T] [thread 356] [45.0] [cxt 0] int-gtp-source.p4(256) Primitive hdr.int_md.egress_port_id = 0
[15:48:10.429] [bmv2] [T] [thread 356] [45.0] [cxt 0] int-gtp-source.p4(257) Primitive hdr.int_md.hop_latency = 0
[15:48:10.429] [bmv2] [T] [thread 356] [45.0] [cxt 0] int-gtp-source.p4(258) Primitive hdr.int_md.egress_timestamp = 0
[15:48:10.429] [bmv2] [T] [thread 356] [45.0] [cxt 0] int-gtp-source.p4(259) Primitive hdr.int_md.queue_occupancy = 0
[15:48:10.429] [bmv2] [T] [thread 356] [45.0] [cxt 0] int-gtp-source.p4(260) Primitive hdr.int_md.congestion_notification = 0
[15:48:10.429] [bmv2] [T] [thread 356] [45.0] [cxt 0] int-gtp-source.p4(261) Primitive hdr.int_md.reserved1 = 0
[15:48:10.429] [bmv2] [T] [thread 356] [45.0] [cxt 0] int-gtp-source.p4(262) Primitive hdr.int_md.reserved2 = 0
[15:48:10.429] [bmv2] [D] [thread 356] [45.0] [cxt 0] Pipeline 'ingress': end
[15:48:10.429] [bmv2] [D] [thread 356] [45.0] [cxt 0] Egress port is 2
[15:48:10.429] [bmv2] [D] [thread 359] [45.0] [cxt 0] Pipeline 'egress': start
[15:48:10.429] [bmv2] [T] [thread 359] [45.0] [cxt 0] int-gtp-source.p4(330) Condition "hdr.int_shim.isValid()" (node_11) is true
[15:48:10.429] [bmv2] [T] [thread 359] [45.0] [cxt 0] Applying table 'tbl_update_int_metadata'
[15:48:10.429] [bmv2] [D] [thread 359] [45.0] [cxt 0] Looking up key:

[15:48:10.429] [bmv2] [D] [thread 359] [45.0] [cxt 0] Table 'tbl_update_int_metadata': miss
[15:48:10.429] [bmv2] [D] [thread 359] [45.0] [cxt 0] Action entry is MyEgress.update_int_metadata -
[15:48:10.429] [bmv2] [T] [thread 359] [45.0] [cxt 0] Action MyEgress.update_int_metadata
[15:48:10.429] [bmv2] [T] [thread 359] [45.0] [cxt 0] int-gtp-source.p4(321) Primitive if
[15:48:10.429] [bmv2] [T] [thread 359] [45.0] [cxt 0] int-gtp-source.p4(322) Primitive hdr.int_md.egress_port_id = (bit<16>)standard_metadata.egress_port
[15:48:10.429] [bmv2] [T] [thread 359] [45.0] [cxt 0] int-gtp-source.p4(323) Primitive hdr.int_md.egress_timestamp = (bit<32>)standard_metadata.egress_global_timestamp
[15:48:10.429] [bmv2] [T] [thread 359] [45.0] [cxt 0] int-gtp-source.p4(324) Primitive hdr.int_md.hop_latency = hdr.int_md.egress_timestamp - hdr.int_md.ingress_timestamp
[15:48:10.429] [bmv2] [T] [thread 359] [45.0] [cxt 0] int-gtp-source.p4(325) Primitive hdr.int_md.queue_occupancy = (bit<32>)standard_metadata.enq_qdepth
[15:48:10.429] [bmv2] [D] [thread 359] [45.0] [cxt 0] Pipeline 'egress': end
[15:48:10.429] [bmv2] [D] [thread 359] [45.0] [cxt 0] Deparser 'deparser': start
[15:48:10.429] [bmv2] [D] [thread 359] [45.0] [cxt 0] Deparsing header 'ethernet'
[15:48:10.429] [bmv2] [D] [thread 359] [45.0] [cxt 0] Deparsing header 'int_shim'
[15:48:10.429] [bmv2] [D] [thread 359] [45.0] [cxt 0] Deparsing header 'int_header'
[15:48:10.429] [bmv2] [D] [thread 359] [45.0] [cxt 0] Deparsing header 'int_md'
[15:48:10.429] [bmv2] [D] [thread 359] [45.0] [cxt 0] Deparsing header 'ipv4'
[15:48:10.429] [bmv2] [D] [thread 359] [45.0] [cxt 0] Deparsing header 'sctp'
[15:48:10.429] [bmv2] [D] [thread 359] [45.0] [cxt 0] Deparsing header 'sctp_chunk'
[15:48:10.429] [bmv2] [D] [thread 359] [45.0] [cxt 0] Deparser 'deparser': end
[15:48:10.429] [bmv2] [D] [thread 361] [45.0] [cxt 0] Transmitting packet of size 187 out of port 2
[15:48:10.659] [bmv2] [D] [thread 356] [46.0] [cxt 0] Processing packet received on port 2
[15:48:10.659] [bmv2] [D] [thread 356] [46.0] [cxt 0] Parser 'parser': start
[15:48:10.659] [bmv2] [D] [thread 356] [46.0] [cxt 0] Parser 'parser' entering state 'start'
[15:48:10.659] [bmv2] [D] [thread 356] [46.0] [cxt 0] Extracting header 'ethernet'
[15:48:10.659] [bmv2] [D] [thread 356] [46.0] [cxt 0] Parser set: setting field 'scalars.metadata.ingress_port' from field 'standard_metadata.ingress_port' (2)
[15:48:10.659] [bmv2] [D] [thread 356] [46.0] [cxt 0] Parser set: setting field 'scalars.metadata.ingress_ts' from expression, new value is 178109967
[15:48:10.659] [bmv2] [D] [thread 356] [46.0] [cxt 0] Parser set: setting field 'scalars.metadata.is_int_packet' to 0
[15:48:10.659] [bmv2] [D] [thread 356] [46.0] [cxt 0] Parser set: setting field 'scalars.metadata.is_ngap_traffic' to 0
[15:48:10.659] [bmv2] [D] [thread 356] [46.0] [cxt 0] Parser set: setting field 'scalars.metadata.is_gtp_u_traffic' to 0
[15:48:10.659] [bmv2] [D] [thread 356] [46.0] [cxt 0] Parser set: setting field 'scalars.metadata.traffic_type' to 0
[15:48:10.659] [bmv2] [D] [thread 356] [46.0] [cxt 0] Parser set: setting field 'scalars.metadata.should_insert_int' to 0
[15:48:10.659] [bmv2] [D] [thread 356] [46.0] [cxt 0] Parser state 'start': key is 0800
[15:48:10.659] [bmv2] [T] [thread 356] [46.0] [cxt 0] Bytes parsed: 14
[15:48:10.659] [bmv2] [D] [thread 356] [46.0] [cxt 0] Parser 'parser' entering state 'parse_ipv4'
[15:48:10.659] [bmv2] [D] [thread 356] [46.0] [cxt 0] Extracting header 'ipv4'
[15:48:10.659] [bmv2] [D] [thread 356] [46.0] [cxt 0] Parser state 'parse_ipv4': key is 84
[15:48:10.659] [bmv2] [T] [thread 356] [46.0] [cxt 0] Bytes parsed: 34
[15:48:10.659] [bmv2] [D] [thread 356] [46.0] [cxt 0] Parser 'parser' entering state 'parse_sctp_common'
[15:48:10.659] [bmv2] [D] [thread 356] [46.0] [cxt 0] Extracting header 'sctp'
[15:48:10.659] [bmv2] [D] [thread 356] [46.0] [cxt 0] Parser set: setting field 'scalars.metadata.transport_src_port' from field 'sctp.src_port' (38412)
[15:48:10.659] [bmv2] [D] [thread 356] [46.0] [cxt 0] Parser set: setting field 'scalars.metadata.transport_dst_port' from field 'sctp.dst_port' (39657)
[15:48:10.659] [bmv2] [D] [thread 356] [46.0] [cxt 0] Parser set: setting field 'scalars.tmp_0' from expression, new value is 0
[15:48:10.659] [bmv2] [D] [thread 356] [46.0] [cxt 0] Parser state 'parse_sctp_common': key is 00
[15:48:10.659] [bmv2] [T] [thread 356] [46.0] [cxt 0] Bytes parsed: 46
[15:48:10.659] [bmv2] [D] [thread 356] [46.0] [cxt 0] Parser 'parser' entering state 'parse_sctp_common_join'
[15:48:10.659] [bmv2] [D] [thread 356] [46.0] [cxt 0] Extracting header 'sctp_chunk'
[15:48:10.659] [bmv2] [D] [thread 356] [46.0] [cxt 0] Parser state 'parse_sctp_common_join': key is 03
[15:48:10.659] [bmv2] [T] [thread 356] [46.0] [cxt 0] Bytes parsed: 50
[15:48:10.659] [bmv2] [D] [thread 356] [46.0] [cxt 0] Parser 'parser': end
[15:48:10.659] [bmv2] [D] [thread 356] [46.0] [cxt 0] Pipeline 'ingress': start
[15:48:10.659] [bmv2] [T] [thread 356] [46.0] [cxt 0] Applying table 'tbl_intgtpsource295'
[15:48:10.659] [bmv2] [D] [thread 356] [46.0] [cxt 0] Looking up key:

[15:48:10.659] [bmv2] [D] [thread 356] [46.0] [cxt 0] Table 'tbl_intgtpsource295': miss
[15:48:10.659] [bmv2] [D] [thread 356] [46.0] [cxt 0] Action entry is intgtpsource295 -
[15:48:10.659] [bmv2] [T] [thread 356] [46.0] [cxt 0] Action intgtpsource295
[15:48:10.659] [bmv2] [T] [thread 356] [46.0] [cxt 0] int-gtp-source.p4(295) Primitive meta.switch_id = 1
[15:48:10.659] [bmv2] [T] [thread 356] [46.0] [cxt 0] int-gtp-source.p4(297) Condition "hdr.ethernet.isValid() && hdr.ipv4.isValid()" (node_3) is true
[15:48:10.659] [bmv2] [T] [thread 356] [46.0] [cxt 0] int-gtp-source.p4(299) Condition "(hdr.ipv4.protocol == 132 && hdr.sctp.isValid()) || ..." (node_4) is true
[15:48:10.659] [bmv2] [T] [thread 356] [46.0] [cxt 0] Applying table 'MyIngress.int_source_table'
[15:48:10.659] [bmv2] [D] [thread 356] [46.0] [cxt 0] Looking up key:
* meta.traffic_type   : 00

[15:48:10.659] [bmv2] [D] [thread 356] [46.0] [cxt 0] Table 'MyIngress.int_source_table': miss
[15:48:10.659] [bmv2] [D] [thread 356] [46.0] [cxt 0] Action entry is NoAction -
[15:48:10.659] [bmv2] [T] [thread 356] [46.0] [cxt 0] Action NoAction
[15:48:10.659] [bmv2] [T] [thread 356] [46.0] [cxt 0] Applying table 'MyIngress.ipv4_lpm'
[15:48:10.659] [bmv2] [D] [thread 356] [46.0] [cxt 0] Looking up key:
* hdr.ipv4.dstAddr    : ac120a03

[15:48:10.659] [bmv2] [D] [thread 356] [46.0] [cxt 0] Table 'MyIngress.ipv4_lpm': hit with handle 1
[15:48:10.659] [bmv2] [D] [thread 356] [46.0] [cxt 0] Dumping entry 1
Match key:
* hdr.ipv4.dstAddr    : LPM       ac120a03/32
Action entry: MyIngress.forward_action - 1,

[15:48:10.659] [bmv2] [D] [thread 356] [46.0] [cxt 0] Action entry is MyIngress.forward_action - 1,
[15:48:10.659] [bmv2] [T] [thread 356] [46.0] [cxt 0] Action MyIngress.forward_action
[15:48:10.659] [bmv2] [T] [thread 356] [46.0] [cxt 0] int-gtp-source.p4(266) Primitive standard_metadata.egress_spec = egress_port
[15:48:10.659] [bmv2] [T] [thread 356] [46.0] [cxt 0] int-gtp-source.p4(308) Condition "meta.should_insert_int == 1" (node_7) is false
[15:48:10.659] [bmv2] [D] [thread 356] [46.0] [cxt 0] Pipeline 'ingress': end
[15:48:10.659] [bmv2] [D] [thread 356] [46.0] [cxt 0] Egress port is 1
[15:48:10.660] [bmv2] [D] [thread 358] [46.0] [cxt 0] Pipeline 'egress': start
[15:48:10.660] [bmv2] [T] [thread 358] [46.0] [cxt 0] int-gtp-source.p4(330) Condition "hdr.int_shim.isValid()" (node_11) is false
[15:48:10.660] [bmv2] [D] [thread 358] [46.0] [cxt 0] Pipeline 'egress': end
[15:48:10.660] [bmv2] [D] [thread 358] [46.0] [cxt 0] Deparser 'deparser': start
[15:48:10.660] [bmv2] [D] [thread 358] [46.0] [cxt 0] Deparsing header 'ethernet'
[15:48:10.660] [bmv2] [D] [thread 358] [46.0] [cxt 0] Deparsing header 'ipv4'
[15:48:10.660] [bmv2] [D] [thread 358] [46.0] [cxt 0] Deparsing header 'sctp'
[15:48:10.660] [bmv2] [D] [thread 358] [46.0] [cxt 0] Deparsing header 'sctp_chunk'
[15:48:10.660] [bmv2] [D] [thread 358] [46.0] [cxt 0] Deparser 'deparser': end
[15:48:10.660] [bmv2] [D] [thread 361] [46.0] [cxt 0] Transmitting packet of size 62 out of port 1
[15:48:17.361] [bmv2] [D] [thread 356] [47.0] [cxt 0] Processing packet received on port 1
[15:48:17.361] [bmv2] [D] [thread 356] [47.0] [cxt 0] Parser 'parser': start
[15:48:17.361] [bmv2] [D] [thread 356] [47.0] [cxt 0] Parser 'parser' entering state 'start'
[15:48:17.361] [bmv2] [D] [thread 356] [47.0] [cxt 0] Extracting header 'ethernet'
[15:48:17.361] [bmv2] [D] [thread 356] [47.0] [cxt 0] Parser set: setting field 'scalars.metadata.ingress_port' from field 'standard_metadata.ingress_port' (1)
[15:48:17.361] [bmv2] [D] [thread 356] [47.0] [cxt 0] Parser set: setting field 'scalars.metadata.ingress_ts' from expression, new value is 184812163
[15:48:17.361] [bmv2] [D] [thread 356] [47.0] [cxt 0] Parser set: setting field 'scalars.metadata.is_int_packet' to 0
[15:48:17.361] [bmv2] [D] [thread 356] [47.0] [cxt 0] Parser set: setting field 'scalars.metadata.is_ngap_traffic' to 0
[15:48:17.361] [bmv2] [D] [thread 356] [47.0] [cxt 0] Parser set: setting field 'scalars.metadata.is_gtp_u_traffic' to 0
[15:48:17.361] [bmv2] [D] [thread 356] [47.0] [cxt 0] Parser set: setting field 'scalars.metadata.traffic_type' to 0
[15:48:17.361] [bmv2] [D] [thread 356] [47.0] [cxt 0] Parser set: setting field 'scalars.metadata.should_insert_int' to 0
[15:48:17.361] [bmv2] [D] [thread 356] [47.0] [cxt 0] Parser state 'start': key is 9000
[15:48:17.361] [bmv2] [T] [thread 356] [47.0] [cxt 0] Bytes parsed: 14
[15:48:17.361] [bmv2] [D] [thread 356] [47.0] [cxt 0] Parser 'parser': end
[15:48:17.361] [bmv2] [D] [thread 356] [47.0] [cxt 0] Pipeline 'ingress': start
[15:48:17.361] [bmv2] [T] [thread 356] [47.0] [cxt 0] Applying table 'tbl_intgtpsource295'
[15:48:17.361] [bmv2] [D] [thread 356] [47.0] [cxt 0] Looking up key:

[15:48:17.361] [bmv2] [D] [thread 356] [47.0] [cxt 0] Table 'tbl_intgtpsource295': miss
[15:48:17.361] [bmv2] [D] [thread 356] [47.0] [cxt 0] Action entry is intgtpsource295 -
[15:48:17.361] [bmv2] [T] [thread 356] [47.0] [cxt 0] Action intgtpsource295
[15:48:17.362] [bmv2] [T] [thread 356] [47.0] [cxt 0] int-gtp-source.p4(295) Primitive meta.switch_id = 1
[15:48:17.362] [bmv2] [T] [thread 356] [47.0] [cxt 0] int-gtp-source.p4(297) Condition "hdr.ethernet.isValid() && hdr.ipv4.isValid()" (node_3) is false
[15:48:17.362] [bmv2] [D] [thread 356] [47.0] [cxt 0] Pipeline 'ingress': end
[15:48:17.362] [bmv2] [D] [thread 356] [47.0] [cxt 0] Egress port is 0
[15:48:17.362] [bmv2] [D] [thread 357] [47.0] [cxt 0] Pipeline 'egress': start
[15:48:17.362] [bmv2] [T] [thread 357] [47.0] [cxt 0] int-gtp-source.p4(330) Condition "hdr.int_shim.isValid()" (node_11) is false
[15:48:17.362] [bmv2] [D] [thread 357] [47.0] [cxt 0] Pipeline 'egress': end
[15:48:17.362] [bmv2] [D] [thread 357] [47.0] [cxt 0] Deparser 'deparser': start
[15:48:17.362] [bmv2] [D] [thread 357] [47.0] [cxt 0] Deparsing header 'ethernet'
[15:48:17.362] [bmv2] [D] [thread 357] [47.0] [cxt 0] Deparser 'deparser': end
[15:48:17.362] [bmv2] [D] [thread 361] [47.0] [cxt 0] Transmitting packet of size 60 out of port 0
[15:48:25.061] [bmv2] [D] [thread 356] [48.0] [cxt 0] Processing packet received on port 1
[15:48:25.061] [bmv2] [D] [thread 356] [48.0] [cxt 0] Parser 'parser': start
[15:48:25.061] [bmv2] [D] [thread 356] [48.0] [cxt 0] Parser 'parser' entering state 'start'
[15:48:25.061] [bmv2] [D] [thread 356] [48.0] [cxt 0] Extracting header 'ethernet'
[15:48:25.061] [bmv2] [D] [thread 356] [48.0] [cxt 0] Parser set: setting field 'scalars.metadata.ingress_port' from field 'standard_metadata.ingress_port' (1)
[15:48:25.061] [bmv2] [D] [thread 356] [48.0] [cxt 0] Parser set: setting field 'scalars.metadata.ingress_ts' from expression, new value is 192512330
[15:48:25.061] [bmv2] [D] [thread 356] [48.0] [cxt 0] Parser set: setting field 'scalars.metadata.is_int_packet' to 0
[15:48:25.061] [bmv2] [D] [thread 356] [48.0] [cxt 0] Parser set: setting field 'scalars.metadata.is_ngap_traffic' to 0
[15:48:25.061] [bmv2] [D] [thread 356] [48.0] [cxt 0] Parser set: setting field 'scalars.metadata.is_gtp_u_traffic' to 0
[15:48:25.061] [bmv2] [D] [thread 356] [48.0] [cxt 0] Parser set: setting field 'scalars.metadata.traffic_type' to 0
[15:48:25.061] [bmv2] [D] [thread 356] [48.0] [cxt 0] Parser set: setting field 'scalars.metadata.should_insert_int' to 0
[15:48:25.061] [bmv2] [D] [thread 356] [48.0] [cxt 0] Parser state 'start': key is 0800
[15:48:25.061] [bmv2] [T] [thread 356] [48.0] [cxt 0] Bytes parsed: 14
[15:48:25.061] [bmv2] [D] [thread 356] [48.0] [cxt 0] Parser 'parser' entering state 'parse_ipv4'
[15:48:25.061] [bmv2] [D] [thread 356] [48.0] [cxt 0] Extracting header 'ipv4'
[15:48:25.061] [bmv2] [D] [thread 356] [48.0] [cxt 0] Parser state 'parse_ipv4': key is 11
[15:48:25.061] [bmv2] [T] [thread 356] [48.0] [cxt 0] Bytes parsed: 34
[15:48:25.061] [bmv2] [D] [thread 356] [48.0] [cxt 0] Parser 'parser' entering state 'parse_udp'
[15:48:25.061] [bmv2] [D] [thread 356] [48.0] [cxt 0] Extracting header 'udp'
[15:48:25.061] [bmv2] [D] [thread 356] [48.0] [cxt 0] Parser set: setting field 'scalars.metadata.transport_src_port' from field 'udp.src_port' (2152)
[15:48:25.061] [bmv2] [D] [thread 356] [48.0] [cxt 0] Parser set: setting field 'scalars.metadata.transport_dst_port' from field 'udp.dst_port' (2152)
[15:48:25.061] [bmv2] [D] [thread 356] [48.0] [cxt 0] Parser set: setting field 'scalars.tmp' from expression, new value is 1
[15:48:25.061] [bmv2] [D] [thread 356] [48.0] [cxt 0] Parser state 'parse_udp': key is 01
[15:48:25.061] [bmv2] [T] [thread 356] [48.0] [cxt 0] Bytes parsed: 42
[15:48:25.061] [bmv2] [D] [thread 356] [48.0] [cxt 0] Parser 'parser' entering state 'parse_gtp_u'
[15:48:25.061] [bmv2] [D] [thread 356] [48.0] [cxt 0] Extracting header 'gtp_u'
[15:48:25.061] [bmv2] [D] [thread 356] [48.0] [cxt 0] Parser set: setting field 'scalars.metadata.is_gtp_u_traffic' to 1
[15:48:25.061] [bmv2] [D] [thread 356] [48.0] [cxt 0] Parser set: setting field 'scalars.metadata.traffic_type' to 2
[15:48:25.061] [bmv2] [D] [thread 356] [48.0] [cxt 0] Parser state 'parse_gtp_u' has no switch, going to default next state
[15:48:25.061] [bmv2] [T] [thread 356] [48.0] [cxt 0] Bytes parsed: 50
[15:48:25.061] [bmv2] [D] [thread 356] [48.0] [cxt 0] Parser 'parser': end
[15:48:25.061] [bmv2] [D] [thread 356] [48.0] [cxt 0] Pipeline 'ingress': start
[15:48:25.061] [bmv2] [T] [thread 356] [48.0] [cxt 0] Applying table 'tbl_intgtpsource295'
[15:48:25.061] [bmv2] [D] [thread 356] [48.0] [cxt 0] Looking up key:

[15:48:25.061] [bmv2] [D] [thread 356] [48.0] [cxt 0] Table 'tbl_intgtpsource295': miss
[15:48:25.061] [bmv2] [D] [thread 356] [48.0] [cxt 0] Action entry is intgtpsource295 -
[15:48:25.061] [bmv2] [T] [thread 356] [48.0] [cxt 0] Action intgtpsource295
[15:48:25.061] [bmv2] [T] [thread 356] [48.0] [cxt 0] int-gtp-source.p4(295) Primitive meta.switch_id = 1
[15:48:25.061] [bmv2] [T] [thread 356] [48.0] [cxt 0] int-gtp-source.p4(297) Condition "hdr.ethernet.isValid() && hdr.ipv4.isValid()" (node_3) is true
[15:48:25.061] [bmv2] [T] [thread 356] [48.0] [cxt 0] int-gtp-source.p4(299) Condition "(hdr.ipv4.protocol == 132 && hdr.sctp.isValid()) || ..." (node_4) is true
[15:48:25.061] [bmv2] [T] [thread 356] [48.0] [cxt 0] Applying table 'MyIngress.int_source_table'
[15:48:25.061] [bmv2] [D] [thread 356] [48.0] [cxt 0] Looking up key:
* meta.traffic_type   : 02

[15:48:25.061] [bmv2] [D] [thread 356] [48.0] [cxt 0] Table 'MyIngress.int_source_table': hit with handle 1
[15:48:25.061] [bmv2] [D] [thread 356] [48.0] [cxt 0] Dumping entry 1
Match key:
* meta.traffic_type   : EXACT     02
Action entry: MyIngress.int_source_action -

[15:48:25.061] [bmv2] [D] [thread 356] [48.0] [cxt 0] Action entry is MyIngress.int_source_action -
[15:48:25.061] [bmv2] [T] [thread 356] [48.0] [cxt 0] Action MyIngress.int_source_action
[15:48:25.061] [bmv2] [T] [thread 356] [48.0] [cxt 0] int-gtp-source.p4(221) Primitive meta.should_insert_int = 1
[15:48:25.061] [bmv2] [T] [thread 356] [48.0] [cxt 0] Applying table 'MyIngress.ipv4_lpm'
[15:48:25.061] [bmv2] [D] [thread 356] [48.0] [cxt 0] Looking up key:
* hdr.ipv4.dstAddr    : ac120018

[15:48:25.062] [bmv2] [D] [thread 356] [48.0] [cxt 0] Table 'MyIngress.ipv4_lpm': hit with handle 2
[15:48:25.062] [bmv2] [D] [thread 356] [48.0] [cxt 0] Dumping entry 2
Match key:
* hdr.ipv4.dstAddr    : LPM       00000000/0
Action entry: MyIngress.forward_action - 2,

[15:48:25.062] [bmv2] [D] [thread 356] [48.0] [cxt 0] Action entry is MyIngress.forward_action - 2,
[15:48:25.062] [bmv2] [T] [thread 356] [48.0] [cxt 0] Action MyIngress.forward_action
[15:48:25.062] [bmv2] [T] [thread 356] [48.0] [cxt 0] int-gtp-source.p4(266) Primitive standard_metadata.egress_spec = egress_port
[15:48:25.062] [bmv2] [T] [thread 356] [48.0] [cxt 0] int-gtp-source.p4(308) Condition "meta.should_insert_int == 1" (node_7) is true
[15:48:25.062] [bmv2] [T] [thread 356] [48.0] [cxt 0] Applying table 'tbl_do_insert_int'
[15:48:25.062] [bmv2] [D] [thread 356] [48.0] [cxt 0] Looking up key:

[15:48:25.062] [bmv2] [D] [thread 356] [48.0] [cxt 0] Table 'tbl_do_insert_int': miss
[15:48:25.062] [bmv2] [D] [thread 356] [48.0] [cxt 0] Action entry is MyIngress.do_insert_int -
[15:48:25.062] [bmv2] [T] [thread 356] [48.0] [cxt 0] Action MyIngress.do_insert_int
[15:48:25.062] [bmv2] [T] [thread 356] [48.0] [cxt 0] int-gtp-source.p4(226) Primitive bit<16> original_ether_type = hdr.ethernet.etherType
[15:48:25.062] [bmv2] [T] [thread 356] [48.0] [cxt 0] int-gtp-source.p4(229) Primitive hdr.ethernet.etherType = 0xFA
[15:48:25.062] [bmv2] [T] [thread 356] [48.0] [cxt 0] int-gtp-source.p4(232) Primitive hdr.int_shim.setValid()
[15:48:25.062] [bmv2] [T] [thread 356] [48.0] [cxt 0] int-gtp-source.p4(233) Primitive hdr.int_shim.type = 1
[15:48:25.062] [bmv2] [T] [thread 356] [48.0] [cxt 0] int-gtp-source.p4(234) Primitive hdr.int_shim.reserved = 0
[15:48:25.062] [bmv2] [T] [thread 356] [48.0] [cxt 0] int-gtp-source.p4(235) Primitive hdr.int_shim.length = 44
[15:48:25.062] [bmv2] [T] [thread 356] [48.0] [cxt 0] int-gtp-source.p4(236) Primitive hdr.int_shim.next_proto = original_ether_type
[15:48:25.062] [bmv2] [T] [thread 356] [48.0] [cxt 0] int-gtp-source.p4(239) Primitive hdr.int_header.setValid()
[15:48:25.062] [bmv2] [T] [thread 356] [48.0] [cxt 0] int-gtp-source.p4(240) Primitive hdr.int_header.version = 1
[15:48:25.062] [bmv2] [T] [thread 356] [48.0] [cxt 0] int-gtp-source.p4(241) Primitive hdr.int_header.d = 0
[15:48:25.062] [bmv2] [T] [thread 356] [48.0] [cxt 0] int-gtp-source.p4(242) Primitive hdr.int_header.q = 0
[15:48:25.062] [bmv2] [T] [thread 356] [48.0] [cxt 0] int-gtp-source.p4(243) Primitive hdr.int_header.m = 1
[15:48:25.062] [bmv2] [T] [thread 356] [48.0] [cxt 0] int-gtp-source.p4(244) Primitive hdr.int_header.reserved1 = 0
[15:48:25.062] [bmv2] [T] [thread 356] [48.0] [cxt 0] int-gtp-source.p4(245) Primitive hdr.int_header.hop_ml = 1
[15:48:25.062] [bmv2] [T] [thread 356] [48.0] [cxt 0] int-gtp-source.p4(246) Primitive hdr.int_header.instruction = 0x00FF
[15:48:25.062] [bmv2] [T] [thread 356] [48.0] [cxt 0] int-gtp-source.p4(247) Primitive hdr.int_header.reserved2 = 0
[15:48:25.062] [bmv2] [T] [thread 356] [48.0] [cxt 0] int-gtp-source.p4(248) Primitive hdr.int_header.remaining_hop_cnt = 8 - 1
[15:48:25.062] [bmv2] [T] [thread 356] [48.0] [cxt 0] int-gtp-source.p4(251) Primitive hdr.int_md.setValid()
[15:48:25.062] [bmv2] [T] [thread 356] [48.0] [cxt 0] int-gtp-source.p4(252) Primitive hdr.int_md.padding_switch = 0
[15:48:25.062] [bmv2] [T] [thread 356] [48.0] [cxt 0] int-gtp-source.p4(253) Primitive hdr.int_md.switch_id = (bit<16>)meta.switch_id
[15:48:25.062] [bmv2] [T] [thread 356] [48.0] [cxt 0] int-gtp-source.p4(254) Primitive hdr.int_md.ingress_port_id = (bit<16>)meta.ingress_port
[15:48:25.062] [bmv2] [T] [thread 356] [48.0] [cxt 0] int-gtp-source.p4(255) Primitive hdr.int_md.ingress_timestamp = meta.ingress_ts
[15:48:25.062] [bmv2] [T] [thread 356] [48.0] [cxt 0] int-gtp-source.p4(256) Primitive hdr.int_md.egress_port_id = 0
[15:48:25.062] [bmv2] [T] [thread 356] [48.0] [cxt 0] int-gtp-source.p4(257) Primitive hdr.int_md.hop_latency = 0
[15:48:25.062] [bmv2] [T] [thread 356] [48.0] [cxt 0] int-gtp-source.p4(258) Primitive hdr.int_md.egress_timestamp = 0
[15:48:25.062] [bmv2] [T] [thread 356] [48.0] [cxt 0] int-gtp-source.p4(259) Primitive hdr.int_md.queue_occupancy = 0
[15:48:25.062] [bmv2] [T] [thread 356] [48.0] [cxt 0] int-gtp-source.p4(260) Primitive hdr.int_md.congestion_notification = 0
[15:48:25.062] [bmv2] [T] [thread 356] [48.0] [cxt 0] int-gtp-source.p4(261) Primitive hdr.int_md.reserved1 = 0
[15:48:25.062] [bmv2] [T] [thread 356] [48.0] [cxt 0] int-gtp-source.p4(262) Primitive hdr.int_md.reserved2 = 0
[15:48:25.062] [bmv2] [D] [thread 356] [48.0] [cxt 0] Pipeline 'ingress': end
[15:48:25.062] [bmv2] [D] [thread 356] [48.0] [cxt 0] Egress port is 2
[15:48:25.062] [bmv2] [D] [thread 359] [48.0] [cxt 0] Pipeline 'egress': start
[15:48:25.062] [bmv2] [T] [thread 359] [48.0] [cxt 0] int-gtp-source.p4(330) Condition "hdr.int_shim.isValid()" (node_11) is true
[15:48:25.062] [bmv2] [T] [thread 359] [48.0] [cxt 0] Applying table 'tbl_update_int_metadata'
[15:48:25.062] [bmv2] [D] [thread 359] [48.0] [cxt 0] Looking up key:

[15:48:25.062] [bmv2] [D] [thread 359] [48.0] [cxt 0] Table 'tbl_update_int_metadata': miss
[15:48:25.062] [bmv2] [D] [thread 359] [48.0] [cxt 0] Action entry is MyEgress.update_int_metadata -
[15:48:25.062] [bmv2] [T] [thread 359] [48.0] [cxt 0] Action MyEgress.update_int_metadata
[15:48:25.062] [bmv2] [T] [thread 359] [48.0] [cxt 0] int-gtp-source.p4(321) Primitive if
[15:48:25.062] [bmv2] [T] [thread 359] [48.0] [cxt 0] int-gtp-source.p4(322) Primitive hdr.int_md.egress_port_id = (bit<16>)standard_metadata.egress_port
[15:48:25.062] [bmv2] [T] [thread 359] [48.0] [cxt 0] int-gtp-source.p4(323) Primitive hdr.int_md.egress_timestamp = (bit<32>)standard_metadata.egress_global_timestamp
[15:48:25.062] [bmv2] [T] [thread 359] [48.0] [cxt 0] int-gtp-source.p4(324) Primitive hdr.int_md.hop_latency = hdr.int_md.egress_timestamp - hdr.int_md.ingress_timestamp
[15:48:25.062] [bmv2] [T] [thread 359] [48.0] [cxt 0] int-gtp-source.p4(325) Primitive hdr.int_md.queue_occupancy = (bit<32>)standard_metadata.enq_qdepth
[15:48:25.062] [bmv2] [D] [thread 359] [48.0] [cxt 0] Pipeline 'egress': end
[15:48:25.062] [bmv2] [D] [thread 359] [48.0] [cxt 0] Deparser 'deparser': start
[15:48:25.062] [bmv2] [D] [thread 359] [48.0] [cxt 0] Deparsing header 'ethernet'
[15:48:25.062] [bmv2] [D] [thread 359] [48.0] [cxt 0] Deparsing header 'int_shim'
[15:48:25.062] [bmv2] [D] [thread 359] [48.0] [cxt 0] Deparsing header 'int_header'
[15:48:25.062] [bmv2] [D] [thread 359] [48.0] [cxt 0] Deparsing header 'int_md'
[15:48:25.062] [bmv2] [D] [thread 359] [48.0] [cxt 0] Deparsing header 'ipv4'
[15:48:25.062] [bmv2] [D] [thread 359] [48.0] [cxt 0] Deparsing header 'udp'
[15:48:25.062] [bmv2] [D] [thread 359] [48.0] [cxt 0] Deparsing header 'gtp_u'
[15:48:25.062] [bmv2] [D] [thread 359] [48.0] [cxt 0] Deparser 'deparser': end
[15:48:25.062] [bmv2] [D] [thread 361] [48.0] [cxt 0] Transmitting packet of size 183 out of port 2
[15:48:25.126] [bmv2] [D] [thread 356] [49.0] [cxt 0] Processing packet received on port 2
[15:48:25.126] [bmv2] [D] [thread 356] [49.0] [cxt 0] Parser 'parser': start
[15:48:25.126] [bmv2] [D] [thread 356] [49.0] [cxt 0] Parser 'parser' entering state 'start'
[15:48:25.126] [bmv2] [D] [thread 356] [49.0] [cxt 0] Extracting header 'ethernet'
[15:48:25.126] [bmv2] [D] [thread 356] [49.0] [cxt 0] Parser set: setting field 'scalars.metadata.ingress_port' from field 'standard_metadata.ingress_port' (2)
[15:48:25.126] [bmv2] [D] [thread 356] [49.0] [cxt 0] Parser set: setting field 'scalars.metadata.ingress_ts' from expression, new value is 192576927
[15:48:25.126] [bmv2] [D] [thread 356] [49.0] [cxt 0] Parser set: setting field 'scalars.metadata.is_int_packet' to 0
[15:48:25.126] [bmv2] [D] [thread 356] [49.0] [cxt 0] Parser set: setting field 'scalars.metadata.is_ngap_traffic' to 0
[15:48:25.126] [bmv2] [D] [thread 356] [49.0] [cxt 0] Parser set: setting field 'scalars.metadata.is_gtp_u_traffic' to 0
[15:48:25.126] [bmv2] [D] [thread 356] [49.0] [cxt 0] Parser set: setting field 'scalars.metadata.traffic_type' to 0
[15:48:25.126] [bmv2] [D] [thread 356] [49.0] [cxt 0] Parser set: setting field 'scalars.metadata.should_insert_int' to 0
[15:48:25.126] [bmv2] [D] [thread 356] [49.0] [cxt 0] Parser state 'start': key is 0800
[15:48:25.126] [bmv2] [T] [thread 356] [49.0] [cxt 0] Bytes parsed: 14
[15:48:25.126] [bmv2] [D] [thread 356] [49.0] [cxt 0] Parser 'parser' entering state 'parse_ipv4'
[15:48:25.126] [bmv2] [D] [thread 356] [49.0] [cxt 0] Extracting header 'ipv4'
[15:48:25.126] [bmv2] [D] [thread 356] [49.0] [cxt 0] Parser state 'parse_ipv4': key is 11
[15:48:25.126] [bmv2] [T] [thread 356] [49.0] [cxt 0] Bytes parsed: 34
[15:48:25.126] [bmv2] [D] [thread 356] [49.0] [cxt 0] Parser 'parser' entering state 'parse_udp'
[15:48:25.126] [bmv2] [D] [thread 356] [49.0] [cxt 0] Extracting header 'udp'
[15:48:25.126] [bmv2] [D] [thread 356] [49.0] [cxt 0] Parser set: setting field 'scalars.metadata.transport_src_port' from field 'udp.src_port' (2152)
[15:48:25.126] [bmv2] [D] [thread 356] [49.0] [cxt 0] Parser set: setting field 'scalars.metadata.transport_dst_port' from field 'udp.dst_port' (2152)
[15:48:25.126] [bmv2] [D] [thread 356] [49.0] [cxt 0] Parser set: setting field 'scalars.tmp' from expression, new value is 1
[15:48:25.126] [bmv2] [D] [thread 356] [49.0] [cxt 0] Parser state 'parse_udp': key is 01
[15:48:25.126] [bmv2] [T] [thread 356] [49.0] [cxt 0] Bytes parsed: 42
[15:48:25.126] [bmv2] [D] [thread 356] [49.0] [cxt 0] Parser 'parser' entering state 'parse_gtp_u'
[15:48:25.126] [bmv2] [D] [thread 356] [49.0] [cxt 0] Extracting header 'gtp_u'
[15:48:25.126] [bmv2] [D] [thread 356] [49.0] [cxt 0] Parser set: setting field 'scalars.metadata.is_gtp_u_traffic' to 1
[15:48:25.126] [bmv2] [D] [thread 356] [49.0] [cxt 0] Parser set: setting field 'scalars.metadata.traffic_type' to 2
[15:48:25.126] [bmv2] [D] [thread 356] [49.0] [cxt 0] Parser state 'parse_gtp_u' has no switch, going to default next state
[15:48:25.126] [bmv2] [T] [thread 356] [49.0] [cxt 0] Bytes parsed: 50
[15:48:25.126] [bmv2] [D] [thread 356] [49.0] [cxt 0] Parser 'parser': end
[15:48:25.126] [bmv2] [D] [thread 356] [49.0] [cxt 0] Pipeline 'ingress': start
[15:48:25.126] [bmv2] [T] [thread 356] [49.0] [cxt 0] Applying table 'tbl_intgtpsource295'
[15:48:25.126] [bmv2] [D] [thread 356] [49.0] [cxt 0] Looking up key:

[15:48:25.126] [bmv2] [D] [thread 356] [49.0] [cxt 0] Table 'tbl_intgtpsource295': miss
[15:48:25.126] [bmv2] [D] [thread 356] [49.0] [cxt 0] Action entry is intgtpsource295 -
[15:48:25.126] [bmv2] [T] [thread 356] [49.0] [cxt 0] Action intgtpsource295
[15:48:25.126] [bmv2] [T] [thread 356] [49.0] [cxt 0] int-gtp-source.p4(295) Primitive meta.switch_id = 1
[15:48:25.126] [bmv2] [T] [thread 356] [49.0] [cxt 0] int-gtp-source.p4(297) Condition "hdr.ethernet.isValid() && hdr.ipv4.isValid()" (node_3) is true
[15:48:25.126] [bmv2] [T] [thread 356] [49.0] [cxt 0] int-gtp-source.p4(299) Condition "(hdr.ipv4.protocol == 132 && hdr.sctp.isValid()) || ..." (node_4) is true
[15:48:25.126] [bmv2] [T] [thread 356] [49.0] [cxt 0] Applying table 'MyIngress.int_source_table'
[15:48:25.126] [bmv2] [D] [thread 356] [49.0] [cxt 0] Looking up key:
* meta.traffic_type   : 02

[15:48:25.127] [bmv2] [D] [thread 356] [49.0] [cxt 0] Table 'MyIngress.int_source_table': hit with handle 1
[15:48:25.127] [bmv2] [D] [thread 356] [49.0] [cxt 0] Dumping entry 1
Match key:
* meta.traffic_type   : EXACT     02
Action entry: MyIngress.int_source_action -

[15:48:25.127] [bmv2] [D] [thread 356] [49.0] [cxt 0] Action entry is MyIngress.int_source_action -
[15:48:25.127] [bmv2] [T] [thread 356] [49.0] [cxt 0] Action MyIngress.int_source_action
[15:48:25.127] [bmv2] [T] [thread 356] [49.0] [cxt 0] int-gtp-source.p4(221) Primitive meta.should_insert_int = 1
[15:48:25.127] [bmv2] [T] [thread 356] [49.0] [cxt 0] Applying table 'MyIngress.ipv4_lpm'
[15:48:25.127] [bmv2] [D] [thread 356] [49.0] [cxt 0] Looking up key:
* hdr.ipv4.dstAddr    : ac120a03

[15:48:25.127] [bmv2] [D] [thread 356] [49.0] [cxt 0] Table 'MyIngress.ipv4_lpm': hit with handle 1
[15:48:25.127] [bmv2] [D] [thread 356] [49.0] [cxt 0] Dumping entry 1
Match key:
* hdr.ipv4.dstAddr    : LPM       ac120a03/32
Action entry: MyIngress.forward_action - 1,

[15:48:25.127] [bmv2] [D] [thread 356] [49.0] [cxt 0] Action entry is MyIngress.forward_action - 1,
[15:48:25.127] [bmv2] [T] [thread 356] [49.0] [cxt 0] Action MyIngress.forward_action
[15:48:25.127] [bmv2] [T] [thread 356] [49.0] [cxt 0] int-gtp-source.p4(266) Primitive standard_metadata.egress_spec = egress_port
[15:48:25.127] [bmv2] [T] [thread 356] [49.0] [cxt 0] int-gtp-source.p4(308) Condition "meta.should_insert_int == 1" (node_7) is true
[15:48:25.127] [bmv2] [T] [thread 356] [49.0] [cxt 0] Applying table 'tbl_do_insert_int'
[15:48:25.127] [bmv2] [D] [thread 356] [49.0] [cxt 0] Looking up key:

[15:48:25.127] [bmv2] [D] [thread 356] [49.0] [cxt 0] Table 'tbl_do_insert_int': miss
[15:48:25.127] [bmv2] [D] [thread 356] [49.0] [cxt 0] Action entry is MyIngress.do_insert_int -
[15:48:25.127] [bmv2] [T] [thread 356] [49.0] [cxt 0] Action MyIngress.do_insert_int
[15:48:25.127] [bmv2] [T] [thread 356] [49.0] [cxt 0] int-gtp-source.p4(226) Primitive bit<16> original_ether_type = hdr.ethernet.etherType
[15:48:25.127] [bmv2] [T] [thread 356] [49.0] [cxt 0] int-gtp-source.p4(229) Primitive hdr.ethernet.etherType = 0xFA
[15:48:25.127] [bmv2] [T] [thread 356] [49.0] [cxt 0] int-gtp-source.p4(232) Primitive hdr.int_shim.setValid()
[15:48:25.127] [bmv2] [T] [thread 356] [49.0] [cxt 0] int-gtp-source.p4(233) Primitive hdr.int_shim.type = 1
[15:48:25.127] [bmv2] [T] [thread 356] [49.0] [cxt 0] int-gtp-source.p4(234) Primitive hdr.int_shim.reserved = 0
[15:48:25.127] [bmv2] [T] [thread 356] [49.0] [cxt 0] int-gtp-source.p4(235) Primitive hdr.int_shim.length = 44
[15:48:25.127] [bmv2] [T] [thread 356] [49.0] [cxt 0] int-gtp-source.p4(236) Primitive hdr.int_shim.next_proto = original_ether_type
[15:48:25.127] [bmv2] [T] [thread 356] [49.0] [cxt 0] int-gtp-source.p4(239) Primitive hdr.int_header.setValid()
[15:48:25.127] [bmv2] [T] [thread 356] [49.0] [cxt 0] int-gtp-source.p4(240) Primitive hdr.int_header.version = 1
[15:48:25.127] [bmv2] [T] [thread 356] [49.0] [cxt 0] int-gtp-source.p4(241) Primitive hdr.int_header.d = 0
[15:48:25.127] [bmv2] [T] [thread 356] [49.0] [cxt 0] int-gtp-source.p4(242) Primitive hdr.int_header.q = 0
[15:48:25.127] [bmv2] [T] [thread 356] [49.0] [cxt 0] int-gtp-source.p4(243) Primitive hdr.int_header.m = 1
[15:48:25.127] [bmv2] [T] [thread 356] [49.0] [cxt 0] int-gtp-source.p4(244) Primitive hdr.int_header.reserved1 = 0
[15:48:25.127] [bmv2] [T] [thread 356] [49.0] [cxt 0] int-gtp-source.p4(245) Primitive hdr.int_header.hop_ml = 1
[15:48:25.127] [bmv2] [T] [thread 356] [49.0] [cxt 0] int-gtp-source.p4(246) Primitive hdr.int_header.instruction = 0x00FF
[15:48:25.127] [bmv2] [T] [thread 356] [49.0] [cxt 0] int-gtp-source.p4(247) Primitive hdr.int_header.reserved2 = 0
[15:48:25.127] [bmv2] [T] [thread 356] [49.0] [cxt 0] int-gtp-source.p4(248) Primitive hdr.int_header.remaining_hop_cnt = 8 - 1
[15:48:25.127] [bmv2] [T] [thread 356] [49.0] [cxt 0] int-gtp-source.p4(251) Primitive hdr.int_md.setValid()
[15:48:25.127] [bmv2] [T] [thread 356] [49.0] [cxt 0] int-gtp-source.p4(252) Primitive hdr.int_md.padding_switch = 0
[15:48:25.127] [bmv2] [T] [thread 356] [49.0] [cxt 0] int-gtp-source.p4(253) Primitive hdr.int_md.switch_id = (bit<16>)meta.switch_id
[15:48:25.127] [bmv2] [T] [thread 356] [49.0] [cxt 0] int-gtp-source.p4(254) Primitive hdr.int_md.ingress_port_id = (bit<16>)meta.ingress_port
[15:48:25.127] [bmv2] [T] [thread 356] [49.0] [cxt 0] int-gtp-source.p4(255) Primitive hdr.int_md.ingress_timestamp = meta.ingress_ts
[15:48:25.127] [bmv2] [T] [thread 356] [49.0] [cxt 0] int-gtp-source.p4(256) Primitive hdr.int_md.egress_port_id = 0
[15:48:25.127] [bmv2] [T] [thread 356] [49.0] [cxt 0] int-gtp-source.p4(257) Primitive hdr.int_md.hop_latency = 0
[15:48:25.127] [bmv2] [T] [thread 356] [49.0] [cxt 0] int-gtp-source.p4(258) Primitive hdr.int_md.egress_timestamp = 0
[15:48:25.127] [bmv2] [T] [thread 356] [49.0] [cxt 0] int-gtp-source.p4(259) Primitive hdr.int_md.queue_occupancy = 0
[15:48:25.127] [bmv2] [T] [thread 356] [49.0] [cxt 0] int-gtp-source.p4(260) Primitive hdr.int_md.congestion_notification = 0
[15:48:25.127] [bmv2] [T] [thread 356] [49.0] [cxt 0] int-gtp-source.p4(261) Primitive hdr.int_md.reserved1 = 0
[15:48:25.127] [bmv2] [T] [thread 356] [49.0] [cxt 0] int-gtp-source.p4(262) Primitive hdr.int_md.reserved2 = 0
[15:48:25.127] [bmv2] [D] [thread 356] [49.0] [cxt 0] Pipeline 'ingress': end
[15:48:25.127] [bmv2] [D] [thread 356] [49.0] [cxt 0] Egress port is 1
[15:48:25.127] [bmv2] [D] [thread 358] [49.0] [cxt 0] Pipeline 'egress': start
[15:48:25.127] [bmv2] [T] [thread 358] [49.0] [cxt 0] int-gtp-source.p4(330) Condition "hdr.int_shim.isValid()" (node_11) is true
[15:48:25.128] [bmv2] [T] [thread 358] [49.0] [cxt 0] Applying table 'tbl_update_int_metadata'
[15:48:25.128] [bmv2] [D] [thread 358] [49.0] [cxt 0] Looking up key:

[15:48:25.128] [bmv2] [D] [thread 358] [49.0] [cxt 0] Table 'tbl_update_int_metadata': miss
[15:48:25.128] [bmv2] [D] [thread 358] [49.0] [cxt 0] Action entry is MyEgress.update_int_metadata -
[15:48:25.128] [bmv2] [T] [thread 358] [49.0] [cxt 0] Action MyEgress.update_int_metadata
[15:48:25.128] [bmv2] [T] [thread 358] [49.0] [cxt 0] int-gtp-source.p4(321) Primitive if
[15:48:25.128] [bmv2] [T] [thread 358] [49.0] [cxt 0] int-gtp-source.p4(322) Primitive hdr.int_md.egress_port_id = (bit<16>)standard_metadata.egress_port
[15:48:25.128] [bmv2] [T] [thread 358] [49.0] [cxt 0] int-gtp-source.p4(323) Primitive hdr.int_md.egress_timestamp = (bit<32>)standard_metadata.egress_global_timestamp
[15:48:25.128] [bmv2] [T] [thread 358] [49.0] [cxt 0] int-gtp-source.p4(324) Primitive hdr.int_md.hop_latency = hdr.int_md.egress_timestamp - hdr.int_md.ingress_timestamp
[15:48:25.128] [bmv2] [T] [thread 358] [49.0] [cxt 0] int-gtp-source.p4(325) Primitive hdr.int_md.queue_occupancy = (bit<32>)standard_metadata.enq_qdepth
[15:48:25.128] [bmv2] [D] [thread 358] [49.0] [cxt 0] Pipeline 'egress': end
[15:48:25.128] [bmv2] [D] [thread 358] [49.0] [cxt 0] Deparser 'deparser': start
[15:48:25.128] [bmv2] [D] [thread 358] [49.0] [cxt 0] Deparsing header 'ethernet'
[15:48:25.128] [bmv2] [D] [thread 358] [49.0] [cxt 0] Deparsing header 'int_shim'
[15:48:25.128] [bmv2] [D] [thread 358] [49.0] [cxt 0] Deparsing header 'int_header'
[15:48:25.128] [bmv2] [D] [thread 358] [49.0] [cxt 0] Deparsing header 'int_md'
[15:48:25.128] [bmv2] [D] [thread 358] [49.0] [cxt 0] Deparsing header 'ipv4'
[15:48:25.128] [bmv2] [D] [thread 358] [49.0] [cxt 0] Deparsing header 'udp'
[15:48:25.128] [bmv2] [D] [thread 358] [49.0] [cxt 0] Deparsing header 'gtp_u'
[15:48:25.128] [bmv2] [D] [thread 358] [49.0] [cxt 0] Deparser 'deparser': end
[15:48:25.128] [bmv2] [D] [thread 361] [49.0] [cxt 0] Transmitting packet of size 183 out of port 1
[15:48:26.113] [bmv2] [D] [thread 356] [50.0] [cxt 0] Processing packet received on port 1
[15:48:26.113] [bmv2] [D] [thread 356] [50.0] [cxt 0] Parser 'parser': start
[15:48:26.113] [bmv2] [D] [thread 356] [50.0] [cxt 0] Parser 'parser' entering state 'start'
[15:48:26.113] [bmv2] [D] [thread 356] [50.0] [cxt 0] Extracting header 'ethernet'
[15:48:26.113] [bmv2] [D] [thread 356] [50.0] [cxt 0] Parser set: setting field 'scalars.metadata.ingress_port' from field 'standard_metadata.ingress_port' (1)
[15:48:26.113] [bmv2] [D] [thread 356] [50.0] [cxt 0] Parser set: setting field 'scalars.metadata.ingress_ts' from expression, new value is 193564524
[15:48:26.113] [bmv2] [D] [thread 356] [50.0] [cxt 0] Parser set: setting field 'scalars.metadata.is_int_packet' to 0
[15:48:26.113] [bmv2] [D] [thread 356] [50.0] [cxt 0] Parser set: setting field 'scalars.metadata.is_ngap_traffic' to 0
[15:48:26.113] [bmv2] [D] [thread 356] [50.0] [cxt 0] Parser set: setting field 'scalars.metadata.is_gtp_u_traffic' to 0
[15:48:26.113] [bmv2] [D] [thread 356] [50.0] [cxt 0] Parser set: setting field 'scalars.metadata.traffic_type' to 0
[15:48:26.113] [bmv2] [D] [thread 356] [50.0] [cxt 0] Parser set: setting field 'scalars.metadata.should_insert_int' to 0
[15:48:26.113] [bmv2] [D] [thread 356] [50.0] [cxt 0] Parser state 'start': key is 0800
[15:48:26.113] [bmv2] [T] [thread 356] [50.0] [cxt 0] Bytes parsed: 14
[15:48:26.113] [bmv2] [D] [thread 356] [50.0] [cxt 0] Parser 'parser' entering state 'parse_ipv4'
[15:48:26.113] [bmv2] [D] [thread 356] [50.0] [cxt 0] Extracting header 'ipv4'
[15:48:26.113] [bmv2] [D] [thread 356] [50.0] [cxt 0] Parser state 'parse_ipv4': key is 11
[15:48:26.114] [bmv2] [T] [thread 356] [50.0] [cxt 0] Bytes parsed: 34
[15:48:26.114] [bmv2] [D] [thread 356] [50.0] [cxt 0] Parser 'parser' entering state 'parse_udp'
[15:48:26.114] [bmv2] [D] [thread 356] [50.0] [cxt 0] Extracting header 'udp'
[15:48:26.114] [bmv2] [D] [thread 356] [50.0] [cxt 0] Parser set: setting field 'scalars.metadata.transport_src_port' from field 'udp.src_port' (2152)
[15:48:26.114] [bmv2] [D] [thread 356] [50.0] [cxt 0] Parser set: setting field 'scalars.metadata.transport_dst_port' from field 'udp.dst_port' (2152)
[15:48:26.114] [bmv2] [D] [thread 356] [50.0] [cxt 0] Parser set: setting field 'scalars.tmp' from expression, new value is 1
[15:48:26.114] [bmv2] [D] [thread 356] [50.0] [cxt 0] Parser state 'parse_udp': key is 01
[15:48:26.114] [bmv2] [T] [thread 356] [50.0] [cxt 0] Bytes parsed: 42
[15:48:26.114] [bmv2] [D] [thread 356] [50.0] [cxt 0] Parser 'parser' entering state 'parse_gtp_u'
[15:48:26.114] [bmv2] [D] [thread 356] [50.0] [cxt 0] Extracting header 'gtp_u'
[15:48:26.114] [bmv2] [D] [thread 356] [50.0] [cxt 0] Parser set: setting field 'scalars.metadata.is_gtp_u_traffic' to 1
[15:48:26.114] [bmv2] [D] [thread 356] [50.0] [cxt 0] Parser set: setting field 'scalars.metadata.traffic_type' to 2
[15:48:26.114] [bmv2] [D] [thread 356] [50.0] [cxt 0] Parser state 'parse_gtp_u' has no switch, going to default next state
[15:48:26.114] [bmv2] [T] [thread 356] [50.0] [cxt 0] Bytes parsed: 50
[15:48:26.114] [bmv2] [D] [thread 356] [50.0] [cxt 0] Parser 'parser': end
[15:48:26.114] [bmv2] [D] [thread 356] [50.0] [cxt 0] Pipeline 'ingress': start
[15:48:26.114] [bmv2] [T] [thread 356] [50.0] [cxt 0] Applying table 'tbl_intgtpsource295'
[15:48:26.114] [bmv2] [D] [thread 356] [50.0] [cxt 0] Looking up key:

[15:48:26.114] [bmv2] [D] [thread 356] [50.0] [cxt 0] Table 'tbl_intgtpsource295': miss
[15:48:26.114] [bmv2] [D] [thread 356] [50.0] [cxt 0] Action entry is intgtpsource295 -
[15:48:26.114] [bmv2] [T] [thread 356] [50.0] [cxt 0] Action intgtpsource295
[15:48:26.114] [bmv2] [T] [thread 356] [50.0] [cxt 0] int-gtp-source.p4(295) Primitive meta.switch_id = 1
[15:48:26.114] [bmv2] [T] [thread 356] [50.0] [cxt 0] int-gtp-source.p4(297) Condition "hdr.ethernet.isValid() && hdr.ipv4.isValid()" (node_3) is true
[15:48:26.114] [bmv2] [T] [thread 356] [50.0] [cxt 0] int-gtp-source.p4(299) Condition "(hdr.ipv4.protocol == 132 && hdr.sctp.isValid()) || ..." (node_4) is true
[15:48:26.114] [bmv2] [T] [thread 356] [50.0] [cxt 0] Applying table 'MyIngress.int_source_table'
[15:48:26.114] [bmv2] [D] [thread 356] [50.0] [cxt 0] Looking up key:
* meta.traffic_type   : 02

[15:48:26.114] [bmv2] [D] [thread 356] [50.0] [cxt 0] Table 'MyIngress.int_source_table': hit with handle 1
[15:48:26.114] [bmv2] [D] [thread 356] [50.0] [cxt 0] Dumping entry 1
Match key:
* meta.traffic_type   : EXACT     02
Action entry: MyIngress.int_source_action -

[15:48:26.114] [bmv2] [D] [thread 356] [50.0] [cxt 0] Action entry is MyIngress.int_source_action -
[15:48:26.114] [bmv2] [T] [thread 356] [50.0] [cxt 0] Action MyIngress.int_source_action
[15:48:26.114] [bmv2] [T] [thread 356] [50.0] [cxt 0] int-gtp-source.p4(221) Primitive meta.should_insert_int = 1
[15:48:26.114] [bmv2] [T] [thread 356] [50.0] [cxt 0] Applying table 'MyIngress.ipv4_lpm'
[15:48:26.114] [bmv2] [D] [thread 356] [50.0] [cxt 0] Looking up key:
* hdr.ipv4.dstAddr    : ac120018

[15:48:26.114] [bmv2] [D] [thread 356] [50.0] [cxt 0] Table 'MyIngress.ipv4_lpm': hit with handle 2
[15:48:26.114] [bmv2] [D] [thread 356] [50.0] [cxt 0] Dumping entry 2
Match key:
* hdr.ipv4.dstAddr    : LPM       00000000/0
Action entry: MyIngress.forward_action - 2,

[15:48:26.114] [bmv2] [D] [thread 356] [50.0] [cxt 0] Action entry is MyIngress.forward_action - 2,
[15:48:26.114] [bmv2] [T] [thread 356] [50.0] [cxt 0] Action MyIngress.forward_action
[15:48:26.114] [bmv2] [T] [thread 356] [50.0] [cxt 0] int-gtp-source.p4(266) Primitive standard_metadata.egress_spec = egress_port
[15:48:26.114] [bmv2] [T] [thread 356] [50.0] [cxt 0] int-gtp-source.p4(308) Condition "meta.should_insert_int == 1" (node_7) is true
[15:48:26.114] [bmv2] [T] [thread 356] [50.0] [cxt 0] Applying table 'tbl_do_insert_int'
[15:48:26.114] [bmv2] [D] [thread 356] [50.0] [cxt 0] Looking up key:

[15:48:26.114] [bmv2] [D] [thread 356] [50.0] [cxt 0] Table 'tbl_do_insert_int': miss
[15:48:26.114] [bmv2] [D] [thread 356] [50.0] [cxt 0] Action entry is MyIngress.do_insert_int -
[15:48:26.114] [bmv2] [T] [thread 356] [50.0] [cxt 0] Action MyIngress.do_insert_int
[15:48:26.114] [bmv2] [T] [thread 356] [50.0] [cxt 0] int-gtp-source.p4(226) Primitive bit<16> original_ether_type = hdr.ethernet.etherType
[15:48:26.114] [bmv2] [T] [thread 356] [50.0] [cxt 0] int-gtp-source.p4(229) Primitive hdr.ethernet.etherType = 0xFA
[15:48:26.114] [bmv2] [T] [thread 356] [50.0] [cxt 0] int-gtp-source.p4(232) Primitive hdr.int_shim.setValid()
[15:48:26.114] [bmv2] [T] [thread 356] [50.0] [cxt 0] int-gtp-source.p4(233) Primitive hdr.int_shim.type = 1
[15:48:26.114] [bmv2] [T] [thread 356] [50.0] [cxt 0] int-gtp-source.p4(234) Primitive hdr.int_shim.reserved = 0
[15:48:26.114] [bmv2] [T] [thread 356] [50.0] [cxt 0] int-gtp-source.p4(235) Primitive hdr.int_shim.length = 44
[15:48:26.114] [bmv2] [T] [thread 356] [50.0] [cxt 0] int-gtp-source.p4(236) Primitive hdr.int_shim.next_proto = original_ether_type
[15:48:26.114] [bmv2] [T] [thread 356] [50.0] [cxt 0] int-gtp-source.p4(239) Primitive hdr.int_header.setValid()
[15:48:26.114] [bmv2] [T] [thread 356] [50.0] [cxt 0] int-gtp-source.p4(240) Primitive hdr.int_header.version = 1
[15:48:26.114] [bmv2] [T] [thread 356] [50.0] [cxt 0] int-gtp-source.p4(241) Primitive hdr.int_header.d = 0
[15:48:26.114] [bmv2] [T] [thread 356] [50.0] [cxt 0] int-gtp-source.p4(242) Primitive hdr.int_header.q = 0
[15:48:26.114] [bmv2] [T] [thread 356] [50.0] [cxt 0] int-gtp-source.p4(243) Primitive hdr.int_header.m = 1
[15:48:26.114] [bmv2] [T] [thread 356] [50.0] [cxt 0] int-gtp-source.p4(244) Primitive hdr.int_header.reserved1 = 0
[15:48:26.114] [bmv2] [T] [thread 356] [50.0] [cxt 0] int-gtp-source.p4(245) Primitive hdr.int_header.hop_ml = 1
[15:48:26.114] [bmv2] [T] [thread 356] [50.0] [cxt 0] int-gtp-source.p4(246) Primitive hdr.int_header.instruction = 0x00FF
[15:48:26.114] [bmv2] [T] [thread 356] [50.0] [cxt 0] int-gtp-source.p4(247) Primitive hdr.int_header.reserved2 = 0
[15:48:26.114] [bmv2] [T] [thread 356] [50.0] [cxt 0] int-gtp-source.p4(248) Primitive hdr.int_header.remaining_hop_cnt = 8 - 1
[15:48:26.114] [bmv2] [T] [thread 356] [50.0] [cxt 0] int-gtp-source.p4(251) Primitive hdr.int_md.setValid()
[15:48:26.114] [bmv2] [T] [thread 356] [50.0] [cxt 0] int-gtp-source.p4(252) Primitive hdr.int_md.padding_switch = 0
[15:48:26.114] [bmv2] [T] [thread 356] [50.0] [cxt 0] int-gtp-source.p4(253) Primitive hdr.int_md.switch_id = (bit<16>)meta.switch_id
[15:48:26.114] [bmv2] [T] [thread 356] [50.0] [cxt 0] int-gtp-source.p4(254) Primitive hdr.int_md.ingress_port_id = (bit<16>)meta.ingress_port
[15:48:26.114] [bmv2] [T] [thread 356] [50.0] [cxt 0] int-gtp-source.p4(255) Primitive hdr.int_md.ingress_timestamp = meta.ingress_ts
[15:48:26.114] [bmv2] [T] [thread 356] [50.0] [cxt 0] int-gtp-source.p4(256) Primitive hdr.int_md.egress_port_id = 0
[15:48:26.114] [bmv2] [T] [thread 356] [50.0] [cxt 0] int-gtp-source.p4(257) Primitive hdr.int_md.hop_latency = 0
[15:48:26.114] [bmv2] [T] [thread 356] [50.0] [cxt 0] int-gtp-source.p4(258) Primitive hdr.int_md.egress_timestamp = 0
[15:48:26.114] [bmv2] [T] [thread 356] [50.0] [cxt 0] int-gtp-source.p4(259) Primitive hdr.int_md.queue_occupancy = 0
[15:48:26.114] [bmv2] [T] [thread 356] [50.0] [cxt 0] int-gtp-source.p4(260) Primitive hdr.int_md.congestion_notification = 0
[15:48:26.114] [bmv2] [T] [thread 356] [50.0] [cxt 0] int-gtp-source.p4(261) Primitive hdr.int_md.reserved1 = 0
[15:48:26.114] [bmv2] [T] [thread 356] [50.0] [cxt 0] int-gtp-source.p4(262) Primitive hdr.int_md.reserved2 = 0
[15:48:26.114] [bmv2] [D] [thread 356] [50.0] [cxt 0] Pipeline 'ingress': end
[15:48:26.114] [bmv2] [D] [thread 356] [50.0] [cxt 0] Egress port is 2
[15:48:26.114] [bmv2] [D] [thread 359] [50.0] [cxt 0] Pipeline 'egress': start
[15:48:26.114] [bmv2] [T] [thread 359] [50.0] [cxt 0] int-gtp-source.p4(330) Condition "hdr.int_shim.isValid()" (node_11) is true
[15:48:26.114] [bmv2] [T] [thread 359] [50.0] [cxt 0] Applying table 'tbl_update_int_metadata'
[15:48:26.114] [bmv2] [D] [thread 359] [50.0] [cxt 0] Looking up key:

[15:48:26.114] [bmv2] [D] [thread 359] [50.0] [cxt 0] Table 'tbl_update_int_metadata': miss
[15:48:26.114] [bmv2] [D] [thread 359] [50.0] [cxt 0] Action entry is MyEgress.update_int_metadata -
[15:48:26.114] [bmv2] [T] [thread 359] [50.0] [cxt 0] Action MyEgress.update_int_metadata
[15:48:26.114] [bmv2] [T] [thread 359] [50.0] [cxt 0] int-gtp-source.p4(321) Primitive if
[15:48:26.114] [bmv2] [T] [thread 359] [50.0] [cxt 0] int-gtp-source.p4(322) Primitive hdr.int_md.egress_port_id = (bit<16>)standard_metadata.egress_port
[15:48:26.114] [bmv2] [T] [thread 359] [50.0] [cxt 0] int-gtp-source.p4(323) Primitive hdr.int_md.egress_timestamp = (bit<32>)standard_metadata.egress_global_timestamp
[15:48:26.114] [bmv2] [T] [thread 359] [50.0] [cxt 0] int-gtp-source.p4(324) Primitive hdr.int_md.hop_latency = hdr.int_md.egress_timestamp - hdr.int_md.ingress_timestamp
[15:48:26.114] [bmv2] [T] [thread 359] [50.0] [cxt 0] int-gtp-source.p4(325) Primitive hdr.int_md.queue_occupancy = (bit<32>)standard_metadata.enq_qdepth
[15:48:26.114] [bmv2] [D] [thread 359] [50.0] [cxt 0] Pipeline 'egress': end
[15:48:26.114] [bmv2] [D] [thread 359] [50.0] [cxt 0] Deparser 'deparser': start
[15:48:26.114] [bmv2] [D] [thread 359] [50.0] [cxt 0] Deparsing header 'ethernet'
[15:48:26.114] [bmv2] [D] [thread 359] [50.0] [cxt 0] Deparsing header 'int_shim'
[15:48:26.114] [bmv2] [D] [thread 359] [50.0] [cxt 0] Deparsing header 'int_header'
[15:48:26.114] [bmv2] [D] [thread 359] [50.0] [cxt 0] Deparsing header 'int_md'
[15:48:26.115] [bmv2] [D] [thread 359] [50.0] [cxt 0] Deparsing header 'ipv4'
[15:48:26.115] [bmv2] [D] [thread 359] [50.0] [cxt 0] Deparsing header 'udp'
[15:48:26.115] [bmv2] [D] [thread 359] [50.0] [cxt 0] Deparsing header 'gtp_u'
[15:48:26.115] [bmv2] [D] [thread 359] [50.0] [cxt 0] Deparser 'deparser': end
[15:48:26.115] [bmv2] [D] [thread 361] [50.0] [cxt 0] Transmitting packet of size 183 out of port 2
[15:48:26.156] [bmv2] [D] [thread 356] [51.0] [cxt 0] Processing packet received on port 2
[15:48:26.156] [bmv2] [D] [thread 356] [51.0] [cxt 0] Parser 'parser': start
[15:48:26.156] [bmv2] [D] [thread 356] [51.0] [cxt 0] Parser 'parser' entering state 'start'
[15:48:26.156] [bmv2] [D] [thread 356] [51.0] [cxt 0] Extracting header 'ethernet'
[15:48:26.156] [bmv2] [D] [thread 356] [51.0] [cxt 0] Parser set: setting field 'scalars.metadata.ingress_port' from field 'standard_metadata.ingress_port' (2)
[15:48:26.156] [bmv2] [D] [thread 356] [51.0] [cxt 0] Parser set: setting field 'scalars.metadata.ingress_ts' from expression, new value is 193607177
[15:48:26.156] [bmv2] [D] [thread 356] [51.0] [cxt 0] Parser set: setting field 'scalars.metadata.is_int_packet' to 0
[15:48:26.156] [bmv2] [D] [thread 356] [51.0] [cxt 0] Parser set: setting field 'scalars.metadata.is_ngap_traffic' to 0
[15:48:26.156] [bmv2] [D] [thread 356] [51.0] [cxt 0] Parser set: setting field 'scalars.metadata.is_gtp_u_traffic' to 0
[15:48:26.156] [bmv2] [D] [thread 356] [51.0] [cxt 0] Parser set: setting field 'scalars.metadata.traffic_type' to 0
[15:48:26.156] [bmv2] [D] [thread 356] [51.0] [cxt 0] Parser set: setting field 'scalars.metadata.should_insert_int' to 0
[15:48:26.156] [bmv2] [D] [thread 356] [51.0] [cxt 0] Parser state 'start': key is 0800
[15:48:26.156] [bmv2] [T] [thread 356] [51.0] [cxt 0] Bytes parsed: 14
[15:48:26.156] [bmv2] [D] [thread 356] [51.0] [cxt 0] Parser 'parser' entering state 'parse_ipv4'
[15:48:26.156] [bmv2] [D] [thread 356] [51.0] [cxt 0] Extracting header 'ipv4'
[15:48:26.156] [bmv2] [D] [thread 356] [51.0] [cxt 0] Parser state 'parse_ipv4': key is 11
[15:48:26.156] [bmv2] [T] [thread 356] [51.0] [cxt 0] Bytes parsed: 34
[15:48:26.156] [bmv2] [D] [thread 356] [51.0] [cxt 0] Parser 'parser' entering state 'parse_udp'
[15:48:26.156] [bmv2] [D] [thread 356] [51.0] [cxt 0] Extracting header 'udp'
[15:48:26.156] [bmv2] [D] [thread 356] [51.0] [cxt 0] Parser set: setting field 'scalars.metadata.transport_src_port' from field 'udp.src_port' (2152)
[15:48:26.156] [bmv2] [D] [thread 356] [51.0] [cxt 0] Parser set: setting field 'scalars.metadata.transport_dst_port' from field 'udp.dst_port' (2152)
[15:48:26.156] [bmv2] [D] [thread 356] [51.0] [cxt 0] Parser set: setting field 'scalars.tmp' from expression, new value is 1
[15:48:26.156] [bmv2] [D] [thread 356] [51.0] [cxt 0] Parser state 'parse_udp': key is 01
[15:48:26.156] [bmv2] [T] [thread 356] [51.0] [cxt 0] Bytes parsed: 42
[15:48:26.156] [bmv2] [D] [thread 356] [51.0] [cxt 0] Parser 'parser' entering state 'parse_gtp_u'
[15:48:26.156] [bmv2] [D] [thread 356] [51.0] [cxt 0] Extracting header 'gtp_u'
[15:48:26.156] [bmv2] [D] [thread 356] [51.0] [cxt 0] Parser set: setting field 'scalars.metadata.is_gtp_u_traffic' to 1
[15:48:26.156] [bmv2] [D] [thread 356] [51.0] [cxt 0] Parser set: setting field 'scalars.metadata.traffic_type' to 2
[15:48:26.156] [bmv2] [D] [thread 356] [51.0] [cxt 0] Parser state 'parse_gtp_u' has no switch, going to default next state
[15:48:26.156] [bmv2] [T] [thread 356] [51.0] [cxt 0] Bytes parsed: 50
[15:48:26.156] [bmv2] [D] [thread 356] [51.0] [cxt 0] Parser 'parser': end
[15:48:26.156] [bmv2] [D] [thread 356] [51.0] [cxt 0] Pipeline 'ingress': start
[15:48:26.156] [bmv2] [T] [thread 356] [51.0] [cxt 0] Applying table 'tbl_intgtpsource295'
[15:48:26.156] [bmv2] [D] [thread 356] [51.0] [cxt 0] Looking up key:

[15:48:26.156] [bmv2] [D] [thread 356] [51.0] [cxt 0] Table 'tbl_intgtpsource295': miss
[15:48:26.156] [bmv2] [D] [thread 356] [51.0] [cxt 0] Action entry is intgtpsource295 -
[15:48:26.156] [bmv2] [T] [thread 356] [51.0] [cxt 0] Action intgtpsource295
[15:48:26.156] [bmv2] [T] [thread 356] [51.0] [cxt 0] int-gtp-source.p4(295) Primitive meta.switch_id = 1
[15:48:26.156] [bmv2] [T] [thread 356] [51.0] [cxt 0] int-gtp-source.p4(297) Condition "hdr.ethernet.isValid() && hdr.ipv4.isValid()" (node_3) is true
[15:48:26.156] [bmv2] [T] [thread 356] [51.0] [cxt 0] int-gtp-source.p4(299) Condition "(hdr.ipv4.protocol == 132 && hdr.sctp.isValid()) || ..." (node_4) is true
[15:48:26.156] [bmv2] [T] [thread 356] [51.0] [cxt 0] Applying table 'MyIngress.int_source_table'
[15:48:26.156] [bmv2] [D] [thread 356] [51.0] [cxt 0] Looking up key:
* meta.traffic_type   : 02

[15:48:26.156] [bmv2] [D] [thread 356] [51.0] [cxt 0] Table 'MyIngress.int_source_table': hit with handle 1
[15:48:26.156] [bmv2] [D] [thread 356] [51.0] [cxt 0] Dumping entry 1
Match key:
* meta.traffic_type   : EXACT     02
Action entry: MyIngress.int_source_action -

[15:48:26.156] [bmv2] [D] [thread 356] [51.0] [cxt 0] Action entry is MyIngress.int_source_action -
[15:48:26.156] [bmv2] [T] [thread 356] [51.0] [cxt 0] Action MyIngress.int_source_action
[15:48:26.156] [bmv2] [T] [thread 356] [51.0] [cxt 0] int-gtp-source.p4(221) Primitive meta.should_insert_int = 1
[15:48:26.156] [bmv2] [T] [thread 356] [51.0] [cxt 0] Applying table 'MyIngress.ipv4_lpm'
[15:48:26.156] [bmv2] [D] [thread 356] [51.0] [cxt 0] Looking up key:
* hdr.ipv4.dstAddr    : ac120a03

[15:48:26.156] [bmv2] [D] [thread 356] [51.0] [cxt 0] Table 'MyIngress.ipv4_lpm': hit with handle 1
[15:48:26.156] [bmv2] [D] [thread 356] [51.0] [cxt 0] Dumping entry 1
Match key:
* hdr.ipv4.dstAddr    : LPM       ac120a03/32
Action entry: MyIngress.forward_action - 1,

[15:48:26.157] [bmv2] [D] [thread 356] [51.0] [cxt 0] Action entry is MyIngress.forward_action - 1,
[15:48:26.157] [bmv2] [T] [thread 356] [51.0] [cxt 0] Action MyIngress.forward_action
[15:48:26.157] [bmv2] [T] [thread 356] [51.0] [cxt 0] int-gtp-source.p4(266) Primitive standard_metadata.egress_spec = egress_port
[15:48:26.157] [bmv2] [T] [thread 356] [51.0] [cxt 0] int-gtp-source.p4(308) Condition "meta.should_insert_int == 1" (node_7) is true
[15:48:26.157] [bmv2] [T] [thread 356] [51.0] [cxt 0] Applying table 'tbl_do_insert_int'
[15:48:26.157] [bmv2] [D] [thread 356] [51.0] [cxt 0] Looking up key:

[15:48:26.157] [bmv2] [D] [thread 356] [51.0] [cxt 0] Table 'tbl_do_insert_int': miss
[15:48:26.157] [bmv2] [D] [thread 356] [51.0] [cxt 0] Action entry is MyIngress.do_insert_int -
[15:48:26.157] [bmv2] [T] [thread 356] [51.0] [cxt 0] Action MyIngress.do_insert_int
[15:48:26.157] [bmv2] [T] [thread 356] [51.0] [cxt 0] int-gtp-source.p4(226) Primitive bit<16> original_ether_type = hdr.ethernet.etherType
[15:48:26.157] [bmv2] [T] [thread 356] [51.0] [cxt 0] int-gtp-source.p4(229) Primitive hdr.ethernet.etherType = 0xFA
[15:48:26.157] [bmv2] [T] [thread 356] [51.0] [cxt 0] int-gtp-source.p4(232) Primitive hdr.int_shim.setValid()
[15:48:26.157] [bmv2] [T] [thread 356] [51.0] [cxt 0] int-gtp-source.p4(233) Primitive hdr.int_shim.type = 1
[15:48:26.157] [bmv2] [T] [thread 356] [51.0] [cxt 0] int-gtp-source.p4(234) Primitive hdr.int_shim.reserved = 0
[15:48:26.157] [bmv2] [T] [thread 356] [51.0] [cxt 0] int-gtp-source.p4(235) Primitive hdr.int_shim.length = 44
[15:48:26.157] [bmv2] [T] [thread 356] [51.0] [cxt 0] int-gtp-source.p4(236) Primitive hdr.int_shim.next_proto = original_ether_type
[15:48:26.157] [bmv2] [T] [thread 356] [51.0] [cxt 0] int-gtp-source.p4(239) Primitive hdr.int_header.setValid()
[15:48:26.157] [bmv2] [T] [thread 356] [51.0] [cxt 0] int-gtp-source.p4(240) Primitive hdr.int_header.version = 1
[15:48:26.157] [bmv2] [T] [thread 356] [51.0] [cxt 0] int-gtp-source.p4(241) Primitive hdr.int_header.d = 0
[15:48:26.157] [bmv2] [T] [thread 356] [51.0] [cxt 0] int-gtp-source.p4(242) Primitive hdr.int_header.q = 0
[15:48:26.157] [bmv2] [T] [thread 356] [51.0] [cxt 0] int-gtp-source.p4(243) Primitive hdr.int_header.m = 1
[15:48:26.157] [bmv2] [T] [thread 356] [51.0] [cxt 0] int-gtp-source.p4(244) Primitive hdr.int_header.reserved1 = 0
[15:48:26.157] [bmv2] [T] [thread 356] [51.0] [cxt 0] int-gtp-source.p4(245) Primitive hdr.int_header.hop_ml = 1
[15:48:26.157] [bmv2] [T] [thread 356] [51.0] [cxt 0] int-gtp-source.p4(246) Primitive hdr.int_header.instruction = 0x00FF
[15:48:26.157] [bmv2] [T] [thread 356] [51.0] [cxt 0] int-gtp-source.p4(247) Primitive hdr.int_header.reserved2 = 0
[15:48:26.157] [bmv2] [T] [thread 356] [51.0] [cxt 0] int-gtp-source.p4(248) Primitive hdr.int_header.remaining_hop_cnt = 8 - 1
[15:48:26.157] [bmv2] [T] [thread 356] [51.0] [cxt 0] int-gtp-source.p4(251) Primitive hdr.int_md.setValid()
[15:48:26.157] [bmv2] [T] [thread 356] [51.0] [cxt 0] int-gtp-source.p4(252) Primitive hdr.int_md.padding_switch = 0
[15:48:26.157] [bmv2] [T] [thread 356] [51.0] [cxt 0] int-gtp-source.p4(253) Primitive hdr.int_md.switch_id = (bit<16>)meta.switch_id
[15:48:26.157] [bmv2] [T] [thread 356] [51.0] [cxt 0] int-gtp-source.p4(254) Primitive hdr.int_md.ingress_port_id = (bit<16>)meta.ingress_port
[15:48:26.157] [bmv2] [T] [thread 356] [51.0] [cxt 0] int-gtp-source.p4(255) Primitive hdr.int_md.ingress_timestamp = meta.ingress_ts
[15:48:26.157] [bmv2] [T] [thread 356] [51.0] [cxt 0] int-gtp-source.p4(256) Primitive hdr.int_md.egress_port_id = 0
[15:48:26.157] [bmv2] [T] [thread 356] [51.0] [cxt 0] int-gtp-source.p4(257) Primitive hdr.int_md.hop_latency = 0
[15:48:26.157] [bmv2] [T] [thread 356] [51.0] [cxt 0] int-gtp-source.p4(258) Primitive hdr.int_md.egress_timestamp = 0
[15:48:26.157] [bmv2] [T] [thread 356] [51.0] [cxt 0] int-gtp-source.p4(259) Primitive hdr.int_md.queue_occupancy = 0
[15:48:26.157] [bmv2] [T] [thread 356] [51.0] [cxt 0] int-gtp-source.p4(260) Primitive hdr.int_md.congestion_notification = 0
[15:48:26.157] [bmv2] [T] [thread 356] [51.0] [cxt 0] int-gtp-source.p4(261) Primitive hdr.int_md.reserved1 = 0
[15:48:26.157] [bmv2] [T] [thread 356] [51.0] [cxt 0] int-gtp-source.p4(262) Primitive hdr.int_md.reserved2 = 0
[15:48:26.157] [bmv2] [D] [thread 356] [51.0] [cxt 0] Pipeline 'ingress': end
[15:48:26.158] [bmv2] [D] [thread 356] [51.0] [cxt 0] Egress port is 1
[15:48:26.158] [bmv2] [D] [thread 358] [51.0] [cxt 0] Pipeline 'egress': start
[15:48:26.158] [bmv2] [T] [thread 358] [51.0] [cxt 0] int-gtp-source.p4(330) Condition "hdr.int_shim.isValid()" (node_11) is true
[15:48:26.158] [bmv2] [T] [thread 358] [51.0] [cxt 0] Applying table 'tbl_update_int_metadata'
[15:48:26.158] [bmv2] [D] [thread 358] [51.0] [cxt 0] Looking up key:

[15:48:26.158] [bmv2] [D] [thread 358] [51.0] [cxt 0] Table 'tbl_update_int_metadata': miss
[15:48:26.158] [bmv2] [D] [thread 358] [51.0] [cxt 0] Action entry is MyEgress.update_int_metadata -
[15:48:26.158] [bmv2] [T] [thread 358] [51.0] [cxt 0] Action MyEgress.update_int_metadata
[15:48:26.158] [bmv2] [T] [thread 358] [51.0] [cxt 0] int-gtp-source.p4(321) Primitive if
[15:48:26.158] [bmv2] [T] [thread 358] [51.0] [cxt 0] int-gtp-source.p4(322) Primitive hdr.int_md.egress_port_id = (bit<16>)standard_metadata.egress_port
[15:48:26.158] [bmv2] [T] [thread 358] [51.0] [cxt 0] int-gtp-source.p4(323) Primitive hdr.int_md.egress_timestamp = (bit<32>)standard_metadata.egress_global_timestamp
[15:48:26.158] [bmv2] [T] [thread 358] [51.0] [cxt 0] int-gtp-source.p4(324) Primitive hdr.int_md.hop_latency = hdr.int_md.egress_timestamp - hdr.int_md.ingress_timestamp
[15:48:26.158] [bmv2] [T] [thread 358] [51.0] [cxt 0] int-gtp-source.p4(325) Primitive hdr.int_md.queue_occupancy = (bit<32>)standard_metadata.enq_qdepth
[15:48:26.158] [bmv2] [D] [thread 358] [51.0] [cxt 0] Pipeline 'egress': end
[15:48:26.158] [bmv2] [D] [thread 358] [51.0] [cxt 0] Deparser 'deparser': start
[15:48:26.158] [bmv2] [D] [thread 358] [51.0] [cxt 0] Deparsing header 'ethernet'
[15:48:26.158] [bmv2] [D] [thread 358] [51.0] [cxt 0] Deparsing header 'int_shim'
[15:48:26.158] [bmv2] [D] [thread 358] [51.0] [cxt 0] Deparsing header 'int_header'
[15:48:26.158] [bmv2] [D] [thread 358] [51.0] [cxt 0] Deparsing header 'int_md'
[15:48:26.158] [bmv2] [D] [thread 358] [51.0] [cxt 0] Deparsing header 'ipv4'
[15:48:26.158] [bmv2] [D] [thread 358] [51.0] [cxt 0] Deparsing header 'udp'
[15:48:26.158] [bmv2] [D] [thread 358] [51.0] [cxt 0] Deparsing header 'gtp_u'
[15:48:26.158] [bmv2] [D] [thread 358] [51.0] [cxt 0] Deparser 'deparser': end
[15:48:26.158] [bmv2] [D] [thread 361] [51.0] [cxt 0] Transmitting packet of size 183 out of port 1
[15:48:27.141] [bmv2] [D] [thread 356] [52.0] [cxt 0] Processing packet received on port 1
[15:48:27.141] [bmv2] [D] [thread 356] [52.0] [cxt 0] Parser 'parser': start
[15:48:27.141] [bmv2] [D] [thread 356] [52.0] [cxt 0] Parser 'parser' entering state 'start'
[15:48:27.141] [bmv2] [D] [thread 356] [52.0] [cxt 0] Extracting header 'ethernet'
[15:48:27.141] [bmv2] [D] [thread 356] [52.0] [cxt 0] Parser set: setting field 'scalars.metadata.ingress_port' from field 'standard_metadata.ingress_port' (1)
[15:48:27.141] [bmv2] [D] [thread 356] [52.0] [cxt 0] Parser set: setting field 'scalars.metadata.ingress_ts' from expression, new value is 194592331
[15:48:27.141] [bmv2] [D] [thread 356] [52.0] [cxt 0] Parser set: setting field 'scalars.metadata.is_int_packet' to 0
[15:48:27.141] [bmv2] [D] [thread 356] [52.0] [cxt 0] Parser set: setting field 'scalars.metadata.is_ngap_traffic' to 0
[15:48:27.141] [bmv2] [D] [thread 356] [52.0] [cxt 0] Parser set: setting field 'scalars.metadata.is_gtp_u_traffic' to 0
[15:48:27.141] [bmv2] [D] [thread 356] [52.0] [cxt 0] Parser set: setting field 'scalars.metadata.traffic_type' to 0
[15:48:27.141] [bmv2] [D] [thread 356] [52.0] [cxt 0] Parser set: setting field 'scalars.metadata.should_insert_int' to 0
[15:48:27.141] [bmv2] [D] [thread 356] [52.0] [cxt 0] Parser state 'start': key is 0800
[15:48:27.141] [bmv2] [T] [thread 356] [52.0] [cxt 0] Bytes parsed: 14
[15:48:27.141] [bmv2] [D] [thread 356] [52.0] [cxt 0] Parser 'parser' entering state 'parse_ipv4'
[15:48:27.141] [bmv2] [D] [thread 356] [52.0] [cxt 0] Extracting header 'ipv4'
[15:48:27.141] [bmv2] [D] [thread 356] [52.0] [cxt 0] Parser state 'parse_ipv4': key is 11
[15:48:27.141] [bmv2] [T] [thread 356] [52.0] [cxt 0] Bytes parsed: 34
[15:48:27.141] [bmv2] [D] [thread 356] [52.0] [cxt 0] Parser 'parser' entering state 'parse_udp'
[15:48:27.141] [bmv2] [D] [thread 356] [52.0] [cxt 0] Extracting header 'udp'
[15:48:27.141] [bmv2] [D] [thread 356] [52.0] [cxt 0] Parser set: setting field 'scalars.metadata.transport_src_port' from field 'udp.src_port' (2152)
[15:48:27.141] [bmv2] [D] [thread 356] [52.0] [cxt 0] Parser set: setting field 'scalars.metadata.transport_dst_port' from field 'udp.dst_port' (2152)
[15:48:27.141] [bmv2] [D] [thread 356] [52.0] [cxt 0] Parser set: setting field 'scalars.tmp' from expression, new value is 1
[15:48:27.141] [bmv2] [D] [thread 356] [52.0] [cxt 0] Parser state 'parse_udp': key is 01
[15:48:27.141] [bmv2] [T] [thread 356] [52.0] [cxt 0] Bytes parsed: 42
[15:48:27.141] [bmv2] [D] [thread 356] [52.0] [cxt 0] Parser 'parser' entering state 'parse_gtp_u'
[15:48:27.141] [bmv2] [D] [thread 356] [52.0] [cxt 0] Extracting header 'gtp_u'
[15:48:27.141] [bmv2] [D] [thread 356] [52.0] [cxt 0] Parser set: setting field 'scalars.metadata.is_gtp_u_traffic' to 1
[15:48:27.141] [bmv2] [D] [thread 356] [52.0] [cxt 0] Parser set: setting field 'scalars.metadata.traffic_type' to 2
[15:48:27.141] [bmv2] [D] [thread 356] [52.0] [cxt 0] Parser state 'parse_gtp_u' has no switch, going to default next state
[15:48:27.141] [bmv2] [T] [thread 356] [52.0] [cxt 0] Bytes parsed: 50
[15:48:27.141] [bmv2] [D] [thread 356] [52.0] [cxt 0] Parser 'parser': end
[15:48:27.141] [bmv2] [D] [thread 356] [52.0] [cxt 0] Pipeline 'ingress': start
[15:48:27.141] [bmv2] [T] [thread 356] [52.0] [cxt 0] Applying table 'tbl_intgtpsource295'
[15:48:27.141] [bmv2] [D] [thread 356] [52.0] [cxt 0] Looking up key:

[15:48:27.141] [bmv2] [D] [thread 356] [52.0] [cxt 0] Table 'tbl_intgtpsource295': miss
[15:48:27.141] [bmv2] [D] [thread 356] [52.0] [cxt 0] Action entry is intgtpsource295 -
[15:48:27.141] [bmv2] [T] [thread 356] [52.0] [cxt 0] Action intgtpsource295
[15:48:27.141] [bmv2] [T] [thread 356] [52.0] [cxt 0] int-gtp-source.p4(295) Primitive meta.switch_id = 1
[15:48:27.142] [bmv2] [T] [thread 356] [52.0] [cxt 0] int-gtp-source.p4(297) Condition "hdr.ethernet.isValid() && hdr.ipv4.isValid()" (node_3) is true
[15:48:27.142] [bmv2] [T] [thread 356] [52.0] [cxt 0] int-gtp-source.p4(299) Condition "(hdr.ipv4.protocol == 132 && hdr.sctp.isValid()) || ..." (node_4) is true
[15:48:27.142] [bmv2] [T] [thread 356] [52.0] [cxt 0] Applying table 'MyIngress.int_source_table'
[15:48:27.142] [bmv2] [D] [thread 356] [52.0] [cxt 0] Looking up key:
* meta.traffic_type   : 02

[15:48:27.142] [bmv2] [D] [thread 356] [52.0] [cxt 0] Table 'MyIngress.int_source_table': hit with handle 1
[15:48:27.142] [bmv2] [D] [thread 356] [52.0] [cxt 0] Dumping entry 1
Match key:
* meta.traffic_type   : EXACT     02
Action entry: MyIngress.int_source_action -

[15:48:27.142] [bmv2] [D] [thread 356] [52.0] [cxt 0] Action entry is MyIngress.int_source_action -
[15:48:27.142] [bmv2] [T] [thread 356] [52.0] [cxt 0] Action MyIngress.int_source_action
[15:48:27.142] [bmv2] [T] [thread 356] [52.0] [cxt 0] int-gtp-source.p4(221) Primitive meta.should_insert_int = 1
[15:48:27.142] [bmv2] [T] [thread 356] [52.0] [cxt 0] Applying table 'MyIngress.ipv4_lpm'
[15:48:27.142] [bmv2] [D] [thread 356] [52.0] [cxt 0] Looking up key:
* hdr.ipv4.dstAddr    : ac120018

[15:48:27.142] [bmv2] [D] [thread 356] [52.0] [cxt 0] Table 'MyIngress.ipv4_lpm': hit with handle 2
[15:48:27.142] [bmv2] [D] [thread 356] [52.0] [cxt 0] Dumping entry 2
Match key:
* hdr.ipv4.dstAddr    : LPM       00000000/0
Action entry: MyIngress.forward_action - 2,

[15:48:27.142] [bmv2] [D] [thread 356] [52.0] [cxt 0] Action entry is MyIngress.forward_action - 2,
[15:48:27.142] [bmv2] [T] [thread 356] [52.0] [cxt 0] Action MyIngress.forward_action
[15:48:27.142] [bmv2] [T] [thread 356] [52.0] [cxt 0] int-gtp-source.p4(266) Primitive standard_metadata.egress_spec = egress_port
[15:48:27.142] [bmv2] [T] [thread 356] [52.0] [cxt 0] int-gtp-source.p4(308) Condition "meta.should_insert_int == 1" (node_7) is true
[15:48:27.142] [bmv2] [T] [thread 356] [52.0] [cxt 0] Applying table 'tbl_do_insert_int'
[15:48:27.142] [bmv2] [D] [thread 356] [52.0] [cxt 0] Looking up key:

[15:48:27.142] [bmv2] [D] [thread 356] [52.0] [cxt 0] Table 'tbl_do_insert_int': miss
[15:48:27.142] [bmv2] [D] [thread 356] [52.0] [cxt 0] Action entry is MyIngress.do_insert_int -
[15:48:27.142] [bmv2] [T] [thread 356] [52.0] [cxt 0] Action MyIngress.do_insert_int
[15:48:27.142] [bmv2] [T] [thread 356] [52.0] [cxt 0] int-gtp-source.p4(226) Primitive bit<16> original_ether_type = hdr.ethernet.etherType
[15:48:27.142] [bmv2] [T] [thread 356] [52.0] [cxt 0] int-gtp-source.p4(229) Primitive hdr.ethernet.etherType = 0xFA
[15:48:27.142] [bmv2] [T] [thread 356] [52.0] [cxt 0] int-gtp-source.p4(232) Primitive hdr.int_shim.setValid()
[15:48:27.142] [bmv2] [T] [thread 356] [52.0] [cxt 0] int-gtp-source.p4(233) Primitive hdr.int_shim.type = 1
[15:48:27.142] [bmv2] [T] [thread 356] [52.0] [cxt 0] int-gtp-source.p4(234) Primitive hdr.int_shim.reserved = 0
[15:48:27.142] [bmv2] [T] [thread 356] [52.0] [cxt 0] int-gtp-source.p4(235) Primitive hdr.int_shim.length = 44
[15:48:27.142] [bmv2] [T] [thread 356] [52.0] [cxt 0] int-gtp-source.p4(236) Primitive hdr.int_shim.next_proto = original_ether_type
[15:48:27.142] [bmv2] [T] [thread 356] [52.0] [cxt 0] int-gtp-source.p4(239) Primitive hdr.int_header.setValid()
[15:48:27.142] [bmv2] [T] [thread 356] [52.0] [cxt 0] int-gtp-source.p4(240) Primitive hdr.int_header.version = 1
[15:48:27.142] [bmv2] [T] [thread 356] [52.0] [cxt 0] int-gtp-source.p4(241) Primitive hdr.int_header.d = 0
[15:48:27.142] [bmv2] [T] [thread 356] [52.0] [cxt 0] int-gtp-source.p4(242) Primitive hdr.int_header.q = 0
[15:48:27.142] [bmv2] [T] [thread 356] [52.0] [cxt 0] int-gtp-source.p4(243) Primitive hdr.int_header.m = 1
[15:48:27.142] [bmv2] [T] [thread 356] [52.0] [cxt 0] int-gtp-source.p4(244) Primitive hdr.int_header.reserved1 = 0
[15:48:27.142] [bmv2] [T] [thread 356] [52.0] [cxt 0] int-gtp-source.p4(245) Primitive hdr.int_header.hop_ml = 1
[15:48:27.142] [bmv2] [T] [thread 356] [52.0] [cxt 0] int-gtp-source.p4(246) Primitive hdr.int_header.instruction = 0x00FF
[15:48:27.142] [bmv2] [T] [thread 356] [52.0] [cxt 0] int-gtp-source.p4(247) Primitive hdr.int_header.reserved2 = 0
[15:48:27.142] [bmv2] [T] [thread 356] [52.0] [cxt 0] int-gtp-source.p4(248) Primitive hdr.int_header.remaining_hop_cnt = 8 - 1
[15:48:27.142] [bmv2] [T] [thread 356] [52.0] [cxt 0] int-gtp-source.p4(251) Primitive hdr.int_md.setValid()
[15:48:27.142] [bmv2] [T] [thread 356] [52.0] [cxt 0] int-gtp-source.p4(252) Primitive hdr.int_md.padding_switch = 0
[15:48:27.142] [bmv2] [T] [thread 356] [52.0] [cxt 0] int-gtp-source.p4(253) Primitive hdr.int_md.switch_id = (bit<16>)meta.switch_id
[15:48:27.142] [bmv2] [T] [thread 356] [52.0] [cxt 0] int-gtp-source.p4(254) Primitive hdr.int_md.ingress_port_id = (bit<16>)meta.ingress_port
[15:48:27.142] [bmv2] [T] [thread 356] [52.0] [cxt 0] int-gtp-source.p4(255) Primitive hdr.int_md.ingress_timestamp = meta.ingress_ts
[15:48:27.142] [bmv2] [T] [thread 356] [52.0] [cxt 0] int-gtp-source.p4(256) Primitive hdr.int_md.egress_port_id = 0
[15:48:27.142] [bmv2] [T] [thread 356] [52.0] [cxt 0] int-gtp-source.p4(257) Primitive hdr.int_md.hop_latency = 0
[15:48:27.142] [bmv2] [T] [thread 356] [52.0] [cxt 0] int-gtp-source.p4(258) Primitive hdr.int_md.egress_timestamp = 0
[15:48:27.142] [bmv2] [T] [thread 356] [52.0] [cxt 0] int-gtp-source.p4(259) Primitive hdr.int_md.queue_occupancy = 0
[15:48:27.142] [bmv2] [T] [thread 356] [52.0] [cxt 0] int-gtp-source.p4(260) Primitive hdr.int_md.congestion_notification = 0
[15:48:27.142] [bmv2] [T] [thread 356] [52.0] [cxt 0] int-gtp-source.p4(261) Primitive hdr.int_md.reserved1 = 0
[15:48:27.142] [bmv2] [T] [thread 356] [52.0] [cxt 0] int-gtp-source.p4(262) Primitive hdr.int_md.reserved2 = 0
[15:48:27.142] [bmv2] [D] [thread 356] [52.0] [cxt 0] Pipeline 'ingress': end
[15:48:27.142] [bmv2] [D] [thread 356] [52.0] [cxt 0] Egress port is 2
[15:48:27.142] [bmv2] [D] [thread 359] [52.0] [cxt 0] Pipeline 'egress': start
[15:48:27.142] [bmv2] [T] [thread 359] [52.0] [cxt 0] int-gtp-source.p4(330) Condition "hdr.int_shim.isValid()" (node_11) is true
[15:48:27.142] [bmv2] [T] [thread 359] [52.0] [cxt 0] Applying table 'tbl_update_int_metadata'
[15:48:27.142] [bmv2] [D] [thread 359] [52.0] [cxt 0] Looking up key:

[15:48:27.142] [bmv2] [D] [thread 359] [52.0] [cxt 0] Table 'tbl_update_int_metadata': miss
[15:48:27.142] [bmv2] [D] [thread 359] [52.0] [cxt 0] Action entry is MyEgress.update_int_metadata -
[15:48:27.142] [bmv2] [T] [thread 359] [52.0] [cxt 0] Action MyEgress.update_int_metadata
[15:48:27.142] [bmv2] [T] [thread 359] [52.0] [cxt 0] int-gtp-source.p4(321) Primitive if
[15:48:27.142] [bmv2] [T] [thread 359] [52.0] [cxt 0] int-gtp-source.p4(322) Primitive hdr.int_md.egress_port_id = (bit<16>)standard_metadata.egress_port
[15:48:27.142] [bmv2] [T] [thread 359] [52.0] [cxt 0] int-gtp-source.p4(323) Primitive hdr.int_md.egress_timestamp = (bit<32>)standard_metadata.egress_global_timestamp
[15:48:27.142] [bmv2] [T] [thread 359] [52.0] [cxt 0] int-gtp-source.p4(324) Primitive hdr.int_md.hop_latency = hdr.int_md.egress_timestamp - hdr.int_md.ingress_timestamp
[15:48:27.142] [bmv2] [T] [thread 359] [52.0] [cxt 0] int-gtp-source.p4(325) Primitive hdr.int_md.queue_occupancy = (bit<32>)standard_metadata.enq_qdepth
[15:48:27.142] [bmv2] [D] [thread 359] [52.0] [cxt 0] Pipeline 'egress': end
[15:48:27.142] [bmv2] [D] [thread 359] [52.0] [cxt 0] Deparser 'deparser': start
[15:48:27.142] [bmv2] [D] [thread 359] [52.0] [cxt 0] Deparsing header 'ethernet'
[15:48:27.142] [bmv2] [D] [thread 359] [52.0] [cxt 0] Deparsing header 'int_shim'
[15:48:27.142] [bmv2] [D] [thread 359] [52.0] [cxt 0] Deparsing header 'int_header'
[15:48:27.142] [bmv2] [D] [thread 359] [52.0] [cxt 0] Deparsing header 'int_md'
[15:48:27.142] [bmv2] [D] [thread 359] [52.0] [cxt 0] Deparsing header 'ipv4'
[15:48:27.142] [bmv2] [D] [thread 359] [52.0] [cxt 0] Deparsing header 'udp'
[15:48:27.142] [bmv2] [D] [thread 359] [52.0] [cxt 0] Deparsing header 'gtp_u'
[15:48:27.142] [bmv2] [D] [thread 359] [52.0] [cxt 0] Deparser 'deparser': end
[15:48:27.142] [bmv2] [D] [thread 361] [52.0] [cxt 0] Transmitting packet of size 183 out of port 2
[15:48:27.184] [bmv2] [D] [thread 356] [53.0] [cxt 0] Processing packet received on port 2
[15:48:27.184] [bmv2] [D] [thread 356] [53.0] [cxt 0] Parser 'parser': start
[15:48:27.184] [bmv2] [D] [thread 356] [53.0] [cxt 0] Parser 'parser' entering state 'start'
[15:48:27.184] [bmv2] [D] [thread 356] [53.0] [cxt 0] Extracting header 'ethernet'
[15:48:27.184] [bmv2] [D] [thread 356] [53.0] [cxt 0] Parser set: setting field 'scalars.metadata.ingress_port' from field 'standard_metadata.ingress_port' (2)
[15:48:27.184] [bmv2] [D] [thread 356] [53.0] [cxt 0] Parser set: setting field 'scalars.metadata.ingress_ts' from expression, new value is 194634925
[15:48:27.184] [bmv2] [D] [thread 356] [53.0] [cxt 0] Parser set: setting field 'scalars.metadata.is_int_packet' to 0
[15:48:27.184] [bmv2] [D] [thread 356] [53.0] [cxt 0] Parser set: setting field 'scalars.metadata.is_ngap_traffic' to 0
[15:48:27.184] [bmv2] [D] [thread 356] [53.0] [cxt 0] Parser set: setting field 'scalars.metadata.is_gtp_u_traffic' to 0
[15:48:27.184] [bmv2] [D] [thread 356] [53.0] [cxt 0] Parser set: setting field 'scalars.metadata.traffic_type' to 0
[15:48:27.184] [bmv2] [D] [thread 356] [53.0] [cxt 0] Parser set: setting field 'scalars.metadata.should_insert_int' to 0
[15:48:27.184] [bmv2] [D] [thread 356] [53.0] [cxt 0] Parser state 'start': key is 0800
[15:48:27.184] [bmv2] [T] [thread 356] [53.0] [cxt 0] Bytes parsed: 14
[15:48:27.184] [bmv2] [D] [thread 356] [53.0] [cxt 0] Parser 'parser' entering state 'parse_ipv4'
[15:48:27.184] [bmv2] [D] [thread 356] [53.0] [cxt 0] Extracting header 'ipv4'
[15:48:27.184] [bmv2] [D] [thread 356] [53.0] [cxt 0] Parser state 'parse_ipv4': key is 11
[15:48:27.184] [bmv2] [T] [thread 356] [53.0] [cxt 0] Bytes parsed: 34
[15:48:27.184] [bmv2] [D] [thread 356] [53.0] [cxt 0] Parser 'parser' entering state 'parse_udp'
[15:48:27.184] [bmv2] [D] [thread 356] [53.0] [cxt 0] Extracting header 'udp'
[15:48:27.184] [bmv2] [D] [thread 356] [53.0] [cxt 0] Parser set: setting field 'scalars.metadata.transport_src_port' from field 'udp.src_port' (2152)
[15:48:27.184] [bmv2] [D] [thread 356] [53.0] [cxt 0] Parser set: setting field 'scalars.metadata.transport_dst_port' from field 'udp.dst_port' (2152)
[15:48:27.184] [bmv2] [D] [thread 356] [53.0] [cxt 0] Parser set: setting field 'scalars.tmp' from expression, new value is 1
[15:48:27.184] [bmv2] [D] [thread 356] [53.0] [cxt 0] Parser state 'parse_udp': key is 01
[15:48:27.184] [bmv2] [T] [thread 356] [53.0] [cxt 0] Bytes parsed: 42
[15:48:27.184] [bmv2] [D] [thread 356] [53.0] [cxt 0] Parser 'parser' entering state 'parse_gtp_u'
[15:48:27.184] [bmv2] [D] [thread 356] [53.0] [cxt 0] Extracting header 'gtp_u'
[15:48:27.184] [bmv2] [D] [thread 356] [53.0] [cxt 0] Parser set: setting field 'scalars.metadata.is_gtp_u_traffic' to 1
[15:48:27.184] [bmv2] [D] [thread 356] [53.0] [cxt 0] Parser set: setting field 'scalars.metadata.traffic_type' to 2
[15:48:27.184] [bmv2] [D] [thread 356] [53.0] [cxt 0] Parser state 'parse_gtp_u' has no switch, going to default next state
[15:48:27.184] [bmv2] [T] [thread 356] [53.0] [cxt 0] Bytes parsed: 50
[15:48:27.184] [bmv2] [D] [thread 356] [53.0] [cxt 0] Parser 'parser': end
[15:48:27.184] [bmv2] [D] [thread 356] [53.0] [cxt 0] Pipeline 'ingress': start
[15:48:27.184] [bmv2] [T] [thread 356] [53.0] [cxt 0] Applying table 'tbl_intgtpsource295'
[15:48:27.184] [bmv2] [D] [thread 356] [53.0] [cxt 0] Looking up key:

[15:48:27.184] [bmv2] [D] [thread 356] [53.0] [cxt 0] Table 'tbl_intgtpsource295': miss
[15:48:27.184] [bmv2] [D] [thread 356] [53.0] [cxt 0] Action entry is intgtpsource295 -
[15:48:27.184] [bmv2] [T] [thread 356] [53.0] [cxt 0] Action intgtpsource295
[15:48:27.184] [bmv2] [T] [thread 356] [53.0] [cxt 0] int-gtp-source.p4(295) Primitive meta.switch_id = 1
[15:48:27.184] [bmv2] [T] [thread 356] [53.0] [cxt 0] int-gtp-source.p4(297) Condition "hdr.ethernet.isValid() && hdr.ipv4.isValid()" (node_3) is true
[15:48:27.184] [bmv2] [T] [thread 356] [53.0] [cxt 0] int-gtp-source.p4(299) Condition "(hdr.ipv4.protocol == 132 && hdr.sctp.isValid()) || ..." (node_4) is true
[15:48:27.184] [bmv2] [T] [thread 356] [53.0] [cxt 0] Applying table 'MyIngress.int_source_table'
[15:48:27.184] [bmv2] [D] [thread 356] [53.0] [cxt 0] Looking up key:
* meta.traffic_type   : 02

[15:48:27.184] [bmv2] [D] [thread 356] [53.0] [cxt 0] Table 'MyIngress.int_source_table': hit with handle 1
[15:48:27.184] [bmv2] [D] [thread 356] [53.0] [cxt 0] Dumping entry 1
Match key:
* meta.traffic_type   : EXACT     02
Action entry: MyIngress.int_source_action -

[15:48:27.184] [bmv2] [D] [thread 356] [53.0] [cxt 0] Action entry is MyIngress.int_source_action -
[15:48:27.184] [bmv2] [T] [thread 356] [53.0] [cxt 0] Action MyIngress.int_source_action
[15:48:27.184] [bmv2] [T] [thread 356] [53.0] [cxt 0] int-gtp-source.p4(221) Primitive meta.should_insert_int = 1
[15:48:27.184] [bmv2] [T] [thread 356] [53.0] [cxt 0] Applying table 'MyIngress.ipv4_lpm'
[15:48:27.184] [bmv2] [D] [thread 356] [53.0] [cxt 0] Looking up key:
* hdr.ipv4.dstAddr    : ac120a03

[15:48:27.184] [bmv2] [D] [thread 356] [53.0] [cxt 0] Table 'MyIngress.ipv4_lpm': hit with handle 1
[15:48:27.184] [bmv2] [D] [thread 356] [53.0] [cxt 0] Dumping entry 1
Match key:
* hdr.ipv4.dstAddr    : LPM       ac120a03/32
Action entry: MyIngress.forward_action - 1,

[15:48:27.184] [bmv2] [D] [thread 356] [53.0] [cxt 0] Action entry is MyIngress.forward_action - 1,
[15:48:27.184] [bmv2] [T] [thread 356] [53.0] [cxt 0] Action MyIngress.forward_action
[15:48:27.184] [bmv2] [T] [thread 356] [53.0] [cxt 0] int-gtp-source.p4(266) Primitive standard_metadata.egress_spec = egress_port
[15:48:27.184] [bmv2] [T] [thread 356] [53.0] [cxt 0] int-gtp-source.p4(308) Condition "meta.should_insert_int == 1" (node_7) is true
[15:48:27.184] [bmv2] [T] [thread 356] [53.0] [cxt 0] Applying table 'tbl_do_insert_int'
[15:48:27.184] [bmv2] [D] [thread 356] [53.0] [cxt 0] Looking up key:

[15:48:27.184] [bmv2] [D] [thread 356] [53.0] [cxt 0] Table 'tbl_do_insert_int': miss
[15:48:27.184] [bmv2] [D] [thread 356] [53.0] [cxt 0] Action entry is MyIngress.do_insert_int -
[15:48:27.184] [bmv2] [T] [thread 356] [53.0] [cxt 0] Action MyIngress.do_insert_int
[15:48:27.184] [bmv2] [T] [thread 356] [53.0] [cxt 0] int-gtp-source.p4(226) Primitive bit<16> original_ether_type = hdr.ethernet.etherType
[15:48:27.184] [bmv2] [T] [thread 356] [53.0] [cxt 0] int-gtp-source.p4(229) Primitive hdr.ethernet.etherType = 0xFA
[15:48:27.184] [bmv2] [T] [thread 356] [53.0] [cxt 0] int-gtp-source.p4(232) Primitive hdr.int_shim.setValid()
[15:48:27.184] [bmv2] [T] [thread 356] [53.0] [cxt 0] int-gtp-source.p4(233) Primitive hdr.int_shim.type = 1
[15:48:27.184] [bmv2] [T] [thread 356] [53.0] [cxt 0] int-gtp-source.p4(234) Primitive hdr.int_shim.reserved = 0
[15:48:27.184] [bmv2] [T] [thread 356] [53.0] [cxt 0] int-gtp-source.p4(235) Primitive hdr.int_shim.length = 44
[15:48:27.184] [bmv2] [T] [thread 356] [53.0] [cxt 0] int-gtp-source.p4(236) Primitive hdr.int_shim.next_proto = original_ether_type
[15:48:27.184] [bmv2] [T] [thread 356] [53.0] [cxt 0] int-gtp-source.p4(239) Primitive hdr.int_header.setValid()
[15:48:27.184] [bmv2] [T] [thread 356] [53.0] [cxt 0] int-gtp-source.p4(240) Primitive hdr.int_header.version = 1
[15:48:27.184] [bmv2] [T] [thread 356] [53.0] [cxt 0] int-gtp-source.p4(241) Primitive hdr.int_header.d = 0
[15:48:27.184] [bmv2] [T] [thread 356] [53.0] [cxt 0] int-gtp-source.p4(242) Primitive hdr.int_header.q = 0
[15:48:27.184] [bmv2] [T] [thread 356] [53.0] [cxt 0] int-gtp-source.p4(243) Primitive hdr.int_header.m = 1
[15:48:27.184] [bmv2] [T] [thread 356] [53.0] [cxt 0] int-gtp-source.p4(244) Primitive hdr.int_header.reserved1 = 0
[15:48:27.184] [bmv2] [T] [thread 356] [53.0] [cxt 0] int-gtp-source.p4(245) Primitive hdr.int_header.hop_ml = 1
[15:48:27.184] [bmv2] [T] [thread 356] [53.0] [cxt 0] int-gtp-source.p4(246) Primitive hdr.int_header.instruction = 0x00FF
[15:48:27.184] [bmv2] [T] [thread 356] [53.0] [cxt 0] int-gtp-source.p4(247) Primitive hdr.int_header.reserved2 = 0
[15:48:27.184] [bmv2] [T] [thread 356] [53.0] [cxt 0] int-gtp-source.p4(248) Primitive hdr.int_header.remaining_hop_cnt = 8 - 1
[15:48:27.184] [bmv2] [T] [thread 356] [53.0] [cxt 0] int-gtp-source.p4(251) Primitive hdr.int_md.setValid()
[15:48:27.185] [bmv2] [T] [thread 356] [53.0] [cxt 0] int-gtp-source.p4(252) Primitive hdr.int_md.padding_switch = 0
[15:48:27.185] [bmv2] [T] [thread 356] [53.0] [cxt 0] int-gtp-source.p4(253) Primitive hdr.int_md.switch_id = (bit<16>)meta.switch_id
[15:48:27.185] [bmv2] [T] [thread 356] [53.0] [cxt 0] int-gtp-source.p4(254) Primitive hdr.int_md.ingress_port_id = (bit<16>)meta.ingress_port
[15:48:27.185] [bmv2] [T] [thread 356] [53.0] [cxt 0] int-gtp-source.p4(255) Primitive hdr.int_md.ingress_timestamp = meta.ingress_ts
[15:48:27.185] [bmv2] [T] [thread 356] [53.0] [cxt 0] int-gtp-source.p4(256) Primitive hdr.int_md.egress_port_id = 0
[15:48:27.185] [bmv2] [T] [thread 356] [53.0] [cxt 0] int-gtp-source.p4(257) Primitive hdr.int_md.hop_latency = 0
[15:48:27.185] [bmv2] [T] [thread 356] [53.0] [cxt 0] int-gtp-source.p4(258) Primitive hdr.int_md.egress_timestamp = 0
[15:48:27.185] [bmv2] [T] [thread 356] [53.0] [cxt 0] int-gtp-source.p4(259) Primitive hdr.int_md.queue_occupancy = 0
[15:48:27.185] [bmv2] [T] [thread 356] [53.0] [cxt 0] int-gtp-source.p4(260) Primitive hdr.int_md.congestion_notification = 0
[15:48:27.185] [bmv2] [T] [thread 356] [53.0] [cxt 0] int-gtp-source.p4(261) Primitive hdr.int_md.reserved1 = 0
[15:48:27.185] [bmv2] [T] [thread 356] [53.0] [cxt 0] int-gtp-source.p4(262) Primitive hdr.int_md.reserved2 = 0
[15:48:27.185] [bmv2] [D] [thread 356] [53.0] [cxt 0] Pipeline 'ingress': end
[15:48:27.185] [bmv2] [D] [thread 356] [53.0] [cxt 0] Egress port is 1
[15:48:27.185] [bmv2] [D] [thread 358] [53.0] [cxt 0] Pipeline 'egress': start
[15:48:27.185] [bmv2] [T] [thread 358] [53.0] [cxt 0] int-gtp-source.p4(330) Condition "hdr.int_shim.isValid()" (node_11) is true
[15:48:27.185] [bmv2] [T] [thread 358] [53.0] [cxt 0] Applying table 'tbl_update_int_metadata'
[15:48:27.185] [bmv2] [D] [thread 358] [53.0] [cxt 0] Looking up key:

[15:48:27.185] [bmv2] [D] [thread 358] [53.0] [cxt 0] Table 'tbl_update_int_metadata': miss
[15:48:27.185] [bmv2] [D] [thread 358] [53.0] [cxt 0] Action entry is MyEgress.update_int_metadata -
[15:48:27.185] [bmv2] [T] [thread 358] [53.0] [cxt 0] Action MyEgress.update_int_metadata
[15:48:27.185] [bmv2] [T] [thread 358] [53.0] [cxt 0] int-gtp-source.p4(321) Primitive if
[15:48:27.185] [bmv2] [T] [thread 358] [53.0] [cxt 0] int-gtp-source.p4(322) Primitive hdr.int_md.egress_port_id = (bit<16>)standard_metadata.egress_port
[15:48:27.185] [bmv2] [T] [thread 358] [53.0] [cxt 0] int-gtp-source.p4(323) Primitive hdr.int_md.egress_timestamp = (bit<32>)standard_metadata.egress_global_timestamp
[15:48:27.185] [bmv2] [T] [thread 358] [53.0] [cxt 0] int-gtp-source.p4(324) Primitive hdr.int_md.hop_latency = hdr.int_md.egress_timestamp - hdr.int_md.ingress_timestamp
[15:48:27.185] [bmv2] [T] [thread 358] [53.0] [cxt 0] int-gtp-source.p4(325) Primitive hdr.int_md.queue_occupancy = (bit<32>)standard_metadata.enq_qdepth
[15:48:27.185] [bmv2] [D] [thread 358] [53.0] [cxt 0] Pipeline 'egress': end
[15:48:27.185] [bmv2] [D] [thread 358] [53.0] [cxt 0] Deparser 'deparser': start
[15:48:27.185] [bmv2] [D] [thread 358] [53.0] [cxt 0] Deparsing header 'ethernet'
[15:48:27.185] [bmv2] [D] [thread 358] [53.0] [cxt 0] Deparsing header 'int_shim'
[15:48:27.185] [bmv2] [D] [thread 358] [53.0] [cxt 0] Deparsing header 'int_header'
[15:48:27.185] [bmv2] [D] [thread 358] [53.0] [cxt 0] Deparsing header 'int_md'
[15:48:27.185] [bmv2] [D] [thread 358] [53.0] [cxt 0] Deparsing header 'ipv4'
[15:48:27.185] [bmv2] [D] [thread 358] [53.0] [cxt 0] Deparsing header 'udp'
[15:48:27.185] [bmv2] [D] [thread 358] [53.0] [cxt 0] Deparsing header 'gtp_u'
[15:48:27.185] [bmv2] [D] [thread 358] [53.0] [cxt 0] Deparser 'deparser': end
[15:48:27.185] [bmv2] [D] [thread 361] [53.0] [cxt 0] Transmitting packet of size 183 out of port 1
[15:48:27.350] [bmv2] [D] [thread 356] [54.0] [cxt 0] Processing packet received on port 1
[15:48:27.350] [bmv2] [D] [thread 356] [54.0] [cxt 0] Parser 'parser': start
[15:48:27.350] [bmv2] [D] [thread 356] [54.0] [cxt 0] Parser 'parser' entering state 'start'
[15:48:27.350] [bmv2] [D] [thread 356] [54.0] [cxt 0] Extracting header 'ethernet'
[15:48:27.350] [bmv2] [D] [thread 356] [54.0] [cxt 0] Parser set: setting field 'scalars.metadata.ingress_port' from field 'standard_metadata.ingress_port' (1)
[15:48:27.350] [bmv2] [D] [thread 356] [54.0] [cxt 0] Parser set: setting field 'scalars.metadata.ingress_ts' from expression, new value is 194800925
[15:48:27.350] [bmv2] [D] [thread 356] [54.0] [cxt 0] Parser set: setting field 'scalars.metadata.is_int_packet' to 0
[15:48:27.350] [bmv2] [D] [thread 356] [54.0] [cxt 0] Parser set: setting field 'scalars.metadata.is_ngap_traffic' to 0
[15:48:27.350] [bmv2] [D] [thread 356] [54.0] [cxt 0] Parser set: setting field 'scalars.metadata.is_gtp_u_traffic' to 0
[15:48:27.350] [bmv2] [D] [thread 356] [54.0] [cxt 0] Parser set: setting field 'scalars.metadata.traffic_type' to 0
[15:48:27.350] [bmv2] [D] [thread 356] [54.0] [cxt 0] Parser set: setting field 'scalars.metadata.should_insert_int' to 0
[15:48:27.350] [bmv2] [D] [thread 356] [54.0] [cxt 0] Parser state 'start': key is 9000
[15:48:27.350] [bmv2] [T] [thread 356] [54.0] [cxt 0] Bytes parsed: 14
[15:48:27.350] [bmv2] [D] [thread 356] [54.0] [cxt 0] Parser 'parser': end
[15:48:27.350] [bmv2] [D] [thread 356] [54.0] [cxt 0] Pipeline 'ingress': start
[15:48:27.350] [bmv2] [T] [thread 356] [54.0] [cxt 0] Applying table 'tbl_intgtpsource295'
[15:48:27.350] [bmv2] [D] [thread 356] [54.0] [cxt 0] Looking up key:

[15:48:27.350] [bmv2] [D] [thread 356] [54.0] [cxt 0] Table 'tbl_intgtpsource295': miss
[15:48:27.350] [bmv2] [D] [thread 356] [54.0] [cxt 0] Action entry is intgtpsource295 -
[15:48:27.350] [bmv2] [T] [thread 356] [54.0] [cxt 0] Action intgtpsource295
[15:48:27.350] [bmv2] [T] [thread 356] [54.0] [cxt 0] int-gtp-source.p4(295) Primitive meta.switch_id = 1
[15:48:27.350] [bmv2] [T] [thread 356] [54.0] [cxt 0] int-gtp-source.p4(297) Condition "hdr.ethernet.isValid() && hdr.ipv4.isValid()" (node_3) is false
[15:48:27.350] [bmv2] [D] [thread 356] [54.0] [cxt 0] Pipeline 'ingress': end
[15:48:27.350] [bmv2] [D] [thread 356] [54.0] [cxt 0] Egress port is 0
[15:48:27.350] [bmv2] [D] [thread 357] [54.0] [cxt 0] Pipeline 'egress': start
[15:48:27.350] [bmv2] [T] [thread 357] [54.0] [cxt 0] int-gtp-source.p4(330) Condition "hdr.int_shim.isValid()" (node_11) is false
[15:48:27.350] [bmv2] [D] [thread 357] [54.0] [cxt 0] Pipeline 'egress': end
[15:48:27.350] [bmv2] [D] [thread 357] [54.0] [cxt 0] Deparser 'deparser': start
[15:48:27.350] [bmv2] [D] [thread 357] [54.0] [cxt 0] Deparsing header 'ethernet'
[15:48:27.350] [bmv2] [D] [thread 357] [54.0] [cxt 0] Deparser 'deparser': end
[15:48:27.350] [bmv2] [D] [thread 361] [54.0] [cxt 0] Transmitting packet of size 60 out of port 0
[15:48:28.158] [bmv2] [D] [thread 356] [55.0] [cxt 0] Processing packet received on port 1
[15:48:28.158] [bmv2] [D] [thread 356] [55.0] [cxt 0] Parser 'parser': start
[15:48:28.158] [bmv2] [D] [thread 356] [55.0] [cxt 0] Parser 'parser' entering state 'start'
[15:48:28.158] [bmv2] [D] [thread 356] [55.0] [cxt 0] Extracting header 'ethernet'
[15:48:28.158] [bmv2] [D] [thread 356] [55.0] [cxt 0] Parser set: setting field 'scalars.metadata.ingress_port' from field 'standard_metadata.ingress_port' (1)
[15:48:28.158] [bmv2] [D] [thread 356] [55.0] [cxt 0] Parser set: setting field 'scalars.metadata.ingress_ts' from expression, new value is 195609004
[15:48:28.158] [bmv2] [D] [thread 356] [55.0] [cxt 0] Parser set: setting field 'scalars.metadata.is_int_packet' to 0
[15:48:28.158] [bmv2] [D] [thread 356] [55.0] [cxt 0] Parser set: setting field 'scalars.metadata.is_ngap_traffic' to 0
[15:48:28.158] [bmv2] [D] [thread 356] [55.0] [cxt 0] Parser set: setting field 'scalars.metadata.is_gtp_u_traffic' to 0
[15:48:28.158] [bmv2] [D] [thread 356] [55.0] [cxt 0] Parser set: setting field 'scalars.metadata.traffic_type' to 0
[15:48:28.158] [bmv2] [D] [thread 356] [55.0] [cxt 0] Parser set: setting field 'scalars.metadata.should_insert_int' to 0
[15:48:28.158] [bmv2] [D] [thread 356] [55.0] [cxt 0] Parser state 'start': key is 0800
[15:48:28.158] [bmv2] [T] [thread 356] [55.0] [cxt 0] Bytes parsed: 14
[15:48:28.158] [bmv2] [D] [thread 356] [55.0] [cxt 0] Parser 'parser' entering state 'parse_ipv4'
[15:48:28.158] [bmv2] [D] [thread 356] [55.0] [cxt 0] Extracting header 'ipv4'
[15:48:28.158] [bmv2] [D] [thread 356] [55.0] [cxt 0] Parser state 'parse_ipv4': key is 11
[15:48:28.158] [bmv2] [T] [thread 356] [55.0] [cxt 0] Bytes parsed: 34
[15:48:28.158] [bmv2] [D] [thread 356] [55.0] [cxt 0] Parser 'parser' entering state 'parse_udp'
[15:48:28.158] [bmv2] [D] [thread 356] [55.0] [cxt 0] Extracting header 'udp'
[15:48:28.158] [bmv2] [D] [thread 356] [55.0] [cxt 0] Parser set: setting field 'scalars.metadata.transport_src_port' from field 'udp.src_port' (2152)
[15:48:28.158] [bmv2] [D] [thread 356] [55.0] [cxt 0] Parser set: setting field 'scalars.metadata.transport_dst_port' from field 'udp.dst_port' (2152)
[15:48:28.158] [bmv2] [D] [thread 356] [55.0] [cxt 0] Parser set: setting field 'scalars.tmp' from expression, new value is 1
[15:48:28.158] [bmv2] [D] [thread 356] [55.0] [cxt 0] Parser state 'parse_udp': key is 01
[15:48:28.158] [bmv2] [T] [thread 356] [55.0] [cxt 0] Bytes parsed: 42
[15:48:28.158] [bmv2] [D] [thread 356] [55.0] [cxt 0] Parser 'parser' entering state 'parse_gtp_u'
[15:48:28.158] [bmv2] [D] [thread 356] [55.0] [cxt 0] Extracting header 'gtp_u'
[15:48:28.158] [bmv2] [D] [thread 356] [55.0] [cxt 0] Parser set: setting field 'scalars.metadata.is_gtp_u_traffic' to 1
[15:48:28.158] [bmv2] [D] [thread 356] [55.0] [cxt 0] Parser set: setting field 'scalars.metadata.traffic_type' to 2
[15:48:28.158] [bmv2] [D] [thread 356] [55.0] [cxt 0] Parser state 'parse_gtp_u' has no switch, going to default next state
[15:48:28.158] [bmv2] [T] [thread 356] [55.0] [cxt 0] Bytes parsed: 50
[15:48:28.158] [bmv2] [D] [thread 356] [55.0] [cxt 0] Parser 'parser': end
[15:48:28.158] [bmv2] [D] [thread 356] [55.0] [cxt 0] Pipeline 'ingress': start
[15:48:28.158] [bmv2] [T] [thread 356] [55.0] [cxt 0] Applying table 'tbl_intgtpsource295'
[15:48:28.158] [bmv2] [D] [thread 356] [55.0] [cxt 0] Looking up key:

[15:48:28.158] [bmv2] [D] [thread 356] [55.0] [cxt 0] Table 'tbl_intgtpsource295': miss
[15:48:28.158] [bmv2] [D] [thread 356] [55.0] [cxt 0] Action entry is intgtpsource295 -
[15:48:28.158] [bmv2] [T] [thread 356] [55.0] [cxt 0] Action intgtpsource295
[15:48:28.158] [bmv2] [T] [thread 356] [55.0] [cxt 0] int-gtp-source.p4(295) Primitive meta.switch_id = 1
[15:48:28.158] [bmv2] [T] [thread 356] [55.0] [cxt 0] int-gtp-source.p4(297) Condition "hdr.ethernet.isValid() && hdr.ipv4.isValid()" (node_3) is true
[15:48:28.158] [bmv2] [T] [thread 356] [55.0] [cxt 0] int-gtp-source.p4(299) Condition "(hdr.ipv4.protocol == 132 && hdr.sctp.isValid()) || ..." (node_4) is true
[15:48:28.158] [bmv2] [T] [thread 356] [55.0] [cxt 0] Applying table 'MyIngress.int_source_table'
[15:48:28.158] [bmv2] [D] [thread 356] [55.0] [cxt 0] Looking up key:
* meta.traffic_type   : 02

[15:48:28.158] [bmv2] [D] [thread 356] [55.0] [cxt 0] Table 'MyIngress.int_source_table': hit with handle 1
[15:48:28.158] [bmv2] [D] [thread 356] [55.0] [cxt 0] Dumping entry 1
Match key:
* meta.traffic_type   : EXACT     02
Action entry: MyIngress.int_source_action -

[15:48:28.158] [bmv2] [D] [thread 356] [55.0] [cxt 0] Action entry is MyIngress.int_source_action -
[15:48:28.158] [bmv2] [T] [thread 356] [55.0] [cxt 0] Action MyIngress.int_source_action
[15:48:28.158] [bmv2] [T] [thread 356] [55.0] [cxt 0] int-gtp-source.p4(221) Primitive meta.should_insert_int = 1
[15:48:28.158] [bmv2] [T] [thread 356] [55.0] [cxt 0] Applying table 'MyIngress.ipv4_lpm'
[15:48:28.158] [bmv2] [D] [thread 356] [55.0] [cxt 0] Looking up key:
* hdr.ipv4.dstAddr    : ac120018

[15:48:28.158] [bmv2] [D] [thread 356] [55.0] [cxt 0] Table 'MyIngress.ipv4_lpm': hit with handle 2
[15:48:28.158] [bmv2] [D] [thread 356] [55.0] [cxt 0] Dumping entry 2
Match key:
* hdr.ipv4.dstAddr    : LPM       00000000/0
Action entry: MyIngress.forward_action - 2,

[15:48:28.158] [bmv2] [D] [thread 356] [55.0] [cxt 0] Action entry is MyIngress.forward_action - 2,
[15:48:28.158] [bmv2] [T] [thread 356] [55.0] [cxt 0] Action MyIngress.forward_action
[15:48:28.158] [bmv2] [T] [thread 356] [55.0] [cxt 0] int-gtp-source.p4(266) Primitive standard_metadata.egress_spec = egress_port
[15:48:28.158] [bmv2] [T] [thread 356] [55.0] [cxt 0] int-gtp-source.p4(308) Condition "meta.should_insert_int == 1" (node_7) is true
[15:48:28.158] [bmv2] [T] [thread 356] [55.0] [cxt 0] Applying table 'tbl_do_insert_int'
[15:48:28.158] [bmv2] [D] [thread 356] [55.0] [cxt 0] Looking up key:

[15:48:28.158] [bmv2] [D] [thread 356] [55.0] [cxt 0] Table 'tbl_do_insert_int': miss
[15:48:28.158] [bmv2] [D] [thread 356] [55.0] [cxt 0] Action entry is MyIngress.do_insert_int -
[15:48:28.158] [bmv2] [T] [thread 356] [55.0] [cxt 0] Action MyIngress.do_insert_int
[15:48:28.158] [bmv2] [T] [thread 356] [55.0] [cxt 0] int-gtp-source.p4(226) Primitive bit<16> original_ether_type = hdr.ethernet.etherType
[15:48:28.158] [bmv2] [T] [thread 356] [55.0] [cxt 0] int-gtp-source.p4(229) Primitive hdr.ethernet.etherType = 0xFA
[15:48:28.158] [bmv2] [T] [thread 356] [55.0] [cxt 0] int-gtp-source.p4(232) Primitive hdr.int_shim.setValid()
[15:48:28.158] [bmv2] [T] [thread 356] [55.0] [cxt 0] int-gtp-source.p4(233) Primitive hdr.int_shim.type = 1
[15:48:28.158] [bmv2] [T] [thread 356] [55.0] [cxt 0] int-gtp-source.p4(234) Primitive hdr.int_shim.reserved = 0
[15:48:28.158] [bmv2] [T] [thread 356] [55.0] [cxt 0] int-gtp-source.p4(235) Primitive hdr.int_shim.length = 44
[15:48:28.158] [bmv2] [T] [thread 356] [55.0] [cxt 0] int-gtp-source.p4(236) Primitive hdr.int_shim.next_proto = original_ether_type
[15:48:28.158] [bmv2] [T] [thread 356] [55.0] [cxt 0] int-gtp-source.p4(239) Primitive hdr.int_header.setValid()
[15:48:28.158] [bmv2] [T] [thread 356] [55.0] [cxt 0] int-gtp-source.p4(240) Primitive hdr.int_header.version = 1
[15:48:28.158] [bmv2] [T] [thread 356] [55.0] [cxt 0] int-gtp-source.p4(241) Primitive hdr.int_header.d = 0
[15:48:28.158] [bmv2] [T] [thread 356] [55.0] [cxt 0] int-gtp-source.p4(242) Primitive hdr.int_header.q = 0
[15:48:28.158] [bmv2] [T] [thread 356] [55.0] [cxt 0] int-gtp-source.p4(243) Primitive hdr.int_header.m = 1
[15:48:28.158] [bmv2] [T] [thread 356] [55.0] [cxt 0] int-gtp-source.p4(244) Primitive hdr.int_header.reserved1 = 0
[15:48:28.158] [bmv2] [T] [thread 356] [55.0] [cxt 0] int-gtp-source.p4(245) Primitive hdr.int_header.hop_ml = 1
[15:48:28.158] [bmv2] [T] [thread 356] [55.0] [cxt 0] int-gtp-source.p4(246) Primitive hdr.int_header.instruction = 0x00FF
[15:48:28.158] [bmv2] [T] [thread 356] [55.0] [cxt 0] int-gtp-source.p4(247) Primitive hdr.int_header.reserved2 = 0
[15:48:28.158] [bmv2] [T] [thread 356] [55.0] [cxt 0] int-gtp-source.p4(248) Primitive hdr.int_header.remaining_hop_cnt = 8 - 1
[15:48:28.159] [bmv2] [T] [thread 356] [55.0] [cxt 0] int-gtp-source.p4(251) Primitive hdr.int_md.setValid()
[15:48:28.159] [bmv2] [T] [thread 356] [55.0] [cxt 0] int-gtp-source.p4(252) Primitive hdr.int_md.padding_switch = 0
[15:48:28.159] [bmv2] [T] [thread 356] [55.0] [cxt 0] int-gtp-source.p4(253) Primitive hdr.int_md.switch_id = (bit<16>)meta.switch_id
[15:48:28.159] [bmv2] [T] [thread 356] [55.0] [cxt 0] int-gtp-source.p4(254) Primitive hdr.int_md.ingress_port_id = (bit<16>)meta.ingress_port
[15:48:28.159] [bmv2] [T] [thread 356] [55.0] [cxt 0] int-gtp-source.p4(255) Primitive hdr.int_md.ingress_timestamp = meta.ingress_ts
[15:48:28.159] [bmv2] [T] [thread 356] [55.0] [cxt 0] int-gtp-source.p4(256) Primitive hdr.int_md.egress_port_id = 0
[15:48:28.159] [bmv2] [T] [thread 356] [55.0] [cxt 0] int-gtp-source.p4(257) Primitive hdr.int_md.hop_latency = 0
[15:48:28.159] [bmv2] [T] [thread 356] [55.0] [cxt 0] int-gtp-source.p4(258) Primitive hdr.int_md.egress_timestamp = 0
[15:48:28.159] [bmv2] [T] [thread 356] [55.0] [cxt 0] int-gtp-source.p4(259) Primitive hdr.int_md.queue_occupancy = 0
[15:48:28.159] [bmv2] [T] [thread 356] [55.0] [cxt 0] int-gtp-source.p4(260) Primitive hdr.int_md.congestion_notification = 0
[15:48:28.159] [bmv2] [T] [thread 356] [55.0] [cxt 0] int-gtp-source.p4(261) Primitive hdr.int_md.reserved1 = 0
[15:48:28.159] [bmv2] [T] [thread 356] [55.0] [cxt 0] int-gtp-source.p4(262) Primitive hdr.int_md.reserved2 = 0
[15:48:28.159] [bmv2] [D] [thread 356] [55.0] [cxt 0] Pipeline 'ingress': end
[15:48:28.159] [bmv2] [D] [thread 356] [55.0] [cxt 0] Egress port is 2
[15:48:28.159] [bmv2] [D] [thread 359] [55.0] [cxt 0] Pipeline 'egress': start
[15:48:28.159] [bmv2] [T] [thread 359] [55.0] [cxt 0] int-gtp-source.p4(330) Condition "hdr.int_shim.isValid()" (node_11) is true
[15:48:28.159] [bmv2] [T] [thread 359] [55.0] [cxt 0] Applying table 'tbl_update_int_metadata'
[15:48:28.159] [bmv2] [D] [thread 359] [55.0] [cxt 0] Looking up key:

[15:48:28.159] [bmv2] [D] [thread 359] [55.0] [cxt 0] Table 'tbl_update_int_metadata': miss
[15:48:28.159] [bmv2] [D] [thread 359] [55.0] [cxt 0] Action entry is MyEgress.update_int_metadata -
[15:48:28.159] [bmv2] [T] [thread 359] [55.0] [cxt 0] Action MyEgress.update_int_metadata
[15:48:28.159] [bmv2] [T] [thread 359] [55.0] [cxt 0] int-gtp-source.p4(321) Primitive if
[15:48:28.159] [bmv2] [T] [thread 359] [55.0] [cxt 0] int-gtp-source.p4(322) Primitive hdr.int_md.egress_port_id = (bit<16>)standard_metadata.egress_port
[15:48:28.159] [bmv2] [T] [thread 359] [55.0] [cxt 0] int-gtp-source.p4(323) Primitive hdr.int_md.egress_timestamp = (bit<32>)standard_metadata.egress_global_timestamp
[15:48:28.159] [bmv2] [T] [thread 359] [55.0] [cxt 0] int-gtp-source.p4(324) Primitive hdr.int_md.hop_latency = hdr.int_md.egress_timestamp - hdr.int_md.ingress_timestamp
[15:48:28.159] [bmv2] [T] [thread 359] [55.0] [cxt 0] int-gtp-source.p4(325) Primitive hdr.int_md.queue_occupancy = (bit<32>)standard_metadata.enq_qdepth
[15:48:28.159] [bmv2] [D] [thread 359] [55.0] [cxt 0] Pipeline 'egress': end
[15:48:28.159] [bmv2] [D] [thread 359] [55.0] [cxt 0] Deparser 'deparser': start
[15:48:28.159] [bmv2] [D] [thread 359] [55.0] [cxt 0] Deparsing header 'ethernet'
[15:48:28.159] [bmv2] [D] [thread 359] [55.0] [cxt 0] Deparsing header 'int_shim'
[15:48:28.159] [bmv2] [D] [thread 359] [55.0] [cxt 0] Deparsing header 'int_header'
[15:48:28.159] [bmv2] [D] [thread 359] [55.0] [cxt 0] Deparsing header 'int_md'
[15:48:28.159] [bmv2] [D] [thread 359] [55.0] [cxt 0] Deparsing header 'ipv4'
[15:48:28.159] [bmv2] [D] [thread 359] [55.0] [cxt 0] Deparsing header 'udp'
[15:48:28.159] [bmv2] [D] [thread 359] [55.0] [cxt 0] Deparsing header 'gtp_u'
[15:48:28.159] [bmv2] [D] [thread 359] [55.0] [cxt 0] Deparser 'deparser': end
[15:48:28.159] [bmv2] [D] [thread 361] [55.0] [cxt 0] Transmitting packet of size 183 out of port 2
[15:48:28.218] [bmv2] [D] [thread 356] [56.0] [cxt 0] Processing packet received on port 2
[15:48:28.218] [bmv2] [D] [thread 356] [56.0] [cxt 0] Parser 'parser': start
[15:48:28.218] [bmv2] [D] [thread 356] [56.0] [cxt 0] Parser 'parser' entering state 'start'
[15:48:28.218] [bmv2] [D] [thread 356] [56.0] [cxt 0] Extracting header 'ethernet'
[15:48:28.218] [bmv2] [D] [thread 356] [56.0] [cxt 0] Parser set: setting field 'scalars.metadata.ingress_port' from field 'standard_metadata.ingress_port' (2)
[15:48:28.218] [bmv2] [D] [thread 356] [56.0] [cxt 0] Parser set: setting field 'scalars.metadata.ingress_ts' from expression, new value is 195668899
[15:48:28.218] [bmv2] [D] [thread 356] [56.0] [cxt 0] Parser set: setting field 'scalars.metadata.is_int_packet' to 0
[15:48:28.218] [bmv2] [D] [thread 356] [56.0] [cxt 0] Parser set: setting field 'scalars.metadata.is_ngap_traffic' to 0
[15:48:28.218] [bmv2] [D] [thread 356] [56.0] [cxt 0] Parser set: setting field 'scalars.metadata.is_gtp_u_traffic' to 0
[15:48:28.218] [bmv2] [D] [thread 356] [56.0] [cxt 0] Parser set: setting field 'scalars.metadata.traffic_type' to 0
[15:48:28.218] [bmv2] [D] [thread 356] [56.0] [cxt 0] Parser set: setting field 'scalars.metadata.should_insert_int' to 0
[15:48:28.218] [bmv2] [D] [thread 356] [56.0] [cxt 0] Parser state 'start': key is 0800
[15:48:28.218] [bmv2] [T] [thread 356] [56.0] [cxt 0] Bytes parsed: 14
[15:48:28.218] [bmv2] [D] [thread 356] [56.0] [cxt 0] Parser 'parser' entering state 'parse_ipv4'
[15:48:28.218] [bmv2] [D] [thread 356] [56.0] [cxt 0] Extracting header 'ipv4'
[15:48:28.218] [bmv2] [D] [thread 356] [56.0] [cxt 0] Parser state 'parse_ipv4': key is 11
[15:48:28.218] [bmv2] [T] [thread 356] [56.0] [cxt 0] Bytes parsed: 34
[15:48:28.218] [bmv2] [D] [thread 356] [56.0] [cxt 0] Parser 'parser' entering state 'parse_udp'
[15:48:28.218] [bmv2] [D] [thread 356] [56.0] [cxt 0] Extracting header 'udp'
[15:48:28.218] [bmv2] [D] [thread 356] [56.0] [cxt 0] Parser set: setting field 'scalars.metadata.transport_src_port' from field 'udp.src_port' (2152)
[15:48:28.218] [bmv2] [D] [thread 356] [56.0] [cxt 0] Parser set: setting field 'scalars.metadata.transport_dst_port' from field 'udp.dst_port' (2152)
[15:48:28.218] [bmv2] [D] [thread 356] [56.0] [cxt 0] Parser set: setting field 'scalars.tmp' from expression, new value is 1
[15:48:28.218] [bmv2] [D] [thread 356] [56.0] [cxt 0] Parser state 'parse_udp': key is 01
[15:48:28.218] [bmv2] [T] [thread 356] [56.0] [cxt 0] Bytes parsed: 42
[15:48:28.218] [bmv2] [D] [thread 356] [56.0] [cxt 0] Parser 'parser' entering state 'parse_gtp_u'
[15:48:28.218] [bmv2] [D] [thread 356] [56.0] [cxt 0] Extracting header 'gtp_u'
[15:48:28.218] [bmv2] [D] [thread 356] [56.0] [cxt 0] Parser set: setting field 'scalars.metadata.is_gtp_u_traffic' to 1
[15:48:28.218] [bmv2] [D] [thread 356] [56.0] [cxt 0] Parser set: setting field 'scalars.metadata.traffic_type' to 2
[15:48:28.218] [bmv2] [D] [thread 356] [56.0] [cxt 0] Parser state 'parse_gtp_u' has no switch, going to default next state
[15:48:28.218] [bmv2] [T] [thread 356] [56.0] [cxt 0] Bytes parsed: 50
[15:48:28.218] [bmv2] [D] [thread 356] [56.0] [cxt 0] Parser 'parser': end
[15:48:28.218] [bmv2] [D] [thread 356] [56.0] [cxt 0] Pipeline 'ingress': start
[15:48:28.218] [bmv2] [T] [thread 356] [56.0] [cxt 0] Applying table 'tbl_intgtpsource295'
[15:48:28.218] [bmv2] [D] [thread 356] [56.0] [cxt 0] Looking up key:

[15:48:28.218] [bmv2] [D] [thread 356] [56.0] [cxt 0] Table 'tbl_intgtpsource295': miss
[15:48:28.218] [bmv2] [D] [thread 356] [56.0] [cxt 0] Action entry is intgtpsource295 -
[15:48:28.218] [bmv2] [T] [thread 356] [56.0] [cxt 0] Action intgtpsource295
[15:48:28.218] [bmv2] [T] [thread 356] [56.0] [cxt 0] int-gtp-source.p4(295) Primitive meta.switch_id = 1
[15:48:28.218] [bmv2] [T] [thread 356] [56.0] [cxt 0] int-gtp-source.p4(297) Condition "hdr.ethernet.isValid() && hdr.ipv4.isValid()" (node_3) is true
[15:48:28.218] [bmv2] [T] [thread 356] [56.0] [cxt 0] int-gtp-source.p4(299) Condition "(hdr.ipv4.protocol == 132 && hdr.sctp.isValid()) || ..." (node_4) is true
[15:48:28.218] [bmv2] [T] [thread 356] [56.0] [cxt 0] Applying table 'MyIngress.int_source_table'
[15:48:28.218] [bmv2] [D] [thread 356] [56.0] [cxt 0] Looking up key:
* meta.traffic_type   : 02

[15:48:28.218] [bmv2] [D] [thread 356] [56.0] [cxt 0] Table 'MyIngress.int_source_table': hit with handle 1
[15:48:28.218] [bmv2] [D] [thread 356] [56.0] [cxt 0] Dumping entry 1
Match key:
* meta.traffic_type   : EXACT     02
Action entry: MyIngress.int_source_action -

[15:48:28.218] [bmv2] [D] [thread 356] [56.0] [cxt 0] Action entry is MyIngress.int_source_action -
[15:48:28.218] [bmv2] [T] [thread 356] [56.0] [cxt 0] Action MyIngress.int_source_action
[15:48:28.218] [bmv2] [T] [thread 356] [56.0] [cxt 0] int-gtp-source.p4(221) Primitive meta.should_insert_int = 1
[15:48:28.218] [bmv2] [T] [thread 356] [56.0] [cxt 0] Applying table 'MyIngress.ipv4_lpm'
[15:48:28.218] [bmv2] [D] [thread 356] [56.0] [cxt 0] Looking up key:
* hdr.ipv4.dstAddr    : ac120a03

[15:48:28.219] [bmv2] [D] [thread 356] [56.0] [cxt 0] Table 'MyIngress.ipv4_lpm': hit with handle 1
[15:48:28.219] [bmv2] [D] [thread 356] [56.0] [cxt 0] Dumping entry 1
Match key:
* hdr.ipv4.dstAddr    : LPM       ac120a03/32
Action entry: MyIngress.forward_action - 1,

[15:48:28.219] [bmv2] [D] [thread 356] [56.0] [cxt 0] Action entry is MyIngress.forward_action - 1,
[15:48:28.219] [bmv2] [T] [thread 356] [56.0] [cxt 0] Action MyIngress.forward_action
[15:48:28.219] [bmv2] [T] [thread 356] [56.0] [cxt 0] int-gtp-source.p4(266) Primitive standard_metadata.egress_spec = egress_port
[15:48:28.219] [bmv2] [T] [thread 356] [56.0] [cxt 0] int-gtp-source.p4(308) Condition "meta.should_insert_int == 1" (node_7) is true
[15:48:28.219] [bmv2] [T] [thread 356] [56.0] [cxt 0] Applying table 'tbl_do_insert_int'
[15:48:28.219] [bmv2] [D] [thread 356] [56.0] [cxt 0] Looking up key:

[15:48:28.219] [bmv2] [D] [thread 356] [56.0] [cxt 0] Table 'tbl_do_insert_int': miss
[15:48:28.219] [bmv2] [D] [thread 356] [56.0] [cxt 0] Action entry is MyIngress.do_insert_int -
[15:48:28.219] [bmv2] [T] [thread 356] [56.0] [cxt 0] Action MyIngress.do_insert_int
[15:48:28.219] [bmv2] [T] [thread 356] [56.0] [cxt 0] int-gtp-source.p4(226) Primitive bit<16> original_ether_type = hdr.ethernet.etherType
[15:48:28.219] [bmv2] [T] [thread 356] [56.0] [cxt 0] int-gtp-source.p4(229) Primitive hdr.ethernet.etherType = 0xFA
[15:48:28.219] [bmv2] [T] [thread 356] [56.0] [cxt 0] int-gtp-source.p4(232) Primitive hdr.int_shim.setValid()
[15:48:28.219] [bmv2] [T] [thread 356] [56.0] [cxt 0] int-gtp-source.p4(233) Primitive hdr.int_shim.type = 1
[15:48:28.219] [bmv2] [T] [thread 356] [56.0] [cxt 0] int-gtp-source.p4(234) Primitive hdr.int_shim.reserved = 0
[15:48:28.219] [bmv2] [T] [thread 356] [56.0] [cxt 0] int-gtp-source.p4(235) Primitive hdr.int_shim.length = 44
[15:48:28.219] [bmv2] [T] [thread 356] [56.0] [cxt 0] int-gtp-source.p4(236) Primitive hdr.int_shim.next_proto = original_ether_type
[15:48:28.219] [bmv2] [T] [thread 356] [56.0] [cxt 0] int-gtp-source.p4(239) Primitive hdr.int_header.setValid()
[15:48:28.219] [bmv2] [T] [thread 356] [56.0] [cxt 0] int-gtp-source.p4(240) Primitive hdr.int_header.version = 1
[15:48:28.219] [bmv2] [T] [thread 356] [56.0] [cxt 0] int-gtp-source.p4(241) Primitive hdr.int_header.d = 0
[15:48:28.219] [bmv2] [T] [thread 356] [56.0] [cxt 0] int-gtp-source.p4(242) Primitive hdr.int_header.q = 0
[15:48:28.219] [bmv2] [T] [thread 356] [56.0] [cxt 0] int-gtp-source.p4(243) Primitive hdr.int_header.m = 1
[15:48:28.219] [bmv2] [T] [thread 356] [56.0] [cxt 0] int-gtp-source.p4(244) Primitive hdr.int_header.reserved1 = 0
[15:48:28.219] [bmv2] [T] [thread 356] [56.0] [cxt 0] int-gtp-source.p4(245) Primitive hdr.int_header.hop_ml = 1
[15:48:28.219] [bmv2] [T] [thread 356] [56.0] [cxt 0] int-gtp-source.p4(246) Primitive hdr.int_header.instruction = 0x00FF
[15:48:28.219] [bmv2] [T] [thread 356] [56.0] [cxt 0] int-gtp-source.p4(247) Primitive hdr.int_header.reserved2 = 0
[15:48:28.219] [bmv2] [T] [thread 356] [56.0] [cxt 0] int-gtp-source.p4(248) Primitive hdr.int_header.remaining_hop_cnt = 8 - 1
[15:48:28.219] [bmv2] [T] [thread 356] [56.0] [cxt 0] int-gtp-source.p4(251) Primitive hdr.int_md.setValid()
[15:48:28.219] [bmv2] [T] [thread 356] [56.0] [cxt 0] int-gtp-source.p4(252) Primitive hdr.int_md.padding_switch = 0
[15:48:28.219] [bmv2] [T] [thread 356] [56.0] [cxt 0] int-gtp-source.p4(253) Primitive hdr.int_md.switch_id = (bit<16>)meta.switch_id
[15:48:28.219] [bmv2] [T] [thread 356] [56.0] [cxt 0] int-gtp-source.p4(254) Primitive hdr.int_md.ingress_port_id = (bit<16>)meta.ingress_port
[15:48:28.219] [bmv2] [T] [thread 356] [56.0] [cxt 0] int-gtp-source.p4(255) Primitive hdr.int_md.ingress_timestamp = meta.ingress_ts
[15:48:28.219] [bmv2] [T] [thread 356] [56.0] [cxt 0] int-gtp-source.p4(256) Primitive hdr.int_md.egress_port_id = 0
[15:48:28.219] [bmv2] [T] [thread 356] [56.0] [cxt 0] int-gtp-source.p4(257) Primitive hdr.int_md.hop_latency = 0
[15:48:28.219] [bmv2] [T] [thread 356] [56.0] [cxt 0] int-gtp-source.p4(258) Primitive hdr.int_md.egress_timestamp = 0
[15:48:28.219] [bmv2] [T] [thread 356] [56.0] [cxt 0] int-gtp-source.p4(259) Primitive hdr.int_md.queue_occupancy = 0
[15:48:28.219] [bmv2] [T] [thread 356] [56.0] [cxt 0] int-gtp-source.p4(260) Primitive hdr.int_md.congestion_notification = 0
[15:48:28.219] [bmv2] [T] [thread 356] [56.0] [cxt 0] int-gtp-source.p4(261) Primitive hdr.int_md.reserved1 = 0
[15:48:28.219] [bmv2] [T] [thread 356] [56.0] [cxt 0] int-gtp-source.p4(262) Primitive hdr.int_md.reserved2 = 0
[15:48:28.219] [bmv2] [D] [thread 356] [56.0] [cxt 0] Pipeline 'ingress': end
[15:48:28.219] [bmv2] [D] [thread 356] [56.0] [cxt 0] Egress port is 1
[15:48:28.219] [bmv2] [D] [thread 358] [56.0] [cxt 0] Pipeline 'egress': start
[15:48:28.219] [bmv2] [T] [thread 358] [56.0] [cxt 0] int-gtp-source.p4(330) Condition "hdr.int_shim.isValid()" (node_11) is true
[15:48:28.219] [bmv2] [T] [thread 358] [56.0] [cxt 0] Applying table 'tbl_update_int_metadata'
[15:48:28.219] [bmv2] [D] [thread 358] [56.0] [cxt 0] Looking up key:

[15:48:28.219] [bmv2] [D] [thread 358] [56.0] [cxt 0] Table 'tbl_update_int_metadata': miss
[15:48:28.219] [bmv2] [D] [thread 358] [56.0] [cxt 0] Action entry is MyEgress.update_int_metadata -
[15:48:28.219] [bmv2] [T] [thread 358] [56.0] [cxt 0] Action MyEgress.update_int_metadata
[15:48:28.219] [bmv2] [T] [thread 358] [56.0] [cxt 0] int-gtp-source.p4(321) Primitive if
[15:48:28.219] [bmv2] [T] [thread 358] [56.0] [cxt 0] int-gtp-source.p4(322) Primitive hdr.int_md.egress_port_id = (bit<16>)standard_metadata.egress_port
[15:48:28.219] [bmv2] [T] [thread 358] [56.0] [cxt 0] int-gtp-source.p4(323) Primitive hdr.int_md.egress_timestamp = (bit<32>)standard_metadata.egress_global_timestamp
[15:48:28.219] [bmv2] [T] [thread 358] [56.0] [cxt 0] int-gtp-source.p4(324) Primitive hdr.int_md.hop_latency = hdr.int_md.egress_timestamp - hdr.int_md.ingress_timestamp
[15:48:28.219] [bmv2] [T] [thread 358] [56.0] [cxt 0] int-gtp-source.p4(325) Primitive hdr.int_md.queue_occupancy = (bit<32>)standard_metadata.enq_qdepth
[15:48:28.219] [bmv2] [D] [thread 358] [56.0] [cxt 0] Pipeline 'egress': end
[15:48:28.219] [bmv2] [D] [thread 358] [56.0] [cxt 0] Deparser 'deparser': start
[15:48:28.219] [bmv2] [D] [thread 358] [56.0] [cxt 0] Deparsing header 'ethernet'
[15:48:28.219] [bmv2] [D] [thread 358] [56.0] [cxt 0] Deparsing header 'int_shim'
[15:48:28.219] [bmv2] [D] [thread 358] [56.0] [cxt 0] Deparsing header 'int_header'
[15:48:28.219] [bmv2] [D] [thread 358] [56.0] [cxt 0] Deparsing header 'int_md'
[15:48:28.219] [bmv2] [D] [thread 358] [56.0] [cxt 0] Deparsing header 'ipv4'
[15:48:28.219] [bmv2] [D] [thread 358] [56.0] [cxt 0] Deparsing header 'udp'
[15:48:28.219] [bmv2] [D] [thread 358] [56.0] [cxt 0] Deparsing header 'gtp_u'
[15:48:28.219] [bmv2] [D] [thread 358] [56.0] [cxt 0] Deparser 'deparser': end
[15:48:28.220] [bmv2] [D] [thread 361] [56.0] [cxt 0] Transmitting packet of size 183 out of port 1
[15:48:29.188] [bmv2] [D] [thread 356] [57.0] [cxt 0] Processing packet received on port 1
[15:48:29.188] [bmv2] [D] [thread 356] [57.0] [cxt 0] Parser 'parser': start
[15:48:29.188] [bmv2] [D] [thread 356] [57.0] [cxt 0] Parser 'parser' entering state 'start'
[15:48:29.188] [bmv2] [D] [thread 356] [57.0] [cxt 0] Extracting header 'ethernet'
[15:48:29.188] [bmv2] [D] [thread 356] [57.0] [cxt 0] Parser set: setting field 'scalars.metadata.ingress_port' from field 'standard_metadata.ingress_port' (1)
[15:48:29.188] [bmv2] [D] [thread 356] [57.0] [cxt 0] Parser set: setting field 'scalars.metadata.ingress_ts' from expression, new value is 196638826
[15:48:29.188] [bmv2] [D] [thread 356] [57.0] [cxt 0] Parser set: setting field 'scalars.metadata.is_int_packet' to 0
[15:48:29.188] [bmv2] [D] [thread 356] [57.0] [cxt 0] Parser set: setting field 'scalars.metadata.is_ngap_traffic' to 0
[15:48:29.188] [bmv2] [D] [thread 356] [57.0] [cxt 0] Parser set: setting field 'scalars.metadata.is_gtp_u_traffic' to 0
[15:48:29.188] [bmv2] [D] [thread 356] [57.0] [cxt 0] Parser set: setting field 'scalars.metadata.traffic_type' to 0
[15:48:29.188] [bmv2] [D] [thread 356] [57.0] [cxt 0] Parser set: setting field 'scalars.metadata.should_insert_int' to 0
[15:48:29.188] [bmv2] [D] [thread 356] [57.0] [cxt 0] Parser state 'start': key is 0800
[15:48:29.188] [bmv2] [T] [thread 356] [57.0] [cxt 0] Bytes parsed: 14
[15:48:29.188] [bmv2] [D] [thread 356] [57.0] [cxt 0] Parser 'parser' entering state 'parse_ipv4'
[15:48:29.188] [bmv2] [D] [thread 356] [57.0] [cxt 0] Extracting header 'ipv4'
[15:48:29.188] [bmv2] [D] [thread 356] [57.0] [cxt 0] Parser state 'parse_ipv4': key is 11
[15:48:29.188] [bmv2] [T] [thread 356] [57.0] [cxt 0] Bytes parsed: 34
[15:48:29.188] [bmv2] [D] [thread 356] [57.0] [cxt 0] Parser 'parser' entering state 'parse_udp'
[15:48:29.188] [bmv2] [D] [thread 356] [57.0] [cxt 0] Extracting header 'udp'
[15:48:29.188] [bmv2] [D] [thread 356] [57.0] [cxt 0] Parser set: setting field 'scalars.metadata.transport_src_port' from field 'udp.src_port' (2152)
[15:48:29.188] [bmv2] [D] [thread 356] [57.0] [cxt 0] Parser set: setting field 'scalars.metadata.transport_dst_port' from field 'udp.dst_port' (2152)
[15:48:29.188] [bmv2] [D] [thread 356] [57.0] [cxt 0] Parser set: setting field 'scalars.tmp' from expression, new value is 1
[15:48:29.188] [bmv2] [D] [thread 356] [57.0] [cxt 0] Parser state 'parse_udp': key is 01
[15:48:29.188] [bmv2] [T] [thread 356] [57.0] [cxt 0] Bytes parsed: 42
[15:48:29.188] [bmv2] [D] [thread 356] [57.0] [cxt 0] Parser 'parser' entering state 'parse_gtp_u'
[15:48:29.188] [bmv2] [D] [thread 356] [57.0] [cxt 0] Extracting header 'gtp_u'
[15:48:29.188] [bmv2] [D] [thread 356] [57.0] [cxt 0] Parser set: setting field 'scalars.metadata.is_gtp_u_traffic' to 1
[15:48:29.188] [bmv2] [D] [thread 356] [57.0] [cxt 0] Parser set: setting field 'scalars.metadata.traffic_type' to 2
[15:48:29.188] [bmv2] [D] [thread 356] [57.0] [cxt 0] Parser state 'parse_gtp_u' has no switch, going to default next state
[15:48:29.188] [bmv2] [T] [thread 356] [57.0] [cxt 0] Bytes parsed: 50
[15:48:29.188] [bmv2] [D] [thread 356] [57.0] [cxt 0] Parser 'parser': end
[15:48:29.188] [bmv2] [D] [thread 356] [57.0] [cxt 0] Pipeline 'ingress': start
[15:48:29.188] [bmv2] [T] [thread 356] [57.0] [cxt 0] Applying table 'tbl_intgtpsource295'
[15:48:29.188] [bmv2] [D] [thread 356] [57.0] [cxt 0] Looking up key:

[15:48:29.188] [bmv2] [D] [thread 356] [57.0] [cxt 0] Table 'tbl_intgtpsource295': miss
[15:48:29.188] [bmv2] [D] [thread 356] [57.0] [cxt 0] Action entry is intgtpsource295 -
[15:48:29.188] [bmv2] [T] [thread 356] [57.0] [cxt 0] Action intgtpsource295
[15:48:29.188] [bmv2] [T] [thread 356] [57.0] [cxt 0] int-gtp-source.p4(295) Primitive meta.switch_id = 1
[15:48:29.188] [bmv2] [T] [thread 356] [57.0] [cxt 0] int-gtp-source.p4(297) Condition "hdr.ethernet.isValid() && hdr.ipv4.isValid()" (node_3) is true
[15:48:29.188] [bmv2] [T] [thread 356] [57.0] [cxt 0] int-gtp-source.p4(299) Condition "(hdr.ipv4.protocol == 132 && hdr.sctp.isValid()) || ..." (node_4) is true
[15:48:29.188] [bmv2] [T] [thread 356] [57.0] [cxt 0] Applying table 'MyIngress.int_source_table'
[15:48:29.188] [bmv2] [D] [thread 356] [57.0] [cxt 0] Looking up key:
* meta.traffic_type   : 02

[15:48:29.188] [bmv2] [D] [thread 356] [57.0] [cxt 0] Table 'MyIngress.int_source_table': hit with handle 1
[15:48:29.188] [bmv2] [D] [thread 356] [57.0] [cxt 0] Dumping entry 1
Match key:
* meta.traffic_type   : EXACT     02
Action entry: MyIngress.int_source_action -

[15:48:29.188] [bmv2] [D] [thread 356] [57.0] [cxt 0] Action entry is MyIngress.int_source_action -
[15:48:29.188] [bmv2] [T] [thread 356] [57.0] [cxt 0] Action MyIngress.int_source_action
[15:48:29.188] [bmv2] [T] [thread 356] [57.0] [cxt 0] int-gtp-source.p4(221) Primitive meta.should_insert_int = 1
[15:48:29.188] [bmv2] [T] [thread 356] [57.0] [cxt 0] Applying table 'MyIngress.ipv4_lpm'
[15:48:29.188] [bmv2] [D] [thread 356] [57.0] [cxt 0] Looking up key:
* hdr.ipv4.dstAddr    : ac120018

[15:48:29.188] [bmv2] [D] [thread 356] [57.0] [cxt 0] Table 'MyIngress.ipv4_lpm': hit with handle 2
[15:48:29.188] [bmv2] [D] [thread 356] [57.0] [cxt 0] Dumping entry 2
Match key:
* hdr.ipv4.dstAddr    : LPM       00000000/0
Action entry: MyIngress.forward_action - 2,

[15:48:29.188] [bmv2] [D] [thread 356] [57.0] [cxt 0] Action entry is MyIngress.forward_action - 2,
[15:48:29.188] [bmv2] [T] [thread 356] [57.0] [cxt 0] Action MyIngress.forward_action
[15:48:29.188] [bmv2] [T] [thread 356] [57.0] [cxt 0] int-gtp-source.p4(266) Primitive standard_metadata.egress_spec = egress_port
[15:48:29.188] [bmv2] [T] [thread 356] [57.0] [cxt 0] int-gtp-source.p4(308) Condition "meta.should_insert_int == 1" (node_7) is true
[15:48:29.188] [bmv2] [T] [thread 356] [57.0] [cxt 0] Applying table 'tbl_do_insert_int'
[15:48:29.188] [bmv2] [D] [thread 356] [57.0] [cxt 0] Looking up key:

[15:48:29.188] [bmv2] [D] [thread 356] [57.0] [cxt 0] Table 'tbl_do_insert_int': miss
[15:48:29.188] [bmv2] [D] [thread 356] [57.0] [cxt 0] Action entry is MyIngress.do_insert_int -
[15:48:29.189] [bmv2] [T] [thread 356] [57.0] [cxt 0] Action MyIngress.do_insert_int
[15:48:29.189] [bmv2] [T] [thread 356] [57.0] [cxt 0] int-gtp-source.p4(226) Primitive bit<16> original_ether_type = hdr.ethernet.etherType
[15:48:29.189] [bmv2] [T] [thread 356] [57.0] [cxt 0] int-gtp-source.p4(229) Primitive hdr.ethernet.etherType = 0xFA
[15:48:29.189] [bmv2] [T] [thread 356] [57.0] [cxt 0] int-gtp-source.p4(232) Primitive hdr.int_shim.setValid()
[15:48:29.189] [bmv2] [T] [thread 356] [57.0] [cxt 0] int-gtp-source.p4(233) Primitive hdr.int_shim.type = 1
[15:48:29.189] [bmv2] [T] [thread 356] [57.0] [cxt 0] int-gtp-source.p4(234) Primitive hdr.int_shim.reserved = 0
[15:48:29.189] [bmv2] [T] [thread 356] [57.0] [cxt 0] int-gtp-source.p4(235) Primitive hdr.int_shim.length = 44
[15:48:29.189] [bmv2] [T] [thread 356] [57.0] [cxt 0] int-gtp-source.p4(236) Primitive hdr.int_shim.next_proto = original_ether_type
[15:48:29.189] [bmv2] [T] [thread 356] [57.0] [cxt 0] int-gtp-source.p4(239) Primitive hdr.int_header.setValid()
[15:48:29.189] [bmv2] [T] [thread 356] [57.0] [cxt 0] int-gtp-source.p4(240) Primitive hdr.int_header.version = 1
[15:48:29.189] [bmv2] [T] [thread 356] [57.0] [cxt 0] int-gtp-source.p4(241) Primitive hdr.int_header.d = 0
[15:48:29.189] [bmv2] [T] [thread 356] [57.0] [cxt 0] int-gtp-source.p4(242) Primitive hdr.int_header.q = 0
[15:48:29.189] [bmv2] [T] [thread 356] [57.0] [cxt 0] int-gtp-source.p4(243) Primitive hdr.int_header.m = 1
[15:48:29.189] [bmv2] [T] [thread 356] [57.0] [cxt 0] int-gtp-source.p4(244) Primitive hdr.int_header.reserved1 = 0
[15:48:29.189] [bmv2] [T] [thread 356] [57.0] [cxt 0] int-gtp-source.p4(245) Primitive hdr.int_header.hop_ml = 1
[15:48:29.189] [bmv2] [T] [thread 356] [57.0] [cxt 0] int-gtp-source.p4(246) Primitive hdr.int_header.instruction = 0x00FF
[15:48:29.189] [bmv2] [T] [thread 356] [57.0] [cxt 0] int-gtp-source.p4(247) Primitive hdr.int_header.reserved2 = 0
[15:48:29.189] [bmv2] [T] [thread 356] [57.0] [cxt 0] int-gtp-source.p4(248) Primitive hdr.int_header.remaining_hop_cnt = 8 - 1
[15:48:29.189] [bmv2] [T] [thread 356] [57.0] [cxt 0] int-gtp-source.p4(251) Primitive hdr.int_md.setValid()
[15:48:29.189] [bmv2] [T] [thread 356] [57.0] [cxt 0] int-gtp-source.p4(252) Primitive hdr.int_md.padding_switch = 0
[15:48:29.189] [bmv2] [T] [thread 356] [57.0] [cxt 0] int-gtp-source.p4(253) Primitive hdr.int_md.switch_id = (bit<16>)meta.switch_id
[15:48:29.189] [bmv2] [T] [thread 356] [57.0] [cxt 0] int-gtp-source.p4(254) Primitive hdr.int_md.ingress_port_id = (bit<16>)meta.ingress_port
[15:48:29.189] [bmv2] [T] [thread 356] [57.0] [cxt 0] int-gtp-source.p4(255) Primitive hdr.int_md.ingress_timestamp = meta.ingress_ts
[15:48:29.189] [bmv2] [T] [thread 356] [57.0] [cxt 0] int-gtp-source.p4(256) Primitive hdr.int_md.egress_port_id = 0
[15:48:29.189] [bmv2] [T] [thread 356] [57.0] [cxt 0] int-gtp-source.p4(257) Primitive hdr.int_md.hop_latency = 0
[15:48:29.189] [bmv2] [T] [thread 356] [57.0] [cxt 0] int-gtp-source.p4(258) Primitive hdr.int_md.egress_timestamp = 0
[15:48:29.189] [bmv2] [T] [thread 356] [57.0] [cxt 0] int-gtp-source.p4(259) Primitive hdr.int_md.queue_occupancy = 0
[15:48:29.189] [bmv2] [T] [thread 356] [57.0] [cxt 0] int-gtp-source.p4(260) Primitive hdr.int_md.congestion_notification = 0
[15:48:29.189] [bmv2] [T] [thread 356] [57.0] [cxt 0] int-gtp-source.p4(261) Primitive hdr.int_md.reserved1 = 0
[15:48:29.189] [bmv2] [T] [thread 356] [57.0] [cxt 0] int-gtp-source.p4(262) Primitive hdr.int_md.reserved2 = 0
[15:48:29.189] [bmv2] [D] [thread 356] [57.0] [cxt 0] Pipeline 'ingress': end
[15:48:29.189] [bmv2] [D] [thread 356] [57.0] [cxt 0] Egress port is 2
[15:48:29.189] [bmv2] [D] [thread 359] [57.0] [cxt 0] Pipeline 'egress': start
[15:48:29.189] [bmv2] [T] [thread 359] [57.0] [cxt 0] int-gtp-source.p4(330) Condition "hdr.int_shim.isValid()" (node_11) is true
[15:48:29.189] [bmv2] [T] [thread 359] [57.0] [cxt 0] Applying table 'tbl_update_int_metadata'
[15:48:29.189] [bmv2] [D] [thread 359] [57.0] [cxt 0] Looking up key:

[15:48:29.189] [bmv2] [D] [thread 359] [57.0] [cxt 0] Table 'tbl_update_int_metadata': miss
[15:48:29.189] [bmv2] [D] [thread 359] [57.0] [cxt 0] Action entry is MyEgress.update_int_metadata -
[15:48:29.189] [bmv2] [T] [thread 359] [57.0] [cxt 0] Action MyEgress.update_int_metadata
[15:48:29.189] [bmv2] [T] [thread 359] [57.0] [cxt 0] int-gtp-source.p4(321) Primitive if
[15:48:29.189] [bmv2] [T] [thread 359] [57.0] [cxt 0] int-gtp-source.p4(322) Primitive hdr.int_md.egress_port_id = (bit<16>)standard_metadata.egress_port
[15:48:29.189] [bmv2] [T] [thread 359] [57.0] [cxt 0] int-gtp-source.p4(323) Primitive hdr.int_md.egress_timestamp = (bit<32>)standard_metadata.egress_global_timestamp
[15:48:29.189] [bmv2] [T] [thread 359] [57.0] [cxt 0] int-gtp-source.p4(324) Primitive hdr.int_md.hop_latency = hdr.int_md.egress_timestamp - hdr.int_md.ingress_timestamp
[15:48:29.189] [bmv2] [T] [thread 359] [57.0] [cxt 0] int-gtp-source.p4(325) Primitive hdr.int_md.queue_occupancy = (bit<32>)standard_metadata.enq_qdepth
[15:48:29.189] [bmv2] [D] [thread 359] [57.0] [cxt 0] Pipeline 'egress': end
[15:48:29.189] [bmv2] [D] [thread 359] [57.0] [cxt 0] Deparser 'deparser': start
[15:48:29.189] [bmv2] [D] [thread 359] [57.0] [cxt 0] Deparsing header 'ethernet'
[15:48:29.189] [bmv2] [D] [thread 359] [57.0] [cxt 0] Deparsing header 'int_shim'
[15:48:29.189] [bmv2] [D] [thread 359] [57.0] [cxt 0] Deparsing header 'int_header'
[15:48:29.189] [bmv2] [D] [thread 359] [57.0] [cxt 0] Deparsing header 'int_md'
[15:48:29.189] [bmv2] [D] [thread 359] [57.0] [cxt 0] Deparsing header 'ipv4'
[15:48:29.189] [bmv2] [D] [thread 359] [57.0] [cxt 0] Deparsing header 'udp'
[15:48:29.189] [bmv2] [D] [thread 359] [57.0] [cxt 0] Deparsing header 'gtp_u'
[15:48:29.189] [bmv2] [D] [thread 359] [57.0] [cxt 0] Deparser 'deparser': end
[15:48:29.190] [bmv2] [D] [thread 361] [57.0] [cxt 0] Transmitting packet of size 183 out of port 2
[15:48:29.241] [bmv2] [D] [thread 356] [58.0] [cxt 0] Processing packet received on port 2
[15:48:29.241] [bmv2] [D] [thread 356] [58.0] [cxt 0] Parser 'parser': start
[15:48:29.241] [bmv2] [D] [thread 356] [58.0] [cxt 0] Parser 'parser' entering state 'start'
[15:48:29.241] [bmv2] [D] [thread 356] [58.0] [cxt 0] Extracting header 'ethernet'
[15:48:29.241] [bmv2] [D] [thread 356] [58.0] [cxt 0] Parser set: setting field 'scalars.metadata.ingress_port' from field 'standard_metadata.ingress_port' (2)
[15:48:29.241] [bmv2] [D] [thread 356] [58.0] [cxt 0] Parser set: setting field 'scalars.metadata.ingress_ts' from expression, new value is 196692453
[15:48:29.241] [bmv2] [D] [thread 356] [58.0] [cxt 0] Parser set: setting field 'scalars.metadata.is_int_packet' to 0
[15:48:29.241] [bmv2] [D] [thread 356] [58.0] [cxt 0] Parser set: setting field 'scalars.metadata.is_ngap_traffic' to 0
[15:48:29.241] [bmv2] [D] [thread 356] [58.0] [cxt 0] Parser set: setting field 'scalars.metadata.is_gtp_u_traffic' to 0
[15:48:29.241] [bmv2] [D] [thread 356] [58.0] [cxt 0] Parser set: setting field 'scalars.metadata.traffic_type' to 0
[15:48:29.241] [bmv2] [D] [thread 356] [58.0] [cxt 0] Parser set: setting field 'scalars.metadata.should_insert_int' to 0
[15:48:29.242] [bmv2] [D] [thread 356] [58.0] [cxt 0] Parser state 'start': key is 0800
[15:48:29.242] [bmv2] [T] [thread 356] [58.0] [cxt 0] Bytes parsed: 14
[15:48:29.242] [bmv2] [D] [thread 356] [58.0] [cxt 0] Parser 'parser' entering state 'parse_ipv4'
[15:48:29.242] [bmv2] [D] [thread 356] [58.0] [cxt 0] Extracting header 'ipv4'
[15:48:29.242] [bmv2] [D] [thread 356] [58.0] [cxt 0] Parser state 'parse_ipv4': key is 11
[15:48:29.242] [bmv2] [T] [thread 356] [58.0] [cxt 0] Bytes parsed: 34
[15:48:29.242] [bmv2] [D] [thread 356] [58.0] [cxt 0] Parser 'parser' entering state 'parse_udp'
[15:48:29.242] [bmv2] [D] [thread 356] [58.0] [cxt 0] Extracting header 'udp'
[15:48:29.242] [bmv2] [D] [thread 356] [58.0] [cxt 0] Parser set: setting field 'scalars.metadata.transport_src_port' from field 'udp.src_port' (2152)
[15:48:29.242] [bmv2] [D] [thread 356] [58.0] [cxt 0] Parser set: setting field 'scalars.metadata.transport_dst_port' from field 'udp.dst_port' (2152)
[15:48:29.242] [bmv2] [D] [thread 356] [58.0] [cxt 0] Parser set: setting field 'scalars.tmp' from expression, new value is 1
[15:48:29.242] [bmv2] [D] [thread 356] [58.0] [cxt 0] Parser state 'parse_udp': key is 01
[15:48:29.242] [bmv2] [T] [thread 356] [58.0] [cxt 0] Bytes parsed: 42
[15:48:29.242] [bmv2] [D] [thread 356] [58.0] [cxt 0] Parser 'parser' entering state 'parse_gtp_u'
[15:48:29.242] [bmv2] [D] [thread 356] [58.0] [cxt 0] Extracting header 'gtp_u'
[15:48:29.242] [bmv2] [D] [thread 356] [58.0] [cxt 0] Parser set: setting field 'scalars.metadata.is_gtp_u_traffic' to 1
[15:48:29.242] [bmv2] [D] [thread 356] [58.0] [cxt 0] Parser set: setting field 'scalars.metadata.traffic_type' to 2
[15:48:29.242] [bmv2] [D] [thread 356] [58.0] [cxt 0] Parser state 'parse_gtp_u' has no switch, going to default next state
[15:48:29.242] [bmv2] [T] [thread 356] [58.0] [cxt 0] Bytes parsed: 50
[15:48:29.242] [bmv2] [D] [thread 356] [58.0] [cxt 0] Parser 'parser': end
[15:48:29.242] [bmv2] [D] [thread 356] [58.0] [cxt 0] Pipeline 'ingress': start
[15:48:29.242] [bmv2] [T] [thread 356] [58.0] [cxt 0] Applying table 'tbl_intgtpsource295'
[15:48:29.242] [bmv2] [D] [thread 356] [58.0] [cxt 0] Looking up key:

[15:48:29.242] [bmv2] [D] [thread 356] [58.0] [cxt 0] Table 'tbl_intgtpsource295': miss
[15:48:29.242] [bmv2] [D] [thread 356] [58.0] [cxt 0] Action entry is intgtpsource295 -
[15:48:29.242] [bmv2] [T] [thread 356] [58.0] [cxt 0] Action intgtpsource295
[15:48:29.242] [bmv2] [T] [thread 356] [58.0] [cxt 0] int-gtp-source.p4(295) Primitive meta.switch_id = 1
[15:48:29.242] [bmv2] [T] [thread 356] [58.0] [cxt 0] int-gtp-source.p4(297) Condition "hdr.ethernet.isValid() && hdr.ipv4.isValid()" (node_3) is true
[15:48:29.242] [bmv2] [T] [thread 356] [58.0] [cxt 0] int-gtp-source.p4(299) Condition "(hdr.ipv4.protocol == 132 && hdr.sctp.isValid()) || ..." (node_4) is true
[15:48:29.242] [bmv2] [T] [thread 356] [58.0] [cxt 0] Applying table 'MyIngress.int_source_table'
[15:48:29.242] [bmv2] [D] [thread 356] [58.0] [cxt 0] Looking up key:
* meta.traffic_type   : 02

[15:48:29.242] [bmv2] [D] [thread 356] [58.0] [cxt 0] Table 'MyIngress.int_source_table': hit with handle 1
[15:48:29.242] [bmv2] [D] [thread 356] [58.0] [cxt 0] Dumping entry 1
Match key:
* meta.traffic_type   : EXACT     02
Action entry: MyIngress.int_source_action -

[15:48:29.242] [bmv2] [D] [thread 356] [58.0] [cxt 0] Action entry is MyIngress.int_source_action -
[15:48:29.242] [bmv2] [T] [thread 356] [58.0] [cxt 0] Action MyIngress.int_source_action
[15:48:29.242] [bmv2] [T] [thread 356] [58.0] [cxt 0] int-gtp-source.p4(221) Primitive meta.should_insert_int = 1
[15:48:29.242] [bmv2] [T] [thread 356] [58.0] [cxt 0] Applying table 'MyIngress.ipv4_lpm'
[15:48:29.242] [bmv2] [D] [thread 356] [58.0] [cxt 0] Looking up key:
* hdr.ipv4.dstAddr    : ac120a03

[15:48:29.242] [bmv2] [D] [thread 356] [58.0] [cxt 0] Table 'MyIngress.ipv4_lpm': hit with handle 1
[15:48:29.242] [bmv2] [D] [thread 356] [58.0] [cxt 0] Dumping entry 1
Match key:
* hdr.ipv4.dstAddr    : LPM       ac120a03/32
Action entry: MyIngress.forward_action - 1,

[15:48:29.242] [bmv2] [D] [thread 356] [58.0] [cxt 0] Action entry is MyIngress.forward_action - 1,
[15:48:29.242] [bmv2] [T] [thread 356] [58.0] [cxt 0] Action MyIngress.forward_action
[15:48:29.242] [bmv2] [T] [thread 356] [58.0] [cxt 0] int-gtp-source.p4(266) Primitive standard_metadata.egress_spec = egress_port
[15:48:29.242] [bmv2] [T] [thread 356] [58.0] [cxt 0] int-gtp-source.p4(308) Condition "meta.should_insert_int == 1" (node_7) is true
[15:48:29.242] [bmv2] [T] [thread 356] [58.0] [cxt 0] Applying table 'tbl_do_insert_int'
[15:48:29.242] [bmv2] [D] [thread 356] [58.0] [cxt 0] Looking up key:

[15:48:29.242] [bmv2] [D] [thread 356] [58.0] [cxt 0] Table 'tbl_do_insert_int': miss
[15:48:29.242] [bmv2] [D] [thread 356] [58.0] [cxt 0] Action entry is MyIngress.do_insert_int -
[15:48:29.242] [bmv2] [T] [thread 356] [58.0] [cxt 0] Action MyIngress.do_insert_int
[15:48:29.242] [bmv2] [T] [thread 356] [58.0] [cxt 0] int-gtp-source.p4(226) Primitive bit<16> original_ether_type = hdr.ethernet.etherType
[15:48:29.242] [bmv2] [T] [thread 356] [58.0] [cxt 0] int-gtp-source.p4(229) Primitive hdr.ethernet.etherType = 0xFA
[15:48:29.242] [bmv2] [T] [thread 356] [58.0] [cxt 0] int-gtp-source.p4(232) Primitive hdr.int_shim.setValid()
[15:48:29.242] [bmv2] [T] [thread 356] [58.0] [cxt 0] int-gtp-source.p4(233) Primitive hdr.int_shim.type = 1
[15:48:29.242] [bmv2] [T] [thread 356] [58.0] [cxt 0] int-gtp-source.p4(234) Primitive hdr.int_shim.reserved = 0
[15:48:29.242] [bmv2] [T] [thread 356] [58.0] [cxt 0] int-gtp-source.p4(235) Primitive hdr.int_shim.length = 44
[15:48:29.242] [bmv2] [T] [thread 356] [58.0] [cxt 0] int-gtp-source.p4(236) Primitive hdr.int_shim.next_proto = original_ether_type
[15:48:29.242] [bmv2] [T] [thread 356] [58.0] [cxt 0] int-gtp-source.p4(239) Primitive hdr.int_header.setValid()
[15:48:29.242] [bmv2] [T] [thread 356] [58.0] [cxt 0] int-gtp-source.p4(240) Primitive hdr.int_header.version = 1
[15:48:29.242] [bmv2] [T] [thread 356] [58.0] [cxt 0] int-gtp-source.p4(241) Primitive hdr.int_header.d = 0
[15:48:29.242] [bmv2] [T] [thread 356] [58.0] [cxt 0] int-gtp-source.p4(242) Primitive hdr.int_header.q = 0
[15:48:29.242] [bmv2] [T] [thread 356] [58.0] [cxt 0] int-gtp-source.p4(243) Primitive hdr.int_header.m = 1
[15:48:29.242] [bmv2] [T] [thread 356] [58.0] [cxt 0] int-gtp-source.p4(244) Primitive hdr.int_header.reserved1 = 0
[15:48:29.242] [bmv2] [T] [thread 356] [58.0] [cxt 0] int-gtp-source.p4(245) Primitive hdr.int_header.hop_ml = 1
[15:48:29.242] [bmv2] [T] [thread 356] [58.0] [cxt 0] int-gtp-source.p4(246) Primitive hdr.int_header.instruction = 0x00FF
[15:48:29.243] [bmv2] [T] [thread 356] [58.0] [cxt 0] int-gtp-source.p4(247) Primitive hdr.int_header.reserved2 = 0
[15:48:29.243] [bmv2] [T] [thread 356] [58.0] [cxt 0] int-gtp-source.p4(248) Primitive hdr.int_header.remaining_hop_cnt = 8 - 1
[15:48:29.243] [bmv2] [T] [thread 356] [58.0] [cxt 0] int-gtp-source.p4(251) Primitive hdr.int_md.setValid()
[15:48:29.243] [bmv2] [T] [thread 356] [58.0] [cxt 0] int-gtp-source.p4(252) Primitive hdr.int_md.padding_switch = 0
[15:48:29.243] [bmv2] [T] [thread 356] [58.0] [cxt 0] int-gtp-source.p4(253) Primitive hdr.int_md.switch_id = (bit<16>)meta.switch_id
[15:48:29.243] [bmv2] [T] [thread 356] [58.0] [cxt 0] int-gtp-source.p4(254) Primitive hdr.int_md.ingress_port_id = (bit<16>)meta.ingress_port
[15:48:29.243] [bmv2] [T] [thread 356] [58.0] [cxt 0] int-gtp-source.p4(255) Primitive hdr.int_md.ingress_timestamp = meta.ingress_ts
[15:48:29.243] [bmv2] [T] [thread 356] [58.0] [cxt 0] int-gtp-source.p4(256) Primitive hdr.int_md.egress_port_id = 0
[15:48:29.243] [bmv2] [T] [thread 356] [58.0] [cxt 0] int-gtp-source.p4(257) Primitive hdr.int_md.hop_latency = 0
[15:48:29.243] [bmv2] [T] [thread 356] [58.0] [cxt 0] int-gtp-source.p4(258) Primitive hdr.int_md.egress_timestamp = 0
[15:48:29.243] [bmv2] [T] [thread 356] [58.0] [cxt 0] int-gtp-source.p4(259) Primitive hdr.int_md.queue_occupancy = 0
[15:48:29.243] [bmv2] [T] [thread 356] [58.0] [cxt 0] int-gtp-source.p4(260) Primitive hdr.int_md.congestion_notification = 0
[15:48:29.243] [bmv2] [T] [thread 356] [58.0] [cxt 0] int-gtp-source.p4(261) Primitive hdr.int_md.reserved1 = 0
[15:48:29.243] [bmv2] [T] [thread 356] [58.0] [cxt 0] int-gtp-source.p4(262) Primitive hdr.int_md.reserved2 = 0
[15:48:29.243] [bmv2] [D] [thread 356] [58.0] [cxt 0] Pipeline 'ingress': end
[15:48:29.243] [bmv2] [D] [thread 356] [58.0] [cxt 0] Egress port is 1
[15:48:29.243] [bmv2] [D] [thread 358] [58.0] [cxt 0] Pipeline 'egress': start
[15:48:29.243] [bmv2] [T] [thread 358] [58.0] [cxt 0] int-gtp-source.p4(330) Condition "hdr.int_shim.isValid()" (node_11) is true
[15:48:29.243] [bmv2] [T] [thread 358] [58.0] [cxt 0] Applying table 'tbl_update_int_metadata'
[15:48:29.243] [bmv2] [D] [thread 358] [58.0] [cxt 0] Looking up key:

[15:48:29.243] [bmv2] [D] [thread 358] [58.0] [cxt 0] Table 'tbl_update_int_metadata': miss
[15:48:29.243] [bmv2] [D] [thread 358] [58.0] [cxt 0] Action entry is MyEgress.update_int_metadata -
[15:48:29.243] [bmv2] [T] [thread 358] [58.0] [cxt 0] Action MyEgress.update_int_metadata
[15:48:29.243] [bmv2] [T] [thread 358] [58.0] [cxt 0] int-gtp-source.p4(321) Primitive if
[15:48:29.243] [bmv2] [T] [thread 358] [58.0] [cxt 0] int-gtp-source.p4(322) Primitive hdr.int_md.egress_port_id = (bit<16>)standard_metadata.egress_port
[15:48:29.243] [bmv2] [T] [thread 358] [58.0] [cxt 0] int-gtp-source.p4(323) Primitive hdr.int_md.egress_timestamp = (bit<32>)standard_metadata.egress_global_timestamp
[15:48:29.243] [bmv2] [T] [thread 358] [58.0] [cxt 0] int-gtp-source.p4(324) Primitive hdr.int_md.hop_latency = hdr.int_md.egress_timestamp - hdr.int_md.ingress_timestamp
[15:48:29.243] [bmv2] [T] [thread 358] [58.0] [cxt 0] int-gtp-source.p4(325) Primitive hdr.int_md.queue_occupancy = (bit<32>)standard_metadata.enq_qdepth
[15:48:29.243] [bmv2] [D] [thread 358] [58.0] [cxt 0] Pipeline 'egress': end
[15:48:29.243] [bmv2] [D] [thread 358] [58.0] [cxt 0] Deparser 'deparser': start
[15:48:29.243] [bmv2] [D] [thread 358] [58.0] [cxt 0] Deparsing header 'ethernet'
[15:48:29.243] [bmv2] [D] [thread 358] [58.0] [cxt 0] Deparsing header 'int_shim'
[15:48:29.243] [bmv2] [D] [thread 358] [58.0] [cxt 0] Deparsing header 'int_header'
[15:48:29.243] [bmv2] [D] [thread 358] [58.0] [cxt 0] Deparsing header 'int_md'
[15:48:29.243] [bmv2] [D] [thread 358] [58.0] [cxt 0] Deparsing header 'ipv4'
[15:48:29.243] [bmv2] [D] [thread 358] [58.0] [cxt 0] Deparsing header 'udp'
[15:48:29.243] [bmv2] [D] [thread 358] [58.0] [cxt 0] Deparsing header 'gtp_u'
[15:48:29.243] [bmv2] [D] [thread 358] [58.0] [cxt 0] Deparser 'deparser': end
[15:48:29.243] [bmv2] [D] [thread 361] [58.0] [cxt 0] Transmitting packet of size 183 out of port 1
[15:48:30.208] [bmv2] [D] [thread 356] [59.0] [cxt 0] Processing packet received on port 1
[15:48:30.208] [bmv2] [D] [thread 356] [59.0] [cxt 0] Parser 'parser': start
[15:48:30.208] [bmv2] [D] [thread 356] [59.0] [cxt 0] Parser 'parser' entering state 'start'
[15:48:30.208] [bmv2] [D] [thread 356] [59.0] [cxt 0] Extracting header 'ethernet'
[15:48:30.208] [bmv2] [D] [thread 356] [59.0] [cxt 0] Parser set: setting field 'scalars.metadata.ingress_port' from field 'standard_metadata.ingress_port' (1)
[15:48:30.208] [bmv2] [D] [thread 356] [59.0] [cxt 0] Parser set: setting field 'scalars.metadata.ingress_ts' from expression, new value is 197658960
[15:48:30.208] [bmv2] [D] [thread 356] [59.0] [cxt 0] Parser set: setting field 'scalars.metadata.is_int_packet' to 0
[15:48:30.208] [bmv2] [D] [thread 356] [59.0] [cxt 0] Parser set: setting field 'scalars.metadata.is_ngap_traffic' to 0
[15:48:30.208] [bmv2] [D] [thread 356] [59.0] [cxt 0] Parser set: setting field 'scalars.metadata.is_gtp_u_traffic' to 0
[15:48:30.208] [bmv2] [D] [thread 356] [59.0] [cxt 0] Parser set: setting field 'scalars.metadata.traffic_type' to 0
[15:48:30.208] [bmv2] [D] [thread 356] [59.0] [cxt 0] Parser set: setting field 'scalars.metadata.should_insert_int' to 0
[15:48:30.208] [bmv2] [D] [thread 356] [59.0] [cxt 0] Parser state 'start': key is 0800
[15:48:30.208] [bmv2] [T] [thread 356] [59.0] [cxt 0] Bytes parsed: 14
[15:48:30.208] [bmv2] [D] [thread 356] [59.0] [cxt 0] Parser 'parser' entering state 'parse_ipv4'
[15:48:30.208] [bmv2] [D] [thread 356] [59.0] [cxt 0] Extracting header 'ipv4'
[15:48:30.208] [bmv2] [D] [thread 356] [59.0] [cxt 0] Parser state 'parse_ipv4': key is 11
[15:48:30.208] [bmv2] [T] [thread 356] [59.0] [cxt 0] Bytes parsed: 34
[15:48:30.208] [bmv2] [D] [thread 356] [59.0] [cxt 0] Parser 'parser' entering state 'parse_udp'
[15:48:30.208] [bmv2] [D] [thread 356] [59.0] [cxt 0] Extracting header 'udp'
[15:48:30.208] [bmv2] [D] [thread 356] [59.0] [cxt 0] Parser set: setting field 'scalars.metadata.transport_src_port' from field 'udp.src_port' (2152)
[15:48:30.208] [bmv2] [D] [thread 356] [59.0] [cxt 0] Parser set: setting field 'scalars.metadata.transport_dst_port' from field 'udp.dst_port' (2152)
[15:48:30.208] [bmv2] [D] [thread 356] [59.0] [cxt 0] Parser set: setting field 'scalars.tmp' from expression, new value is 1
[15:48:30.208] [bmv2] [D] [thread 356] [59.0] [cxt 0] Parser state 'parse_udp': key is 01
[15:48:30.208] [bmv2] [T] [thread 356] [59.0] [cxt 0] Bytes parsed: 42
[15:48:30.208] [bmv2] [D] [thread 356] [59.0] [cxt 0] Parser 'parser' entering state 'parse_gtp_u'
[15:48:30.208] [bmv2] [D] [thread 356] [59.0] [cxt 0] Extracting header 'gtp_u'
[15:48:30.208] [bmv2] [D] [thread 356] [59.0] [cxt 0] Parser set: setting field 'scalars.metadata.is_gtp_u_traffic' to 1
[15:48:30.208] [bmv2] [D] [thread 356] [59.0] [cxt 0] Parser set: setting field 'scalars.metadata.traffic_type' to 2
[15:48:30.208] [bmv2] [D] [thread 356] [59.0] [cxt 0] Parser state 'parse_gtp_u' has no switch, going to default next state
[15:48:30.208] [bmv2] [T] [thread 356] [59.0] [cxt 0] Bytes parsed: 50
[15:48:30.208] [bmv2] [D] [thread 356] [59.0] [cxt 0] Parser 'parser': end
[15:48:30.208] [bmv2] [D] [thread 356] [59.0] [cxt 0] Pipeline 'ingress': start
[15:48:30.208] [bmv2] [T] [thread 356] [59.0] [cxt 0] Applying table 'tbl_intgtpsource295'
[15:48:30.208] [bmv2] [D] [thread 356] [59.0] [cxt 0] Looking up key:

[15:48:30.208] [bmv2] [D] [thread 356] [59.0] [cxt 0] Table 'tbl_intgtpsource295': miss
[15:48:30.208] [bmv2] [D] [thread 356] [59.0] [cxt 0] Action entry is intgtpsource295 -
[15:48:30.208] [bmv2] [T] [thread 356] [59.0] [cxt 0] Action intgtpsource295
[15:48:30.208] [bmv2] [T] [thread 356] [59.0] [cxt 0] int-gtp-source.p4(295) Primitive meta.switch_id = 1
[15:48:30.208] [bmv2] [T] [thread 356] [59.0] [cxt 0] int-gtp-source.p4(297) Condition "hdr.ethernet.isValid() && hdr.ipv4.isValid()" (node_3) is true
[15:48:30.208] [bmv2] [T] [thread 356] [59.0] [cxt 0] int-gtp-source.p4(299) Condition "(hdr.ipv4.protocol == 132 && hdr.sctp.isValid()) || ..." (node_4) is true
[15:48:30.208] [bmv2] [T] [thread 356] [59.0] [cxt 0] Applying table 'MyIngress.int_source_table'
[15:48:30.208] [bmv2] [D] [thread 356] [59.0] [cxt 0] Looking up key:
* meta.traffic_type   : 02

[15:48:30.208] [bmv2] [D] [thread 356] [59.0] [cxt 0] Table 'MyIngress.int_source_table': hit with handle 1
[15:48:30.208] [bmv2] [D] [thread 356] [59.0] [cxt 0] Dumping entry 1
Match key:
* meta.traffic_type   : EXACT     02
Action entry: MyIngress.int_source_action -

[15:48:30.208] [bmv2] [D] [thread 356] [59.0] [cxt 0] Action entry is MyIngress.int_source_action -
[15:48:30.208] [bmv2] [T] [thread 356] [59.0] [cxt 0] Action MyIngress.int_source_action
[15:48:30.208] [bmv2] [T] [thread 356] [59.0] [cxt 0] int-gtp-source.p4(221) Primitive meta.should_insert_int = 1
[15:48:30.208] [bmv2] [T] [thread 356] [59.0] [cxt 0] Applying table 'MyIngress.ipv4_lpm'
[15:48:30.208] [bmv2] [D] [thread 356] [59.0] [cxt 0] Looking up key:
* hdr.ipv4.dstAddr    : ac120018

[15:48:30.208] [bmv2] [D] [thread 356] [59.0] [cxt 0] Table 'MyIngress.ipv4_lpm': hit with handle 2
[15:48:30.208] [bmv2] [D] [thread 356] [59.0] [cxt 0] Dumping entry 2
Match key:
* hdr.ipv4.dstAddr    : LPM       00000000/0
Action entry: MyIngress.forward_action - 2,

[15:48:30.208] [bmv2] [D] [thread 356] [59.0] [cxt 0] Action entry is MyIngress.forward_action - 2,
[15:48:30.208] [bmv2] [T] [thread 356] [59.0] [cxt 0] Action MyIngress.forward_action
[15:48:30.208] [bmv2] [T] [thread 356] [59.0] [cxt 0] int-gtp-source.p4(266) Primitive standard_metadata.egress_spec = egress_port
[15:48:30.208] [bmv2] [T] [thread 356] [59.0] [cxt 0] int-gtp-source.p4(308) Condition "meta.should_insert_int == 1" (node_7) is true
[15:48:30.208] [bmv2] [T] [thread 356] [59.0] [cxt 0] Applying table 'tbl_do_insert_int'
[15:48:30.208] [bmv2] [D] [thread 356] [59.0] [cxt 0] Looking up key:

[15:48:30.208] [bmv2] [D] [thread 356] [59.0] [cxt 0] Table 'tbl_do_insert_int': miss
[15:48:30.208] [bmv2] [D] [thread 356] [59.0] [cxt 0] Action entry is MyIngress.do_insert_int -
[15:48:30.208] [bmv2] [T] [thread 356] [59.0] [cxt 0] Action MyIngress.do_insert_int
[15:48:30.208] [bmv2] [T] [thread 356] [59.0] [cxt 0] int-gtp-source.p4(226) Primitive bit<16> original_ether_type = hdr.ethernet.etherType
[15:48:30.208] [bmv2] [T] [thread 356] [59.0] [cxt 0] int-gtp-source.p4(229) Primitive hdr.ethernet.etherType = 0xFA
[15:48:30.208] [bmv2] [T] [thread 356] [59.0] [cxt 0] int-gtp-source.p4(232) Primitive hdr.int_shim.setValid()
[15:48:30.208] [bmv2] [T] [thread 356] [59.0] [cxt 0] int-gtp-source.p4(233) Primitive hdr.int_shim.type = 1
[15:48:30.208] [bmv2] [T] [thread 356] [59.0] [cxt 0] int-gtp-source.p4(234) Primitive hdr.int_shim.reserved = 0
[15:48:30.208] [bmv2] [T] [thread 356] [59.0] [cxt 0] int-gtp-source.p4(235) Primitive hdr.int_shim.length = 44
[15:48:30.208] [bmv2] [T] [thread 356] [59.0] [cxt 0] int-gtp-source.p4(236) Primitive hdr.int_shim.next_proto = original_ether_type
[15:48:30.208] [bmv2] [T] [thread 356] [59.0] [cxt 0] int-gtp-source.p4(239) Primitive hdr.int_header.setValid()
[15:48:30.208] [bmv2] [T] [thread 356] [59.0] [cxt 0] int-gtp-source.p4(240) Primitive hdr.int_header.version = 1
[15:48:30.208] [bmv2] [T] [thread 356] [59.0] [cxt 0] int-gtp-source.p4(241) Primitive hdr.int_header.d = 0
[15:48:30.208] [bmv2] [T] [thread 356] [59.0] [cxt 0] int-gtp-source.p4(242) Primitive hdr.int_header.q = 0
[15:48:30.208] [bmv2] [T] [thread 356] [59.0] [cxt 0] int-gtp-source.p4(243) Primitive hdr.int_header.m = 1
[15:48:30.208] [bmv2] [T] [thread 356] [59.0] [cxt 0] int-gtp-source.p4(244) Primitive hdr.int_header.reserved1 = 0
[15:48:30.208] [bmv2] [T] [thread 356] [59.0] [cxt 0] int-gtp-source.p4(245) Primitive hdr.int_header.hop_ml = 1
[15:48:30.208] [bmv2] [T] [thread 356] [59.0] [cxt 0] int-gtp-source.p4(246) Primitive hdr.int_header.instruction = 0x00FF
[15:48:30.208] [bmv2] [T] [thread 356] [59.0] [cxt 0] int-gtp-source.p4(247) Primitive hdr.int_header.reserved2 = 0
[15:48:30.208] [bmv2] [T] [thread 356] [59.0] [cxt 0] int-gtp-source.p4(248) Primitive hdr.int_header.remaining_hop_cnt = 8 - 1
[15:48:30.208] [bmv2] [T] [thread 356] [59.0] [cxt 0] int-gtp-source.p4(251) Primitive hdr.int_md.setValid()
[15:48:30.208] [bmv2] [T] [thread 356] [59.0] [cxt 0] int-gtp-source.p4(252) Primitive hdr.int_md.padding_switch = 0
[15:48:30.208] [bmv2] [T] [thread 356] [59.0] [cxt 0] int-gtp-source.p4(253) Primitive hdr.int_md.switch_id = (bit<16>)meta.switch_id
[15:48:30.208] [bmv2] [T] [thread 356] [59.0] [cxt 0] int-gtp-source.p4(254) Primitive hdr.int_md.ingress_port_id = (bit<16>)meta.ingress_port
[15:48:30.208] [bmv2] [T] [thread 356] [59.0] [cxt 0] int-gtp-source.p4(255) Primitive hdr.int_md.ingress_timestamp = meta.ingress_ts
[15:48:30.208] [bmv2] [T] [thread 356] [59.0] [cxt 0] int-gtp-source.p4(256) Primitive hdr.int_md.egress_port_id = 0
[15:48:30.208] [bmv2] [T] [thread 356] [59.0] [cxt 0] int-gtp-source.p4(257) Primitive hdr.int_md.hop_latency = 0
[15:48:30.208] [bmv2] [T] [thread 356] [59.0] [cxt 0] int-gtp-source.p4(258) Primitive hdr.int_md.egress_timestamp = 0
[15:48:30.208] [bmv2] [T] [thread 356] [59.0] [cxt 0] int-gtp-source.p4(259) Primitive hdr.int_md.queue_occupancy = 0
[15:48:30.208] [bmv2] [T] [thread 356] [59.0] [cxt 0] int-gtp-source.p4(260) Primitive hdr.int_md.congestion_notification = 0
[15:48:30.208] [bmv2] [T] [thread 356] [59.0] [cxt 0] int-gtp-source.p4(261) Primitive hdr.int_md.reserved1 = 0
[15:48:30.208] [bmv2] [T] [thread 356] [59.0] [cxt 0] int-gtp-source.p4(262) Primitive hdr.int_md.reserved2 = 0
[15:48:30.208] [bmv2] [D] [thread 356] [59.0] [cxt 0] Pipeline 'ingress': end
[15:48:30.208] [bmv2] [D] [thread 356] [59.0] [cxt 0] Egress port is 2
[15:48:30.209] [bmv2] [D] [thread 359] [59.0] [cxt 0] Pipeline 'egress': start
[15:48:30.209] [bmv2] [T] [thread 359] [59.0] [cxt 0] int-gtp-source.p4(330) Condition "hdr.int_shim.isValid()" (node_11) is true
[15:48:30.209] [bmv2] [T] [thread 359] [59.0] [cxt 0] Applying table 'tbl_update_int_metadata'
[15:48:30.209] [bmv2] [D] [thread 359] [59.0] [cxt 0] Looking up key:

[15:48:30.209] [bmv2] [D] [thread 359] [59.0] [cxt 0] Table 'tbl_update_int_metadata': miss
[15:48:30.209] [bmv2] [D] [thread 359] [59.0] [cxt 0] Action entry is MyEgress.update_int_metadata -
[15:48:30.209] [bmv2] [T] [thread 359] [59.0] [cxt 0] Action MyEgress.update_int_metadata
[15:48:30.209] [bmv2] [T] [thread 359] [59.0] [cxt 0] int-gtp-source.p4(321) Primitive if
[15:48:30.209] [bmv2] [T] [thread 359] [59.0] [cxt 0] int-gtp-source.p4(322) Primitive hdr.int_md.egress_port_id = (bit<16>)standard_metadata.egress_port
[15:48:30.209] [bmv2] [T] [thread 359] [59.0] [cxt 0] int-gtp-source.p4(323) Primitive hdr.int_md.egress_timestamp = (bit<32>)standard_metadata.egress_global_timestamp
[15:48:30.209] [bmv2] [T] [thread 359] [59.0] [cxt 0] int-gtp-source.p4(324) Primitive hdr.int_md.hop_latency = hdr.int_md.egress_timestamp - hdr.int_md.ingress_timestamp
[15:48:30.209] [bmv2] [T] [thread 359] [59.0] [cxt 0] int-gtp-source.p4(325) Primitive hdr.int_md.queue_occupancy = (bit<32>)standard_metadata.enq_qdepth
[15:48:30.209] [bmv2] [D] [thread 359] [59.0] [cxt 0] Pipeline 'egress': end
[15:48:30.209] [bmv2] [D] [thread 359] [59.0] [cxt 0] Deparser 'deparser': start
[15:48:30.209] [bmv2] [D] [thread 359] [59.0] [cxt 0] Deparsing header 'ethernet'
[15:48:30.209] [bmv2] [D] [thread 359] [59.0] [cxt 0] Deparsing header 'int_shim'
[15:48:30.209] [bmv2] [D] [thread 359] [59.0] [cxt 0] Deparsing header 'int_header'
[15:48:30.209] [bmv2] [D] [thread 359] [59.0] [cxt 0] Deparsing header 'int_md'
[15:48:30.209] [bmv2] [D] [thread 359] [59.0] [cxt 0] Deparsing header 'ipv4'
[15:48:30.209] [bmv2] [D] [thread 359] [59.0] [cxt 0] Deparsing header 'udp'
[15:48:30.209] [bmv2] [D] [thread 359] [59.0] [cxt 0] Deparsing header 'gtp_u'
[15:48:30.209] [bmv2] [D] [thread 359] [59.0] [cxt 0] Deparser 'deparser': end
[15:48:30.209] [bmv2] [D] [thread 361] [59.0] [cxt 0] Transmitting packet of size 183 out of port 2
[15:48:30.262] [bmv2] [D] [thread 356] [60.0] [cxt 0] Processing packet received on port 2
[15:48:30.262] [bmv2] [D] [thread 356] [60.0] [cxt 0] Parser 'parser': start
[15:48:30.262] [bmv2] [D] [thread 356] [60.0] [cxt 0] Parser 'parser' entering state 'start'
[15:48:30.262] [bmv2] [D] [thread 356] [60.0] [cxt 0] Extracting header 'ethernet'
[15:48:30.262] [bmv2] [D] [thread 356] [60.0] [cxt 0] Parser set: setting field 'scalars.metadata.ingress_port' from field 'standard_metadata.ingress_port' (2)
[15:48:30.262] [bmv2] [D] [thread 356] [60.0] [cxt 0] Parser set: setting field 'scalars.metadata.ingress_ts' from expression, new value is 197713604
[15:48:30.262] [bmv2] [D] [thread 356] [60.0] [cxt 0] Parser set: setting field 'scalars.metadata.is_int_packet' to 0
[15:48:30.262] [bmv2] [D] [thread 356] [60.0] [cxt 0] Parser set: setting field 'scalars.metadata.is_ngap_traffic' to 0
[15:48:30.262] [bmv2] [D] [thread 356] [60.0] [cxt 0] Parser set: setting field 'scalars.metadata.is_gtp_u_traffic' to 0
[15:48:30.263] [bmv2] [D] [thread 356] [60.0] [cxt 0] Parser set: setting field 'scalars.metadata.traffic_type' to 0
[15:48:30.263] [bmv2] [D] [thread 356] [60.0] [cxt 0] Parser set: setting field 'scalars.metadata.should_insert_int' to 0
[15:48:30.263] [bmv2] [D] [thread 356] [60.0] [cxt 0] Parser state 'start': key is 0800
[15:48:30.263] [bmv2] [T] [thread 356] [60.0] [cxt 0] Bytes parsed: 14
[15:48:30.263] [bmv2] [D] [thread 356] [60.0] [cxt 0] Parser 'parser' entering state 'parse_ipv4'
[15:48:30.263] [bmv2] [D] [thread 356] [60.0] [cxt 0] Extracting header 'ipv4'
[15:48:30.263] [bmv2] [D] [thread 356] [60.0] [cxt 0] Parser state 'parse_ipv4': key is 11
[15:48:30.263] [bmv2] [T] [thread 356] [60.0] [cxt 0] Bytes parsed: 34
[15:48:30.263] [bmv2] [D] [thread 356] [60.0] [cxt 0] Parser 'parser' entering state 'parse_udp'
[15:48:30.263] [bmv2] [D] [thread 356] [60.0] [cxt 0] Extracting header 'udp'
[15:48:30.263] [bmv2] [D] [thread 356] [60.0] [cxt 0] Parser set: setting field 'scalars.metadata.transport_src_port' from field 'udp.src_port' (2152)
[15:48:30.263] [bmv2] [D] [thread 356] [60.0] [cxt 0] Parser set: setting field 'scalars.metadata.transport_dst_port' from field 'udp.dst_port' (2152)
[15:48:30.263] [bmv2] [D] [thread 356] [60.0] [cxt 0] Parser set: setting field 'scalars.tmp' from expression, new value is 1
[15:48:30.263] [bmv2] [D] [thread 356] [60.0] [cxt 0] Parser state 'parse_udp': key is 01
[15:48:30.263] [bmv2] [T] [thread 356] [60.0] [cxt 0] Bytes parsed: 42
[15:48:30.263] [bmv2] [D] [thread 356] [60.0] [cxt 0] Parser 'parser' entering state 'parse_gtp_u'
[15:48:30.263] [bmv2] [D] [thread 356] [60.0] [cxt 0] Extracting header 'gtp_u'
[15:48:30.263] [bmv2] [D] [thread 356] [60.0] [cxt 0] Parser set: setting field 'scalars.metadata.is_gtp_u_traffic' to 1
[15:48:30.263] [bmv2] [D] [thread 356] [60.0] [cxt 0] Parser set: setting field 'scalars.metadata.traffic_type' to 2
[15:48:30.263] [bmv2] [D] [thread 356] [60.0] [cxt 0] Parser state 'parse_gtp_u' has no switch, going to default next state
[15:48:30.263] [bmv2] [T] [thread 356] [60.0] [cxt 0] Bytes parsed: 50
[15:48:30.263] [bmv2] [D] [thread 356] [60.0] [cxt 0] Parser 'parser': end
[15:48:30.263] [bmv2] [D] [thread 356] [60.0] [cxt 0] Pipeline 'ingress': start
[15:48:30.263] [bmv2] [T] [thread 356] [60.0] [cxt 0] Applying table 'tbl_intgtpsource295'
[15:48:30.263] [bmv2] [D] [thread 356] [60.0] [cxt 0] Looking up key:

[15:48:30.263] [bmv2] [D] [thread 356] [60.0] [cxt 0] Table 'tbl_intgtpsource295': miss
[15:48:30.263] [bmv2] [D] [thread 356] [60.0] [cxt 0] Action entry is intgtpsource295 -
[15:48:30.263] [bmv2] [T] [thread 356] [60.0] [cxt 0] Action intgtpsource295
[15:48:30.263] [bmv2] [T] [thread 356] [60.0] [cxt 0] int-gtp-source.p4(295) Primitive meta.switch_id = 1
[15:48:30.263] [bmv2] [T] [thread 356] [60.0] [cxt 0] int-gtp-source.p4(297) Condition "hdr.ethernet.isValid() && hdr.ipv4.isValid()" (node_3) is true
[15:48:30.263] [bmv2] [T] [thread 356] [60.0] [cxt 0] int-gtp-source.p4(299) Condition "(hdr.ipv4.protocol == 132 && hdr.sctp.isValid()) || ..." (node_4) is true
[15:48:30.263] [bmv2] [T] [thread 356] [60.0] [cxt 0] Applying table 'MyIngress.int_source_table'
[15:48:30.263] [bmv2] [D] [thread 356] [60.0] [cxt 0] Looking up key:
* meta.traffic_type   : 02

[15:48:30.263] [bmv2] [D] [thread 356] [60.0] [cxt 0] Table 'MyIngress.int_source_table': hit with handle 1
[15:48:30.263] [bmv2] [D] [thread 356] [60.0] [cxt 0] Dumping entry 1
Match key:
* meta.traffic_type   : EXACT     02
Action entry: MyIngress.int_source_action -

[15:48:30.263] [bmv2] [D] [thread 356] [60.0] [cxt 0] Action entry is MyIngress.int_source_action -
[15:48:30.263] [bmv2] [T] [thread 356] [60.0] [cxt 0] Action MyIngress.int_source_action
[15:48:30.263] [bmv2] [T] [thread 356] [60.0] [cxt 0] int-gtp-source.p4(221) Primitive meta.should_insert_int = 1
[15:48:30.263] [bmv2] [T] [thread 356] [60.0] [cxt 0] Applying table 'MyIngress.ipv4_lpm'
[15:48:30.263] [bmv2] [D] [thread 356] [60.0] [cxt 0] Looking up key:
* hdr.ipv4.dstAddr    : ac120a03

[15:48:30.263] [bmv2] [D] [thread 356] [60.0] [cxt 0] Table 'MyIngress.ipv4_lpm': hit with handle 1
[15:48:30.263] [bmv2] [D] [thread 356] [60.0] [cxt 0] Dumping entry 1
Match key:
* hdr.ipv4.dstAddr    : LPM       ac120a03/32
Action entry: MyIngress.forward_action - 1,

[15:48:30.263] [bmv2] [D] [thread 356] [60.0] [cxt 0] Action entry is MyIngress.forward_action - 1,
[15:48:30.263] [bmv2] [T] [thread 356] [60.0] [cxt 0] Action MyIngress.forward_action
[15:48:30.263] [bmv2] [T] [thread 356] [60.0] [cxt 0] int-gtp-source.p4(266) Primitive standard_metadata.egress_spec = egress_port
[15:48:30.263] [bmv2] [T] [thread 356] [60.0] [cxt 0] int-gtp-source.p4(308) Condition "meta.should_insert_int == 1" (node_7) is true
[15:48:30.263] [bmv2] [T] [thread 356] [60.0] [cxt 0] Applying table 'tbl_do_insert_int'
[15:48:30.263] [bmv2] [D] [thread 356] [60.0] [cxt 0] Looking up key:

[15:48:30.263] [bmv2] [D] [thread 356] [60.0] [cxt 0] Table 'tbl_do_insert_int': miss
[15:48:30.263] [bmv2] [D] [thread 356] [60.0] [cxt 0] Action entry is MyIngress.do_insert_int -
[15:48:30.263] [bmv2] [T] [thread 356] [60.0] [cxt 0] Action MyIngress.do_insert_int
[15:48:30.263] [bmv2] [T] [thread 356] [60.0] [cxt 0] int-gtp-source.p4(226) Primitive bit<16> original_ether_type = hdr.ethernet.etherType
[15:48:30.263] [bmv2] [T] [thread 356] [60.0] [cxt 0] int-gtp-source.p4(229) Primitive hdr.ethernet.etherType = 0xFA
[15:48:30.263] [bmv2] [T] [thread 356] [60.0] [cxt 0] int-gtp-source.p4(232) Primitive hdr.int_shim.setValid()
[15:48:30.263] [bmv2] [T] [thread 356] [60.0] [cxt 0] int-gtp-source.p4(233) Primitive hdr.int_shim.type = 1
[15:48:30.263] [bmv2] [T] [thread 356] [60.0] [cxt 0] int-gtp-source.p4(234) Primitive hdr.int_shim.reserved = 0
[15:48:30.263] [bmv2] [T] [thread 356] [60.0] [cxt 0] int-gtp-source.p4(235) Primitive hdr.int_shim.length = 44
[15:48:30.263] [bmv2] [T] [thread 356] [60.0] [cxt 0] int-gtp-source.p4(236) Primitive hdr.int_shim.next_proto = original_ether_type
[15:48:30.263] [bmv2] [T] [thread 356] [60.0] [cxt 0] int-gtp-source.p4(239) Primitive hdr.int_header.setValid()
[15:48:30.263] [bmv2] [T] [thread 356] [60.0] [cxt 0] int-gtp-source.p4(240) Primitive hdr.int_header.version = 1
[15:48:30.263] [bmv2] [T] [thread 356] [60.0] [cxt 0] int-gtp-source.p4(241) Primitive hdr.int_header.d = 0
[15:48:30.263] [bmv2] [T] [thread 356] [60.0] [cxt 0] int-gtp-source.p4(242) Primitive hdr.int_header.q = 0
[15:48:30.263] [bmv2] [T] [thread 356] [60.0] [cxt 0] int-gtp-source.p4(243) Primitive hdr.int_header.m = 1
[15:48:30.263] [bmv2] [T] [thread 356] [60.0] [cxt 0] int-gtp-source.p4(244) Primitive hdr.int_header.reserved1 = 0
[15:48:30.263] [bmv2] [T] [thread 356] [60.0] [cxt 0] int-gtp-source.p4(245) Primitive hdr.int_header.hop_ml = 1
[15:48:30.263] [bmv2] [T] [thread 356] [60.0] [cxt 0] int-gtp-source.p4(246) Primitive hdr.int_header.instruction = 0x00FF
[15:48:30.263] [bmv2] [T] [thread 356] [60.0] [cxt 0] int-gtp-source.p4(247) Primitive hdr.int_header.reserved2 = 0
[15:48:30.264] [bmv2] [T] [thread 356] [60.0] [cxt 0] int-gtp-source.p4(248) Primitive hdr.int_header.remaining_hop_cnt = 8 - 1
[15:48:30.264] [bmv2] [T] [thread 356] [60.0] [cxt 0] int-gtp-source.p4(251) Primitive hdr.int_md.setValid()
[15:48:30.264] [bmv2] [T] [thread 356] [60.0] [cxt 0] int-gtp-source.p4(252) Primitive hdr.int_md.padding_switch = 0
[15:48:30.264] [bmv2] [T] [thread 356] [60.0] [cxt 0] int-gtp-source.p4(253) Primitive hdr.int_md.switch_id = (bit<16>)meta.switch_id
[15:48:30.264] [bmv2] [T] [thread 356] [60.0] [cxt 0] int-gtp-source.p4(254) Primitive hdr.int_md.ingress_port_id = (bit<16>)meta.ingress_port
[15:48:30.264] [bmv2] [T] [thread 356] [60.0] [cxt 0] int-gtp-source.p4(255) Primitive hdr.int_md.ingress_timestamp = meta.ingress_ts
[15:48:30.264] [bmv2] [T] [thread 356] [60.0] [cxt 0] int-gtp-source.p4(256) Primitive hdr.int_md.egress_port_id = 0
[15:48:30.264] [bmv2] [T] [thread 356] [60.0] [cxt 0] int-gtp-source.p4(257) Primitive hdr.int_md.hop_latency = 0
[15:48:30.264] [bmv2] [T] [thread 356] [60.0] [cxt 0] int-gtp-source.p4(258) Primitive hdr.int_md.egress_timestamp = 0
[15:48:30.264] [bmv2] [T] [thread 356] [60.0] [cxt 0] int-gtp-source.p4(259) Primitive hdr.int_md.queue_occupancy = 0
[15:48:30.264] [bmv2] [T] [thread 356] [60.0] [cxt 0] int-gtp-source.p4(260) Primitive hdr.int_md.congestion_notification = 0
[15:48:30.264] [bmv2] [T] [thread 356] [60.0] [cxt 0] int-gtp-source.p4(261) Primitive hdr.int_md.reserved1 = 0
[15:48:30.264] [bmv2] [T] [thread 356] [60.0] [cxt 0] int-gtp-source.p4(262) Primitive hdr.int_md.reserved2 = 0
[15:48:30.264] [bmv2] [D] [thread 356] [60.0] [cxt 0] Pipeline 'ingress': end
[15:48:30.264] [bmv2] [D] [thread 356] [60.0] [cxt 0] Egress port is 1
[15:48:30.264] [bmv2] [D] [thread 358] [60.0] [cxt 0] Pipeline 'egress': start
[15:48:30.264] [bmv2] [T] [thread 358] [60.0] [cxt 0] int-gtp-source.p4(330) Condition "hdr.int_shim.isValid()" (node_11) is true
[15:48:30.264] [bmv2] [T] [thread 358] [60.0] [cxt 0] Applying table 'tbl_update_int_metadata'
[15:48:30.264] [bmv2] [D] [thread 358] [60.0] [cxt 0] Looking up key:

[15:48:30.264] [bmv2] [D] [thread 358] [60.0] [cxt 0] Table 'tbl_update_int_metadata': miss
[15:48:30.264] [bmv2] [D] [thread 358] [60.0] [cxt 0] Action entry is MyEgress.update_int_metadata -
[15:48:30.264] [bmv2] [T] [thread 358] [60.0] [cxt 0] Action MyEgress.update_int_metadata
[15:48:30.264] [bmv2] [T] [thread 358] [60.0] [cxt 0] int-gtp-source.p4(321) Primitive if
[15:48:30.264] [bmv2] [T] [thread 358] [60.0] [cxt 0] int-gtp-source.p4(322) Primitive hdr.int_md.egress_port_id = (bit<16>)standard_metadata.egress_port
[15:48:30.264] [bmv2] [T] [thread 358] [60.0] [cxt 0] int-gtp-source.p4(323) Primitive hdr.int_md.egress_timestamp = (bit<32>)standard_metadata.egress_global_timestamp
[15:48:30.264] [bmv2] [T] [thread 358] [60.0] [cxt 0] int-gtp-source.p4(324) Primitive hdr.int_md.hop_latency = hdr.int_md.egress_timestamp - hdr.int_md.ingress_timestamp
[15:48:30.264] [bmv2] [T] [thread 358] [60.0] [cxt 0] int-gtp-source.p4(325) Primitive hdr.int_md.queue_occupancy = (bit<32>)standard_metadata.enq_qdepth
[15:48:30.264] [bmv2] [D] [thread 358] [60.0] [cxt 0] Pipeline 'egress': end
[15:48:30.264] [bmv2] [D] [thread 358] [60.0] [cxt 0] Deparser 'deparser': start
[15:48:30.264] [bmv2] [D] [thread 358] [60.0] [cxt 0] Deparsing header 'ethernet'
[15:48:30.264] [bmv2] [D] [thread 358] [60.0] [cxt 0] Deparsing header 'int_shim'
[15:48:30.264] [bmv2] [D] [thread 358] [60.0] [cxt 0] Deparsing header 'int_header'
[15:48:30.264] [bmv2] [D] [thread 358] [60.0] [cxt 0] Deparsing header 'int_md'
[15:48:30.264] [bmv2] [D] [thread 358] [60.0] [cxt 0] Deparsing header 'ipv4'
[15:48:30.264] [bmv2] [D] [thread 358] [60.0] [cxt 0] Deparsing header 'udp'
[15:48:30.264] [bmv2] [D] [thread 358] [60.0] [cxt 0] Deparsing header 'gtp_u'
[15:48:30.264] [bmv2] [D] [thread 358] [60.0] [cxt 0] Deparser 'deparser': end
[15:48:30.265] [bmv2] [D] [thread 361] [60.0] [cxt 0] Transmitting packet of size 183 out of port 1
[15:48:31.020] [bmv2] [D] [thread 356] [61.0] [cxt 0] Processing packet received on port 1
[15:48:31.020] [bmv2] [D] [thread 356] [61.0] [cxt 0] Parser 'parser': start
[15:48:31.020] [bmv2] [D] [thread 356] [61.0] [cxt 0] Parser 'parser' entering state 'start'
[15:48:31.020] [bmv2] [D] [thread 356] [61.0] [cxt 0] Extracting header 'ethernet'
[15:48:31.020] [bmv2] [D] [thread 356] [61.0] [cxt 0] Parser set: setting field 'scalars.metadata.ingress_port' from field 'standard_metadata.ingress_port' (1)
[15:48:31.020] [bmv2] [D] [thread 356] [61.0] [cxt 0] Parser set: setting field 'scalars.metadata.ingress_ts' from expression, new value is 198471449
[15:48:31.020] [bmv2] [D] [thread 356] [61.0] [cxt 0] Parser set: setting field 'scalars.metadata.is_int_packet' to 0
[15:48:31.020] [bmv2] [D] [thread 356] [61.0] [cxt 0] Parser set: setting field 'scalars.metadata.is_ngap_traffic' to 0
[15:48:31.020] [bmv2] [D] [thread 356] [61.0] [cxt 0] Parser set: setting field 'scalars.metadata.is_gtp_u_traffic' to 0
[15:48:31.020] [bmv2] [D] [thread 356] [61.0] [cxt 0] Parser set: setting field 'scalars.metadata.traffic_type' to 0
[15:48:31.020] [bmv2] [D] [thread 356] [61.0] [cxt 0] Parser set: setting field 'scalars.metadata.should_insert_int' to 0
[15:48:31.020] [bmv2] [D] [thread 356] [61.0] [cxt 0] Parser state 'start': key is 015c
[15:48:31.020] [bmv2] [T] [thread 356] [61.0] [cxt 0] Bytes parsed: 14
[15:48:31.020] [bmv2] [D] [thread 356] [61.0] [cxt 0] Parser 'parser': end
[15:48:31.020] [bmv2] [D] [thread 356] [61.0] [cxt 0] Pipeline 'ingress': start
[15:48:31.020] [bmv2] [T] [thread 356] [61.0] [cxt 0] Applying table 'tbl_intgtpsource295'
[15:48:31.020] [bmv2] [D] [thread 356] [61.0] [cxt 0] Looking up key:

[15:48:31.020] [bmv2] [D] [thread 356] [61.0] [cxt 0] Table 'tbl_intgtpsource295': miss
[15:48:31.020] [bmv2] [D] [thread 356] [61.0] [cxt 0] Action entry is intgtpsource295 -
[15:48:31.020] [bmv2] [T] [thread 356] [61.0] [cxt 0] Action intgtpsource295
[15:48:31.020] [bmv2] [T] [thread 356] [61.0] [cxt 0] int-gtp-source.p4(295) Primitive meta.switch_id = 1
[15:48:31.020] [bmv2] [T] [thread 356] [61.0] [cxt 0] int-gtp-source.p4(297) Condition "hdr.ethernet.isValid() && hdr.ipv4.isValid()" (node_3) is false
[15:48:31.020] [bmv2] [D] [thread 356] [61.0] [cxt 0] Pipeline 'ingress': end
[15:48:31.020] [bmv2] [D] [thread 356] [61.0] [cxt 0] Egress port is 0
[15:48:31.021] [bmv2] [D] [thread 357] [61.0] [cxt 0] Pipeline 'egress': start
[15:48:31.021] [bmv2] [T] [thread 357] [61.0] [cxt 0] int-gtp-source.p4(330) Condition "hdr.int_shim.isValid()" (node_11) is false
[15:48:31.021] [bmv2] [D] [thread 357] [61.0] [cxt 0] Pipeline 'egress': end
[15:48:31.021] [bmv2] [D] [thread 357] [61.0] [cxt 0] Deparser 'deparser': start
[15:48:31.021] [bmv2] [D] [thread 357] [61.0] [cxt 0] Deparsing header 'ethernet'
[15:48:31.021] [bmv2] [D] [thread 357] [61.0] [cxt 0] Deparser 'deparser': end
[15:48:31.021] [bmv2] [D] [thread 361] [61.0] [cxt 0] Transmitting packet of size 362 out of port 0
[15:48:31.238] [bmv2] [D] [thread 356] [62.0] [cxt 0] Processing packet received on port 1
[15:48:31.238] [bmv2] [D] [thread 356] [62.0] [cxt 0] Parser 'parser': start
[15:48:31.238] [bmv2] [D] [thread 356] [62.0] [cxt 0] Parser 'parser' entering state 'start'
[15:48:31.238] [bmv2] [D] [thread 356] [62.0] [cxt 0] Extracting header 'ethernet'
[15:48:31.238] [bmv2] [D] [thread 356] [62.0] [cxt 0] Parser set: setting field 'scalars.metadata.ingress_port' from field 'standard_metadata.ingress_port' (1)
[15:48:31.238] [bmv2] [D] [thread 356] [62.0] [cxt 0] Parser set: setting field 'scalars.metadata.ingress_ts' from expression, new value is 198689036
[15:48:31.238] [bmv2] [D] [thread 356] [62.0] [cxt 0] Parser set: setting field 'scalars.metadata.is_int_packet' to 0
[15:48:31.238] [bmv2] [D] [thread 356] [62.0] [cxt 0] Parser set: setting field 'scalars.metadata.is_ngap_traffic' to 0
[15:48:31.238] [bmv2] [D] [thread 356] [62.0] [cxt 0] Parser set: setting field 'scalars.metadata.is_gtp_u_traffic' to 0
[15:48:31.238] [bmv2] [D] [thread 356] [62.0] [cxt 0] Parser set: setting field 'scalars.metadata.traffic_type' to 0
[15:48:31.238] [bmv2] [D] [thread 356] [62.0] [cxt 0] Parser set: setting field 'scalars.metadata.should_insert_int' to 0
[15:48:31.238] [bmv2] [D] [thread 356] [62.0] [cxt 0] Parser state 'start': key is 0800
[15:48:31.238] [bmv2] [T] [thread 356] [62.0] [cxt 0] Bytes parsed: 14
[15:48:31.238] [bmv2] [D] [thread 356] [62.0] [cxt 0] Parser 'parser' entering state 'parse_ipv4'
[15:48:31.238] [bmv2] [D] [thread 356] [62.0] [cxt 0] Extracting header 'ipv4'
[15:48:31.238] [bmv2] [D] [thread 356] [62.0] [cxt 0] Parser state 'parse_ipv4': key is 11
[15:48:31.238] [bmv2] [T] [thread 356] [62.0] [cxt 0] Bytes parsed: 34
[15:48:31.238] [bmv2] [D] [thread 356] [62.0] [cxt 0] Parser 'parser' entering state 'parse_udp'
[15:48:31.238] [bmv2] [D] [thread 356] [62.0] [cxt 0] Extracting header 'udp'
[15:48:31.238] [bmv2] [D] [thread 356] [62.0] [cxt 0] Parser set: setting field 'scalars.metadata.transport_src_port' from field 'udp.src_port' (2152)
[15:48:31.238] [bmv2] [D] [thread 356] [62.0] [cxt 0] Parser set: setting field 'scalars.metadata.transport_dst_port' from field 'udp.dst_port' (2152)
[15:48:31.238] [bmv2] [D] [thread 356] [62.0] [cxt 0] Parser set: setting field 'scalars.tmp' from expression, new value is 1
[15:48:31.238] [bmv2] [D] [thread 356] [62.0] [cxt 0] Parser state 'parse_udp': key is 01
[15:48:31.238] [bmv2] [T] [thread 356] [62.0] [cxt 0] Bytes parsed: 42
[15:48:31.238] [bmv2] [D] [thread 356] [62.0] [cxt 0] Parser 'parser' entering state 'parse_gtp_u'
[15:48:31.238] [bmv2] [D] [thread 356] [62.0] [cxt 0] Extracting header 'gtp_u'
[15:48:31.238] [bmv2] [D] [thread 356] [62.0] [cxt 0] Parser set: setting field 'scalars.metadata.is_gtp_u_traffic' to 1
[15:48:31.238] [bmv2] [D] [thread 356] [62.0] [cxt 0] Parser set: setting field 'scalars.metadata.traffic_type' to 2
[15:48:31.238] [bmv2] [D] [thread 356] [62.0] [cxt 0] Parser state 'parse_gtp_u' has no switch, going to default next state
[15:48:31.238] [bmv2] [T] [thread 356] [62.0] [cxt 0] Bytes parsed: 50
[15:48:31.238] [bmv2] [D] [thread 356] [62.0] [cxt 0] Parser 'parser': end
[15:48:31.238] [bmv2] [D] [thread 356] [62.0] [cxt 0] Pipeline 'ingress': start
[15:48:31.238] [bmv2] [T] [thread 356] [62.0] [cxt 0] Applying table 'tbl_intgtpsource295'
[15:48:31.238] [bmv2] [D] [thread 356] [62.0] [cxt 0] Looking up key:

[15:48:31.238] [bmv2] [D] [thread 356] [62.0] [cxt 0] Table 'tbl_intgtpsource295': miss
[15:48:31.238] [bmv2] [D] [thread 356] [62.0] [cxt 0] Action entry is intgtpsource295 -
[15:48:31.238] [bmv2] [T] [thread 356] [62.0] [cxt 0] Action intgtpsource295
[15:48:31.238] [bmv2] [T] [thread 356] [62.0] [cxt 0] int-gtp-source.p4(295) Primitive meta.switch_id = 1
[15:48:31.238] [bmv2] [T] [thread 356] [62.0] [cxt 0] int-gtp-source.p4(297) Condition "hdr.ethernet.isValid() && hdr.ipv4.isValid()" (node_3) is true
[15:48:31.238] [bmv2] [T] [thread 356] [62.0] [cxt 0] int-gtp-source.p4(299) Condition "(hdr.ipv4.protocol == 132 && hdr.sctp.isValid()) || ..." (node_4) is true
[15:48:31.238] [bmv2] [T] [thread 356] [62.0] [cxt 0] Applying table 'MyIngress.int_source_table'
[15:48:31.238] [bmv2] [D] [thread 356] [62.0] [cxt 0] Looking up key:
* meta.traffic_type   : 02

[15:48:31.238] [bmv2] [D] [thread 356] [62.0] [cxt 0] Table 'MyIngress.int_source_table': hit with handle 1
[15:48:31.238] [bmv2] [D] [thread 356] [62.0] [cxt 0] Dumping entry 1
Match key:
* meta.traffic_type   : EXACT     02
Action entry: MyIngress.int_source_action -

[15:48:31.238] [bmv2] [D] [thread 356] [62.0] [cxt 0] Action entry is MyIngress.int_source_action -
[15:48:31.238] [bmv2] [T] [thread 356] [62.0] [cxt 0] Action MyIngress.int_source_action
[15:48:31.238] [bmv2] [T] [thread 356] [62.0] [cxt 0] int-gtp-source.p4(221) Primitive meta.should_insert_int = 1
[15:48:31.238] [bmv2] [T] [thread 356] [62.0] [cxt 0] Applying table 'MyIngress.ipv4_lpm'
[15:48:31.238] [bmv2] [D] [thread 356] [62.0] [cxt 0] Looking up key:
* hdr.ipv4.dstAddr    : ac120018

[15:48:31.238] [bmv2] [D] [thread 356] [62.0] [cxt 0] Table 'MyIngress.ipv4_lpm': hit with handle 2
[15:48:31.238] [bmv2] [D] [thread 356] [62.0] [cxt 0] Dumping entry 2
Match key:
* hdr.ipv4.dstAddr    : LPM       00000000/0
Action entry: MyIngress.forward_action - 2,

[15:48:31.238] [bmv2] [D] [thread 356] [62.0] [cxt 0] Action entry is MyIngress.forward_action - 2,
[15:48:31.238] [bmv2] [T] [thread 356] [62.0] [cxt 0] Action MyIngress.forward_action
[15:48:31.238] [bmv2] [T] [thread 356] [62.0] [cxt 0] int-gtp-source.p4(266) Primitive standard_metadata.egress_spec = egress_port
[15:48:31.238] [bmv2] [T] [thread 356] [62.0] [cxt 0] int-gtp-source.p4(308) Condition "meta.should_insert_int == 1" (node_7) is true
[15:48:31.238] [bmv2] [T] [thread 356] [62.0] [cxt 0] Applying table 'tbl_do_insert_int'
[15:48:31.238] [bmv2] [D] [thread 356] [62.0] [cxt 0] Looking up key:

[15:48:31.238] [bmv2] [D] [thread 356] [62.0] [cxt 0] Table 'tbl_do_insert_int': miss
[15:48:31.238] [bmv2] [D] [thread 356] [62.0] [cxt 0] Action entry is MyIngress.do_insert_int -
[15:48:31.238] [bmv2] [T] [thread 356] [62.0] [cxt 0] Action MyIngress.do_insert_int
[15:48:31.238] [bmv2] [T] [thread 356] [62.0] [cxt 0] int-gtp-source.p4(226) Primitive bit<16> original_ether_type = hdr.ethernet.etherType
[15:48:31.238] [bmv2] [T] [thread 356] [62.0] [cxt 0] int-gtp-source.p4(229) Primitive hdr.ethernet.etherType = 0xFA
[15:48:31.238] [bmv2] [T] [thread 356] [62.0] [cxt 0] int-gtp-source.p4(232) Primitive hdr.int_shim.setValid()
[15:48:31.238] [bmv2] [T] [thread 356] [62.0] [cxt 0] int-gtp-source.p4(233) Primitive hdr.int_shim.type = 1
[15:48:31.238] [bmv2] [T] [thread 356] [62.0] [cxt 0] int-gtp-source.p4(234) Primitive hdr.int_shim.reserved = 0
[15:48:31.239] [bmv2] [T] [thread 356] [62.0] [cxt 0] int-gtp-source.p4(235) Primitive hdr.int_shim.length = 44
[15:48:31.239] [bmv2] [T] [thread 356] [62.0] [cxt 0] int-gtp-source.p4(236) Primitive hdr.int_shim.next_proto = original_ether_type
[15:48:31.239] [bmv2] [T] [thread 356] [62.0] [cxt 0] int-gtp-source.p4(239) Primitive hdr.int_header.setValid()
[15:48:31.239] [bmv2] [T] [thread 356] [62.0] [cxt 0] int-gtp-source.p4(240) Primitive hdr.int_header.version = 1
[15:48:31.239] [bmv2] [T] [thread 356] [62.0] [cxt 0] int-gtp-source.p4(241) Primitive hdr.int_header.d = 0
[15:48:31.239] [bmv2] [T] [thread 356] [62.0] [cxt 0] int-gtp-source.p4(242) Primitive hdr.int_header.q = 0
[15:48:31.239] [bmv2] [T] [thread 356] [62.0] [cxt 0] int-gtp-source.p4(243) Primitive hdr.int_header.m = 1
[15:48:31.239] [bmv2] [T] [thread 356] [62.0] [cxt 0] int-gtp-source.p4(244) Primitive hdr.int_header.reserved1 = 0
[15:48:31.239] [bmv2] [T] [thread 356] [62.0] [cxt 0] int-gtp-source.p4(245) Primitive hdr.int_header.hop_ml = 1
[15:48:31.239] [bmv2] [T] [thread 356] [62.0] [cxt 0] int-gtp-source.p4(246) Primitive hdr.int_header.instruction = 0x00FF
[15:48:31.239] [bmv2] [T] [thread 356] [62.0] [cxt 0] int-gtp-source.p4(247) Primitive hdr.int_header.reserved2 = 0
[15:48:31.239] [bmv2] [T] [thread 356] [62.0] [cxt 0] int-gtp-source.p4(248) Primitive hdr.int_header.remaining_hop_cnt = 8 - 1
[15:48:31.239] [bmv2] [T] [thread 356] [62.0] [cxt 0] int-gtp-source.p4(251) Primitive hdr.int_md.setValid()
[15:48:31.239] [bmv2] [T] [thread 356] [62.0] [cxt 0] int-gtp-source.p4(252) Primitive hdr.int_md.padding_switch = 0
[15:48:31.239] [bmv2] [T] [thread 356] [62.0] [cxt 0] int-gtp-source.p4(253) Primitive hdr.int_md.switch_id = (bit<16>)meta.switch_id
[15:48:31.239] [bmv2] [T] [thread 356] [62.0] [cxt 0] int-gtp-source.p4(254) Primitive hdr.int_md.ingress_port_id = (bit<16>)meta.ingress_port
[15:48:31.239] [bmv2] [T] [thread 356] [62.0] [cxt 0] int-gtp-source.p4(255) Primitive hdr.int_md.ingress_timestamp = meta.ingress_ts
[15:48:31.239] [bmv2] [T] [thread 356] [62.0] [cxt 0] int-gtp-source.p4(256) Primitive hdr.int_md.egress_port_id = 0
[15:48:31.239] [bmv2] [T] [thread 356] [62.0] [cxt 0] int-gtp-source.p4(257) Primitive hdr.int_md.hop_latency = 0
[15:48:31.239] [bmv2] [T] [thread 356] [62.0] [cxt 0] int-gtp-source.p4(258) Primitive hdr.int_md.egress_timestamp = 0
[15:48:31.239] [bmv2] [T] [thread 356] [62.0] [cxt 0] int-gtp-source.p4(259) Primitive hdr.int_md.queue_occupancy = 0
[15:48:31.239] [bmv2] [T] [thread 356] [62.0] [cxt 0] int-gtp-source.p4(260) Primitive hdr.int_md.congestion_notification = 0
[15:48:31.239] [bmv2] [T] [thread 356] [62.0] [cxt 0] int-gtp-source.p4(261) Primitive hdr.int_md.reserved1 = 0
[15:48:31.239] [bmv2] [T] [thread 356] [62.0] [cxt 0] int-gtp-source.p4(262) Primitive hdr.int_md.reserved2 = 0
[15:48:31.239] [bmv2] [D] [thread 356] [62.0] [cxt 0] Pipeline 'ingress': end
[15:48:31.239] [bmv2] [D] [thread 356] [62.0] [cxt 0] Egress port is 2
[15:48:31.239] [bmv2] [D] [thread 359] [62.0] [cxt 0] Pipeline 'egress': start
[15:48:31.239] [bmv2] [T] [thread 359] [62.0] [cxt 0] int-gtp-source.p4(330) Condition "hdr.int_shim.isValid()" (node_11) is true
[15:48:31.239] [bmv2] [T] [thread 359] [62.0] [cxt 0] Applying table 'tbl_update_int_metadata'
[15:48:31.239] [bmv2] [D] [thread 359] [62.0] [cxt 0] Looking up key:

[15:48:31.239] [bmv2] [D] [thread 359] [62.0] [cxt 0] Table 'tbl_update_int_metadata': miss
[15:48:31.239] [bmv2] [D] [thread 359] [62.0] [cxt 0] Action entry is MyEgress.update_int_metadata -
[15:48:31.239] [bmv2] [T] [thread 359] [62.0] [cxt 0] Action MyEgress.update_int_metadata
[15:48:31.239] [bmv2] [T] [thread 359] [62.0] [cxt 0] int-gtp-source.p4(321) Primitive if
[15:48:31.239] [bmv2] [T] [thread 359] [62.0] [cxt 0] int-gtp-source.p4(322) Primitive hdr.int_md.egress_port_id = (bit<16>)standard_metadata.egress_port
[15:48:31.239] [bmv2] [T] [thread 359] [62.0] [cxt 0] int-gtp-source.p4(323) Primitive hdr.int_md.egress_timestamp = (bit<32>)standard_metadata.egress_global_timestamp
[15:48:31.239] [bmv2] [T] [thread 359] [62.0] [cxt 0] int-gtp-source.p4(324) Primitive hdr.int_md.hop_latency = hdr.int_md.egress_timestamp - hdr.int_md.ingress_timestamp
[15:48:31.239] [bmv2] [T] [thread 359] [62.0] [cxt 0] int-gtp-source.p4(325) Primitive hdr.int_md.queue_occupancy = (bit<32>)standard_metadata.enq_qdepth
[15:48:31.239] [bmv2] [D] [thread 359] [62.0] [cxt 0] Pipeline 'egress': end
[15:48:31.239] [bmv2] [D] [thread 359] [62.0] [cxt 0] Deparser 'deparser': start
[15:48:31.239] [bmv2] [D] [thread 359] [62.0] [cxt 0] Deparsing header 'ethernet'
[15:48:31.239] [bmv2] [D] [thread 359] [62.0] [cxt 0] Deparsing header 'int_shim'
[15:48:31.239] [bmv2] [D] [thread 359] [62.0] [cxt 0] Deparsing header 'int_header'
[15:48:31.239] [bmv2] [D] [thread 359] [62.0] [cxt 0] Deparsing header 'int_md'
[15:48:31.239] [bmv2] [D] [thread 359] [62.0] [cxt 0] Deparsing header 'ipv4'
[15:48:31.239] [bmv2] [D] [thread 359] [62.0] [cxt 0] Deparsing header 'udp'
[15:48:31.239] [bmv2] [D] [thread 359] [62.0] [cxt 0] Deparsing header 'gtp_u'
[15:48:31.239] [bmv2] [D] [thread 359] [62.0] [cxt 0] Deparser 'deparser': end
[15:48:31.239] [bmv2] [D] [thread 361] [62.0] [cxt 0] Transmitting packet of size 183 out of port 2
[15:48:31.294] [bmv2] [D] [thread 356] [63.0] [cxt 0] Processing packet received on port 2
[15:48:31.294] [bmv2] [D] [thread 356] [63.0] [cxt 0] Parser 'parser': start
[15:48:31.294] [bmv2] [D] [thread 356] [63.0] [cxt 0] Parser 'parser' entering state 'start'
[15:48:31.294] [bmv2] [D] [thread 356] [63.0] [cxt 0] Extracting header 'ethernet'
[15:48:31.294] [bmv2] [D] [thread 356] [63.0] [cxt 0] Parser set: setting field 'scalars.metadata.ingress_port' from field 'standard_metadata.ingress_port' (2)
[15:48:31.294] [bmv2] [D] [thread 356] [63.0] [cxt 0] Parser set: setting field 'scalars.metadata.ingress_ts' from expression, new value is 198745440
[15:48:31.294] [bmv2] [D] [thread 356] [63.0] [cxt 0] Parser set: setting field 'scalars.metadata.is_int_packet' to 0
[15:48:31.294] [bmv2] [D] [thread 356] [63.0] [cxt 0] Parser set: setting field 'scalars.metadata.is_ngap_traffic' to 0
[15:48:31.294] [bmv2] [D] [thread 356] [63.0] [cxt 0] Parser set: setting field 'scalars.metadata.is_gtp_u_traffic' to 0
[15:48:31.294] [bmv2] [D] [thread 356] [63.0] [cxt 0] Parser set: setting field 'scalars.metadata.traffic_type' to 0
[15:48:31.294] [bmv2] [D] [thread 356] [63.0] [cxt 0] Parser set: setting field 'scalars.metadata.should_insert_int' to 0
[15:48:31.295] [bmv2] [D] [thread 356] [63.0] [cxt 0] Parser state 'start': key is 0800
[15:48:31.295] [bmv2] [T] [thread 356] [63.0] [cxt 0] Bytes parsed: 14
[15:48:31.295] [bmv2] [D] [thread 356] [63.0] [cxt 0] Parser 'parser' entering state 'parse_ipv4'
[15:48:31.295] [bmv2] [D] [thread 356] [63.0] [cxt 0] Extracting header 'ipv4'
[15:48:31.295] [bmv2] [D] [thread 356] [63.0] [cxt 0] Parser state 'parse_ipv4': key is 11
[15:48:31.295] [bmv2] [T] [thread 356] [63.0] [cxt 0] Bytes parsed: 34
[15:48:31.295] [bmv2] [D] [thread 356] [63.0] [cxt 0] Parser 'parser' entering state 'parse_udp'
[15:48:31.295] [bmv2] [D] [thread 356] [63.0] [cxt 0] Extracting header 'udp'
[15:48:31.295] [bmv2] [D] [thread 356] [63.0] [cxt 0] Parser set: setting field 'scalars.metadata.transport_src_port' from field 'udp.src_port' (2152)
[15:48:31.295] [bmv2] [D] [thread 356] [63.0] [cxt 0] Parser set: setting field 'scalars.metadata.transport_dst_port' from field 'udp.dst_port' (2152)
[15:48:31.295] [bmv2] [D] [thread 356] [63.0] [cxt 0] Parser set: setting field 'scalars.tmp' from expression, new value is 1
[15:48:31.295] [bmv2] [D] [thread 356] [63.0] [cxt 0] Parser state 'parse_udp': key is 01
[15:48:31.295] [bmv2] [T] [thread 356] [63.0] [cxt 0] Bytes parsed: 42
[15:48:31.295] [bmv2] [D] [thread 356] [63.0] [cxt 0] Parser 'parser' entering state 'parse_gtp_u'
[15:48:31.295] [bmv2] [D] [thread 356] [63.0] [cxt 0] Extracting header 'gtp_u'
[15:48:31.295] [bmv2] [D] [thread 356] [63.0] [cxt 0] Parser set: setting field 'scalars.metadata.is_gtp_u_traffic' to 1
[15:48:31.295] [bmv2] [D] [thread 356] [63.0] [cxt 0] Parser set: setting field 'scalars.metadata.traffic_type' to 2
[15:48:31.295] [bmv2] [D] [thread 356] [63.0] [cxt 0] Parser state 'parse_gtp_u' has no switch, going to default next state
[15:48:31.295] [bmv2] [T] [thread 356] [63.0] [cxt 0] Bytes parsed: 50
[15:48:31.295] [bmv2] [D] [thread 356] [63.0] [cxt 0] Parser 'parser': end
[15:48:31.295] [bmv2] [D] [thread 356] [63.0] [cxt 0] Pipeline 'ingress': start
[15:48:31.295] [bmv2] [T] [thread 356] [63.0] [cxt 0] Applying table 'tbl_intgtpsource295'
[15:48:31.295] [bmv2] [D] [thread 356] [63.0] [cxt 0] Looking up key:

[15:48:31.295] [bmv2] [D] [thread 356] [63.0] [cxt 0] Table 'tbl_intgtpsource295': miss
[15:48:31.295] [bmv2] [D] [thread 356] [63.0] [cxt 0] Action entry is intgtpsource295 -
[15:48:31.295] [bmv2] [T] [thread 356] [63.0] [cxt 0] Action intgtpsource295
[15:48:31.295] [bmv2] [T] [thread 356] [63.0] [cxt 0] int-gtp-source.p4(295) Primitive meta.switch_id = 1
[15:48:31.295] [bmv2] [T] [thread 356] [63.0] [cxt 0] int-gtp-source.p4(297) Condition "hdr.ethernet.isValid() && hdr.ipv4.isValid()" (node_3) is true
[15:48:31.295] [bmv2] [T] [thread 356] [63.0] [cxt 0] int-gtp-source.p4(299) Condition "(hdr.ipv4.protocol == 132 && hdr.sctp.isValid()) || ..." (node_4) is true
[15:48:31.295] [bmv2] [T] [thread 356] [63.0] [cxt 0] Applying table 'MyIngress.int_source_table'
[15:48:31.295] [bmv2] [D] [thread 356] [63.0] [cxt 0] Looking up key:
* meta.traffic_type   : 02

[15:48:31.295] [bmv2] [D] [thread 356] [63.0] [cxt 0] Table 'MyIngress.int_source_table': hit with handle 1
[15:48:31.295] [bmv2] [D] [thread 356] [63.0] [cxt 0] Dumping entry 1
Match key:
* meta.traffic_type   : EXACT     02
Action entry: MyIngress.int_source_action -

[15:48:31.295] [bmv2] [D] [thread 356] [63.0] [cxt 0] Action entry is MyIngress.int_source_action -
[15:48:31.295] [bmv2] [T] [thread 356] [63.0] [cxt 0] Action MyIngress.int_source_action
[15:48:31.295] [bmv2] [T] [thread 356] [63.0] [cxt 0] int-gtp-source.p4(221) Primitive meta.should_insert_int = 1
[15:48:31.295] [bmv2] [T] [thread 356] [63.0] [cxt 0] Applying table 'MyIngress.ipv4_lpm'
[15:48:31.295] [bmv2] [D] [thread 356] [63.0] [cxt 0] Looking up key:
* hdr.ipv4.dstAddr    : ac120a03

[15:48:31.295] [bmv2] [D] [thread 356] [63.0] [cxt 0] Table 'MyIngress.ipv4_lpm': hit with handle 1
[15:48:31.295] [bmv2] [D] [thread 356] [63.0] [cxt 0] Dumping entry 1
Match key:
* hdr.ipv4.dstAddr    : LPM       ac120a03/32
Action entry: MyIngress.forward_action - 1,

[15:48:31.295] [bmv2] [D] [thread 356] [63.0] [cxt 0] Action entry is MyIngress.forward_action - 1,
[15:48:31.295] [bmv2] [T] [thread 356] [63.0] [cxt 0] Action MyIngress.forward_action
[15:48:31.295] [bmv2] [T] [thread 356] [63.0] [cxt 0] int-gtp-source.p4(266) Primitive standard_metadata.egress_spec = egress_port
[15:48:31.295] [bmv2] [T] [thread 356] [63.0] [cxt 0] int-gtp-source.p4(308) Condition "meta.should_insert_int == 1" (node_7) is true
[15:48:31.296] [bmv2] [T] [thread 356] [63.0] [cxt 0] Applying table 'tbl_do_insert_int'
[15:48:31.296] [bmv2] [D] [thread 356] [63.0] [cxt 0] Looking up key:

[15:48:31.296] [bmv2] [D] [thread 356] [63.0] [cxt 0] Table 'tbl_do_insert_int': miss
[15:48:31.296] [bmv2] [D] [thread 356] [63.0] [cxt 0] Action entry is MyIngress.do_insert_int -
[15:48:31.296] [bmv2] [T] [thread 356] [63.0] [cxt 0] Action MyIngress.do_insert_int
[15:48:31.296] [bmv2] [T] [thread 356] [63.0] [cxt 0] int-gtp-source.p4(226) Primitive bit<16> original_ether_type = hdr.ethernet.etherType
[15:48:31.296] [bmv2] [T] [thread 356] [63.0] [cxt 0] int-gtp-source.p4(229) Primitive hdr.ethernet.etherType = 0xFA
[15:48:31.296] [bmv2] [T] [thread 356] [63.0] [cxt 0] int-gtp-source.p4(232) Primitive hdr.int_shim.setValid()
[15:48:31.296] [bmv2] [T] [thread 356] [63.0] [cxt 0] int-gtp-source.p4(233) Primitive hdr.int_shim.type = 1
[15:48:31.296] [bmv2] [T] [thread 356] [63.0] [cxt 0] int-gtp-source.p4(234) Primitive hdr.int_shim.reserved = 0
[15:48:31.296] [bmv2] [T] [thread 356] [63.0] [cxt 0] int-gtp-source.p4(235) Primitive hdr.int_shim.length = 44
[15:48:31.296] [bmv2] [T] [thread 356] [63.0] [cxt 0] int-gtp-source.p4(236) Primitive hdr.int_shim.next_proto = original_ether_type
[15:48:31.296] [bmv2] [T] [thread 356] [63.0] [cxt 0] int-gtp-source.p4(239) Primitive hdr.int_header.setValid()
[15:48:31.296] [bmv2] [T] [thread 356] [63.0] [cxt 0] int-gtp-source.p4(240) Primitive hdr.int_header.version = 1
[15:48:31.296] [bmv2] [T] [thread 356] [63.0] [cxt 0] int-gtp-source.p4(241) Primitive hdr.int_header.d = 0
[15:48:31.296] [bmv2] [T] [thread 356] [63.0] [cxt 0] int-gtp-source.p4(242) Primitive hdr.int_header.q = 0
[15:48:31.296] [bmv2] [T] [thread 356] [63.0] [cxt 0] int-gtp-source.p4(243) Primitive hdr.int_header.m = 1
[15:48:31.296] [bmv2] [T] [thread 356] [63.0] [cxt 0] int-gtp-source.p4(244) Primitive hdr.int_header.reserved1 = 0
[15:48:31.296] [bmv2] [T] [thread 356] [63.0] [cxt 0] int-gtp-source.p4(245) Primitive hdr.int_header.hop_ml = 1
[15:48:31.296] [bmv2] [T] [thread 356] [63.0] [cxt 0] int-gtp-source.p4(246) Primitive hdr.int_header.instruction = 0x00FF
[15:48:31.296] [bmv2] [T] [thread 356] [63.0] [cxt 0] int-gtp-source.p4(247) Primitive hdr.int_header.reserved2 = 0
[15:48:31.296] [bmv2] [T] [thread 356] [63.0] [cxt 0] int-gtp-source.p4(248) Primitive hdr.int_header.remaining_hop_cnt = 8 - 1
[15:48:31.296] [bmv2] [T] [thread 356] [63.0] [cxt 0] int-gtp-source.p4(251) Primitive hdr.int_md.setValid()
[15:48:31.296] [bmv2] [T] [thread 356] [63.0] [cxt 0] int-gtp-source.p4(252) Primitive hdr.int_md.padding_switch = 0
[15:48:31.296] [bmv2] [T] [thread 356] [63.0] [cxt 0] int-gtp-source.p4(253) Primitive hdr.int_md.switch_id = (bit<16>)meta.switch_id
[15:48:31.296] [bmv2] [T] [thread 356] [63.0] [cxt 0] int-gtp-source.p4(254) Primitive hdr.int_md.ingress_port_id = (bit<16>)meta.ingress_port
[15:48:31.296] [bmv2] [T] [thread 356] [63.0] [cxt 0] int-gtp-source.p4(255) Primitive hdr.int_md.ingress_timestamp = meta.ingress_ts
[15:48:31.296] [bmv2] [T] [thread 356] [63.0] [cxt 0] int-gtp-source.p4(256) Primitive hdr.int_md.egress_port_id = 0
[15:48:31.296] [bmv2] [T] [thread 356] [63.0] [cxt 0] int-gtp-source.p4(257) Primitive hdr.int_md.hop_latency = 0
[15:48:31.296] [bmv2] [T] [thread 356] [63.0] [cxt 0] int-gtp-source.p4(258) Primitive hdr.int_md.egress_timestamp = 0
[15:48:31.296] [bmv2] [T] [thread 356] [63.0] [cxt 0] int-gtp-source.p4(259) Primitive hdr.int_md.queue_occupancy = 0
[15:48:31.296] [bmv2] [T] [thread 356] [63.0] [cxt 0] int-gtp-source.p4(260) Primitive hdr.int_md.congestion_notification = 0
[15:48:31.296] [bmv2] [T] [thread 356] [63.0] [cxt 0] int-gtp-source.p4(261) Primitive hdr.int_md.reserved1 = 0
[15:48:31.296] [bmv2] [T] [thread 356] [63.0] [cxt 0] int-gtp-source.p4(262) Primitive hdr.int_md.reserved2 = 0
[15:48:31.296] [bmv2] [D] [thread 356] [63.0] [cxt 0] Pipeline 'ingress': end
[15:48:31.296] [bmv2] [D] [thread 356] [63.0] [cxt 0] Egress port is 1
[15:48:31.296] [bmv2] [D] [thread 358] [63.0] [cxt 0] Pipeline 'egress': start
[15:48:31.296] [bmv2] [T] [thread 358] [63.0] [cxt 0] int-gtp-source.p4(330) Condition "hdr.int_shim.isValid()" (node_11) is true
[15:48:31.296] [bmv2] [T] [thread 358] [63.0] [cxt 0] Applying table 'tbl_update_int_metadata'
[15:48:31.296] [bmv2] [D] [thread 358] [63.0] [cxt 0] Looking up key:

[15:48:31.296] [bmv2] [D] [thread 358] [63.0] [cxt 0] Table 'tbl_update_int_metadata': miss
[15:48:31.296] [bmv2] [D] [thread 358] [63.0] [cxt 0] Action entry is MyEgress.update_int_metadata -
[15:48:31.296] [bmv2] [T] [thread 358] [63.0] [cxt 0] Action MyEgress.update_int_metadata
[15:48:31.296] [bmv2] [T] [thread 358] [63.0] [cxt 0] int-gtp-source.p4(321) Primitive if
[15:48:31.296] [bmv2] [T] [thread 358] [63.0] [cxt 0] int-gtp-source.p4(322) Primitive hdr.int_md.egress_port_id = (bit<16>)standard_metadata.egress_port
[15:48:31.296] [bmv2] [T] [thread 358] [63.0] [cxt 0] int-gtp-source.p4(323) Primitive hdr.int_md.egress_timestamp = (bit<32>)standard_metadata.egress_global_timestamp
[15:48:31.296] [bmv2] [T] [thread 358] [63.0] [cxt 0] int-gtp-source.p4(324) Primitive hdr.int_md.hop_latency = hdr.int_md.egress_timestamp - hdr.int_md.ingress_timestamp
[15:48:31.296] [bmv2] [T] [thread 358] [63.0] [cxt 0] int-gtp-source.p4(325) Primitive hdr.int_md.queue_occupancy = (bit<32>)standard_metadata.enq_qdepth
[15:48:31.296] [bmv2] [D] [thread 358] [63.0] [cxt 0] Pipeline 'egress': end
[15:48:31.296] [bmv2] [D] [thread 358] [63.0] [cxt 0] Deparser 'deparser': start
[15:48:31.296] [bmv2] [D] [thread 358] [63.0] [cxt 0] Deparsing header 'ethernet'
[15:48:31.297] [bmv2] [D] [thread 358] [63.0] [cxt 0] Deparsing header 'int_shim'
[15:48:31.297] [bmv2] [D] [thread 358] [63.0] [cxt 0] Deparsing header 'int_header'
[15:48:31.297] [bmv2] [D] [thread 358] [63.0] [cxt 0] Deparsing header 'int_md'
[15:48:31.297] [bmv2] [D] [thread 358] [63.0] [cxt 0] Deparsing header 'ipv4'
[15:48:31.297] [bmv2] [D] [thread 358] [63.0] [cxt 0] Deparsing header 'udp'
[15:48:31.297] [bmv2] [D] [thread 358] [63.0] [cxt 0] Deparsing header 'gtp_u'
[15:48:31.297] [bmv2] [D] [thread 358] [63.0] [cxt 0] Deparser 'deparser': end
[15:48:31.297] [bmv2] [D] [thread 361] [63.0] [cxt 0] Transmitting packet of size 183 out of port 1
[15:48:32.262] [bmv2] [D] [thread 356] [64.0] [cxt 0] Processing packet received on port 1
[15:48:32.262] [bmv2] [D] [thread 356] [64.0] [cxt 0] Parser 'parser': start
[15:48:32.262] [bmv2] [D] [thread 356] [64.0] [cxt 0] Parser 'parser' entering state 'start'
[15:48:32.262] [bmv2] [D] [thread 356] [64.0] [cxt 0] Extracting header 'ethernet'
[15:48:32.262] [bmv2] [D] [thread 356] [64.0] [cxt 0] Parser set: setting field 'scalars.metadata.ingress_port' from field 'standard_metadata.ingress_port' (1)
[15:48:32.262] [bmv2] [D] [thread 356] [64.0] [cxt 0] Parser set: setting field 'scalars.metadata.ingress_ts' from expression, new value is 199712967
[15:48:32.262] [bmv2] [D] [thread 356] [64.0] [cxt 0] Parser set: setting field 'scalars.metadata.is_int_packet' to 0
[15:48:32.262] [bmv2] [D] [thread 356] [64.0] [cxt 0] Parser set: setting field 'scalars.metadata.is_ngap_traffic' to 0
[15:48:32.262] [bmv2] [D] [thread 356] [64.0] [cxt 0] Parser set: setting field 'scalars.metadata.is_gtp_u_traffic' to 0
[15:48:32.262] [bmv2] [D] [thread 356] [64.0] [cxt 0] Parser set: setting field 'scalars.metadata.traffic_type' to 0
[15:48:32.262] [bmv2] [D] [thread 356] [64.0] [cxt 0] Parser set: setting field 'scalars.metadata.should_insert_int' to 0
[15:48:32.262] [bmv2] [D] [thread 356] [64.0] [cxt 0] Parser state 'start': key is 0800
[15:48:32.262] [bmv2] [T] [thread 356] [64.0] [cxt 0] Bytes parsed: 14
[15:48:32.262] [bmv2] [D] [thread 356] [64.0] [cxt 0] Parser 'parser' entering state 'parse_ipv4'
[15:48:32.262] [bmv2] [D] [thread 356] [64.0] [cxt 0] Extracting header 'ipv4'
[15:48:32.262] [bmv2] [D] [thread 356] [64.0] [cxt 0] Parser state 'parse_ipv4': key is 11
[15:48:32.262] [bmv2] [T] [thread 356] [64.0] [cxt 0] Bytes parsed: 34
[15:48:32.262] [bmv2] [D] [thread 356] [64.0] [cxt 0] Parser 'parser' entering state 'parse_udp'
[15:48:32.262] [bmv2] [D] [thread 356] [64.0] [cxt 0] Extracting header 'udp'
[15:48:32.262] [bmv2] [D] [thread 356] [64.0] [cxt 0] Parser set: setting field 'scalars.metadata.transport_src_port' from field 'udp.src_port' (2152)
[15:48:32.262] [bmv2] [D] [thread 356] [64.0] [cxt 0] Parser set: setting field 'scalars.metadata.transport_dst_port' from field 'udp.dst_port' (2152)
[15:48:32.262] [bmv2] [D] [thread 356] [64.0] [cxt 0] Parser set: setting field 'scalars.tmp' from expression, new value is 1
[15:48:32.262] [bmv2] [D] [thread 356] [64.0] [cxt 0] Parser state 'parse_udp': key is 01
[15:48:32.262] [bmv2] [T] [thread 356] [64.0] [cxt 0] Bytes parsed: 42
[15:48:32.262] [bmv2] [D] [thread 356] [64.0] [cxt 0] Parser 'parser' entering state 'parse_gtp_u'
[15:48:32.262] [bmv2] [D] [thread 356] [64.0] [cxt 0] Extracting header 'gtp_u'
[15:48:32.262] [bmv2] [D] [thread 356] [64.0] [cxt 0] Parser set: setting field 'scalars.metadata.is_gtp_u_traffic' to 1
[15:48:32.262] [bmv2] [D] [thread 356] [64.0] [cxt 0] Parser set: setting field 'scalars.metadata.traffic_type' to 2
[15:48:32.262] [bmv2] [D] [thread 356] [64.0] [cxt 0] Parser state 'parse_gtp_u' has no switch, going to default next state
[15:48:32.262] [bmv2] [T] [thread 356] [64.0] [cxt 0] Bytes parsed: 50
[15:48:32.262] [bmv2] [D] [thread 356] [64.0] [cxt 0] Parser 'parser': end
[15:48:32.262] [bmv2] [D] [thread 356] [64.0] [cxt 0] Pipeline 'ingress': start
[15:48:32.262] [bmv2] [T] [thread 356] [64.0] [cxt 0] Applying table 'tbl_intgtpsource295'
[15:48:32.262] [bmv2] [D] [thread 356] [64.0] [cxt 0] Looking up key:

[15:48:32.262] [bmv2] [D] [thread 356] [64.0] [cxt 0] Table 'tbl_intgtpsource295': miss
[15:48:32.262] [bmv2] [D] [thread 356] [64.0] [cxt 0] Action entry is intgtpsource295 -
[15:48:32.262] [bmv2] [T] [thread 356] [64.0] [cxt 0] Action intgtpsource295
[15:48:32.262] [bmv2] [T] [thread 356] [64.0] [cxt 0] int-gtp-source.p4(295) Primitive meta.switch_id = 1
[15:48:32.262] [bmv2] [T] [thread 356] [64.0] [cxt 0] int-gtp-source.p4(297) Condition "hdr.ethernet.isValid() && hdr.ipv4.isValid()" (node_3) is true
[15:48:32.262] [bmv2] [T] [thread 356] [64.0] [cxt 0] int-gtp-source.p4(299) Condition "(hdr.ipv4.protocol == 132 && hdr.sctp.isValid()) || ..." (node_4) is true
[15:48:32.262] [bmv2] [T] [thread 356] [64.0] [cxt 0] Applying table 'MyIngress.int_source_table'
[15:48:32.262] [bmv2] [D] [thread 356] [64.0] [cxt 0] Looking up key:
* meta.traffic_type   : 02

[15:48:32.262] [bmv2] [D] [thread 356] [64.0] [cxt 0] Table 'MyIngress.int_source_table': hit with handle 1
[15:48:32.262] [bmv2] [D] [thread 356] [64.0] [cxt 0] Dumping entry 1
Match key:
* meta.traffic_type   : EXACT     02
Action entry: MyIngress.int_source_action -

[15:48:32.262] [bmv2] [D] [thread 356] [64.0] [cxt 0] Action entry is MyIngress.int_source_action -
[15:48:32.262] [bmv2] [T] [thread 356] [64.0] [cxt 0] Action MyIngress.int_source_action
[15:48:32.262] [bmv2] [T] [thread 356] [64.0] [cxt 0] int-gtp-source.p4(221) Primitive meta.should_insert_int = 1
[15:48:32.262] [bmv2] [T] [thread 356] [64.0] [cxt 0] Applying table 'MyIngress.ipv4_lpm'
[15:48:32.262] [bmv2] [D] [thread 356] [64.0] [cxt 0] Looking up key:
* hdr.ipv4.dstAddr    : ac120018

[15:48:32.262] [bmv2] [D] [thread 356] [64.0] [cxt 0] Table 'MyIngress.ipv4_lpm': hit with handle 2
[15:48:32.262] [bmv2] [D] [thread 356] [64.0] [cxt 0] Dumping entry 2
Match key:
* hdr.ipv4.dstAddr    : LPM       00000000/0
Action entry: MyIngress.forward_action - 2,

[15:48:32.262] [bmv2] [D] [thread 356] [64.0] [cxt 0] Action entry is MyIngress.forward_action - 2,
[15:48:32.262] [bmv2] [T] [thread 356] [64.0] [cxt 0] Action MyIngress.forward_action
[15:48:32.262] [bmv2] [T] [thread 356] [64.0] [cxt 0] int-gtp-source.p4(266) Primitive standard_metadata.egress_spec = egress_port
[15:48:32.262] [bmv2] [T] [thread 356] [64.0] [cxt 0] int-gtp-source.p4(308) Condition "meta.should_insert_int == 1" (node_7) is true
[15:48:32.262] [bmv2] [T] [thread 356] [64.0] [cxt 0] Applying table 'tbl_do_insert_int'
[15:48:32.262] [bmv2] [D] [thread 356] [64.0] [cxt 0] Looking up key:

[15:48:32.262] [bmv2] [D] [thread 356] [64.0] [cxt 0] Table 'tbl_do_insert_int': miss
[15:48:32.262] [bmv2] [D] [thread 356] [64.0] [cxt 0] Action entry is MyIngress.do_insert_int -
[15:48:32.262] [bmv2] [T] [thread 356] [64.0] [cxt 0] Action MyIngress.do_insert_int
[15:48:32.262] [bmv2] [T] [thread 356] [64.0] [cxt 0] int-gtp-source.p4(226) Primitive bit<16> original_ether_type = hdr.ethernet.etherType
[15:48:32.262] [bmv2] [T] [thread 356] [64.0] [cxt 0] int-gtp-source.p4(229) Primitive hdr.ethernet.etherType = 0xFA
[15:48:32.262] [bmv2] [T] [thread 356] [64.0] [cxt 0] int-gtp-source.p4(232) Primitive hdr.int_shim.setValid()
[15:48:32.262] [bmv2] [T] [thread 356] [64.0] [cxt 0] int-gtp-source.p4(233) Primitive hdr.int_shim.type = 1
[15:48:32.262] [bmv2] [T] [thread 356] [64.0] [cxt 0] int-gtp-source.p4(234) Primitive hdr.int_shim.reserved = 0
[15:48:32.262] [bmv2] [T] [thread 356] [64.0] [cxt 0] int-gtp-source.p4(235) Primitive hdr.int_shim.length = 44
[15:48:32.262] [bmv2] [T] [thread 356] [64.0] [cxt 0] int-gtp-source.p4(236) Primitive hdr.int_shim.next_proto = original_ether_type
[15:48:32.262] [bmv2] [T] [thread 356] [64.0] [cxt 0] int-gtp-source.p4(239) Primitive hdr.int_header.setValid()
[15:48:32.262] [bmv2] [T] [thread 356] [64.0] [cxt 0] int-gtp-source.p4(240) Primitive hdr.int_header.version = 1
[15:48:32.262] [bmv2] [T] [thread 356] [64.0] [cxt 0] int-gtp-source.p4(241) Primitive hdr.int_header.d = 0
[15:48:32.262] [bmv2] [T] [thread 356] [64.0] [cxt 0] int-gtp-source.p4(242) Primitive hdr.int_header.q = 0
[15:48:32.262] [bmv2] [T] [thread 356] [64.0] [cxt 0] int-gtp-source.p4(243) Primitive hdr.int_header.m = 1
[15:48:32.262] [bmv2] [T] [thread 356] [64.0] [cxt 0] int-gtp-source.p4(244) Primitive hdr.int_header.reserved1 = 0
[15:48:32.262] [bmv2] [T] [thread 356] [64.0] [cxt 0] int-gtp-source.p4(245) Primitive hdr.int_header.hop_ml = 1
[15:48:32.262] [bmv2] [T] [thread 356] [64.0] [cxt 0] int-gtp-source.p4(246) Primitive hdr.int_header.instruction = 0x00FF
[15:48:32.262] [bmv2] [T] [thread 356] [64.0] [cxt 0] int-gtp-source.p4(247) Primitive hdr.int_header.reserved2 = 0
[15:48:32.262] [bmv2] [T] [thread 356] [64.0] [cxt 0] int-gtp-source.p4(248) Primitive hdr.int_header.remaining_hop_cnt = 8 - 1
[15:48:32.262] [bmv2] [T] [thread 356] [64.0] [cxt 0] int-gtp-source.p4(251) Primitive hdr.int_md.setValid()
[15:48:32.262] [bmv2] [T] [thread 356] [64.0] [cxt 0] int-gtp-source.p4(252) Primitive hdr.int_md.padding_switch = 0
[15:48:32.262] [bmv2] [T] [thread 356] [64.0] [cxt 0] int-gtp-source.p4(253) Primitive hdr.int_md.switch_id = (bit<16>)meta.switch_id
[15:48:32.262] [bmv2] [T] [thread 356] [64.0] [cxt 0] int-gtp-source.p4(254) Primitive hdr.int_md.ingress_port_id = (bit<16>)meta.ingress_port
[15:48:32.262] [bmv2] [T] [thread 356] [64.0] [cxt 0] int-gtp-source.p4(255) Primitive hdr.int_md.ingress_timestamp = meta.ingress_ts
[15:48:32.262] [bmv2] [T] [thread 356] [64.0] [cxt 0] int-gtp-source.p4(256) Primitive hdr.int_md.egress_port_id = 0
[15:48:32.262] [bmv2] [T] [thread 356] [64.0] [cxt 0] int-gtp-source.p4(257) Primitive hdr.int_md.hop_latency = 0
[15:48:32.262] [bmv2] [T] [thread 356] [64.0] [cxt 0] int-gtp-source.p4(258) Primitive hdr.int_md.egress_timestamp = 0
[15:48:32.262] [bmv2] [T] [thread 356] [64.0] [cxt 0] int-gtp-source.p4(259) Primitive hdr.int_md.queue_occupancy = 0
[15:48:32.262] [bmv2] [T] [thread 356] [64.0] [cxt 0] int-gtp-source.p4(260) Primitive hdr.int_md.congestion_notification = 0
[15:48:32.262] [bmv2] [T] [thread 356] [64.0] [cxt 0] int-gtp-source.p4(261) Primitive hdr.int_md.reserved1 = 0
[15:48:32.262] [bmv2] [T] [thread 356] [64.0] [cxt 0] int-gtp-source.p4(262) Primitive hdr.int_md.reserved2 = 0
[15:48:32.262] [bmv2] [D] [thread 356] [64.0] [cxt 0] Pipeline 'ingress': end
[15:48:32.262] [bmv2] [D] [thread 356] [64.0] [cxt 0] Egress port is 2
[15:48:32.262] [bmv2] [D] [thread 359] [64.0] [cxt 0] Pipeline 'egress': start
[15:48:32.262] [bmv2] [T] [thread 359] [64.0] [cxt 0] int-gtp-source.p4(330) Condition "hdr.int_shim.isValid()" (node_11) is true
[15:48:32.262] [bmv2] [T] [thread 359] [64.0] [cxt 0] Applying table 'tbl_update_int_metadata'
[15:48:32.262] [bmv2] [D] [thread 359] [64.0] [cxt 0] Looking up key:

[15:48:32.262] [bmv2] [D] [thread 359] [64.0] [cxt 0] Table 'tbl_update_int_metadata': miss
[15:48:32.262] [bmv2] [D] [thread 359] [64.0] [cxt 0] Action entry is MyEgress.update_int_metadata -
[15:48:32.262] [bmv2] [T] [thread 359] [64.0] [cxt 0] Action MyEgress.update_int_metadata
[15:48:32.262] [bmv2] [T] [thread 359] [64.0] [cxt 0] int-gtp-source.p4(321) Primitive if
[15:48:32.262] [bmv2] [T] [thread 359] [64.0] [cxt 0] int-gtp-source.p4(322) Primitive hdr.int_md.egress_port_id = (bit<16>)standard_metadata.egress_port
[15:48:32.262] [bmv2] [T] [thread 359] [64.0] [cxt 0] int-gtp-source.p4(323) Primitive hdr.int_md.egress_timestamp = (bit<32>)standard_metadata.egress_global_timestamp
[15:48:32.262] [bmv2] [T] [thread 359] [64.0] [cxt 0] int-gtp-source.p4(324) Primitive hdr.int_md.hop_latency = hdr.int_md.egress_timestamp - hdr.int_md.ingress_timestamp
[15:48:32.262] [bmv2] [T] [thread 359] [64.0] [cxt 0] int-gtp-source.p4(325) Primitive hdr.int_md.queue_occupancy = (bit<32>)standard_metadata.enq_qdepth
[15:48:32.262] [bmv2] [D] [thread 359] [64.0] [cxt 0] Pipeline 'egress': end
[15:48:32.262] [bmv2] [D] [thread 359] [64.0] [cxt 0] Deparser 'deparser': start
[15:48:32.262] [bmv2] [D] [thread 359] [64.0] [cxt 0] Deparsing header 'ethernet'
[15:48:32.262] [bmv2] [D] [thread 359] [64.0] [cxt 0] Deparsing header 'int_shim'
[15:48:32.262] [bmv2] [D] [thread 359] [64.0] [cxt 0] Deparsing header 'int_header'
[15:48:32.262] [bmv2] [D] [thread 359] [64.0] [cxt 0] Deparsing header 'int_md'
[15:48:32.262] [bmv2] [D] [thread 359] [64.0] [cxt 0] Deparsing header 'ipv4'
[15:48:32.262] [bmv2] [D] [thread 359] [64.0] [cxt 0] Deparsing header 'udp'
[15:48:32.262] [bmv2] [D] [thread 359] [64.0] [cxt 0] Deparsing header 'gtp_u'
[15:48:32.262] [bmv2] [D] [thread 359] [64.0] [cxt 0] Deparser 'deparser': end
[15:48:32.263] [bmv2] [D] [thread 361] [64.0] [cxt 0] Transmitting packet of size 183 out of port 2
[15:48:32.311] [bmv2] [D] [thread 356] [65.0] [cxt 0] Processing packet received on port 2
[15:48:32.311] [bmv2] [D] [thread 356] [65.0] [cxt 0] Parser 'parser': start
[15:48:32.311] [bmv2] [D] [thread 356] [65.0] [cxt 0] Parser 'parser' entering state 'start'
[15:48:32.311] [bmv2] [D] [thread 356] [65.0] [cxt 0] Extracting header 'ethernet'
[15:48:32.311] [bmv2] [D] [thread 356] [65.0] [cxt 0] Parser set: setting field 'scalars.metadata.ingress_port' from field 'standard_metadata.ingress_port' (2)
[15:48:32.311] [bmv2] [D] [thread 356] [65.0] [cxt 0] Parser set: setting field 'scalars.metadata.ingress_ts' from expression, new value is 199762632
[15:48:32.312] [bmv2] [D] [thread 356] [65.0] [cxt 0] Parser set: setting field 'scalars.metadata.is_int_packet' to 0
[15:48:32.312] [bmv2] [D] [thread 356] [65.0] [cxt 0] Parser set: setting field 'scalars.metadata.is_ngap_traffic' to 0
[15:48:32.312] [bmv2] [D] [thread 356] [65.0] [cxt 0] Parser set: setting field 'scalars.metadata.is_gtp_u_traffic' to 0
[15:48:32.312] [bmv2] [D] [thread 356] [65.0] [cxt 0] Parser set: setting field 'scalars.metadata.traffic_type' to 0
[15:48:32.312] [bmv2] [D] [thread 356] [65.0] [cxt 0] Parser set: setting field 'scalars.metadata.should_insert_int' to 0
[15:48:32.312] [bmv2] [D] [thread 356] [65.0] [cxt 0] Parser state 'start': key is 0800
[15:48:32.312] [bmv2] [T] [thread 356] [65.0] [cxt 0] Bytes parsed: 14
[15:48:32.312] [bmv2] [D] [thread 356] [65.0] [cxt 0] Parser 'parser' entering state 'parse_ipv4'
[15:48:32.312] [bmv2] [D] [thread 356] [65.0] [cxt 0] Extracting header 'ipv4'
[15:48:32.312] [bmv2] [D] [thread 356] [65.0] [cxt 0] Parser state 'parse_ipv4': key is 11
[15:48:32.312] [bmv2] [T] [thread 356] [65.0] [cxt 0] Bytes parsed: 34
[15:48:32.312] [bmv2] [D] [thread 356] [65.0] [cxt 0] Parser 'parser' entering state 'parse_udp'
[15:48:32.312] [bmv2] [D] [thread 356] [65.0] [cxt 0] Extracting header 'udp'
[15:48:32.312] [bmv2] [D] [thread 356] [65.0] [cxt 0] Parser set: setting field 'scalars.metadata.transport_src_port' from field 'udp.src_port' (2152)
[15:48:32.312] [bmv2] [D] [thread 356] [65.0] [cxt 0] Parser set: setting field 'scalars.metadata.transport_dst_port' from field 'udp.dst_port' (2152)
[15:48:32.312] [bmv2] [D] [thread 356] [65.0] [cxt 0] Parser set: setting field 'scalars.tmp' from expression, new value is 1
[15:48:32.312] [bmv2] [D] [thread 356] [65.0] [cxt 0] Parser state 'parse_udp': key is 01
[15:48:32.312] [bmv2] [T] [thread 356] [65.0] [cxt 0] Bytes parsed: 42
[15:48:32.312] [bmv2] [D] [thread 356] [65.0] [cxt 0] Parser 'parser' entering state 'parse_gtp_u'
[15:48:32.312] [bmv2] [D] [thread 356] [65.0] [cxt 0] Extracting header 'gtp_u'
[15:48:32.312] [bmv2] [D] [thread 356] [65.0] [cxt 0] Parser set: setting field 'scalars.metadata.is_gtp_u_traffic' to 1
[15:48:32.312] [bmv2] [D] [thread 356] [65.0] [cxt 0] Parser set: setting field 'scalars.metadata.traffic_type' to 2
[15:48:32.312] [bmv2] [D] [thread 356] [65.0] [cxt 0] Parser state 'parse_gtp_u' has no switch, going to default next state
[15:48:32.312] [bmv2] [T] [thread 356] [65.0] [cxt 0] Bytes parsed: 50
[15:48:32.312] [bmv2] [D] [thread 356] [65.0] [cxt 0] Parser 'parser': end
[15:48:32.312] [bmv2] [D] [thread 356] [65.0] [cxt 0] Pipeline 'ingress': start
[15:48:32.312] [bmv2] [T] [thread 356] [65.0] [cxt 0] Applying table 'tbl_intgtpsource295'
[15:48:32.312] [bmv2] [D] [thread 356] [65.0] [cxt 0] Looking up key:

[15:48:32.312] [bmv2] [D] [thread 356] [65.0] [cxt 0] Table 'tbl_intgtpsource295': miss
[15:48:32.312] [bmv2] [D] [thread 356] [65.0] [cxt 0] Action entry is intgtpsource295 -
[15:48:32.312] [bmv2] [T] [thread 356] [65.0] [cxt 0] Action intgtpsource295
[15:48:32.312] [bmv2] [T] [thread 356] [65.0] [cxt 0] int-gtp-source.p4(295) Primitive meta.switch_id = 1
[15:48:32.312] [bmv2] [T] [thread 356] [65.0] [cxt 0] int-gtp-source.p4(297) Condition "hdr.ethernet.isValid() && hdr.ipv4.isValid()" (node_3) is true
[15:48:32.312] [bmv2] [T] [thread 356] [65.0] [cxt 0] int-gtp-source.p4(299) Condition "(hdr.ipv4.protocol == 132 && hdr.sctp.isValid()) || ..." (node_4) is true
[15:48:32.312] [bmv2] [T] [thread 356] [65.0] [cxt 0] Applying table 'MyIngress.int_source_table'
[15:48:32.312] [bmv2] [D] [thread 356] [65.0] [cxt 0] Looking up key:
* meta.traffic_type   : 02

[15:48:32.312] [bmv2] [D] [thread 356] [65.0] [cxt 0] Table 'MyIngress.int_source_table': hit with handle 1
[15:48:32.312] [bmv2] [D] [thread 356] [65.0] [cxt 0] Dumping entry 1
Match key:
* meta.traffic_type   : EXACT     02
Action entry: MyIngress.int_source_action -

[15:48:32.312] [bmv2] [D] [thread 356] [65.0] [cxt 0] Action entry is MyIngress.int_source_action -
[15:48:32.312] [bmv2] [T] [thread 356] [65.0] [cxt 0] Action MyIngress.int_source_action
[15:48:32.312] [bmv2] [T] [thread 356] [65.0] [cxt 0] int-gtp-source.p4(221) Primitive meta.should_insert_int = 1
[15:48:32.312] [bmv2] [T] [thread 356] [65.0] [cxt 0] Applying table 'MyIngress.ipv4_lpm'
[15:48:32.312] [bmv2] [D] [thread 356] [65.0] [cxt 0] Looking up key:
* hdr.ipv4.dstAddr    : ac120a03

[15:48:32.312] [bmv2] [D] [thread 356] [65.0] [cxt 0] Table 'MyIngress.ipv4_lpm': hit with handle 1
[15:48:32.312] [bmv2] [D] [thread 356] [65.0] [cxt 0] Dumping entry 1
Match key:
* hdr.ipv4.dstAddr    : LPM       ac120a03/32
Action entry: MyIngress.forward_action - 1,

[15:48:32.312] [bmv2] [D] [thread 356] [65.0] [cxt 0] Action entry is MyIngress.forward_action - 1,
[15:48:32.312] [bmv2] [T] [thread 356] [65.0] [cxt 0] Action MyIngress.forward_action
[15:48:32.312] [bmv2] [T] [thread 356] [65.0] [cxt 0] int-gtp-source.p4(266) Primitive standard_metadata.egress_spec = egress_port
[15:48:32.312] [bmv2] [T] [thread 356] [65.0] [cxt 0] int-gtp-source.p4(308) Condition "meta.should_insert_int == 1" (node_7) is true
[15:48:32.312] [bmv2] [T] [thread 356] [65.0] [cxt 0] Applying table 'tbl_do_insert_int'
[15:48:32.312] [bmv2] [D] [thread 356] [65.0] [cxt 0] Looking up key:

[15:48:32.312] [bmv2] [D] [thread 356] [65.0] [cxt 0] Table 'tbl_do_insert_int': miss
[15:48:32.312] [bmv2] [D] [thread 356] [65.0] [cxt 0] Action entry is MyIngress.do_insert_int -
[15:48:32.312] [bmv2] [T] [thread 356] [65.0] [cxt 0] Action MyIngress.do_insert_int
[15:48:32.312] [bmv2] [T] [thread 356] [65.0] [cxt 0] int-gtp-source.p4(226) Primitive bit<16> original_ether_type = hdr.ethernet.etherType
[15:48:32.312] [bmv2] [T] [thread 356] [65.0] [cxt 0] int-gtp-source.p4(229) Primitive hdr.ethernet.etherType = 0xFA
[15:48:32.312] [bmv2] [T] [thread 356] [65.0] [cxt 0] int-gtp-source.p4(232) Primitive hdr.int_shim.setValid()
[15:48:32.312] [bmv2] [T] [thread 356] [65.0] [cxt 0] int-gtp-source.p4(233) Primitive hdr.int_shim.type = 1
[15:48:32.312] [bmv2] [T] [thread 356] [65.0] [cxt 0] int-gtp-source.p4(234) Primitive hdr.int_shim.reserved = 0
[15:48:32.312] [bmv2] [T] [thread 356] [65.0] [cxt 0] int-gtp-source.p4(235) Primitive hdr.int_shim.length = 44
[15:48:32.312] [bmv2] [T] [thread 356] [65.0] [cxt 0] int-gtp-source.p4(236) Primitive hdr.int_shim.next_proto = original_ether_type
[15:48:32.312] [bmv2] [T] [thread 356] [65.0] [cxt 0] int-gtp-source.p4(239) Primitive hdr.int_header.setValid()
[15:48:32.312] [bmv2] [T] [thread 356] [65.0] [cxt 0] int-gtp-source.p4(240) Primitive hdr.int_header.version = 1
[15:48:32.312] [bmv2] [T] [thread 356] [65.0] [cxt 0] int-gtp-source.p4(241) Primitive hdr.int_header.d = 0
[15:48:32.312] [bmv2] [T] [thread 356] [65.0] [cxt 0] int-gtp-source.p4(242) Primitive hdr.int_header.q = 0
[15:48:32.312] [bmv2] [T] [thread 356] [65.0] [cxt 0] int-gtp-source.p4(243) Primitive hdr.int_header.m = 1
[15:48:32.312] [bmv2] [T] [thread 356] [65.0] [cxt 0] int-gtp-source.p4(244) Primitive hdr.int_header.reserved1 = 0
[15:48:32.312] [bmv2] [T] [thread 356] [65.0] [cxt 0] int-gtp-source.p4(245) Primitive hdr.int_header.hop_ml = 1
[15:48:32.312] [bmv2] [T] [thread 356] [65.0] [cxt 0] int-gtp-source.p4(246) Primitive hdr.int_header.instruction = 0x00FF
[15:48:32.312] [bmv2] [T] [thread 356] [65.0] [cxt 0] int-gtp-source.p4(247) Primitive hdr.int_header.reserved2 = 0
[15:48:32.312] [bmv2] [T] [thread 356] [65.0] [cxt 0] int-gtp-source.p4(248) Primitive hdr.int_header.remaining_hop_cnt = 8 - 1
[15:48:32.312] [bmv2] [T] [thread 356] [65.0] [cxt 0] int-gtp-source.p4(251) Primitive hdr.int_md.setValid()
[15:48:32.312] [bmv2] [T] [thread 356] [65.0] [cxt 0] int-gtp-source.p4(252) Primitive hdr.int_md.padding_switch = 0
[15:48:32.312] [bmv2] [T] [thread 356] [65.0] [cxt 0] int-gtp-source.p4(253) Primitive hdr.int_md.switch_id = (bit<16>)meta.switch_id
[15:48:32.312] [bmv2] [T] [thread 356] [65.0] [cxt 0] int-gtp-source.p4(254) Primitive hdr.int_md.ingress_port_id = (bit<16>)meta.ingress_port
[15:48:32.312] [bmv2] [T] [thread 356] [65.0] [cxt 0] int-gtp-source.p4(255) Primitive hdr.int_md.ingress_timestamp = meta.ingress_ts
[15:48:32.312] [bmv2] [T] [thread 356] [65.0] [cxt 0] int-gtp-source.p4(256) Primitive hdr.int_md.egress_port_id = 0
[15:48:32.312] [bmv2] [T] [thread 356] [65.0] [cxt 0] int-gtp-source.p4(257) Primitive hdr.int_md.hop_latency = 0
[15:48:32.312] [bmv2] [T] [thread 356] [65.0] [cxt 0] int-gtp-source.p4(258) Primitive hdr.int_md.egress_timestamp = 0
[15:48:32.312] [bmv2] [T] [thread 356] [65.0] [cxt 0] int-gtp-source.p4(259) Primitive hdr.int_md.queue_occupancy = 0
[15:48:32.312] [bmv2] [T] [thread 356] [65.0] [cxt 0] int-gtp-source.p4(260) Primitive hdr.int_md.congestion_notification = 0
[15:48:32.312] [bmv2] [T] [thread 356] [65.0] [cxt 0] int-gtp-source.p4(261) Primitive hdr.int_md.reserved1 = 0
[15:48:32.312] [bmv2] [T] [thread 356] [65.0] [cxt 0] int-gtp-source.p4(262) Primitive hdr.int_md.reserved2 = 0
[15:48:32.312] [bmv2] [D] [thread 356] [65.0] [cxt 0] Pipeline 'ingress': end
[15:48:32.312] [bmv2] [D] [thread 356] [65.0] [cxt 0] Egress port is 1
[15:48:32.313] [bmv2] [D] [thread 358] [65.0] [cxt 0] Pipeline 'egress': start
[15:48:32.313] [bmv2] [T] [thread 358] [65.0] [cxt 0] int-gtp-source.p4(330) Condition "hdr.int_shim.isValid()" (node_11) is true
[15:48:32.313] [bmv2] [T] [thread 358] [65.0] [cxt 0] Applying table 'tbl_update_int_metadata'
[15:48:32.313] [bmv2] [D] [thread 358] [65.0] [cxt 0] Looking up key:

[15:48:32.313] [bmv2] [D] [thread 358] [65.0] [cxt 0] Table 'tbl_update_int_metadata': miss
[15:48:32.313] [bmv2] [D] [thread 358] [65.0] [cxt 0] Action entry is MyEgress.update_int_metadata -
[15:48:32.313] [bmv2] [T] [thread 358] [65.0] [cxt 0] Action MyEgress.update_int_metadata
[15:48:32.313] [bmv2] [T] [thread 358] [65.0] [cxt 0] int-gtp-source.p4(321) Primitive if
[15:48:32.313] [bmv2] [T] [thread 358] [65.0] [cxt 0] int-gtp-source.p4(322) Primitive hdr.int_md.egress_port_id = (bit<16>)standard_metadata.egress_port
[15:48:32.313] [bmv2] [T] [thread 358] [65.0] [cxt 0] int-gtp-source.p4(323) Primitive hdr.int_md.egress_timestamp = (bit<32>)standard_metadata.egress_global_timestamp
[15:48:32.313] [bmv2] [T] [thread 358] [65.0] [cxt 0] int-gtp-source.p4(324) Primitive hdr.int_md.hop_latency = hdr.int_md.egress_timestamp - hdr.int_md.ingress_timestamp
[15:48:32.313] [bmv2] [T] [thread 358] [65.0] [cxt 0] int-gtp-source.p4(325) Primitive hdr.int_md.queue_occupancy = (bit<32>)standard_metadata.enq_qdepth
[15:48:32.313] [bmv2] [D] [thread 358] [65.0] [cxt 0] Pipeline 'egress': end
[15:48:32.313] [bmv2] [D] [thread 358] [65.0] [cxt 0] Deparser 'deparser': start
[15:48:32.313] [bmv2] [D] [thread 358] [65.0] [cxt 0] Deparsing header 'ethernet'
[15:48:32.313] [bmv2] [D] [thread 358] [65.0] [cxt 0] Deparsing header 'int_shim'
[15:48:32.313] [bmv2] [D] [thread 358] [65.0] [cxt 0] Deparsing header 'int_header'
[15:48:32.313] [bmv2] [D] [thread 358] [65.0] [cxt 0] Deparsing header 'int_md'
[15:48:32.313] [bmv2] [D] [thread 358] [65.0] [cxt 0] Deparsing header 'ipv4'
[15:48:32.313] [bmv2] [D] [thread 358] [65.0] [cxt 0] Deparsing header 'udp'
[15:48:32.313] [bmv2] [D] [thread 358] [65.0] [cxt 0] Deparsing header 'gtp_u'
[15:48:32.313] [bmv2] [D] [thread 358] [65.0] [cxt 0] Deparser 'deparser': end
[15:48:32.313] [bmv2] [D] [thread 361] [65.0] [cxt 0] Transmitting packet of size 183 out of port 1
[15:48:33.282] [bmv2] [D] [thread 356] [66.0] [cxt 0] Processing packet received on port 1
[15:48:33.282] [bmv2] [D] [thread 356] [66.0] [cxt 0] Parser 'parser': start
[15:48:33.282] [bmv2] [D] [thread 356] [66.0] [cxt 0] Parser 'parser' entering state 'start'
[15:48:33.282] [bmv2] [D] [thread 356] [66.0] [cxt 0] Extracting header 'ethernet'
[15:48:33.283] [bmv2] [D] [thread 356] [66.0] [cxt 0] Parser set: setting field 'scalars.metadata.ingress_port' from field 'standard_metadata.ingress_port' (1)
[15:48:33.283] [bmv2] [D] [thread 356] [66.0] [cxt 0] Parser set: setting field 'scalars.metadata.ingress_ts' from expression, new value is 200733652
[15:48:33.283] [bmv2] [D] [thread 356] [66.0] [cxt 0] Parser set: setting field 'scalars.metadata.is_int_packet' to 0
[15:48:33.283] [bmv2] [D] [thread 356] [66.0] [cxt 0] Parser set: setting field 'scalars.metadata.is_ngap_traffic' to 0
[15:48:33.283] [bmv2] [D] [thread 356] [66.0] [cxt 0] Parser set: setting field 'scalars.metadata.is_gtp_u_traffic' to 0
[15:48:33.283] [bmv2] [D] [thread 356] [66.0] [cxt 0] Parser set: setting field 'scalars.metadata.traffic_type' to 0
[15:48:33.283] [bmv2] [D] [thread 356] [66.0] [cxt 0] Parser set: setting field 'scalars.metadata.should_insert_int' to 0
[15:48:33.283] [bmv2] [D] [thread 356] [66.0] [cxt 0] Parser state 'start': key is 0800
[15:48:33.283] [bmv2] [T] [thread 356] [66.0] [cxt 0] Bytes parsed: 14
[15:48:33.283] [bmv2] [D] [thread 356] [66.0] [cxt 0] Parser 'parser' entering state 'parse_ipv4'
[15:48:33.283] [bmv2] [D] [thread 356] [66.0] [cxt 0] Extracting header 'ipv4'
[15:48:33.283] [bmv2] [D] [thread 356] [66.0] [cxt 0] Parser state 'parse_ipv4': key is 11
[15:48:33.283] [bmv2] [T] [thread 356] [66.0] [cxt 0] Bytes parsed: 34
[15:48:33.283] [bmv2] [D] [thread 356] [66.0] [cxt 0] Parser 'parser' entering state 'parse_udp'
[15:48:33.283] [bmv2] [D] [thread 356] [66.0] [cxt 0] Extracting header 'udp'
[15:48:33.283] [bmv2] [D] [thread 356] [66.0] [cxt 0] Parser set: setting field 'scalars.metadata.transport_src_port' from field 'udp.src_port' (2152)
[15:48:33.283] [bmv2] [D] [thread 356] [66.0] [cxt 0] Parser set: setting field 'scalars.metadata.transport_dst_port' from field 'udp.dst_port' (2152)
[15:48:33.283] [bmv2] [D] [thread 356] [66.0] [cxt 0] Parser set: setting field 'scalars.tmp' from expression, new value is 1
[15:48:33.283] [bmv2] [D] [thread 356] [66.0] [cxt 0] Parser state 'parse_udp': key is 01
[15:48:33.283] [bmv2] [T] [thread 356] [66.0] [cxt 0] Bytes parsed: 42
[15:48:33.283] [bmv2] [D] [thread 356] [66.0] [cxt 0] Parser 'parser' entering state 'parse_gtp_u'
[15:48:33.283] [bmv2] [D] [thread 356] [66.0] [cxt 0] Extracting header 'gtp_u'
[15:48:33.283] [bmv2] [D] [thread 356] [66.0] [cxt 0] Parser set: setting field 'scalars.metadata.is_gtp_u_traffic' to 1
[15:48:33.283] [bmv2] [D] [thread 356] [66.0] [cxt 0] Parser set: setting field 'scalars.metadata.traffic_type' to 2
[15:48:33.283] [bmv2] [D] [thread 356] [66.0] [cxt 0] Parser state 'parse_gtp_u' has no switch, going to default next state
[15:48:33.283] [bmv2] [T] [thread 356] [66.0] [cxt 0] Bytes parsed: 50
[15:48:33.283] [bmv2] [D] [thread 356] [66.0] [cxt 0] Parser 'parser': end
[15:48:33.283] [bmv2] [D] [thread 356] [66.0] [cxt 0] Pipeline 'ingress': start
[15:48:33.283] [bmv2] [T] [thread 356] [66.0] [cxt 0] Applying table 'tbl_intgtpsource295'
[15:48:33.283] [bmv2] [D] [thread 356] [66.0] [cxt 0] Looking up key:

[15:48:33.283] [bmv2] [D] [thread 356] [66.0] [cxt 0] Table 'tbl_intgtpsource295': miss
[15:48:33.283] [bmv2] [D] [thread 356] [66.0] [cxt 0] Action entry is intgtpsource295 -
[15:48:33.283] [bmv2] [T] [thread 356] [66.0] [cxt 0] Action intgtpsource295
[15:48:33.283] [bmv2] [T] [thread 356] [66.0] [cxt 0] int-gtp-source.p4(295) Primitive meta.switch_id = 1
[15:48:33.283] [bmv2] [T] [thread 356] [66.0] [cxt 0] int-gtp-source.p4(297) Condition "hdr.ethernet.isValid() && hdr.ipv4.isValid()" (node_3) is true
[15:48:33.283] [bmv2] [T] [thread 356] [66.0] [cxt 0] int-gtp-source.p4(299) Condition "(hdr.ipv4.protocol == 132 && hdr.sctp.isValid()) || ..." (node_4) is true
[15:48:33.283] [bmv2] [T] [thread 356] [66.0] [cxt 0] Applying table 'MyIngress.int_source_table'
[15:48:33.283] [bmv2] [D] [thread 356] [66.0] [cxt 0] Looking up key:
* meta.traffic_type   : 02

[15:48:33.283] [bmv2] [D] [thread 356] [66.0] [cxt 0] Table 'MyIngress.int_source_table': hit with handle 1
[15:48:33.283] [bmv2] [D] [thread 356] [66.0] [cxt 0] Dumping entry 1
Match key:
* meta.traffic_type   : EXACT     02
Action entry: MyIngress.int_source_action -

[15:48:33.283] [bmv2] [D] [thread 356] [66.0] [cxt 0] Action entry is MyIngress.int_source_action -
[15:48:33.283] [bmv2] [T] [thread 356] [66.0] [cxt 0] Action MyIngress.int_source_action
[15:48:33.283] [bmv2] [T] [thread 356] [66.0] [cxt 0] int-gtp-source.p4(221) Primitive meta.should_insert_int = 1
[15:48:33.283] [bmv2] [T] [thread 356] [66.0] [cxt 0] Applying table 'MyIngress.ipv4_lpm'
[15:48:33.283] [bmv2] [D] [thread 356] [66.0] [cxt 0] Looking up key:
* hdr.ipv4.dstAddr    : ac120018

[15:48:33.283] [bmv2] [D] [thread 356] [66.0] [cxt 0] Table 'MyIngress.ipv4_lpm': hit with handle 2
[15:48:33.283] [bmv2] [D] [thread 356] [66.0] [cxt 0] Dumping entry 2
Match key:
* hdr.ipv4.dstAddr    : LPM       00000000/0
Action entry: MyIngress.forward_action - 2,

[15:48:33.283] [bmv2] [D] [thread 356] [66.0] [cxt 0] Action entry is MyIngress.forward_action - 2,
[15:48:33.283] [bmv2] [T] [thread 356] [66.0] [cxt 0] Action MyIngress.forward_action
[15:48:33.283] [bmv2] [T] [thread 356] [66.0] [cxt 0] int-gtp-source.p4(266) Primitive standard_metadata.egress_spec = egress_port
[15:48:33.283] [bmv2] [T] [thread 356] [66.0] [cxt 0] int-gtp-source.p4(308) Condition "meta.should_insert_int == 1" (node_7) is true
[15:48:33.283] [bmv2] [T] [thread 356] [66.0] [cxt 0] Applying table 'tbl_do_insert_int'
[15:48:33.283] [bmv2] [D] [thread 356] [66.0] [cxt 0] Looking up key:

[15:48:33.283] [bmv2] [D] [thread 356] [66.0] [cxt 0] Table 'tbl_do_insert_int': miss
[15:48:33.283] [bmv2] [D] [thread 356] [66.0] [cxt 0] Action entry is MyIngress.do_insert_int -
[15:48:33.283] [bmv2] [T] [thread 356] [66.0] [cxt 0] Action MyIngress.do_insert_int
[15:48:33.283] [bmv2] [T] [thread 356] [66.0] [cxt 0] int-gtp-source.p4(226) Primitive bit<16> original_ether_type = hdr.ethernet.etherType
[15:48:33.283] [bmv2] [T] [thread 356] [66.0] [cxt 0] int-gtp-source.p4(229) Primitive hdr.ethernet.etherType = 0xFA
[15:48:33.283] [bmv2] [T] [thread 356] [66.0] [cxt 0] int-gtp-source.p4(232) Primitive hdr.int_shim.setValid()
[15:48:33.283] [bmv2] [T] [thread 356] [66.0] [cxt 0] int-gtp-source.p4(233) Primitive hdr.int_shim.type = 1
[15:48:33.283] [bmv2] [T] [thread 356] [66.0] [cxt 0] int-gtp-source.p4(234) Primitive hdr.int_shim.reserved = 0
[15:48:33.283] [bmv2] [T] [thread 356] [66.0] [cxt 0] int-gtp-source.p4(235) Primitive hdr.int_shim.length = 44
[15:48:33.283] [bmv2] [T] [thread 356] [66.0] [cxt 0] int-gtp-source.p4(236) Primitive hdr.int_shim.next_proto = original_ether_type
[15:48:33.283] [bmv2] [T] [thread 356] [66.0] [cxt 0] int-gtp-source.p4(239) Primitive hdr.int_header.setValid()
[15:48:33.283] [bmv2] [T] [thread 356] [66.0] [cxt 0] int-gtp-source.p4(240) Primitive hdr.int_header.version = 1
[15:48:33.283] [bmv2] [T] [thread 356] [66.0] [cxt 0] int-gtp-source.p4(241) Primitive hdr.int_header.d = 0
[15:48:33.283] [bmv2] [T] [thread 356] [66.0] [cxt 0] int-gtp-source.p4(242) Primitive hdr.int_header.q = 0
[15:48:33.283] [bmv2] [T] [thread 356] [66.0] [cxt 0] int-gtp-source.p4(243) Primitive hdr.int_header.m = 1
[15:48:33.283] [bmv2] [T] [thread 356] [66.0] [cxt 0] int-gtp-source.p4(244) Primitive hdr.int_header.reserved1 = 0
[15:48:33.283] [bmv2] [T] [thread 356] [66.0] [cxt 0] int-gtp-source.p4(245) Primitive hdr.int_header.hop_ml = 1
[15:48:33.283] [bmv2] [T] [thread 356] [66.0] [cxt 0] int-gtp-source.p4(246) Primitive hdr.int_header.instruction = 0x00FF
[15:48:33.283] [bmv2] [T] [thread 356] [66.0] [cxt 0] int-gtp-source.p4(247) Primitive hdr.int_header.reserved2 = 0
[15:48:33.283] [bmv2] [T] [thread 356] [66.0] [cxt 0] int-gtp-source.p4(248) Primitive hdr.int_header.remaining_hop_cnt = 8 - 1
[15:48:33.283] [bmv2] [T] [thread 356] [66.0] [cxt 0] int-gtp-source.p4(251) Primitive hdr.int_md.setValid()
[15:48:33.283] [bmv2] [T] [thread 356] [66.0] [cxt 0] int-gtp-source.p4(252) Primitive hdr.int_md.padding_switch = 0
[15:48:33.283] [bmv2] [T] [thread 356] [66.0] [cxt 0] int-gtp-source.p4(253) Primitive hdr.int_md.switch_id = (bit<16>)meta.switch_id
[15:48:33.283] [bmv2] [T] [thread 356] [66.0] [cxt 0] int-gtp-source.p4(254) Primitive hdr.int_md.ingress_port_id = (bit<16>)meta.ingress_port
[15:48:33.283] [bmv2] [T] [thread 356] [66.0] [cxt 0] int-gtp-source.p4(255) Primitive hdr.int_md.ingress_timestamp = meta.ingress_ts
[15:48:33.283] [bmv2] [T] [thread 356] [66.0] [cxt 0] int-gtp-source.p4(256) Primitive hdr.int_md.egress_port_id = 0
[15:48:33.283] [bmv2] [T] [thread 356] [66.0] [cxt 0] int-gtp-source.p4(257) Primitive hdr.int_md.hop_latency = 0
[15:48:33.283] [bmv2] [T] [thread 356] [66.0] [cxt 0] int-gtp-source.p4(258) Primitive hdr.int_md.egress_timestamp = 0
[15:48:33.283] [bmv2] [T] [thread 356] [66.0] [cxt 0] int-gtp-source.p4(259) Primitive hdr.int_md.queue_occupancy = 0
[15:48:33.283] [bmv2] [T] [thread 356] [66.0] [cxt 0] int-gtp-source.p4(260) Primitive hdr.int_md.congestion_notification = 0
[15:48:33.283] [bmv2] [T] [thread 356] [66.0] [cxt 0] int-gtp-source.p4(261) Primitive hdr.int_md.reserved1 = 0
[15:48:33.283] [bmv2] [T] [thread 356] [66.0] [cxt 0] int-gtp-source.p4(262) Primitive hdr.int_md.reserved2 = 0
[15:48:33.283] [bmv2] [D] [thread 356] [66.0] [cxt 0] Pipeline 'ingress': end
[15:48:33.283] [bmv2] [D] [thread 356] [66.0] [cxt 0] Egress port is 2
[15:48:33.283] [bmv2] [D] [thread 359] [66.0] [cxt 0] Pipeline 'egress': start
[15:48:33.283] [bmv2] [T] [thread 359] [66.0] [cxt 0] int-gtp-source.p4(330) Condition "hdr.int_shim.isValid()" (node_11) is true
[15:48:33.283] [bmv2] [T] [thread 359] [66.0] [cxt 0] Applying table 'tbl_update_int_metadata'
[15:48:33.283] [bmv2] [D] [thread 359] [66.0] [cxt 0] Looking up key:

[15:48:33.283] [bmv2] [D] [thread 359] [66.0] [cxt 0] Table 'tbl_update_int_metadata': miss
[15:48:33.283] [bmv2] [D] [thread 359] [66.0] [cxt 0] Action entry is MyEgress.update_int_metadata -
[15:48:33.283] [bmv2] [T] [thread 359] [66.0] [cxt 0] Action MyEgress.update_int_metadata
[15:48:33.283] [bmv2] [T] [thread 359] [66.0] [cxt 0] int-gtp-source.p4(321) Primitive if
[15:48:33.283] [bmv2] [T] [thread 359] [66.0] [cxt 0] int-gtp-source.p4(322) Primitive hdr.int_md.egress_port_id = (bit<16>)standard_metadata.egress_port
[15:48:33.283] [bmv2] [T] [thread 359] [66.0] [cxt 0] int-gtp-source.p4(323) Primitive hdr.int_md.egress_timestamp = (bit<32>)standard_metadata.egress_global_timestamp
[15:48:33.283] [bmv2] [T] [thread 359] [66.0] [cxt 0] int-gtp-source.p4(324) Primitive hdr.int_md.hop_latency = hdr.int_md.egress_timestamp - hdr.int_md.ingress_timestamp
[15:48:33.283] [bmv2] [T] [thread 359] [66.0] [cxt 0] int-gtp-source.p4(325) Primitive hdr.int_md.queue_occupancy = (bit<32>)standard_metadata.enq_qdepth
[15:48:33.284] [bmv2] [D] [thread 359] [66.0] [cxt 0] Pipeline 'egress': end
[15:48:33.284] [bmv2] [D] [thread 359] [66.0] [cxt 0] Deparser 'deparser': start
[15:48:33.284] [bmv2] [D] [thread 359] [66.0] [cxt 0] Deparsing header 'ethernet'
[15:48:33.284] [bmv2] [D] [thread 359] [66.0] [cxt 0] Deparsing header 'int_shim'
[15:48:33.284] [bmv2] [D] [thread 359] [66.0] [cxt 0] Deparsing header 'int_header'
[15:48:33.284] [bmv2] [D] [thread 359] [66.0] [cxt 0] Deparsing header 'int_md'
[15:48:33.284] [bmv2] [D] [thread 359] [66.0] [cxt 0] Deparsing header 'ipv4'
[15:48:33.284] [bmv2] [D] [thread 359] [66.0] [cxt 0] Deparsing header 'udp'
[15:48:33.284] [bmv2] [D] [thread 359] [66.0] [cxt 0] Deparsing header 'gtp_u'
[15:48:33.284] [bmv2] [D] [thread 359] [66.0] [cxt 0] Deparser 'deparser': end
[15:48:33.284] [bmv2] [D] [thread 361] [66.0] [cxt 0] Transmitting packet of size 183 out of port 2
[15:48:33.334] [bmv2] [D] [thread 356] [67.0] [cxt 0] Processing packet received on port 2
[15:48:33.334] [bmv2] [D] [thread 356] [67.0] [cxt 0] Parser 'parser': start
[15:48:33.334] [bmv2] [D] [thread 356] [67.0] [cxt 0] Parser 'parser' entering state 'start'
[15:48:33.334] [bmv2] [D] [thread 356] [67.0] [cxt 0] Extracting header 'ethernet'
[15:48:33.334] [bmv2] [D] [thread 356] [67.0] [cxt 0] Parser set: setting field 'scalars.metadata.ingress_port' from field 'standard_metadata.ingress_port' (2)
[15:48:33.334] [bmv2] [D] [thread 356] [67.0] [cxt 0] Parser set: setting field 'scalars.metadata.ingress_ts' from expression, new value is 200785191
[15:48:33.334] [bmv2] [D] [thread 356] [67.0] [cxt 0] Parser set: setting field 'scalars.metadata.is_int_packet' to 0
[15:48:33.334] [bmv2] [D] [thread 356] [67.0] [cxt 0] Parser set: setting field 'scalars.metadata.is_ngap_traffic' to 0
[15:48:33.334] [bmv2] [D] [thread 356] [67.0] [cxt 0] Parser set: setting field 'scalars.metadata.is_gtp_u_traffic' to 0
[15:48:33.334] [bmv2] [D] [thread 356] [67.0] [cxt 0] Parser set: setting field 'scalars.metadata.traffic_type' to 0
[15:48:33.334] [bmv2] [D] [thread 356] [67.0] [cxt 0] Parser set: setting field 'scalars.metadata.should_insert_int' to 0
[15:48:33.334] [bmv2] [D] [thread 356] [67.0] [cxt 0] Parser state 'start': key is 0800
[15:48:33.334] [bmv2] [T] [thread 356] [67.0] [cxt 0] Bytes parsed: 14
[15:48:33.334] [bmv2] [D] [thread 356] [67.0] [cxt 0] Parser 'parser' entering state 'parse_ipv4'
[15:48:33.334] [bmv2] [D] [thread 356] [67.0] [cxt 0] Extracting header 'ipv4'
[15:48:33.334] [bmv2] [D] [thread 356] [67.0] [cxt 0] Parser state 'parse_ipv4': key is 11
[15:48:33.334] [bmv2] [T] [thread 356] [67.0] [cxt 0] Bytes parsed: 34
[15:48:33.334] [bmv2] [D] [thread 356] [67.0] [cxt 0] Parser 'parser' entering state 'parse_udp'
[15:48:33.334] [bmv2] [D] [thread 356] [67.0] [cxt 0] Extracting header 'udp'
[15:48:33.335] [bmv2] [D] [thread 356] [67.0] [cxt 0] Parser set: setting field 'scalars.metadata.transport_src_port' from field 'udp.src_port' (2152)
[15:48:33.335] [bmv2] [D] [thread 356] [67.0] [cxt 0] Parser set: setting field 'scalars.metadata.transport_dst_port' from field 'udp.dst_port' (2152)
[15:48:33.335] [bmv2] [D] [thread 356] [67.0] [cxt 0] Parser set: setting field 'scalars.tmp' from expression, new value is 1
[15:48:33.335] [bmv2] [D] [thread 356] [67.0] [cxt 0] Parser state 'parse_udp': key is 01
[15:48:33.335] [bmv2] [T] [thread 356] [67.0] [cxt 0] Bytes parsed: 42
[15:48:33.335] [bmv2] [D] [thread 356] [67.0] [cxt 0] Parser 'parser' entering state 'parse_gtp_u'
[15:48:33.335] [bmv2] [D] [thread 356] [67.0] [cxt 0] Extracting header 'gtp_u'
[15:48:33.335] [bmv2] [D] [thread 356] [67.0] [cxt 0] Parser set: setting field 'scalars.metadata.is_gtp_u_traffic' to 1
[15:48:33.335] [bmv2] [D] [thread 356] [67.0] [cxt 0] Parser set: setting field 'scalars.metadata.traffic_type' to 2
[15:48:33.335] [bmv2] [D] [thread 356] [67.0] [cxt 0] Parser state 'parse_gtp_u' has no switch, going to default next state
[15:48:33.335] [bmv2] [T] [thread 356] [67.0] [cxt 0] Bytes parsed: 50
[15:48:33.335] [bmv2] [D] [thread 356] [67.0] [cxt 0] Parser 'parser': end
[15:48:33.335] [bmv2] [D] [thread 356] [67.0] [cxt 0] Pipeline 'ingress': start
[15:48:33.335] [bmv2] [T] [thread 356] [67.0] [cxt 0] Applying table 'tbl_intgtpsource295'
[15:48:33.335] [bmv2] [D] [thread 356] [67.0] [cxt 0] Looking up key:

[15:48:33.335] [bmv2] [D] [thread 356] [67.0] [cxt 0] Table 'tbl_intgtpsource295': miss
[15:48:33.335] [bmv2] [D] [thread 356] [67.0] [cxt 0] Action entry is intgtpsource295 -
[15:48:33.335] [bmv2] [T] [thread 356] [67.0] [cxt 0] Action intgtpsource295
[15:48:33.335] [bmv2] [T] [thread 356] [67.0] [cxt 0] int-gtp-source.p4(295) Primitive meta.switch_id = 1
[15:48:33.335] [bmv2] [T] [thread 356] [67.0] [cxt 0] int-gtp-source.p4(297) Condition "hdr.ethernet.isValid() && hdr.ipv4.isValid()" (node_3) is true
[15:48:33.335] [bmv2] [T] [thread 356] [67.0] [cxt 0] int-gtp-source.p4(299) Condition "(hdr.ipv4.protocol == 132 && hdr.sctp.isValid()) || ..." (node_4) is true
[15:48:33.335] [bmv2] [T] [thread 356] [67.0] [cxt 0] Applying table 'MyIngress.int_source_table'
[15:48:33.335] [bmv2] [D] [thread 356] [67.0] [cxt 0] Looking up key:
* meta.traffic_type   : 02

[15:48:33.335] [bmv2] [D] [thread 356] [67.0] [cxt 0] Table 'MyIngress.int_source_table': hit with handle 1
[15:48:33.335] [bmv2] [D] [thread 356] [67.0] [cxt 0] Dumping entry 1
Match key:
* meta.traffic_type   : EXACT     02
Action entry: MyIngress.int_source_action -

[15:48:33.335] [bmv2] [D] [thread 356] [67.0] [cxt 0] Action entry is MyIngress.int_source_action -
[15:48:33.335] [bmv2] [T] [thread 356] [67.0] [cxt 0] Action MyIngress.int_source_action
[15:48:33.335] [bmv2] [T] [thread 356] [67.0] [cxt 0] int-gtp-source.p4(221) Primitive meta.should_insert_int = 1
[15:48:33.335] [bmv2] [T] [thread 356] [67.0] [cxt 0] Applying table 'MyIngress.ipv4_lpm'
[15:48:33.335] [bmv2] [D] [thread 356] [67.0] [cxt 0] Looking up key:
* hdr.ipv4.dstAddr    : ac120a03

[15:48:33.335] [bmv2] [D] [thread 356] [67.0] [cxt 0] Table 'MyIngress.ipv4_lpm': hit with handle 1
[15:48:33.335] [bmv2] [D] [thread 356] [67.0] [cxt 0] Dumping entry 1
Match key:
* hdr.ipv4.dstAddr    : LPM       ac120a03/32
Action entry: MyIngress.forward_action - 1,

[15:48:33.335] [bmv2] [D] [thread 356] [67.0] [cxt 0] Action entry is MyIngress.forward_action - 1,
[15:48:33.335] [bmv2] [T] [thread 356] [67.0] [cxt 0] Action MyIngress.forward_action
[15:48:33.335] [bmv2] [T] [thread 356] [67.0] [cxt 0] int-gtp-source.p4(266) Primitive standard_metadata.egress_spec = egress_port
[15:48:33.335] [bmv2] [T] [thread 356] [67.0] [cxt 0] int-gtp-source.p4(308) Condition "meta.should_insert_int == 1" (node_7) is true
[15:48:33.335] [bmv2] [T] [thread 356] [67.0] [cxt 0] Applying table 'tbl_do_insert_int'
[15:48:33.335] [bmv2] [D] [thread 356] [67.0] [cxt 0] Looking up key:

[15:48:33.335] [bmv2] [D] [thread 356] [67.0] [cxt 0] Table 'tbl_do_insert_int': miss
[15:48:33.335] [bmv2] [D] [thread 356] [67.0] [cxt 0] Action entry is MyIngress.do_insert_int -
[15:48:33.335] [bmv2] [T] [thread 356] [67.0] [cxt 0] Action MyIngress.do_insert_int
[15:48:33.335] [bmv2] [T] [thread 356] [67.0] [cxt 0] int-gtp-source.p4(226) Primitive bit<16> original_ether_type = hdr.ethernet.etherType
[15:48:33.335] [bmv2] [T] [thread 356] [67.0] [cxt 0] int-gtp-source.p4(229) Primitive hdr.ethernet.etherType = 0xFA
[15:48:33.335] [bmv2] [T] [thread 356] [67.0] [cxt 0] int-gtp-source.p4(232) Primitive hdr.int_shim.setValid()
[15:48:33.335] [bmv2] [T] [thread 356] [67.0] [cxt 0] int-gtp-source.p4(233) Primitive hdr.int_shim.type = 1
[15:48:33.335] [bmv2] [T] [thread 356] [67.0] [cxt 0] int-gtp-source.p4(234) Primitive hdr.int_shim.reserved = 0
[15:48:33.335] [bmv2] [T] [thread 356] [67.0] [cxt 0] int-gtp-source.p4(235) Primitive hdr.int_shim.length = 44
[15:48:33.335] [bmv2] [T] [thread 356] [67.0] [cxt 0] int-gtp-source.p4(236) Primitive hdr.int_shim.next_proto = original_ether_type
[15:48:33.335] [bmv2] [T] [thread 356] [67.0] [cxt 0] int-gtp-source.p4(239) Primitive hdr.int_header.setValid()
[15:48:33.335] [bmv2] [T] [thread 356] [67.0] [cxt 0] int-gtp-source.p4(240) Primitive hdr.int_header.version = 1
[15:48:33.335] [bmv2] [T] [thread 356] [67.0] [cxt 0] int-gtp-source.p4(241) Primitive hdr.int_header.d = 0
[15:48:33.335] [bmv2] [T] [thread 356] [67.0] [cxt 0] int-gtp-source.p4(242) Primitive hdr.int_header.q = 0
[15:48:33.335] [bmv2] [T] [thread 356] [67.0] [cxt 0] int-gtp-source.p4(243) Primitive hdr.int_header.m = 1
[15:48:33.335] [bmv2] [T] [thread 356] [67.0] [cxt 0] int-gtp-source.p4(244) Primitive hdr.int_header.reserved1 = 0
[15:48:33.335] [bmv2] [T] [thread 356] [67.0] [cxt 0] int-gtp-source.p4(245) Primitive hdr.int_header.hop_ml = 1
[15:48:33.335] [bmv2] [T] [thread 356] [67.0] [cxt 0] int-gtp-source.p4(246) Primitive hdr.int_header.instruction = 0x00FF
[15:48:33.335] [bmv2] [T] [thread 356] [67.0] [cxt 0] int-gtp-source.p4(247) Primitive hdr.int_header.reserved2 = 0
[15:48:33.335] [bmv2] [T] [thread 356] [67.0] [cxt 0] int-gtp-source.p4(248) Primitive hdr.int_header.remaining_hop_cnt = 8 - 1
[15:48:33.335] [bmv2] [T] [thread 356] [67.0] [cxt 0] int-gtp-source.p4(251) Primitive hdr.int_md.setValid()
[15:48:33.335] [bmv2] [T] [thread 356] [67.0] [cxt 0] int-gtp-source.p4(252) Primitive hdr.int_md.padding_switch = 0
[15:48:33.335] [bmv2] [T] [thread 356] [67.0] [cxt 0] int-gtp-source.p4(253) Primitive hdr.int_md.switch_id = (bit<16>)meta.switch_id
[15:48:33.335] [bmv2] [T] [thread 356] [67.0] [cxt 0] int-gtp-source.p4(254) Primitive hdr.int_md.ingress_port_id = (bit<16>)meta.ingress_port
[15:48:33.335] [bmv2] [T] [thread 356] [67.0] [cxt 0] int-gtp-source.p4(255) Primitive hdr.int_md.ingress_timestamp = meta.ingress_ts
[15:48:33.335] [bmv2] [T] [thread 356] [67.0] [cxt 0] int-gtp-source.p4(256) Primitive hdr.int_md.egress_port_id = 0
[15:48:33.335] [bmv2] [T] [thread 356] [67.0] [cxt 0] int-gtp-source.p4(257) Primitive hdr.int_md.hop_latency = 0
[15:48:33.335] [bmv2] [T] [thread 356] [67.0] [cxt 0] int-gtp-source.p4(258) Primitive hdr.int_md.egress_timestamp = 0
[15:48:33.335] [bmv2] [T] [thread 356] [67.0] [cxt 0] int-gtp-source.p4(259) Primitive hdr.int_md.queue_occupancy = 0
[15:48:33.336] [bmv2] [T] [thread 356] [67.0] [cxt 0] int-gtp-source.p4(260) Primitive hdr.int_md.congestion_notification = 0
[15:48:33.336] [bmv2] [T] [thread 356] [67.0] [cxt 0] int-gtp-source.p4(261) Primitive hdr.int_md.reserved1 = 0
[15:48:33.336] [bmv2] [T] [thread 356] [67.0] [cxt 0] int-gtp-source.p4(262) Primitive hdr.int_md.reserved2 = 0
[15:48:33.336] [bmv2] [D] [thread 356] [67.0] [cxt 0] Pipeline 'ingress': end
[15:48:33.336] [bmv2] [D] [thread 356] [67.0] [cxt 0] Egress port is 1
[15:48:33.336] [bmv2] [D] [thread 358] [67.0] [cxt 0] Pipeline 'egress': start
[15:48:33.336] [bmv2] [T] [thread 358] [67.0] [cxt 0] int-gtp-source.p4(330) Condition "hdr.int_shim.isValid()" (node_11) is true
[15:48:33.336] [bmv2] [T] [thread 358] [67.0] [cxt 0] Applying table 'tbl_update_int_metadata'
[15:48:33.336] [bmv2] [D] [thread 358] [67.0] [cxt 0] Looking up key:

[15:48:33.336] [bmv2] [D] [thread 358] [67.0] [cxt 0] Table 'tbl_update_int_metadata': miss
[15:48:33.336] [bmv2] [D] [thread 358] [67.0] [cxt 0] Action entry is MyEgress.update_int_metadata -
[15:48:33.336] [bmv2] [T] [thread 358] [67.0] [cxt 0] Action MyEgress.update_int_metadata
[15:48:33.336] [bmv2] [T] [thread 358] [67.0] [cxt 0] int-gtp-source.p4(321) Primitive if
[15:48:33.336] [bmv2] [T] [thread 358] [67.0] [cxt 0] int-gtp-source.p4(322) Primitive hdr.int_md.egress_port_id = (bit<16>)standard_metadata.egress_port
[15:48:33.336] [bmv2] [T] [thread 358] [67.0] [cxt 0] int-gtp-source.p4(323) Primitive hdr.int_md.egress_timestamp = (bit<32>)standard_metadata.egress_global_timestamp
[15:48:33.336] [bmv2] [T] [thread 358] [67.0] [cxt 0] int-gtp-source.p4(324) Primitive hdr.int_md.hop_latency = hdr.int_md.egress_timestamp - hdr.int_md.ingress_timestamp
[15:48:33.336] [bmv2] [T] [thread 358] [67.0] [cxt 0] int-gtp-source.p4(325) Primitive hdr.int_md.queue_occupancy = (bit<32>)standard_metadata.enq_qdepth
[15:48:33.336] [bmv2] [D] [thread 358] [67.0] [cxt 0] Pipeline 'egress': end
[15:48:33.336] [bmv2] [D] [thread 358] [67.0] [cxt 0] Deparser 'deparser': start
[15:48:33.339] [bmv2] [D] [thread 358] [67.0] [cxt 0] Deparsing header 'ethernet'
[15:48:33.339] [bmv2] [D] [thread 358] [67.0] [cxt 0] Deparsing header 'int_shim'
[15:48:33.339] [bmv2] [D] [thread 358] [67.0] [cxt 0] Deparsing header 'int_header'
[15:48:33.339] [bmv2] [D] [thread 358] [67.0] [cxt 0] Deparsing header 'int_md'
[15:48:33.339] [bmv2] [D] [thread 358] [67.0] [cxt 0] Deparsing header 'ipv4'
[15:48:33.339] [bmv2] [D] [thread 358] [67.0] [cxt 0] Deparsing header 'udp'
[15:48:33.339] [bmv2] [D] [thread 358] [67.0] [cxt 0] Deparsing header 'gtp_u'
[15:48:33.339] [bmv2] [D] [thread 358] [67.0] [cxt 0] Deparser 'deparser': end
[15:48:33.339] [bmv2] [D] [thread 361] [67.0] [cxt 0] Transmitting packet of size 183 out of port 1
[15:48:34.310] [bmv2] [D] [thread 356] [68.0] [cxt 0] Processing packet received on port 1
[15:48:34.310] [bmv2] [D] [thread 356] [68.0] [cxt 0] Parser 'parser': start
[15:48:34.310] [bmv2] [D] [thread 356] [68.0] [cxt 0] Parser 'parser' entering state 'start'
[15:48:34.310] [bmv2] [D] [thread 356] [68.0] [cxt 0] Extracting header 'ethernet'
[15:48:34.310] [bmv2] [D] [thread 356] [68.0] [cxt 0] Parser set: setting field 'scalars.metadata.ingress_port' from field 'standard_metadata.ingress_port' (1)
[15:48:34.310] [bmv2] [D] [thread 356] [68.0] [cxt 0] Parser set: setting field 'scalars.metadata.ingress_ts' from expression, new value is 201761461
[15:48:34.310] [bmv2] [D] [thread 356] [68.0] [cxt 0] Parser set: setting field 'scalars.metadata.is_int_packet' to 0
[15:48:34.310] [bmv2] [D] [thread 356] [68.0] [cxt 0] Parser set: setting field 'scalars.metadata.is_ngap_traffic' to 0
[15:48:34.310] [bmv2] [D] [thread 356] [68.0] [cxt 0] Parser set: setting field 'scalars.metadata.is_gtp_u_traffic' to 0
[15:48:34.310] [bmv2] [D] [thread 356] [68.0] [cxt 0] Parser set: setting field 'scalars.metadata.traffic_type' to 0
[15:48:34.310] [bmv2] [D] [thread 356] [68.0] [cxt 0] Parser set: setting field 'scalars.metadata.should_insert_int' to 0
[15:48:34.310] [bmv2] [D] [thread 356] [68.0] [cxt 0] Parser state 'start': key is 0800
[15:48:34.310] [bmv2] [T] [thread 356] [68.0] [cxt 0] Bytes parsed: 14
[15:48:34.310] [bmv2] [D] [thread 356] [68.0] [cxt 0] Parser 'parser' entering state 'parse_ipv4'
[15:48:34.310] [bmv2] [D] [thread 356] [68.0] [cxt 0] Extracting header 'ipv4'
[15:48:34.310] [bmv2] [D] [thread 356] [68.0] [cxt 0] Parser state 'parse_ipv4': key is 11
[15:48:34.310] [bmv2] [T] [thread 356] [68.0] [cxt 0] Bytes parsed: 34
[15:48:34.310] [bmv2] [D] [thread 356] [68.0] [cxt 0] Parser 'parser' entering state 'parse_udp'
[15:48:34.310] [bmv2] [D] [thread 356] [68.0] [cxt 0] Extracting header 'udp'
[15:48:34.310] [bmv2] [D] [thread 356] [68.0] [cxt 0] Parser set: setting field 'scalars.metadata.transport_src_port' from field 'udp.src_port' (2152)
[15:48:34.310] [bmv2] [D] [thread 356] [68.0] [cxt 0] Parser set: setting field 'scalars.metadata.transport_dst_port' from field 'udp.dst_port' (2152)
[15:48:34.310] [bmv2] [D] [thread 356] [68.0] [cxt 0] Parser set: setting field 'scalars.tmp' from expression, new value is 1
[15:48:34.310] [bmv2] [D] [thread 356] [68.0] [cxt 0] Parser state 'parse_udp': key is 01
[15:48:34.310] [bmv2] [T] [thread 356] [68.0] [cxt 0] Bytes parsed: 42
[15:48:34.311] [bmv2] [D] [thread 356] [68.0] [cxt 0] Parser 'parser' entering state 'parse_gtp_u'
[15:48:34.311] [bmv2] [D] [thread 356] [68.0] [cxt 0] Extracting header 'gtp_u'
[15:48:34.311] [bmv2] [D] [thread 356] [68.0] [cxt 0] Parser set: setting field 'scalars.metadata.is_gtp_u_traffic' to 1
[15:48:34.311] [bmv2] [D] [thread 356] [68.0] [cxt 0] Parser set: setting field 'scalars.metadata.traffic_type' to 2
[15:48:34.311] [bmv2] [D] [thread 356] [68.0] [cxt 0] Parser state 'parse_gtp_u' has no switch, going to default next state
[15:48:34.311] [bmv2] [T] [thread 356] [68.0] [cxt 0] Bytes parsed: 50
[15:48:34.311] [bmv2] [D] [thread 356] [68.0] [cxt 0] Parser 'parser': end
[15:48:34.311] [bmv2] [D] [thread 356] [68.0] [cxt 0] Pipeline 'ingress': start
[15:48:34.311] [bmv2] [T] [thread 356] [68.0] [cxt 0] Applying table 'tbl_intgtpsource295'
[15:48:34.311] [bmv2] [D] [thread 356] [68.0] [cxt 0] Looking up key:

[15:48:34.311] [bmv2] [D] [thread 356] [68.0] [cxt 0] Table 'tbl_intgtpsource295': miss
[15:48:34.311] [bmv2] [D] [thread 356] [68.0] [cxt 0] Action entry is intgtpsource295 -
[15:48:34.311] [bmv2] [T] [thread 356] [68.0] [cxt 0] Action intgtpsource295
[15:48:34.311] [bmv2] [T] [thread 356] [68.0] [cxt 0] int-gtp-source.p4(295) Primitive meta.switch_id = 1
[15:48:34.311] [bmv2] [T] [thread 356] [68.0] [cxt 0] int-gtp-source.p4(297) Condition "hdr.ethernet.isValid() && hdr.ipv4.isValid()" (node_3) is true
[15:48:34.311] [bmv2] [T] [thread 356] [68.0] [cxt 0] int-gtp-source.p4(299) Condition "(hdr.ipv4.protocol == 132 && hdr.sctp.isValid()) || ..." (node_4) is true
[15:48:34.311] [bmv2] [T] [thread 356] [68.0] [cxt 0] Applying table 'MyIngress.int_source_table'
[15:48:34.311] [bmv2] [D] [thread 356] [68.0] [cxt 0] Looking up key:
* meta.traffic_type   : 02

[15:48:34.311] [bmv2] [D] [thread 356] [68.0] [cxt 0] Table 'MyIngress.int_source_table': hit with handle 1
[15:48:34.311] [bmv2] [D] [thread 356] [68.0] [cxt 0] Dumping entry 1
Match key:
* meta.traffic_type   : EXACT     02
Action entry: MyIngress.int_source_action -

[15:48:34.311] [bmv2] [D] [thread 356] [68.0] [cxt 0] Action entry is MyIngress.int_source_action -
[15:48:34.311] [bmv2] [T] [thread 356] [68.0] [cxt 0] Action MyIngress.int_source_action
[15:48:34.311] [bmv2] [T] [thread 356] [68.0] [cxt 0] int-gtp-source.p4(221) Primitive meta.should_insert_int = 1
[15:48:34.311] [bmv2] [T] [thread 356] [68.0] [cxt 0] Applying table 'MyIngress.ipv4_lpm'
[15:48:34.311] [bmv2] [D] [thread 356] [68.0] [cxt 0] Looking up key:
* hdr.ipv4.dstAddr    : ac120018

[15:48:34.311] [bmv2] [D] [thread 356] [68.0] [cxt 0] Table 'MyIngress.ipv4_lpm': hit with handle 2
[15:48:34.311] [bmv2] [D] [thread 356] [68.0] [cxt 0] Dumping entry 2
Match key:
* hdr.ipv4.dstAddr    : LPM       00000000/0
Action entry: MyIngress.forward_action - 2,

[15:48:34.311] [bmv2] [D] [thread 356] [68.0] [cxt 0] Action entry is MyIngress.forward_action - 2,
[15:48:34.311] [bmv2] [T] [thread 356] [68.0] [cxt 0] Action MyIngress.forward_action
[15:48:34.311] [bmv2] [T] [thread 356] [68.0] [cxt 0] int-gtp-source.p4(266) Primitive standard_metadata.egress_spec = egress_port
[15:48:34.311] [bmv2] [T] [thread 356] [68.0] [cxt 0] int-gtp-source.p4(308) Condition "meta.should_insert_int == 1" (node_7) is true
[15:48:34.311] [bmv2] [T] [thread 356] [68.0] [cxt 0] Applying table 'tbl_do_insert_int'
[15:48:34.311] [bmv2] [D] [thread 356] [68.0] [cxt 0] Looking up key:

[15:48:34.311] [bmv2] [D] [thread 356] [68.0] [cxt 0] Table 'tbl_do_insert_int': miss
[15:48:34.311] [bmv2] [D] [thread 356] [68.0] [cxt 0] Action entry is MyIngress.do_insert_int -
[15:48:34.311] [bmv2] [T] [thread 356] [68.0] [cxt 0] Action MyIngress.do_insert_int
[15:48:34.311] [bmv2] [T] [thread 356] [68.0] [cxt 0] int-gtp-source.p4(226) Primitive bit<16> original_ether_type = hdr.ethernet.etherType
[15:48:34.311] [bmv2] [T] [thread 356] [68.0] [cxt 0] int-gtp-source.p4(229) Primitive hdr.ethernet.etherType = 0xFA
[15:48:34.311] [bmv2] [T] [thread 356] [68.0] [cxt 0] int-gtp-source.p4(232) Primitive hdr.int_shim.setValid()
[15:48:34.311] [bmv2] [T] [thread 356] [68.0] [cxt 0] int-gtp-source.p4(233) Primitive hdr.int_shim.type = 1
[15:48:34.311] [bmv2] [T] [thread 356] [68.0] [cxt 0] int-gtp-source.p4(234) Primitive hdr.int_shim.reserved = 0
[15:48:34.311] [bmv2] [T] [thread 356] [68.0] [cxt 0] int-gtp-source.p4(235) Primitive hdr.int_shim.length = 44
[15:48:34.311] [bmv2] [T] [thread 356] [68.0] [cxt 0] int-gtp-source.p4(236) Primitive hdr.int_shim.next_proto = original_ether_type
[15:48:34.311] [bmv2] [T] [thread 356] [68.0] [cxt 0] int-gtp-source.p4(239) Primitive hdr.int_header.setValid()
[15:48:34.311] [bmv2] [T] [thread 356] [68.0] [cxt 0] int-gtp-source.p4(240) Primitive hdr.int_header.version = 1
[15:48:34.311] [bmv2] [T] [thread 356] [68.0] [cxt 0] int-gtp-source.p4(241) Primitive hdr.int_header.d = 0
[15:48:34.311] [bmv2] [T] [thread 356] [68.0] [cxt 0] int-gtp-source.p4(242) Primitive hdr.int_header.q = 0
[15:48:34.311] [bmv2] [T] [thread 356] [68.0] [cxt 0] int-gtp-source.p4(243) Primitive hdr.int_header.m = 1
[15:48:34.311] [bmv2] [T] [thread 356] [68.0] [cxt 0] int-gtp-source.p4(244) Primitive hdr.int_header.reserved1 = 0
[15:48:34.311] [bmv2] [T] [thread 356] [68.0] [cxt 0] int-gtp-source.p4(245) Primitive hdr.int_header.hop_ml = 1
[15:48:34.311] [bmv2] [T] [thread 356] [68.0] [cxt 0] int-gtp-source.p4(246) Primitive hdr.int_header.instruction = 0x00FF
[15:48:34.311] [bmv2] [T] [thread 356] [68.0] [cxt 0] int-gtp-source.p4(247) Primitive hdr.int_header.reserved2 = 0
[15:48:34.311] [bmv2] [T] [thread 356] [68.0] [cxt 0] int-gtp-source.p4(248) Primitive hdr.int_header.remaining_hop_cnt = 8 - 1
[15:48:34.311] [bmv2] [T] [thread 356] [68.0] [cxt 0] int-gtp-source.p4(251) Primitive hdr.int_md.setValid()
[15:48:34.311] [bmv2] [T] [thread 356] [68.0] [cxt 0] int-gtp-source.p4(252) Primitive hdr.int_md.padding_switch = 0
[15:48:34.311] [bmv2] [T] [thread 356] [68.0] [cxt 0] int-gtp-source.p4(253) Primitive hdr.int_md.switch_id = (bit<16>)meta.switch_id
[15:48:34.311] [bmv2] [T] [thread 356] [68.0] [cxt 0] int-gtp-source.p4(254) Primitive hdr.int_md.ingress_port_id = (bit<16>)meta.ingress_port
[15:48:34.311] [bmv2] [T] [thread 356] [68.0] [cxt 0] int-gtp-source.p4(255) Primitive hdr.int_md.ingress_timestamp = meta.ingress_ts
[15:48:34.311] [bmv2] [T] [thread 356] [68.0] [cxt 0] int-gtp-source.p4(256) Primitive hdr.int_md.egress_port_id = 0
[15:48:34.311] [bmv2] [T] [thread 356] [68.0] [cxt 0] int-gtp-source.p4(257) Primitive hdr.int_md.hop_latency = 0
[15:48:34.311] [bmv2] [T] [thread 356] [68.0] [cxt 0] int-gtp-source.p4(258) Primitive hdr.int_md.egress_timestamp = 0
[15:48:34.311] [bmv2] [T] [thread 356] [68.0] [cxt 0] int-gtp-source.p4(259) Primitive hdr.int_md.queue_occupancy = 0
[15:48:34.311] [bmv2] [T] [thread 356] [68.0] [cxt 0] int-gtp-source.p4(260) Primitive hdr.int_md.congestion_notification = 0
[15:48:34.311] [bmv2] [T] [thread 356] [68.0] [cxt 0] int-gtp-source.p4(261) Primitive hdr.int_md.reserved1 = 0
[15:48:34.311] [bmv2] [T] [thread 356] [68.0] [cxt 0] int-gtp-source.p4(262) Primitive hdr.int_md.reserved2 = 0
[15:48:34.311] [bmv2] [D] [thread 356] [68.0] [cxt 0] Pipeline 'ingress': end
[15:48:34.311] [bmv2] [D] [thread 356] [68.0] [cxt 0] Egress port is 2
[15:48:34.311] [bmv2] [D] [thread 359] [68.0] [cxt 0] Pipeline 'egress': start
[15:48:34.311] [bmv2] [T] [thread 359] [68.0] [cxt 0] int-gtp-source.p4(330) Condition "hdr.int_shim.isValid()" (node_11) is true
[15:48:34.311] [bmv2] [T] [thread 359] [68.0] [cxt 0] Applying table 'tbl_update_int_metadata'
[15:48:34.311] [bmv2] [D] [thread 359] [68.0] [cxt 0] Looking up key:

[15:48:34.311] [bmv2] [D] [thread 359] [68.0] [cxt 0] Table 'tbl_update_int_metadata': miss
[15:48:34.311] [bmv2] [D] [thread 359] [68.0] [cxt 0] Action entry is MyEgress.update_int_metadata -
[15:48:34.311] [bmv2] [T] [thread 359] [68.0] [cxt 0] Action MyEgress.update_int_metadata
[15:48:34.311] [bmv2] [T] [thread 359] [68.0] [cxt 0] int-gtp-source.p4(321) Primitive if
[15:48:34.311] [bmv2] [T] [thread 359] [68.0] [cxt 0] int-gtp-source.p4(322) Primitive hdr.int_md.egress_port_id = (bit<16>)standard_metadata.egress_port
[15:48:34.311] [bmv2] [T] [thread 359] [68.0] [cxt 0] int-gtp-source.p4(323) Primitive hdr.int_md.egress_timestamp = (bit<32>)standard_metadata.egress_global_timestamp
[15:48:34.311] [bmv2] [T] [thread 359] [68.0] [cxt 0] int-gtp-source.p4(324) Primitive hdr.int_md.hop_latency = hdr.int_md.egress_timestamp - hdr.int_md.ingress_timestamp
[15:48:34.311] [bmv2] [T] [thread 359] [68.0] [cxt 0] int-gtp-source.p4(325) Primitive hdr.int_md.queue_occupancy = (bit<32>)standard_metadata.enq_qdepth
[15:48:34.311] [bmv2] [D] [thread 359] [68.0] [cxt 0] Pipeline 'egress': end
[15:48:34.311] [bmv2] [D] [thread 359] [68.0] [cxt 0] Deparser 'deparser': start
[15:48:34.311] [bmv2] [D] [thread 359] [68.0] [cxt 0] Deparsing header 'ethernet'
[15:48:34.311] [bmv2] [D] [thread 359] [68.0] [cxt 0] Deparsing header 'int_shim'
[15:48:34.311] [bmv2] [D] [thread 359] [68.0] [cxt 0] Deparsing header 'int_header'
[15:48:34.311] [bmv2] [D] [thread 359] [68.0] [cxt 0] Deparsing header 'int_md'
[15:48:34.311] [bmv2] [D] [thread 359] [68.0] [cxt 0] Deparsing header 'ipv4'
[15:48:34.311] [bmv2] [D] [thread 359] [68.0] [cxt 0] Deparsing header 'udp'
[15:48:34.311] [bmv2] [D] [thread 359] [68.0] [cxt 0] Deparsing header 'gtp_u'
[15:48:34.311] [bmv2] [D] [thread 359] [68.0] [cxt 0] Deparser 'deparser': end
[15:48:34.311] [bmv2] [D] [thread 361] [68.0] [cxt 0] Transmitting packet of size 183 out of port 2
[15:48:34.354] [bmv2] [D] [thread 356] [69.0] [cxt 0] Processing packet received on port 2
[15:48:34.354] [bmv2] [D] [thread 356] [69.0] [cxt 0] Parser 'parser': start
[15:48:34.354] [bmv2] [D] [thread 356] [69.0] [cxt 0] Parser 'parser' entering state 'start'
[15:48:34.354] [bmv2] [D] [thread 356] [69.0] [cxt 0] Extracting header 'ethernet'
[15:48:34.354] [bmv2] [D] [thread 356] [69.0] [cxt 0] Parser set: setting field 'scalars.metadata.ingress_port' from field 'standard_metadata.ingress_port' (2)
[15:48:34.354] [bmv2] [D] [thread 356] [69.0] [cxt 0] Parser set: setting field 'scalars.metadata.ingress_ts' from expression, new value is 201805661
[15:48:34.354] [bmv2] [D] [thread 356] [69.0] [cxt 0] Parser set: setting field 'scalars.metadata.is_int_packet' to 0
[15:48:34.354] [bmv2] [D] [thread 356] [69.0] [cxt 0] Parser set: setting field 'scalars.metadata.is_ngap_traffic' to 0
[15:48:34.354] [bmv2] [D] [thread 356] [69.0] [cxt 0] Parser set: setting field 'scalars.metadata.is_gtp_u_traffic' to 0
[15:48:34.354] [bmv2] [D] [thread 356] [69.0] [cxt 0] Parser set: setting field 'scalars.metadata.traffic_type' to 0
[15:48:34.354] [bmv2] [D] [thread 356] [69.0] [cxt 0] Parser set: setting field 'scalars.metadata.should_insert_int' to 0
[15:48:34.354] [bmv2] [D] [thread 356] [69.0] [cxt 0] Parser state 'start': key is 0800
[15:48:34.354] [bmv2] [T] [thread 356] [69.0] [cxt 0] Bytes parsed: 14
[15:48:34.354] [bmv2] [D] [thread 356] [69.0] [cxt 0] Parser 'parser' entering state 'parse_ipv4'
[15:48:34.354] [bmv2] [D] [thread 356] [69.0] [cxt 0] Extracting header 'ipv4'
[15:48:34.355] [bmv2] [D] [thread 356] [69.0] [cxt 0] Parser state 'parse_ipv4': key is 11
[15:48:34.355] [bmv2] [T] [thread 356] [69.0] [cxt 0] Bytes parsed: 34
[15:48:34.355] [bmv2] [D] [thread 356] [69.0] [cxt 0] Parser 'parser' entering state 'parse_udp'
[15:48:34.355] [bmv2] [D] [thread 356] [69.0] [cxt 0] Extracting header 'udp'
[15:48:34.355] [bmv2] [D] [thread 356] [69.0] [cxt 0] Parser set: setting field 'scalars.metadata.transport_src_port' from field 'udp.src_port' (2152)
[15:48:34.355] [bmv2] [D] [thread 356] [69.0] [cxt 0] Parser set: setting field 'scalars.metadata.transport_dst_port' from field 'udp.dst_port' (2152)
[15:48:34.355] [bmv2] [D] [thread 356] [69.0] [cxt 0] Parser set: setting field 'scalars.tmp' from expression, new value is 1
[15:48:34.355] [bmv2] [D] [thread 356] [69.0] [cxt 0] Parser state 'parse_udp': key is 01
[15:48:34.355] [bmv2] [T] [thread 356] [69.0] [cxt 0] Bytes parsed: 42
[15:48:34.355] [bmv2] [D] [thread 356] [69.0] [cxt 0] Parser 'parser' entering state 'parse_gtp_u'
[15:48:34.355] [bmv2] [D] [thread 356] [69.0] [cxt 0] Extracting header 'gtp_u'
[15:48:34.355] [bmv2] [D] [thread 356] [69.0] [cxt 0] Parser set: setting field 'scalars.metadata.is_gtp_u_traffic' to 1
[15:48:34.355] [bmv2] [D] [thread 356] [69.0] [cxt 0] Parser set: setting field 'scalars.metadata.traffic_type' to 2
[15:48:34.355] [bmv2] [D] [thread 356] [69.0] [cxt 0] Parser state 'parse_gtp_u' has no switch, going to default next state
[15:48:34.355] [bmv2] [T] [thread 356] [69.0] [cxt 0] Bytes parsed: 50
[15:48:34.355] [bmv2] [D] [thread 356] [69.0] [cxt 0] Parser 'parser': end
[15:48:34.355] [bmv2] [D] [thread 356] [69.0] [cxt 0] Pipeline 'ingress': start
[15:48:34.355] [bmv2] [T] [thread 356] [69.0] [cxt 0] Applying table 'tbl_intgtpsource295'
[15:48:34.355] [bmv2] [D] [thread 356] [69.0] [cxt 0] Looking up key:

[15:48:34.355] [bmv2] [D] [thread 356] [69.0] [cxt 0] Table 'tbl_intgtpsource295': miss
[15:48:34.355] [bmv2] [D] [thread 356] [69.0] [cxt 0] Action entry is intgtpsource295 -
[15:48:34.355] [bmv2] [T] [thread 356] [69.0] [cxt 0] Action intgtpsource295
[15:48:34.355] [bmv2] [T] [thread 356] [69.0] [cxt 0] int-gtp-source.p4(295) Primitive meta.switch_id = 1
[15:48:34.355] [bmv2] [T] [thread 356] [69.0] [cxt 0] int-gtp-source.p4(297) Condition "hdr.ethernet.isValid() && hdr.ipv4.isValid()" (node_3) is true
[15:48:34.355] [bmv2] [T] [thread 356] [69.0] [cxt 0] int-gtp-source.p4(299) Condition "(hdr.ipv4.protocol == 132 && hdr.sctp.isValid()) || ..." (node_4) is true
[15:48:34.355] [bmv2] [T] [thread 356] [69.0] [cxt 0] Applying table 'MyIngress.int_source_table'
[15:48:34.355] [bmv2] [D] [thread 356] [69.0] [cxt 0] Looking up key:
* meta.traffic_type   : 02

[15:48:34.355] [bmv2] [D] [thread 356] [69.0] [cxt 0] Table 'MyIngress.int_source_table': hit with handle 1
[15:48:34.355] [bmv2] [D] [thread 356] [69.0] [cxt 0] Dumping entry 1
Match key:
* meta.traffic_type   : EXACT     02
Action entry: MyIngress.int_source_action -

[15:48:34.355] [bmv2] [D] [thread 356] [69.0] [cxt 0] Action entry is MyIngress.int_source_action -
[15:48:34.355] [bmv2] [T] [thread 356] [69.0] [cxt 0] Action MyIngress.int_source_action
[15:48:34.355] [bmv2] [T] [thread 356] [69.0] [cxt 0] int-gtp-source.p4(221) Primitive meta.should_insert_int = 1
[15:48:34.355] [bmv2] [T] [thread 356] [69.0] [cxt 0] Applying table 'MyIngress.ipv4_lpm'
[15:48:34.355] [bmv2] [D] [thread 356] [69.0] [cxt 0] Looking up key:
* hdr.ipv4.dstAddr    : ac120a03

[15:48:34.355] [bmv2] [D] [thread 356] [69.0] [cxt 0] Table 'MyIngress.ipv4_lpm': hit with handle 1
[15:48:34.355] [bmv2] [D] [thread 356] [69.0] [cxt 0] Dumping entry 1
Match key:
* hdr.ipv4.dstAddr    : LPM       ac120a03/32
Action entry: MyIngress.forward_action - 1,

[15:48:34.355] [bmv2] [D] [thread 356] [69.0] [cxt 0] Action entry is MyIngress.forward_action - 1,
[15:48:34.355] [bmv2] [T] [thread 356] [69.0] [cxt 0] Action MyIngress.forward_action
[15:48:34.355] [bmv2] [T] [thread 356] [69.0] [cxt 0] int-gtp-source.p4(266) Primitive standard_metadata.egress_spec = egress_port
[15:48:34.355] [bmv2] [T] [thread 356] [69.0] [cxt 0] int-gtp-source.p4(308) Condition "meta.should_insert_int == 1" (node_7) is true
[15:48:34.355] [bmv2] [T] [thread 356] [69.0] [cxt 0] Applying table 'tbl_do_insert_int'
[15:48:34.355] [bmv2] [D] [thread 356] [69.0] [cxt 0] Looking up key:

[15:48:34.355] [bmv2] [D] [thread 356] [69.0] [cxt 0] Table 'tbl_do_insert_int': miss
[15:48:34.355] [bmv2] [D] [thread 356] [69.0] [cxt 0] Action entry is MyIngress.do_insert_int -
[15:48:34.355] [bmv2] [T] [thread 356] [69.0] [cxt 0] Action MyIngress.do_insert_int
[15:48:34.355] [bmv2] [T] [thread 356] [69.0] [cxt 0] int-gtp-source.p4(226) Primitive bit<16> original_ether_type = hdr.ethernet.etherType
[15:48:34.355] [bmv2] [T] [thread 356] [69.0] [cxt 0] int-gtp-source.p4(229) Primitive hdr.ethernet.etherType = 0xFA
[15:48:34.355] [bmv2] [T] [thread 356] [69.0] [cxt 0] int-gtp-source.p4(232) Primitive hdr.int_shim.setValid()
[15:48:34.355] [bmv2] [T] [thread 356] [69.0] [cxt 0] int-gtp-source.p4(233) Primitive hdr.int_shim.type = 1
[15:48:34.355] [bmv2] [T] [thread 356] [69.0] [cxt 0] int-gtp-source.p4(234) Primitive hdr.int_shim.reserved = 0
[15:48:34.355] [bmv2] [T] [thread 356] [69.0] [cxt 0] int-gtp-source.p4(235) Primitive hdr.int_shim.length = 44
[15:48:34.355] [bmv2] [T] [thread 356] [69.0] [cxt 0] int-gtp-source.p4(236) Primitive hdr.int_shim.next_proto = original_ether_type
[15:48:34.355] [bmv2] [T] [thread 356] [69.0] [cxt 0] int-gtp-source.p4(239) Primitive hdr.int_header.setValid()
[15:48:34.355] [bmv2] [T] [thread 356] [69.0] [cxt 0] int-gtp-source.p4(240) Primitive hdr.int_header.version = 1
[15:48:34.355] [bmv2] [T] [thread 356] [69.0] [cxt 0] int-gtp-source.p4(241) Primitive hdr.int_header.d = 0
[15:48:34.355] [bmv2] [T] [thread 356] [69.0] [cxt 0] int-gtp-source.p4(242) Primitive hdr.int_header.q = 0
[15:48:34.355] [bmv2] [T] [thread 356] [69.0] [cxt 0] int-gtp-source.p4(243) Primitive hdr.int_header.m = 1
[15:48:34.355] [bmv2] [T] [thread 356] [69.0] [cxt 0] int-gtp-source.p4(244) Primitive hdr.int_header.reserved1 = 0
[15:48:34.355] [bmv2] [T] [thread 356] [69.0] [cxt 0] int-gtp-source.p4(245) Primitive hdr.int_header.hop_ml = 1
[15:48:34.355] [bmv2] [T] [thread 356] [69.0] [cxt 0] int-gtp-source.p4(246) Primitive hdr.int_header.instruction = 0x00FF
[15:48:34.355] [bmv2] [T] [thread 356] [69.0] [cxt 0] int-gtp-source.p4(247) Primitive hdr.int_header.reserved2 = 0
[15:48:34.355] [bmv2] [T] [thread 356] [69.0] [cxt 0] int-gtp-source.p4(248) Primitive hdr.int_header.remaining_hop_cnt = 8 - 1
[15:48:34.355] [bmv2] [T] [thread 356] [69.0] [cxt 0] int-gtp-source.p4(251) Primitive hdr.int_md.setValid()
[15:48:34.355] [bmv2] [T] [thread 356] [69.0] [cxt 0] int-gtp-source.p4(252) Primitive hdr.int_md.padding_switch = 0
[15:48:34.355] [bmv2] [T] [thread 356] [69.0] [cxt 0] int-gtp-source.p4(253) Primitive hdr.int_md.switch_id = (bit<16>)meta.switch_id
[15:48:34.355] [bmv2] [T] [thread 356] [69.0] [cxt 0] int-gtp-source.p4(254) Primitive hdr.int_md.ingress_port_id = (bit<16>)meta.ingress_port
[15:48:34.355] [bmv2] [T] [thread 356] [69.0] [cxt 0] int-gtp-source.p4(255) Primitive hdr.int_md.ingress_timestamp = meta.ingress_ts
[15:48:34.355] [bmv2] [T] [thread 356] [69.0] [cxt 0] int-gtp-source.p4(256) Primitive hdr.int_md.egress_port_id = 0
[15:48:34.355] [bmv2] [T] [thread 356] [69.0] [cxt 0] int-gtp-source.p4(257) Primitive hdr.int_md.hop_latency = 0
[15:48:34.355] [bmv2] [T] [thread 356] [69.0] [cxt 0] int-gtp-source.p4(258) Primitive hdr.int_md.egress_timestamp = 0
[15:48:34.355] [bmv2] [T] [thread 356] [69.0] [cxt 0] int-gtp-source.p4(259) Primitive hdr.int_md.queue_occupancy = 0
[15:48:34.355] [bmv2] [T] [thread 356] [69.0] [cxt 0] int-gtp-source.p4(260) Primitive hdr.int_md.congestion_notification = 0
[15:48:34.355] [bmv2] [T] [thread 356] [69.0] [cxt 0] int-gtp-source.p4(261) Primitive hdr.int_md.reserved1 = 0
[15:48:34.355] [bmv2] [T] [thread 356] [69.0] [cxt 0] int-gtp-source.p4(262) Primitive hdr.int_md.reserved2 = 0
[15:48:34.355] [bmv2] [D] [thread 356] [69.0] [cxt 0] Pipeline 'ingress': end
[15:48:34.355] [bmv2] [D] [thread 356] [69.0] [cxt 0] Egress port is 1
[15:48:34.355] [bmv2] [D] [thread 358] [69.0] [cxt 0] Pipeline 'egress': start
[15:48:34.355] [bmv2] [T] [thread 358] [69.0] [cxt 0] int-gtp-source.p4(330) Condition "hdr.int_shim.isValid()" (node_11) is true
[15:48:34.355] [bmv2] [T] [thread 358] [69.0] [cxt 0] Applying table 'tbl_update_int_metadata'
[15:48:34.355] [bmv2] [D] [thread 358] [69.0] [cxt 0] Looking up key:

[15:48:34.355] [bmv2] [D] [thread 358] [69.0] [cxt 0] Table 'tbl_update_int_metadata': miss
[15:48:34.355] [bmv2] [D] [thread 358] [69.0] [cxt 0] Action entry is MyEgress.update_int_metadata -
[15:48:34.355] [bmv2] [T] [thread 358] [69.0] [cxt 0] Action MyEgress.update_int_metadata
[15:48:34.355] [bmv2] [T] [thread 358] [69.0] [cxt 0] int-gtp-source.p4(321) Primitive if
[15:48:34.355] [bmv2] [T] [thread 358] [69.0] [cxt 0] int-gtp-source.p4(322) Primitive hdr.int_md.egress_port_id = (bit<16>)standard_metadata.egress_port
[15:48:34.355] [bmv2] [T] [thread 358] [69.0] [cxt 0] int-gtp-source.p4(323) Primitive hdr.int_md.egress_timestamp = (bit<32>)standard_metadata.egress_global_timestamp
[15:48:34.355] [bmv2] [T] [thread 358] [69.0] [cxt 0] int-gtp-source.p4(324) Primitive hdr.int_md.hop_latency = hdr.int_md.egress_timestamp - hdr.int_md.ingress_timestamp
[15:48:34.355] [bmv2] [T] [thread 358] [69.0] [cxt 0] int-gtp-source.p4(325) Primitive hdr.int_md.queue_occupancy = (bit<32>)standard_metadata.enq_qdepth
[15:48:34.355] [bmv2] [D] [thread 358] [69.0] [cxt 0] Pipeline 'egress': end
[15:48:34.355] [bmv2] [D] [thread 358] [69.0] [cxt 0] Deparser 'deparser': start
[15:48:34.355] [bmv2] [D] [thread 358] [69.0] [cxt 0] Deparsing header 'ethernet'
[15:48:34.355] [bmv2] [D] [thread 358] [69.0] [cxt 0] Deparsing header 'int_shim'
[15:48:34.355] [bmv2] [D] [thread 358] [69.0] [cxt 0] Deparsing header 'int_header'
[15:48:34.355] [bmv2] [D] [thread 358] [69.0] [cxt 0] Deparsing header 'int_md'
[15:48:34.355] [bmv2] [D] [thread 358] [69.0] [cxt 0] Deparsing header 'ipv4'
[15:48:34.355] [bmv2] [D] [thread 358] [69.0] [cxt 0] Deparsing header 'udp'
[15:48:34.355] [bmv2] [D] [thread 358] [69.0] [cxt 0] Deparsing header 'gtp_u'
[15:48:34.355] [bmv2] [D] [thread 358] [69.0] [cxt 0] Deparser 'deparser': end
[15:48:34.355] [bmv2] [D] [thread 361] [69.0] [cxt 0] Transmitting packet of size 183 out of port 1
[15:48:35.328] [bmv2] [D] [thread 356] [70.0] [cxt 0] Processing packet received on port 1
[15:48:35.328] [bmv2] [D] [thread 356] [70.0] [cxt 0] Parser 'parser': start
[15:48:35.329] [bmv2] [D] [thread 356] [70.0] [cxt 0] Parser 'parser' entering state 'start'
[15:48:35.329] [bmv2] [D] [thread 356] [70.0] [cxt 0] Extracting header 'ethernet'
[15:48:35.329] [bmv2] [D] [thread 356] [70.0] [cxt 0] Parser set: setting field 'scalars.metadata.ingress_port' from field 'standard_metadata.ingress_port' (1)
[15:48:35.329] [bmv2] [D] [thread 356] [70.0] [cxt 0] Parser set: setting field 'scalars.metadata.ingress_ts' from expression, new value is 202779748
[15:48:35.329] [bmv2] [D] [thread 356] [70.0] [cxt 0] Parser set: setting field 'scalars.metadata.is_int_packet' to 0
[15:48:35.329] [bmv2] [D] [thread 356] [70.0] [cxt 0] Parser set: setting field 'scalars.metadata.is_ngap_traffic' to 0
[15:48:35.329] [bmv2] [D] [thread 356] [70.0] [cxt 0] Parser set: setting field 'scalars.metadata.is_gtp_u_traffic' to 0
[15:48:35.329] [bmv2] [D] [thread 356] [70.0] [cxt 0] Parser set: setting field 'scalars.metadata.traffic_type' to 0
[15:48:35.329] [bmv2] [D] [thread 356] [70.0] [cxt 0] Parser set: setting field 'scalars.metadata.should_insert_int' to 0
[15:48:35.329] [bmv2] [D] [thread 356] [70.0] [cxt 0] Parser state 'start': key is 0800
[15:48:35.329] [bmv2] [T] [thread 356] [70.0] [cxt 0] Bytes parsed: 14
[15:48:35.329] [bmv2] [D] [thread 356] [70.0] [cxt 0] Parser 'parser' entering state 'parse_ipv4'
[15:48:35.329] [bmv2] [D] [thread 356] [70.0] [cxt 0] Extracting header 'ipv4'
[15:48:35.329] [bmv2] [D] [thread 356] [70.0] [cxt 0] Parser state 'parse_ipv4': key is 11
[15:48:35.329] [bmv2] [T] [thread 356] [70.0] [cxt 0] Bytes parsed: 34
[15:48:35.329] [bmv2] [D] [thread 356] [70.0] [cxt 0] Parser 'parser' entering state 'parse_udp'
[15:48:35.329] [bmv2] [D] [thread 356] [70.0] [cxt 0] Extracting header 'udp'
[15:48:35.329] [bmv2] [D] [thread 356] [70.0] [cxt 0] Parser set: setting field 'scalars.metadata.transport_src_port' from field 'udp.src_port' (2152)
[15:48:35.329] [bmv2] [D] [thread 356] [70.0] [cxt 0] Parser set: setting field 'scalars.metadata.transport_dst_port' from field 'udp.dst_port' (2152)
[15:48:35.329] [bmv2] [D] [thread 356] [70.0] [cxt 0] Parser set: setting field 'scalars.tmp' from expression, new value is 1
[15:48:35.329] [bmv2] [D] [thread 356] [70.0] [cxt 0] Parser state 'parse_udp': key is 01
[15:48:35.329] [bmv2] [T] [thread 356] [70.0] [cxt 0] Bytes parsed: 42
[15:48:35.329] [bmv2] [D] [thread 356] [70.0] [cxt 0] Parser 'parser' entering state 'parse_gtp_u'
[15:48:35.329] [bmv2] [D] [thread 356] [70.0] [cxt 0] Extracting header 'gtp_u'
[15:48:35.329] [bmv2] [D] [thread 356] [70.0] [cxt 0] Parser set: setting field 'scalars.metadata.is_gtp_u_traffic' to 1
[15:48:35.329] [bmv2] [D] [thread 356] [70.0] [cxt 0] Parser set: setting field 'scalars.metadata.traffic_type' to 2
[15:48:35.329] [bmv2] [D] [thread 356] [70.0] [cxt 0] Parser state 'parse_gtp_u' has no switch, going to default next state
[15:48:35.329] [bmv2] [T] [thread 356] [70.0] [cxt 0] Bytes parsed: 50
[15:48:35.329] [bmv2] [D] [thread 356] [70.0] [cxt 0] Parser 'parser': end
[15:48:35.329] [bmv2] [D] [thread 356] [70.0] [cxt 0] Pipeline 'ingress': start
[15:48:35.329] [bmv2] [T] [thread 356] [70.0] [cxt 0] Applying table 'tbl_intgtpsource295'
[15:48:35.329] [bmv2] [D] [thread 356] [70.0] [cxt 0] Looking up key:

[15:48:35.329] [bmv2] [D] [thread 356] [70.0] [cxt 0] Table 'tbl_intgtpsource295': miss
[15:48:35.329] [bmv2] [D] [thread 356] [70.0] [cxt 0] Action entry is intgtpsource295 -
[15:48:35.329] [bmv2] [T] [thread 356] [70.0] [cxt 0] Action intgtpsource295
[15:48:35.329] [bmv2] [T] [thread 356] [70.0] [cxt 0] int-gtp-source.p4(295) Primitive meta.switch_id = 1
[15:48:35.329] [bmv2] [T] [thread 356] [70.0] [cxt 0] int-gtp-source.p4(297) Condition "hdr.ethernet.isValid() && hdr.ipv4.isValid()" (node_3) is true
[15:48:35.329] [bmv2] [T] [thread 356] [70.0] [cxt 0] int-gtp-source.p4(299) Condition "(hdr.ipv4.protocol == 132 && hdr.sctp.isValid()) || ..." (node_4) is true
[15:48:35.329] [bmv2] [T] [thread 356] [70.0] [cxt 0] Applying table 'MyIngress.int_source_table'
[15:48:35.329] [bmv2] [D] [thread 356] [70.0] [cxt 0] Looking up key:
* meta.traffic_type   : 02

[15:48:35.329] [bmv2] [D] [thread 356] [70.0] [cxt 0] Table 'MyIngress.int_source_table': hit with handle 1
[15:48:35.329] [bmv2] [D] [thread 356] [70.0] [cxt 0] Dumping entry 1
Match key:
* meta.traffic_type   : EXACT     02
Action entry: MyIngress.int_source_action -

[15:48:35.329] [bmv2] [D] [thread 356] [70.0] [cxt 0] Action entry is MyIngress.int_source_action -
[15:48:35.329] [bmv2] [T] [thread 356] [70.0] [cxt 0] Action MyIngress.int_source_action
[15:48:35.329] [bmv2] [T] [thread 356] [70.0] [cxt 0] int-gtp-source.p4(221) Primitive meta.should_insert_int = 1
[15:48:35.329] [bmv2] [T] [thread 356] [70.0] [cxt 0] Applying table 'MyIngress.ipv4_lpm'
[15:48:35.329] [bmv2] [D] [thread 356] [70.0] [cxt 0] Looking up key:
* hdr.ipv4.dstAddr    : ac120018

[15:48:35.329] [bmv2] [D] [thread 356] [70.0] [cxt 0] Table 'MyIngress.ipv4_lpm': hit with handle 2
[15:48:35.329] [bmv2] [D] [thread 356] [70.0] [cxt 0] Dumping entry 2
Match key:
* hdr.ipv4.dstAddr    : LPM       00000000/0
Action entry: MyIngress.forward_action - 2,

[15:48:35.329] [bmv2] [D] [thread 356] [70.0] [cxt 0] Action entry is MyIngress.forward_action - 2,
[15:48:35.329] [bmv2] [T] [thread 356] [70.0] [cxt 0] Action MyIngress.forward_action
[15:48:35.329] [bmv2] [T] [thread 356] [70.0] [cxt 0] int-gtp-source.p4(266) Primitive standard_metadata.egress_spec = egress_port
[15:48:35.329] [bmv2] [T] [thread 356] [70.0] [cxt 0] int-gtp-source.p4(308) Condition "meta.should_insert_int == 1" (node_7) is true
[15:48:35.329] [bmv2] [T] [thread 356] [70.0] [cxt 0] Applying table 'tbl_do_insert_int'
[15:48:35.329] [bmv2] [D] [thread 356] [70.0] [cxt 0] Looking up key:

[15:48:35.329] [bmv2] [D] [thread 356] [70.0] [cxt 0] Table 'tbl_do_insert_int': miss
[15:48:35.329] [bmv2] [D] [thread 356] [70.0] [cxt 0] Action entry is MyIngress.do_insert_int -
[15:48:35.329] [bmv2] [T] [thread 356] [70.0] [cxt 0] Action MyIngress.do_insert_int
[15:48:35.329] [bmv2] [T] [thread 356] [70.0] [cxt 0] int-gtp-source.p4(226) Primitive bit<16> original_ether_type = hdr.ethernet.etherType
[15:48:35.329] [bmv2] [T] [thread 356] [70.0] [cxt 0] int-gtp-source.p4(229) Primitive hdr.ethernet.etherType = 0xFA
[15:48:35.329] [bmv2] [T] [thread 356] [70.0] [cxt 0] int-gtp-source.p4(232) Primitive hdr.int_shim.setValid()
[15:48:35.329] [bmv2] [T] [thread 356] [70.0] [cxt 0] int-gtp-source.p4(233) Primitive hdr.int_shim.type = 1
[15:48:35.329] [bmv2] [T] [thread 356] [70.0] [cxt 0] int-gtp-source.p4(234) Primitive hdr.int_shim.reserved = 0
[15:48:35.329] [bmv2] [T] [thread 356] [70.0] [cxt 0] int-gtp-source.p4(235) Primitive hdr.int_shim.length = 44
[15:48:35.329] [bmv2] [T] [thread 356] [70.0] [cxt 0] int-gtp-source.p4(236) Primitive hdr.int_shim.next_proto = original_ether_type
[15:48:35.329] [bmv2] [T] [thread 356] [70.0] [cxt 0] int-gtp-source.p4(239) Primitive hdr.int_header.setValid()
[15:48:35.329] [bmv2] [T] [thread 356] [70.0] [cxt 0] int-gtp-source.p4(240) Primitive hdr.int_header.version = 1
[15:48:35.329] [bmv2] [T] [thread 356] [70.0] [cxt 0] int-gtp-source.p4(241) Primitive hdr.int_header.d = 0
[15:48:35.329] [bmv2] [T] [thread 356] [70.0] [cxt 0] int-gtp-source.p4(242) Primitive hdr.int_header.q = 0
[15:48:35.329] [bmv2] [T] [thread 356] [70.0] [cxt 0] int-gtp-source.p4(243) Primitive hdr.int_header.m = 1
[15:48:35.329] [bmv2] [T] [thread 356] [70.0] [cxt 0] int-gtp-source.p4(244) Primitive hdr.int_header.reserved1 = 0
[15:48:35.329] [bmv2] [T] [thread 356] [70.0] [cxt 0] int-gtp-source.p4(245) Primitive hdr.int_header.hop_ml = 1
[15:48:35.329] [bmv2] [T] [thread 356] [70.0] [cxt 0] int-gtp-source.p4(246) Primitive hdr.int_header.instruction = 0x00FF
[15:48:35.329] [bmv2] [T] [thread 356] [70.0] [cxt 0] int-gtp-source.p4(247) Primitive hdr.int_header.reserved2 = 0
[15:48:35.329] [bmv2] [T] [thread 356] [70.0] [cxt 0] int-gtp-source.p4(248) Primitive hdr.int_header.remaining_hop_cnt = 8 - 1
[15:48:35.329] [bmv2] [T] [thread 356] [70.0] [cxt 0] int-gtp-source.p4(251) Primitive hdr.int_md.setValid()
[15:48:35.329] [bmv2] [T] [thread 356] [70.0] [cxt 0] int-gtp-source.p4(252) Primitive hdr.int_md.padding_switch = 0
[15:48:35.329] [bmv2] [T] [thread 356] [70.0] [cxt 0] int-gtp-source.p4(253) Primitive hdr.int_md.switch_id = (bit<16>)meta.switch_id
[15:48:35.329] [bmv2] [T] [thread 356] [70.0] [cxt 0] int-gtp-source.p4(254) Primitive hdr.int_md.ingress_port_id = (bit<16>)meta.ingress_port
[15:48:35.329] [bmv2] [T] [thread 356] [70.0] [cxt 0] int-gtp-source.p4(255) Primitive hdr.int_md.ingress_timestamp = meta.ingress_ts
[15:48:35.329] [bmv2] [T] [thread 356] [70.0] [cxt 0] int-gtp-source.p4(256) Primitive hdr.int_md.egress_port_id = 0
[15:48:35.329] [bmv2] [T] [thread 356] [70.0] [cxt 0] int-gtp-source.p4(257) Primitive hdr.int_md.hop_latency = 0
[15:48:35.329] [bmv2] [T] [thread 356] [70.0] [cxt 0] int-gtp-source.p4(258) Primitive hdr.int_md.egress_timestamp = 0
[15:48:35.329] [bmv2] [T] [thread 356] [70.0] [cxt 0] int-gtp-source.p4(259) Primitive hdr.int_md.queue_occupancy = 0
[15:48:35.329] [bmv2] [T] [thread 356] [70.0] [cxt 0] int-gtp-source.p4(260) Primitive hdr.int_md.congestion_notification = 0
[15:48:35.329] [bmv2] [T] [thread 356] [70.0] [cxt 0] int-gtp-source.p4(261) Primitive hdr.int_md.reserved1 = 0
[15:48:35.329] [bmv2] [T] [thread 356] [70.0] [cxt 0] int-gtp-source.p4(262) Primitive hdr.int_md.reserved2 = 0
[15:48:35.329] [bmv2] [D] [thread 356] [70.0] [cxt 0] Pipeline 'ingress': end
[15:48:35.329] [bmv2] [D] [thread 356] [70.0] [cxt 0] Egress port is 2
[15:48:35.329] [bmv2] [D] [thread 359] [70.0] [cxt 0] Pipeline 'egress': start
[15:48:35.329] [bmv2] [T] [thread 359] [70.0] [cxt 0] int-gtp-source.p4(330) Condition "hdr.int_shim.isValid()" (node_11) is true
[15:48:35.329] [bmv2] [T] [thread 359] [70.0] [cxt 0] Applying table 'tbl_update_int_metadata'
[15:48:35.329] [bmv2] [D] [thread 359] [70.0] [cxt 0] Looking up key:

[15:48:35.329] [bmv2] [D] [thread 359] [70.0] [cxt 0] Table 'tbl_update_int_metadata': miss
[15:48:35.329] [bmv2] [D] [thread 359] [70.0] [cxt 0] Action entry is MyEgress.update_int_metadata -
[15:48:35.329] [bmv2] [T] [thread 359] [70.0] [cxt 0] Action MyEgress.update_int_metadata
[15:48:35.329] [bmv2] [T] [thread 359] [70.0] [cxt 0] int-gtp-source.p4(321) Primitive if
[15:48:35.329] [bmv2] [T] [thread 359] [70.0] [cxt 0] int-gtp-source.p4(322) Primitive hdr.int_md.egress_port_id = (bit<16>)standard_metadata.egress_port
[15:48:35.329] [bmv2] [T] [thread 359] [70.0] [cxt 0] int-gtp-source.p4(323) Primitive hdr.int_md.egress_timestamp = (bit<32>)standard_metadata.egress_global_timestamp
[15:48:35.329] [bmv2] [T] [thread 359] [70.0] [cxt 0] int-gtp-source.p4(324) Primitive hdr.int_md.hop_latency = hdr.int_md.egress_timestamp - hdr.int_md.ingress_timestamp
[15:48:35.329] [bmv2] [T] [thread 359] [70.0] [cxt 0] int-gtp-source.p4(325) Primitive hdr.int_md.queue_occupancy = (bit<32>)standard_metadata.enq_qdepth
[15:48:35.329] [bmv2] [D] [thread 359] [70.0] [cxt 0] Pipeline 'egress': end
[15:48:35.329] [bmv2] [D] [thread 359] [70.0] [cxt 0] Deparser 'deparser': start
[15:48:35.329] [bmv2] [D] [thread 359] [70.0] [cxt 0] Deparsing header 'ethernet'
[15:48:35.329] [bmv2] [D] [thread 359] [70.0] [cxt 0] Deparsing header 'int_shim'
[15:48:35.329] [bmv2] [D] [thread 359] [70.0] [cxt 0] Deparsing header 'int_header'
[15:48:35.329] [bmv2] [D] [thread 359] [70.0] [cxt 0] Deparsing header 'int_md'
[15:48:35.329] [bmv2] [D] [thread 359] [70.0] [cxt 0] Deparsing header 'ipv4'
[15:48:35.329] [bmv2] [D] [thread 359] [70.0] [cxt 0] Deparsing header 'udp'
[15:48:35.329] [bmv2] [D] [thread 359] [70.0] [cxt 0] Deparsing header 'gtp_u'
[15:48:35.329] [bmv2] [D] [thread 359] [70.0] [cxt 0] Deparser 'deparser': end
[15:48:35.329] [bmv2] [D] [thread 361] [70.0] [cxt 0] Transmitting packet of size 183 out of port 2
[15:48:35.387] [bmv2] [D] [thread 356] [71.0] [cxt 0] Processing packet received on port 2
[15:48:35.387] [bmv2] [D] [thread 356] [71.0] [cxt 0] Parser 'parser': start
[15:48:35.387] [bmv2] [D] [thread 356] [71.0] [cxt 0] Parser 'parser' entering state 'start'
[15:48:35.387] [bmv2] [D] [thread 356] [71.0] [cxt 0] Extracting header 'ethernet'
[15:48:35.387] [bmv2] [D] [thread 356] [71.0] [cxt 0] Parser set: setting field 'scalars.metadata.ingress_port' from field 'standard_metadata.ingress_port' (2)
[15:48:35.387] [bmv2] [D] [thread 356] [71.0] [cxt 0] Parser set: setting field 'scalars.metadata.ingress_ts' from expression, new value is 202837703
[15:48:35.387] [bmv2] [D] [thread 356] [71.0] [cxt 0] Parser set: setting field 'scalars.metadata.is_int_packet' to 0
[15:48:35.387] [bmv2] [D] [thread 356] [71.0] [cxt 0] Parser set: setting field 'scalars.metadata.is_ngap_traffic' to 0
[15:48:35.387] [bmv2] [D] [thread 356] [71.0] [cxt 0] Parser set: setting field 'scalars.metadata.is_gtp_u_traffic' to 0
[15:48:35.387] [bmv2] [D] [thread 356] [71.0] [cxt 0] Parser set: setting field 'scalars.metadata.traffic_type' to 0
[15:48:35.387] [bmv2] [D] [thread 356] [71.0] [cxt 0] Parser set: setting field 'scalars.metadata.should_insert_int' to 0
[15:48:35.387] [bmv2] [D] [thread 356] [71.0] [cxt 0] Parser state 'start': key is 0800
[15:48:35.387] [bmv2] [T] [thread 356] [71.0] [cxt 0] Bytes parsed: 14
[15:48:35.387] [bmv2] [D] [thread 356] [71.0] [cxt 0] Parser 'parser' entering state 'parse_ipv4'
[15:48:35.387] [bmv2] [D] [thread 356] [71.0] [cxt 0] Extracting header 'ipv4'
[15:48:35.387] [bmv2] [D] [thread 356] [71.0] [cxt 0] Parser state 'parse_ipv4': key is 11
[15:48:35.387] [bmv2] [T] [thread 356] [71.0] [cxt 0] Bytes parsed: 34
[15:48:35.387] [bmv2] [D] [thread 356] [71.0] [cxt 0] Parser 'parser' entering state 'parse_udp'
[15:48:35.387] [bmv2] [D] [thread 356] [71.0] [cxt 0] Extracting header 'udp'
[15:48:35.387] [bmv2] [D] [thread 356] [71.0] [cxt 0] Parser set: setting field 'scalars.metadata.transport_src_port' from field 'udp.src_port' (2152)
[15:48:35.387] [bmv2] [D] [thread 356] [71.0] [cxt 0] Parser set: setting field 'scalars.metadata.transport_dst_port' from field 'udp.dst_port' (2152)
[15:48:35.387] [bmv2] [D] [thread 356] [71.0] [cxt 0] Parser set: setting field 'scalars.tmp' from expression, new value is 1
[15:48:35.387] [bmv2] [D] [thread 356] [71.0] [cxt 0] Parser state 'parse_udp': key is 01
[15:48:35.387] [bmv2] [T] [thread 356] [71.0] [cxt 0] Bytes parsed: 42
[15:48:35.387] [bmv2] [D] [thread 356] [71.0] [cxt 0] Parser 'parser' entering state 'parse_gtp_u'
[15:48:35.387] [bmv2] [D] [thread 356] [71.0] [cxt 0] Extracting header 'gtp_u'
[15:48:35.387] [bmv2] [D] [thread 356] [71.0] [cxt 0] Parser set: setting field 'scalars.metadata.is_gtp_u_traffic' to 1
[15:48:35.387] [bmv2] [D] [thread 356] [71.0] [cxt 0] Parser set: setting field 'scalars.metadata.traffic_type' to 2
[15:48:35.387] [bmv2] [D] [thread 356] [71.0] [cxt 0] Parser state 'parse_gtp_u' has no switch, going to default next state
[15:48:35.387] [bmv2] [T] [thread 356] [71.0] [cxt 0] Bytes parsed: 50
[15:48:35.387] [bmv2] [D] [thread 356] [71.0] [cxt 0] Parser 'parser': end
[15:48:35.387] [bmv2] [D] [thread 356] [71.0] [cxt 0] Pipeline 'ingress': start
[15:48:35.387] [bmv2] [T] [thread 356] [71.0] [cxt 0] Applying table 'tbl_intgtpsource295'
[15:48:35.387] [bmv2] [D] [thread 356] [71.0] [cxt 0] Looking up key:

[15:48:35.387] [bmv2] [D] [thread 356] [71.0] [cxt 0] Table 'tbl_intgtpsource295': miss
[15:48:35.387] [bmv2] [D] [thread 356] [71.0] [cxt 0] Action entry is intgtpsource295 -
[15:48:35.387] [bmv2] [T] [thread 356] [71.0] [cxt 0] Action intgtpsource295
[15:48:35.387] [bmv2] [T] [thread 356] [71.0] [cxt 0] int-gtp-source.p4(295) Primitive meta.switch_id = 1
[15:48:35.387] [bmv2] [T] [thread 356] [71.0] [cxt 0] int-gtp-source.p4(297) Condition "hdr.ethernet.isValid() && hdr.ipv4.isValid()" (node_3) is true
[15:48:35.387] [bmv2] [T] [thread 356] [71.0] [cxt 0] int-gtp-source.p4(299) Condition "(hdr.ipv4.protocol == 132 && hdr.sctp.isValid()) || ..." (node_4) is true
[15:48:35.387] [bmv2] [T] [thread 356] [71.0] [cxt 0] Applying table 'MyIngress.int_source_table'
[15:48:35.387] [bmv2] [D] [thread 356] [71.0] [cxt 0] Looking up key:
* meta.traffic_type   : 02

[15:48:35.387] [bmv2] [D] [thread 356] [71.0] [cxt 0] Table 'MyIngress.int_source_table': hit with handle 1
[15:48:35.387] [bmv2] [D] [thread 356] [71.0] [cxt 0] Dumping entry 1
Match key:
* meta.traffic_type   : EXACT     02
Action entry: MyIngress.int_source_action -

[15:48:35.387] [bmv2] [D] [thread 356] [71.0] [cxt 0] Action entry is MyIngress.int_source_action -
[15:48:35.387] [bmv2] [T] [thread 356] [71.0] [cxt 0] Action MyIngress.int_source_action
[15:48:35.387] [bmv2] [T] [thread 356] [71.0] [cxt 0] int-gtp-source.p4(221) Primitive meta.should_insert_int = 1
[15:48:35.387] [bmv2] [T] [thread 356] [71.0] [cxt 0] Applying table 'MyIngress.ipv4_lpm'
[15:48:35.387] [bmv2] [D] [thread 356] [71.0] [cxt 0] Looking up key:
* hdr.ipv4.dstAddr    : ac120a03

[15:48:35.387] [bmv2] [D] [thread 356] [71.0] [cxt 0] Table 'MyIngress.ipv4_lpm': hit with handle 1
[15:48:35.387] [bmv2] [D] [thread 356] [71.0] [cxt 0] Dumping entry 1
Match key:
* hdr.ipv4.dstAddr    : LPM       ac120a03/32
Action entry: MyIngress.forward_action - 1,

[15:48:35.387] [bmv2] [D] [thread 356] [71.0] [cxt 0] Action entry is MyIngress.forward_action - 1,
[15:48:35.387] [bmv2] [T] [thread 356] [71.0] [cxt 0] Action MyIngress.forward_action
[15:48:35.387] [bmv2] [T] [thread 356] [71.0] [cxt 0] int-gtp-source.p4(266) Primitive standard_metadata.egress_spec = egress_port
[15:48:35.387] [bmv2] [T] [thread 356] [71.0] [cxt 0] int-gtp-source.p4(308) Condition "meta.should_insert_int == 1" (node_7) is true
[15:48:35.387] [bmv2] [T] [thread 356] [71.0] [cxt 0] Applying table 'tbl_do_insert_int'
[15:48:35.387] [bmv2] [D] [thread 356] [71.0] [cxt 0] Looking up key:

[15:48:35.387] [bmv2] [D] [thread 356] [71.0] [cxt 0] Table 'tbl_do_insert_int': miss
[15:48:35.387] [bmv2] [D] [thread 356] [71.0] [cxt 0] Action entry is MyIngress.do_insert_int -
[15:48:35.387] [bmv2] [T] [thread 356] [71.0] [cxt 0] Action MyIngress.do_insert_int
[15:48:35.387] [bmv2] [T] [thread 356] [71.0] [cxt 0] int-gtp-source.p4(226) Primitive bit<16> original_ether_type = hdr.ethernet.etherType
[15:48:35.387] [bmv2] [T] [thread 356] [71.0] [cxt 0] int-gtp-source.p4(229) Primitive hdr.ethernet.etherType = 0xFA
[15:48:35.387] [bmv2] [T] [thread 356] [71.0] [cxt 0] int-gtp-source.p4(232) Primitive hdr.int_shim.setValid()
[15:48:35.387] [bmv2] [T] [thread 356] [71.0] [cxt 0] int-gtp-source.p4(233) Primitive hdr.int_shim.type = 1
[15:48:35.387] [bmv2] [T] [thread 356] [71.0] [cxt 0] int-gtp-source.p4(234) Primitive hdr.int_shim.reserved = 0
[15:48:35.387] [bmv2] [T] [thread 356] [71.0] [cxt 0] int-gtp-source.p4(235) Primitive hdr.int_shim.length = 44
[15:48:35.387] [bmv2] [T] [thread 356] [71.0] [cxt 0] int-gtp-source.p4(236) Primitive hdr.int_shim.next_proto = original_ether_type
[15:48:35.387] [bmv2] [T] [thread 356] [71.0] [cxt 0] int-gtp-source.p4(239) Primitive hdr.int_header.setValid()
[15:48:35.387] [bmv2] [T] [thread 356] [71.0] [cxt 0] int-gtp-source.p4(240) Primitive hdr.int_header.version = 1
[15:48:35.387] [bmv2] [T] [thread 356] [71.0] [cxt 0] int-gtp-source.p4(241) Primitive hdr.int_header.d = 0
[15:48:35.387] [bmv2] [T] [thread 356] [71.0] [cxt 0] int-gtp-source.p4(242) Primitive hdr.int_header.q = 0
[15:48:35.387] [bmv2] [T] [thread 356] [71.0] [cxt 0] int-gtp-source.p4(243) Primitive hdr.int_header.m = 1
[15:48:35.387] [bmv2] [T] [thread 356] [71.0] [cxt 0] int-gtp-source.p4(244) Primitive hdr.int_header.reserved1 = 0
[15:48:35.388] [bmv2] [T] [thread 356] [71.0] [cxt 0] int-gtp-source.p4(245) Primitive hdr.int_header.hop_ml = 1
[15:48:35.388] [bmv2] [T] [thread 356] [71.0] [cxt 0] int-gtp-source.p4(246) Primitive hdr.int_header.instruction = 0x00FF
[15:48:35.388] [bmv2] [T] [thread 356] [71.0] [cxt 0] int-gtp-source.p4(247) Primitive hdr.int_header.reserved2 = 0
[15:48:35.388] [bmv2] [T] [thread 356] [71.0] [cxt 0] int-gtp-source.p4(248) Primitive hdr.int_header.remaining_hop_cnt = 8 - 1
[15:48:35.388] [bmv2] [T] [thread 356] [71.0] [cxt 0] int-gtp-source.p4(251) Primitive hdr.int_md.setValid()
[15:48:35.388] [bmv2] [T] [thread 356] [71.0] [cxt 0] int-gtp-source.p4(252) Primitive hdr.int_md.padding_switch = 0
[15:48:35.388] [bmv2] [T] [thread 356] [71.0] [cxt 0] int-gtp-source.p4(253) Primitive hdr.int_md.switch_id = (bit<16>)meta.switch_id
[15:48:35.388] [bmv2] [T] [thread 356] [71.0] [cxt 0] int-gtp-source.p4(254) Primitive hdr.int_md.ingress_port_id = (bit<16>)meta.ingress_port
[15:48:35.388] [bmv2] [T] [thread 356] [71.0] [cxt 0] int-gtp-source.p4(255) Primitive hdr.int_md.ingress_timestamp = meta.ingress_ts
[15:48:35.388] [bmv2] [T] [thread 356] [71.0] [cxt 0] int-gtp-source.p4(256) Primitive hdr.int_md.egress_port_id = 0
[15:48:35.388] [bmv2] [T] [thread 356] [71.0] [cxt 0] int-gtp-source.p4(257) Primitive hdr.int_md.hop_latency = 0
[15:48:35.388] [bmv2] [T] [thread 356] [71.0] [cxt 0] int-gtp-source.p4(258) Primitive hdr.int_md.egress_timestamp = 0
[15:48:35.388] [bmv2] [T] [thread 356] [71.0] [cxt 0] int-gtp-source.p4(259) Primitive hdr.int_md.queue_occupancy = 0
[15:48:35.388] [bmv2] [T] [thread 356] [71.0] [cxt 0] int-gtp-source.p4(260) Primitive hdr.int_md.congestion_notification = 0
[15:48:35.388] [bmv2] [T] [thread 356] [71.0] [cxt 0] int-gtp-source.p4(261) Primitive hdr.int_md.reserved1 = 0
[15:48:35.388] [bmv2] [T] [thread 356] [71.0] [cxt 0] int-gtp-source.p4(262) Primitive hdr.int_md.reserved2 = 0
[15:48:35.388] [bmv2] [D] [thread 356] [71.0] [cxt 0] Pipeline 'ingress': end
[15:48:35.388] [bmv2] [D] [thread 356] [71.0] [cxt 0] Egress port is 1
[15:48:35.388] [bmv2] [D] [thread 358] [71.0] [cxt 0] Pipeline 'egress': start
[15:48:35.388] [bmv2] [T] [thread 358] [71.0] [cxt 0] int-gtp-source.p4(330) Condition "hdr.int_shim.isValid()" (node_11) is true
[15:48:35.388] [bmv2] [T] [thread 358] [71.0] [cxt 0] Applying table 'tbl_update_int_metadata'
[15:48:35.388] [bmv2] [D] [thread 358] [71.0] [cxt 0] Looking up key:

[15:48:35.388] [bmv2] [D] [thread 358] [71.0] [cxt 0] Table 'tbl_update_int_metadata': miss
[15:48:35.388] [bmv2] [D] [thread 358] [71.0] [cxt 0] Action entry is MyEgress.update_int_metadata -
[15:48:35.388] [bmv2] [T] [thread 358] [71.0] [cxt 0] Action MyEgress.update_int_metadata
[15:48:35.388] [bmv2] [T] [thread 358] [71.0] [cxt 0] int-gtp-source.p4(321) Primitive if
[15:48:35.388] [bmv2] [T] [thread 358] [71.0] [cxt 0] int-gtp-source.p4(322) Primitive hdr.int_md.egress_port_id = (bit<16>)standard_metadata.egress_port
[15:48:35.388] [bmv2] [T] [thread 358] [71.0] [cxt 0] int-gtp-source.p4(323) Primitive hdr.int_md.egress_timestamp = (bit<32>)standard_metadata.egress_global_timestamp
[15:48:35.388] [bmv2] [T] [thread 358] [71.0] [cxt 0] int-gtp-source.p4(324) Primitive hdr.int_md.hop_latency = hdr.int_md.egress_timestamp - hdr.int_md.ingress_timestamp
[15:48:35.388] [bmv2] [T] [thread 358] [71.0] [cxt 0] int-gtp-source.p4(325) Primitive hdr.int_md.queue_occupancy = (bit<32>)standard_metadata.enq_qdepth
[15:48:35.388] [bmv2] [D] [thread 358] [71.0] [cxt 0] Pipeline 'egress': end
[15:48:35.388] [bmv2] [D] [thread 358] [71.0] [cxt 0] Deparser 'deparser': start
[15:48:35.388] [bmv2] [D] [thread 358] [71.0] [cxt 0] Deparsing header 'ethernet'
[15:48:35.388] [bmv2] [D] [thread 358] [71.0] [cxt 0] Deparsing header 'int_shim'
[15:48:35.388] [bmv2] [D] [thread 358] [71.0] [cxt 0] Deparsing header 'int_header'
[15:48:35.388] [bmv2] [D] [thread 358] [71.0] [cxt 0] Deparsing header 'int_md'
[15:48:35.388] [bmv2] [D] [thread 358] [71.0] [cxt 0] Deparsing header 'ipv4'
[15:48:35.388] [bmv2] [D] [thread 358] [71.0] [cxt 0] Deparsing header 'udp'
[15:48:35.388] [bmv2] [D] [thread 358] [71.0] [cxt 0] Deparsing header 'gtp_u'
[15:48:35.388] [bmv2] [D] [thread 358] [71.0] [cxt 0] Deparser 'deparser': end
[15:48:35.389] [bmv2] [D] [thread 361] [71.0] [cxt 0] Transmitting packet of size 183 out of port 1
[15:48:36.356] [bmv2] [D] [thread 356] [72.0] [cxt 0] Processing packet received on port 1
[15:48:36.356] [bmv2] [D] [thread 356] [72.0] [cxt 0] Parser 'parser': start
[15:48:36.356] [bmv2] [D] [thread 356] [72.0] [cxt 0] Parser 'parser' entering state 'start'
[15:48:36.356] [bmv2] [D] [thread 356] [72.0] [cxt 0] Extracting header 'ethernet'
[15:48:36.356] [bmv2] [D] [thread 356] [72.0] [cxt 0] Parser set: setting field 'scalars.metadata.ingress_port' from field 'standard_metadata.ingress_port' (1)
[15:48:36.356] [bmv2] [D] [thread 356] [72.0] [cxt 0] Parser set: setting field 'scalars.metadata.ingress_ts' from expression, new value is 203807353
[15:48:36.356] [bmv2] [D] [thread 356] [72.0] [cxt 0] Parser set: setting field 'scalars.metadata.is_int_packet' to 0
[15:48:36.356] [bmv2] [D] [thread 356] [72.0] [cxt 0] Parser set: setting field 'scalars.metadata.is_ngap_traffic' to 0
[15:48:36.356] [bmv2] [D] [thread 356] [72.0] [cxt 0] Parser set: setting field 'scalars.metadata.is_gtp_u_traffic' to 0
[15:48:36.356] [bmv2] [D] [thread 356] [72.0] [cxt 0] Parser set: setting field 'scalars.metadata.traffic_type' to 0
[15:48:36.356] [bmv2] [D] [thread 356] [72.0] [cxt 0] Parser set: setting field 'scalars.metadata.should_insert_int' to 0
[15:48:36.356] [bmv2] [D] [thread 356] [72.0] [cxt 0] Parser state 'start': key is 0800
[15:48:36.356] [bmv2] [T] [thread 356] [72.0] [cxt 0] Bytes parsed: 14
[15:48:36.356] [bmv2] [D] [thread 356] [72.0] [cxt 0] Parser 'parser' entering state 'parse_ipv4'
[15:48:36.356] [bmv2] [D] [thread 356] [72.0] [cxt 0] Extracting header 'ipv4'
[15:48:36.356] [bmv2] [D] [thread 356] [72.0] [cxt 0] Parser state 'parse_ipv4': key is 11
[15:48:36.356] [bmv2] [T] [thread 356] [72.0] [cxt 0] Bytes parsed: 34
[15:48:36.356] [bmv2] [D] [thread 356] [72.0] [cxt 0] Parser 'parser' entering state 'parse_udp'
[15:48:36.356] [bmv2] [D] [thread 356] [72.0] [cxt 0] Extracting header 'udp'
[15:48:36.356] [bmv2] [D] [thread 356] [72.0] [cxt 0] Parser set: setting field 'scalars.metadata.transport_src_port' from field 'udp.src_port' (2152)
[15:48:36.356] [bmv2] [D] [thread 356] [72.0] [cxt 0] Parser set: setting field 'scalars.metadata.transport_dst_port' from field 'udp.dst_port' (2152)
[15:48:36.356] [bmv2] [D] [thread 356] [72.0] [cxt 0] Parser set: setting field 'scalars.tmp' from expression, new value is 1
[15:48:36.356] [bmv2] [D] [thread 356] [72.0] [cxt 0] Parser state 'parse_udp': key is 01
[15:48:36.356] [bmv2] [T] [thread 356] [72.0] [cxt 0] Bytes parsed: 42
[15:48:36.356] [bmv2] [D] [thread 356] [72.0] [cxt 0] Parser 'parser' entering state 'parse_gtp_u'
[15:48:36.356] [bmv2] [D] [thread 356] [72.0] [cxt 0] Extracting header 'gtp_u'
[15:48:36.356] [bmv2] [D] [thread 356] [72.0] [cxt 0] Parser set: setting field 'scalars.metadata.is_gtp_u_traffic' to 1
[15:48:36.356] [bmv2] [D] [thread 356] [72.0] [cxt 0] Parser set: setting field 'scalars.metadata.traffic_type' to 2
[15:48:36.356] [bmv2] [D] [thread 356] [72.0] [cxt 0] Parser state 'parse_gtp_u' has no switch, going to default next state
[15:48:36.356] [bmv2] [T] [thread 356] [72.0] [cxt 0] Bytes parsed: 50
[15:48:36.356] [bmv2] [D] [thread 356] [72.0] [cxt 0] Parser 'parser': end
[15:48:36.356] [bmv2] [D] [thread 356] [72.0] [cxt 0] Pipeline 'ingress': start
[15:48:36.356] [bmv2] [T] [thread 356] [72.0] [cxt 0] Applying table 'tbl_intgtpsource295'
[15:48:36.356] [bmv2] [D] [thread 356] [72.0] [cxt 0] Looking up key:

[15:48:36.356] [bmv2] [D] [thread 356] [72.0] [cxt 0] Table 'tbl_intgtpsource295': miss
[15:48:36.356] [bmv2] [D] [thread 356] [72.0] [cxt 0] Action entry is intgtpsource295 -
[15:48:36.356] [bmv2] [T] [thread 356] [72.0] [cxt 0] Action intgtpsource295
[15:48:36.356] [bmv2] [T] [thread 356] [72.0] [cxt 0] int-gtp-source.p4(295) Primitive meta.switch_id = 1
[15:48:36.356] [bmv2] [T] [thread 356] [72.0] [cxt 0] int-gtp-source.p4(297) Condition "hdr.ethernet.isValid() && hdr.ipv4.isValid()" (node_3) is true
[15:48:36.357] [bmv2] [T] [thread 356] [72.0] [cxt 0] int-gtp-source.p4(299) Condition "(hdr.ipv4.protocol == 132 && hdr.sctp.isValid()) || ..." (node_4) is true
[15:48:36.357] [bmv2] [T] [thread 356] [72.0] [cxt 0] Applying table 'MyIngress.int_source_table'
[15:48:36.357] [bmv2] [D] [thread 356] [72.0] [cxt 0] Looking up key:
* meta.traffic_type   : 02

[15:48:36.357] [bmv2] [D] [thread 356] [72.0] [cxt 0] Table 'MyIngress.int_source_table': hit with handle 1
[15:48:36.357] [bmv2] [D] [thread 356] [72.0] [cxt 0] Dumping entry 1
Match key:
* meta.traffic_type   : EXACT     02
Action entry: MyIngress.int_source_action -

[15:48:36.357] [bmv2] [D] [thread 356] [72.0] [cxt 0] Action entry is MyIngress.int_source_action -
[15:48:36.357] [bmv2] [T] [thread 356] [72.0] [cxt 0] Action MyIngress.int_source_action
[15:48:36.357] [bmv2] [T] [thread 356] [72.0] [cxt 0] int-gtp-source.p4(221) Primitive meta.should_insert_int = 1
[15:48:36.357] [bmv2] [T] [thread 356] [72.0] [cxt 0] Applying table 'MyIngress.ipv4_lpm'
[15:48:36.357] [bmv2] [D] [thread 356] [72.0] [cxt 0] Looking up key:
* hdr.ipv4.dstAddr    : ac120018

[15:48:36.357] [bmv2] [D] [thread 356] [72.0] [cxt 0] Table 'MyIngress.ipv4_lpm': hit with handle 2
[15:48:36.357] [bmv2] [D] [thread 356] [72.0] [cxt 0] Dumping entry 2
Match key:
* hdr.ipv4.dstAddr    : LPM       00000000/0
Action entry: MyIngress.forward_action - 2,

[15:48:36.357] [bmv2] [D] [thread 356] [72.0] [cxt 0] Action entry is MyIngress.forward_action - 2,
[15:48:36.357] [bmv2] [T] [thread 356] [72.0] [cxt 0] Action MyIngress.forward_action
[15:48:36.357] [bmv2] [T] [thread 356] [72.0] [cxt 0] int-gtp-source.p4(266) Primitive standard_metadata.egress_spec = egress_port
[15:48:36.357] [bmv2] [T] [thread 356] [72.0] [cxt 0] int-gtp-source.p4(308) Condition "meta.should_insert_int == 1" (node_7) is true
[15:48:36.357] [bmv2] [T] [thread 356] [72.0] [cxt 0] Applying table 'tbl_do_insert_int'
[15:48:36.357] [bmv2] [D] [thread 356] [72.0] [cxt 0] Looking up key:

[15:48:36.357] [bmv2] [D] [thread 356] [72.0] [cxt 0] Table 'tbl_do_insert_int': miss
[15:48:36.357] [bmv2] [D] [thread 356] [72.0] [cxt 0] Action entry is MyIngress.do_insert_int -
[15:48:36.357] [bmv2] [T] [thread 356] [72.0] [cxt 0] Action MyIngress.do_insert_int
[15:48:36.357] [bmv2] [T] [thread 356] [72.0] [cxt 0] int-gtp-source.p4(226) Primitive bit<16> original_ether_type = hdr.ethernet.etherType
[15:48:36.357] [bmv2] [T] [thread 356] [72.0] [cxt 0] int-gtp-source.p4(229) Primitive hdr.ethernet.etherType = 0xFA
[15:48:36.357] [bmv2] [T] [thread 356] [72.0] [cxt 0] int-gtp-source.p4(232) Primitive hdr.int_shim.setValid()
[15:48:36.357] [bmv2] [T] [thread 356] [72.0] [cxt 0] int-gtp-source.p4(233) Primitive hdr.int_shim.type = 1
[15:48:36.357] [bmv2] [T] [thread 356] [72.0] [cxt 0] int-gtp-source.p4(234) Primitive hdr.int_shim.reserved = 0
[15:48:36.357] [bmv2] [T] [thread 356] [72.0] [cxt 0] int-gtp-source.p4(235) Primitive hdr.int_shim.length = 44
[15:48:36.357] [bmv2] [T] [thread 356] [72.0] [cxt 0] int-gtp-source.p4(236) Primitive hdr.int_shim.next_proto = original_ether_type
[15:48:36.357] [bmv2] [T] [thread 356] [72.0] [cxt 0] int-gtp-source.p4(239) Primitive hdr.int_header.setValid()
[15:48:36.357] [bmv2] [T] [thread 356] [72.0] [cxt 0] int-gtp-source.p4(240) Primitive hdr.int_header.version = 1
[15:48:36.357] [bmv2] [T] [thread 356] [72.0] [cxt 0] int-gtp-source.p4(241) Primitive hdr.int_header.d = 0
[15:48:36.357] [bmv2] [T] [thread 356] [72.0] [cxt 0] int-gtp-source.p4(242) Primitive hdr.int_header.q = 0
[15:48:36.357] [bmv2] [T] [thread 356] [72.0] [cxt 0] int-gtp-source.p4(243) Primitive hdr.int_header.m = 1
[15:48:36.357] [bmv2] [T] [thread 356] [72.0] [cxt 0] int-gtp-source.p4(244) Primitive hdr.int_header.reserved1 = 0
[15:48:36.357] [bmv2] [T] [thread 356] [72.0] [cxt 0] int-gtp-source.p4(245) Primitive hdr.int_header.hop_ml = 1
[15:48:36.357] [bmv2] [T] [thread 356] [72.0] [cxt 0] int-gtp-source.p4(246) Primitive hdr.int_header.instruction = 0x00FF
[15:48:36.357] [bmv2] [T] [thread 356] [72.0] [cxt 0] int-gtp-source.p4(247) Primitive hdr.int_header.reserved2 = 0
[15:48:36.357] [bmv2] [T] [thread 356] [72.0] [cxt 0] int-gtp-source.p4(248) Primitive hdr.int_header.remaining_hop_cnt = 8 - 1
[15:48:36.357] [bmv2] [T] [thread 356] [72.0] [cxt 0] int-gtp-source.p4(251) Primitive hdr.int_md.setValid()
[15:48:36.357] [bmv2] [T] [thread 356] [72.0] [cxt 0] int-gtp-source.p4(252) Primitive hdr.int_md.padding_switch = 0
[15:48:36.357] [bmv2] [T] [thread 356] [72.0] [cxt 0] int-gtp-source.p4(253) Primitive hdr.int_md.switch_id = (bit<16>)meta.switch_id
[15:48:36.357] [bmv2] [T] [thread 356] [72.0] [cxt 0] int-gtp-source.p4(254) Primitive hdr.int_md.ingress_port_id = (bit<16>)meta.ingress_port
[15:48:36.357] [bmv2] [T] [thread 356] [72.0] [cxt 0] int-gtp-source.p4(255) Primitive hdr.int_md.ingress_timestamp = meta.ingress_ts
[15:48:36.357] [bmv2] [T] [thread 356] [72.0] [cxt 0] int-gtp-source.p4(256) Primitive hdr.int_md.egress_port_id = 0
[15:48:36.357] [bmv2] [T] [thread 356] [72.0] [cxt 0] int-gtp-source.p4(257) Primitive hdr.int_md.hop_latency = 0
[15:48:36.357] [bmv2] [T] [thread 356] [72.0] [cxt 0] int-gtp-source.p4(258) Primitive hdr.int_md.egress_timestamp = 0
[15:48:36.357] [bmv2] [T] [thread 356] [72.0] [cxt 0] int-gtp-source.p4(259) Primitive hdr.int_md.queue_occupancy = 0
[15:48:36.357] [bmv2] [T] [thread 356] [72.0] [cxt 0] int-gtp-source.p4(260) Primitive hdr.int_md.congestion_notification = 0
[15:48:36.357] [bmv2] [T] [thread 356] [72.0] [cxt 0] int-gtp-source.p4(261) Primitive hdr.int_md.reserved1 = 0
[15:48:36.357] [bmv2] [T] [thread 356] [72.0] [cxt 0] int-gtp-source.p4(262) Primitive hdr.int_md.reserved2 = 0
[15:48:36.357] [bmv2] [D] [thread 356] [72.0] [cxt 0] Pipeline 'ingress': end
[15:48:36.357] [bmv2] [D] [thread 356] [72.0] [cxt 0] Egress port is 2
[15:48:36.357] [bmv2] [D] [thread 359] [72.0] [cxt 0] Pipeline 'egress': start
[15:48:36.357] [bmv2] [T] [thread 359] [72.0] [cxt 0] int-gtp-source.p4(330) Condition "hdr.int_shim.isValid()" (node_11) is true
[15:48:36.357] [bmv2] [T] [thread 359] [72.0] [cxt 0] Applying table 'tbl_update_int_metadata'
[15:48:36.357] [bmv2] [D] [thread 359] [72.0] [cxt 0] Looking up key:

[15:48:36.357] [bmv2] [D] [thread 359] [72.0] [cxt 0] Table 'tbl_update_int_metadata': miss
[15:48:36.357] [bmv2] [D] [thread 359] [72.0] [cxt 0] Action entry is MyEgress.update_int_metadata -
[15:48:36.357] [bmv2] [T] [thread 359] [72.0] [cxt 0] Action MyEgress.update_int_metadata
[15:48:36.357] [bmv2] [T] [thread 359] [72.0] [cxt 0] int-gtp-source.p4(321) Primitive if
[15:48:36.357] [bmv2] [T] [thread 359] [72.0] [cxt 0] int-gtp-source.p4(322) Primitive hdr.int_md.egress_port_id = (bit<16>)standard_metadata.egress_port
[15:48:36.357] [bmv2] [T] [thread 359] [72.0] [cxt 0] int-gtp-source.p4(323) Primitive hdr.int_md.egress_timestamp = (bit<32>)standard_metadata.egress_global_timestamp
[15:48:36.357] [bmv2] [T] [thread 359] [72.0] [cxt 0] int-gtp-source.p4(324) Primitive hdr.int_md.hop_latency = hdr.int_md.egress_timestamp - hdr.int_md.ingress_timestamp
[15:48:36.357] [bmv2] [T] [thread 359] [72.0] [cxt 0] int-gtp-source.p4(325) Primitive hdr.int_md.queue_occupancy = (bit<32>)standard_metadata.enq_qdepth
[15:48:36.357] [bmv2] [D] [thread 359] [72.0] [cxt 0] Pipeline 'egress': end
[15:48:36.357] [bmv2] [D] [thread 359] [72.0] [cxt 0] Deparser 'deparser': start
[15:48:36.357] [bmv2] [D] [thread 359] [72.0] [cxt 0] Deparsing header 'ethernet'
[15:48:36.357] [bmv2] [D] [thread 359] [72.0] [cxt 0] Deparsing header 'int_shim'
[15:48:36.357] [bmv2] [D] [thread 359] [72.0] [cxt 0] Deparsing header 'int_header'
[15:48:36.357] [bmv2] [D] [thread 359] [72.0] [cxt 0] Deparsing header 'int_md'
[15:48:36.357] [bmv2] [D] [thread 359] [72.0] [cxt 0] Deparsing header 'ipv4'
[15:48:36.357] [bmv2] [D] [thread 359] [72.0] [cxt 0] Deparsing header 'udp'
[15:48:36.357] [bmv2] [D] [thread 359] [72.0] [cxt 0] Deparsing header 'gtp_u'
[15:48:36.357] [bmv2] [D] [thread 359] [72.0] [cxt 0] Deparser 'deparser': end
[15:48:36.357] [bmv2] [D] [thread 361] [72.0] [cxt 0] Transmitting packet of size 183 out of port 2
[15:48:36.396] [bmv2] [D] [thread 356] [73.0] [cxt 0] Processing packet received on port 2
[15:48:36.396] [bmv2] [D] [thread 356] [73.0] [cxt 0] Parser 'parser': start
[15:48:36.396] [bmv2] [D] [thread 356] [73.0] [cxt 0] Parser 'parser' entering state 'start'
[15:48:36.396] [bmv2] [D] [thread 356] [73.0] [cxt 0] Extracting header 'ethernet'
[15:48:36.396] [bmv2] [D] [thread 356] [73.0] [cxt 0] Parser set: setting field 'scalars.metadata.ingress_port' from field 'standard_metadata.ingress_port' (2)
[15:48:36.396] [bmv2] [D] [thread 356] [73.0] [cxt 0] Parser set: setting field 'scalars.metadata.ingress_ts' from expression, new value is 203846845
[15:48:36.396] [bmv2] [D] [thread 356] [73.0] [cxt 0] Parser set: setting field 'scalars.metadata.is_int_packet' to 0
[15:48:36.396] [bmv2] [D] [thread 356] [73.0] [cxt 0] Parser set: setting field 'scalars.metadata.is_ngap_traffic' to 0
[15:48:36.396] [bmv2] [D] [thread 356] [73.0] [cxt 0] Parser set: setting field 'scalars.metadata.is_gtp_u_traffic' to 0
[15:48:36.396] [bmv2] [D] [thread 356] [73.0] [cxt 0] Parser set: setting field 'scalars.metadata.traffic_type' to 0
[15:48:36.396] [bmv2] [D] [thread 356] [73.0] [cxt 0] Parser set: setting field 'scalars.metadata.should_insert_int' to 0
[15:48:36.396] [bmv2] [D] [thread 356] [73.0] [cxt 0] Parser state 'start': key is 0800
[15:48:36.396] [bmv2] [T] [thread 356] [73.0] [cxt 0] Bytes parsed: 14
[15:48:36.396] [bmv2] [D] [thread 356] [73.0] [cxt 0] Parser 'parser' entering state 'parse_ipv4'
[15:48:36.396] [bmv2] [D] [thread 356] [73.0] [cxt 0] Extracting header 'ipv4'
[15:48:36.396] [bmv2] [D] [thread 356] [73.0] [cxt 0] Parser state 'parse_ipv4': key is 11
[15:48:36.396] [bmv2] [T] [thread 356] [73.0] [cxt 0] Bytes parsed: 34
[15:48:36.396] [bmv2] [D] [thread 356] [73.0] [cxt 0] Parser 'parser' entering state 'parse_udp'
[15:48:36.396] [bmv2] [D] [thread 356] [73.0] [cxt 0] Extracting header 'udp'
[15:48:36.396] [bmv2] [D] [thread 356] [73.0] [cxt 0] Parser set: setting field 'scalars.metadata.transport_src_port' from field 'udp.src_port' (2152)
[15:48:36.396] [bmv2] [D] [thread 356] [73.0] [cxt 0] Parser set: setting field 'scalars.metadata.transport_dst_port' from field 'udp.dst_port' (2152)
[15:48:36.396] [bmv2] [D] [thread 356] [73.0] [cxt 0] Parser set: setting field 'scalars.tmp' from expression, new value is 1
[15:48:36.396] [bmv2] [D] [thread 356] [73.0] [cxt 0] Parser state 'parse_udp': key is 01
[15:48:36.396] [bmv2] [T] [thread 356] [73.0] [cxt 0] Bytes parsed: 42
[15:48:36.396] [bmv2] [D] [thread 356] [73.0] [cxt 0] Parser 'parser' entering state 'parse_gtp_u'
[15:48:36.396] [bmv2] [D] [thread 356] [73.0] [cxt 0] Extracting header 'gtp_u'
[15:48:36.396] [bmv2] [D] [thread 356] [73.0] [cxt 0] Parser set: setting field 'scalars.metadata.is_gtp_u_traffic' to 1
[15:48:36.396] [bmv2] [D] [thread 356] [73.0] [cxt 0] Parser set: setting field 'scalars.metadata.traffic_type' to 2
[15:48:36.396] [bmv2] [D] [thread 356] [73.0] [cxt 0] Parser state 'parse_gtp_u' has no switch, going to default next state
[15:48:36.396] [bmv2] [T] [thread 356] [73.0] [cxt 0] Bytes parsed: 50
[15:48:36.396] [bmv2] [D] [thread 356] [73.0] [cxt 0] Parser 'parser': end
[15:48:36.396] [bmv2] [D] [thread 356] [73.0] [cxt 0] Pipeline 'ingress': start
[15:48:36.396] [bmv2] [T] [thread 356] [73.0] [cxt 0] Applying table 'tbl_intgtpsource295'
[15:48:36.396] [bmv2] [D] [thread 356] [73.0] [cxt 0] Looking up key:

[15:48:36.396] [bmv2] [D] [thread 356] [73.0] [cxt 0] Table 'tbl_intgtpsource295': miss
[15:48:36.396] [bmv2] [D] [thread 356] [73.0] [cxt 0] Action entry is intgtpsource295 -
[15:48:36.396] [bmv2] [T] [thread 356] [73.0] [cxt 0] Action intgtpsource295
[15:48:36.396] [bmv2] [T] [thread 356] [73.0] [cxt 0] int-gtp-source.p4(295) Primitive meta.switch_id = 1
[15:48:36.396] [bmv2] [T] [thread 356] [73.0] [cxt 0] int-gtp-source.p4(297) Condition "hdr.ethernet.isValid() && hdr.ipv4.isValid()" (node_3) is true
[15:48:36.396] [bmv2] [T] [thread 356] [73.0] [cxt 0] int-gtp-source.p4(299) Condition "(hdr.ipv4.protocol == 132 && hdr.sctp.isValid()) || ..." (node_4) is true
[15:48:36.396] [bmv2] [T] [thread 356] [73.0] [cxt 0] Applying table 'MyIngress.int_source_table'
[15:48:36.396] [bmv2] [D] [thread 356] [73.0] [cxt 0] Looking up key:
* meta.traffic_type   : 02

[15:48:36.396] [bmv2] [D] [thread 356] [73.0] [cxt 0] Table 'MyIngress.int_source_table': hit with handle 1
[15:48:36.396] [bmv2] [D] [thread 356] [73.0] [cxt 0] Dumping entry 1
Match key:
* meta.traffic_type   : EXACT     02
Action entry: MyIngress.int_source_action -

[15:48:36.396] [bmv2] [D] [thread 356] [73.0] [cxt 0] Action entry is MyIngress.int_source_action -
[15:48:36.396] [bmv2] [T] [thread 356] [73.0] [cxt 0] Action MyIngress.int_source_action
[15:48:36.396] [bmv2] [T] [thread 356] [73.0] [cxt 0] int-gtp-source.p4(221) Primitive meta.should_insert_int = 1
[15:48:36.396] [bmv2] [T] [thread 356] [73.0] [cxt 0] Applying table 'MyIngress.ipv4_lpm'
[15:48:36.396] [bmv2] [D] [thread 356] [73.0] [cxt 0] Looking up key:
* hdr.ipv4.dstAddr    : ac120a03

[15:48:36.396] [bmv2] [D] [thread 356] [73.0] [cxt 0] Table 'MyIngress.ipv4_lpm': hit with handle 1
[15:48:36.396] [bmv2] [D] [thread 356] [73.0] [cxt 0] Dumping entry 1
Match key:
* hdr.ipv4.dstAddr    : LPM       ac120a03/32
Action entry: MyIngress.forward_action - 1,

[15:48:36.396] [bmv2] [D] [thread 356] [73.0] [cxt 0] Action entry is MyIngress.forward_action - 1,
[15:48:36.396] [bmv2] [T] [thread 356] [73.0] [cxt 0] Action MyIngress.forward_action
[15:48:36.396] [bmv2] [T] [thread 356] [73.0] [cxt 0] int-gtp-source.p4(266) Primitive standard_metadata.egress_spec = egress_port
[15:48:36.396] [bmv2] [T] [thread 356] [73.0] [cxt 0] int-gtp-source.p4(308) Condition "meta.should_insert_int == 1" (node_7) is true
[15:48:36.396] [bmv2] [T] [thread 356] [73.0] [cxt 0] Applying table 'tbl_do_insert_int'
[15:48:36.396] [bmv2] [D] [thread 356] [73.0] [cxt 0] Looking up key:

[15:48:36.396] [bmv2] [D] [thread 356] [73.0] [cxt 0] Table 'tbl_do_insert_int': miss
[15:48:36.396] [bmv2] [D] [thread 356] [73.0] [cxt 0] Action entry is MyIngress.do_insert_int -
[15:48:36.396] [bmv2] [T] [thread 356] [73.0] [cxt 0] Action MyIngress.do_insert_int
[15:48:36.396] [bmv2] [T] [thread 356] [73.0] [cxt 0] int-gtp-source.p4(226) Primitive bit<16> original_ether_type = hdr.ethernet.etherType
[15:48:36.396] [bmv2] [T] [thread 356] [73.0] [cxt 0] int-gtp-source.p4(229) Primitive hdr.ethernet.etherType = 0xFA
[15:48:36.396] [bmv2] [T] [thread 356] [73.0] [cxt 0] int-gtp-source.p4(232) Primitive hdr.int_shim.setValid()
[15:48:36.396] [bmv2] [T] [thread 356] [73.0] [cxt 0] int-gtp-source.p4(233) Primitive hdr.int_shim.type = 1
[15:48:36.396] [bmv2] [T] [thread 356] [73.0] [cxt 0] int-gtp-source.p4(234) Primitive hdr.int_shim.reserved = 0
[15:48:36.396] [bmv2] [T] [thread 356] [73.0] [cxt 0] int-gtp-source.p4(235) Primitive hdr.int_shim.length = 44
[15:48:36.396] [bmv2] [T] [thread 356] [73.0] [cxt 0] int-gtp-source.p4(236) Primitive hdr.int_shim.next_proto = original_ether_type
[15:48:36.396] [bmv2] [T] [thread 356] [73.0] [cxt 0] int-gtp-source.p4(239) Primitive hdr.int_header.setValid()
[15:48:36.396] [bmv2] [T] [thread 356] [73.0] [cxt 0] int-gtp-source.p4(240) Primitive hdr.int_header.version = 1
[15:48:36.396] [bmv2] [T] [thread 356] [73.0] [cxt 0] int-gtp-source.p4(241) Primitive hdr.int_header.d = 0
[15:48:36.396] [bmv2] [T] [thread 356] [73.0] [cxt 0] int-gtp-source.p4(242) Primitive hdr.int_header.q = 0
[15:48:36.396] [bmv2] [T] [thread 356] [73.0] [cxt 0] int-gtp-source.p4(243) Primitive hdr.int_header.m = 1
[15:48:36.396] [bmv2] [T] [thread 356] [73.0] [cxt 0] int-gtp-source.p4(244) Primitive hdr.int_header.reserved1 = 0
[15:48:36.396] [bmv2] [T] [thread 356] [73.0] [cxt 0] int-gtp-source.p4(245) Primitive hdr.int_header.hop_ml = 1
[15:48:36.396] [bmv2] [T] [thread 356] [73.0] [cxt 0] int-gtp-source.p4(246) Primitive hdr.int_header.instruction = 0x00FF
[15:48:36.396] [bmv2] [T] [thread 356] [73.0] [cxt 0] int-gtp-source.p4(247) Primitive hdr.int_header.reserved2 = 0
[15:48:36.396] [bmv2] [T] [thread 356] [73.0] [cxt 0] int-gtp-source.p4(248) Primitive hdr.int_header.remaining_hop_cnt = 8 - 1
[15:48:36.396] [bmv2] [T] [thread 356] [73.0] [cxt 0] int-gtp-source.p4(251) Primitive hdr.int_md.setValid()
[15:48:36.396] [bmv2] [T] [thread 356] [73.0] [cxt 0] int-gtp-source.p4(252) Primitive hdr.int_md.padding_switch = 0
[15:48:36.396] [bmv2] [T] [thread 356] [73.0] [cxt 0] int-gtp-source.p4(253) Primitive hdr.int_md.switch_id = (bit<16>)meta.switch_id
[15:48:36.396] [bmv2] [T] [thread 356] [73.0] [cxt 0] int-gtp-source.p4(254) Primitive hdr.int_md.ingress_port_id = (bit<16>)meta.ingress_port
[15:48:36.396] [bmv2] [T] [thread 356] [73.0] [cxt 0] int-gtp-source.p4(255) Primitive hdr.int_md.ingress_timestamp = meta.ingress_ts
[15:48:36.396] [bmv2] [T] [thread 356] [73.0] [cxt 0] int-gtp-source.p4(256) Primitive hdr.int_md.egress_port_id = 0
[15:48:36.396] [bmv2] [T] [thread 356] [73.0] [cxt 0] int-gtp-source.p4(257) Primitive hdr.int_md.hop_latency = 0
[15:48:36.396] [bmv2] [T] [thread 356] [73.0] [cxt 0] int-gtp-source.p4(258) Primitive hdr.int_md.egress_timestamp = 0
[15:48:36.396] [bmv2] [T] [thread 356] [73.0] [cxt 0] int-gtp-source.p4(259) Primitive hdr.int_md.queue_occupancy = 0
[15:48:36.396] [bmv2] [T] [thread 356] [73.0] [cxt 0] int-gtp-source.p4(260) Primitive hdr.int_md.congestion_notification = 0
[15:48:36.396] [bmv2] [T] [thread 356] [73.0] [cxt 0] int-gtp-source.p4(261) Primitive hdr.int_md.reserved1 = 0
[15:48:36.396] [bmv2] [T] [thread 356] [73.0] [cxt 0] int-gtp-source.p4(262) Primitive hdr.int_md.reserved2 = 0
[15:48:36.396] [bmv2] [D] [thread 356] [73.0] [cxt 0] Pipeline 'ingress': end
[15:48:36.396] [bmv2] [D] [thread 356] [73.0] [cxt 0] Egress port is 1
[15:48:36.396] [bmv2] [D] [thread 358] [73.0] [cxt 0] Pipeline 'egress': start
[15:48:36.396] [bmv2] [T] [thread 358] [73.0] [cxt 0] int-gtp-source.p4(330) Condition "hdr.int_shim.isValid()" (node_11) is true
[15:48:36.396] [bmv2] [T] [thread 358] [73.0] [cxt 0] Applying table 'tbl_update_int_metadata'
[15:48:36.396] [bmv2] [D] [thread 358] [73.0] [cxt 0] Looking up key:

[15:48:36.396] [bmv2] [D] [thread 358] [73.0] [cxt 0] Table 'tbl_update_int_metadata': miss
[15:48:36.396] [bmv2] [D] [thread 358] [73.0] [cxt 0] Action entry is MyEgress.update_int_metadata -
[15:48:36.396] [bmv2] [T] [thread 358] [73.0] [cxt 0] Action MyEgress.update_int_metadata
[15:48:36.396] [bmv2] [T] [thread 358] [73.0] [cxt 0] int-gtp-source.p4(321) Primitive if
[15:48:36.396] [bmv2] [T] [thread 358] [73.0] [cxt 0] int-gtp-source.p4(322) Primitive hdr.int_md.egress_port_id = (bit<16>)standard_metadata.egress_port
[15:48:36.396] [bmv2] [T] [thread 358] [73.0] [cxt 0] int-gtp-source.p4(323) Primitive hdr.int_md.egress_timestamp = (bit<32>)standard_metadata.egress_global_timestamp
[15:48:36.396] [bmv2] [T] [thread 358] [73.0] [cxt 0] int-gtp-source.p4(324) Primitive hdr.int_md.hop_latency = hdr.int_md.egress_timestamp - hdr.int_md.ingress_timestamp
[15:48:36.396] [bmv2] [T] [thread 358] [73.0] [cxt 0] int-gtp-source.p4(325) Primitive hdr.int_md.queue_occupancy = (bit<32>)standard_metadata.enq_qdepth
[15:48:36.396] [bmv2] [D] [thread 358] [73.0] [cxt 0] Pipeline 'egress': end
[15:48:36.396] [bmv2] [D] [thread 358] [73.0] [cxt 0] Deparser 'deparser': start
[15:48:36.396] [bmv2] [D] [thread 358] [73.0] [cxt 0] Deparsing header 'ethernet'
[15:48:36.396] [bmv2] [D] [thread 358] [73.0] [cxt 0] Deparsing header 'int_shim'
[15:48:36.396] [bmv2] [D] [thread 358] [73.0] [cxt 0] Deparsing header 'int_header'
[15:48:36.396] [bmv2] [D] [thread 358] [73.0] [cxt 0] Deparsing header 'int_md'
[15:48:36.396] [bmv2] [D] [thread 358] [73.0] [cxt 0] Deparsing header 'ipv4'
[15:48:36.396] [bmv2] [D] [thread 358] [73.0] [cxt 0] Deparsing header 'udp'
[15:48:36.396] [bmv2] [D] [thread 358] [73.0] [cxt 0] Deparsing header 'gtp_u'
[15:48:36.396] [bmv2] [D] [thread 358] [73.0] [cxt 0] Deparser 'deparser': end
[15:48:36.396] [bmv2] [D] [thread 361] [73.0] [cxt 0] Transmitting packet of size 183 out of port 1
[15:48:37.367] [bmv2] [D] [thread 356] [74.0] [cxt 0] Processing packet received on port 1
[15:48:37.367] [bmv2] [D] [thread 356] [74.0] [cxt 0] Parser 'parser': start
[15:48:37.367] [bmv2] [D] [thread 356] [74.0] [cxt 0] Parser 'parser' entering state 'start'
[15:48:37.367] [bmv2] [D] [thread 356] [74.0] [cxt 0] Extracting header 'ethernet'
[15:48:37.367] [bmv2] [D] [thread 356] [74.0] [cxt 0] Parser set: setting field 'scalars.metadata.ingress_port' from field 'standard_metadata.ingress_port' (1)
[15:48:37.367] [bmv2] [D] [thread 356] [74.0] [cxt 0] Parser set: setting field 'scalars.metadata.ingress_ts' from expression, new value is 204817946
[15:48:37.367] [bmv2] [D] [thread 356] [74.0] [cxt 0] Parser set: setting field 'scalars.metadata.is_int_packet' to 0
[15:48:37.367] [bmv2] [D] [thread 356] [74.0] [cxt 0] Parser set: setting field 'scalars.metadata.is_ngap_traffic' to 0
[15:48:37.367] [bmv2] [D] [thread 356] [74.0] [cxt 0] Parser set: setting field 'scalars.metadata.is_gtp_u_traffic' to 0
[15:48:37.367] [bmv2] [D] [thread 356] [74.0] [cxt 0] Parser set: setting field 'scalars.metadata.traffic_type' to 0
[15:48:37.367] [bmv2] [D] [thread 356] [74.0] [cxt 0] Parser set: setting field 'scalars.metadata.should_insert_int' to 0
[15:48:37.367] [bmv2] [D] [thread 356] [74.0] [cxt 0] Parser state 'start': key is 9000
[15:48:37.367] [bmv2] [T] [thread 356] [74.0] [cxt 0] Bytes parsed: 14
[15:48:37.367] [bmv2] [D] [thread 356] [74.0] [cxt 0] Parser 'parser': end
[15:48:37.367] [bmv2] [D] [thread 356] [74.0] [cxt 0] Pipeline 'ingress': start
[15:48:37.367] [bmv2] [T] [thread 356] [74.0] [cxt 0] Applying table 'tbl_intgtpsource295'
[15:48:37.367] [bmv2] [D] [thread 356] [74.0] [cxt 0] Looking up key:

[15:48:37.367] [bmv2] [D] [thread 356] [74.0] [cxt 0] Table 'tbl_intgtpsource295': miss
[15:48:37.367] [bmv2] [D] [thread 356] [74.0] [cxt 0] Action entry is intgtpsource295 -
[15:48:37.367] [bmv2] [T] [thread 356] [74.0] [cxt 0] Action intgtpsource295
[15:48:37.367] [bmv2] [T] [thread 356] [74.0] [cxt 0] int-gtp-source.p4(295) Primitive meta.switch_id = 1
[15:48:37.367] [bmv2] [T] [thread 356] [74.0] [cxt 0] int-gtp-source.p4(297) Condition "hdr.ethernet.isValid() && hdr.ipv4.isValid()" (node_3) is false
[15:48:37.367] [bmv2] [D] [thread 356] [74.0] [cxt 0] Pipeline 'ingress': end
[15:48:37.367] [bmv2] [D] [thread 356] [74.0] [cxt 0] Egress port is 0
[15:48:37.367] [bmv2] [D] [thread 357] [74.0] [cxt 0] Pipeline 'egress': start
[15:48:37.367] [bmv2] [T] [thread 357] [74.0] [cxt 0] int-gtp-source.p4(330) Condition "hdr.int_shim.isValid()" (node_11) is false
[15:48:37.367] [bmv2] [D] [thread 357] [74.0] [cxt 0] Pipeline 'egress': end
[15:48:37.367] [bmv2] [D] [thread 357] [74.0] [cxt 0] Deparser 'deparser': start
[15:48:37.367] [bmv2] [D] [thread 357] [74.0] [cxt 0] Deparsing header 'ethernet'
[15:48:37.367] [bmv2] [D] [thread 357] [74.0] [cxt 0] Deparser 'deparser': end
[15:48:37.367] [bmv2] [D] [thread 361] [74.0] [cxt 0] Transmitting packet of size 60 out of port 0
[15:48:37.377] [bmv2] [D] [thread 356] [75.0] [cxt 0] Processing packet received on port 1
[15:48:37.377] [bmv2] [D] [thread 356] [75.0] [cxt 0] Parser 'parser': start
[15:48:37.377] [bmv2] [D] [thread 356] [75.0] [cxt 0] Parser 'parser' entering state 'start'
[15:48:37.377] [bmv2] [D] [thread 356] [75.0] [cxt 0] Extracting header 'ethernet'
[15:48:37.377] [bmv2] [D] [thread 356] [75.0] [cxt 0] Parser set: setting field 'scalars.metadata.ingress_port' from field 'standard_metadata.ingress_port' (1)
[15:48:37.377] [bmv2] [D] [thread 356] [75.0] [cxt 0] Parser set: setting field 'scalars.metadata.ingress_ts' from expression, new value is 204828464
[15:48:37.377] [bmv2] [D] [thread 356] [75.0] [cxt 0] Parser set: setting field 'scalars.metadata.is_int_packet' to 0
[15:48:37.377] [bmv2] [D] [thread 356] [75.0] [cxt 0] Parser set: setting field 'scalars.metadata.is_ngap_traffic' to 0
[15:48:37.377] [bmv2] [D] [thread 356] [75.0] [cxt 0] Parser set: setting field 'scalars.metadata.is_gtp_u_traffic' to 0
[15:48:37.377] [bmv2] [D] [thread 356] [75.0] [cxt 0] Parser set: setting field 'scalars.metadata.traffic_type' to 0
[15:48:37.377] [bmv2] [D] [thread 356] [75.0] [cxt 0] Parser set: setting field 'scalars.metadata.should_insert_int' to 0
[15:48:37.377] [bmv2] [D] [thread 356] [75.0] [cxt 0] Parser state 'start': key is 0800
[15:48:37.377] [bmv2] [T] [thread 356] [75.0] [cxt 0] Bytes parsed: 14
[15:48:37.377] [bmv2] [D] [thread 356] [75.0] [cxt 0] Parser 'parser' entering state 'parse_ipv4'
[15:48:37.377] [bmv2] [D] [thread 356] [75.0] [cxt 0] Extracting header 'ipv4'
[15:48:37.377] [bmv2] [D] [thread 356] [75.0] [cxt 0] Parser state 'parse_ipv4': key is 11
[15:48:37.377] [bmv2] [T] [thread 356] [75.0] [cxt 0] Bytes parsed: 34
[15:48:37.377] [bmv2] [D] [thread 356] [75.0] [cxt 0] Parser 'parser' entering state 'parse_udp'
[15:48:37.377] [bmv2] [D] [thread 356] [75.0] [cxt 0] Extracting header 'udp'
[15:48:37.377] [bmv2] [D] [thread 356] [75.0] [cxt 0] Parser set: setting field 'scalars.metadata.transport_src_port' from field 'udp.src_port' (2152)
[15:48:37.377] [bmv2] [D] [thread 356] [75.0] [cxt 0] Parser set: setting field 'scalars.metadata.transport_dst_port' from field 'udp.dst_port' (2152)
[15:48:37.377] [bmv2] [D] [thread 356] [75.0] [cxt 0] Parser set: setting field 'scalars.tmp' from expression, new value is 1
[15:48:37.377] [bmv2] [D] [thread 356] [75.0] [cxt 0] Parser state 'parse_udp': key is 01
[15:48:37.377] [bmv2] [T] [thread 356] [75.0] [cxt 0] Bytes parsed: 42
[15:48:37.377] [bmv2] [D] [thread 356] [75.0] [cxt 0] Parser 'parser' entering state 'parse_gtp_u'
[15:48:37.377] [bmv2] [D] [thread 356] [75.0] [cxt 0] Extracting header 'gtp_u'
[15:48:37.377] [bmv2] [D] [thread 356] [75.0] [cxt 0] Parser set: setting field 'scalars.metadata.is_gtp_u_traffic' to 1
[15:48:37.377] [bmv2] [D] [thread 356] [75.0] [cxt 0] Parser set: setting field 'scalars.metadata.traffic_type' to 2
[15:48:37.377] [bmv2] [D] [thread 356] [75.0] [cxt 0] Parser state 'parse_gtp_u' has no switch, going to default next state
[15:48:37.377] [bmv2] [T] [thread 356] [75.0] [cxt 0] Bytes parsed: 50
[15:48:37.377] [bmv2] [D] [thread 356] [75.0] [cxt 0] Parser 'parser': end
[15:48:37.377] [bmv2] [D] [thread 356] [75.0] [cxt 0] Pipeline 'ingress': start
[15:48:37.377] [bmv2] [T] [thread 356] [75.0] [cxt 0] Applying table 'tbl_intgtpsource295'
[15:48:37.377] [bmv2] [D] [thread 356] [75.0] [cxt 0] Looking up key:

[15:48:37.378] [bmv2] [D] [thread 356] [75.0] [cxt 0] Table 'tbl_intgtpsource295': miss
[15:48:37.378] [bmv2] [D] [thread 356] [75.0] [cxt 0] Action entry is intgtpsource295 -
[15:48:37.378] [bmv2] [T] [thread 356] [75.0] [cxt 0] Action intgtpsource295
[15:48:37.378] [bmv2] [T] [thread 356] [75.0] [cxt 0] int-gtp-source.p4(295) Primitive meta.switch_id = 1
[15:48:37.378] [bmv2] [T] [thread 356] [75.0] [cxt 0] int-gtp-source.p4(297) Condition "hdr.ethernet.isValid() && hdr.ipv4.isValid()" (node_3) is true
[15:48:37.378] [bmv2] [T] [thread 356] [75.0] [cxt 0] int-gtp-source.p4(299) Condition "(hdr.ipv4.protocol == 132 && hdr.sctp.isValid()) || ..." (node_4) is true
[15:48:37.378] [bmv2] [T] [thread 356] [75.0] [cxt 0] Applying table 'MyIngress.int_source_table'
[15:48:37.378] [bmv2] [D] [thread 356] [75.0] [cxt 0] Looking up key:
* meta.traffic_type   : 02

[15:48:37.378] [bmv2] [D] [thread 356] [75.0] [cxt 0] Table 'MyIngress.int_source_table': hit with handle 1
[15:48:37.378] [bmv2] [D] [thread 356] [75.0] [cxt 0] Dumping entry 1
Match key:
* meta.traffic_type   : EXACT     02
Action entry: MyIngress.int_source_action -

[15:48:37.378] [bmv2] [D] [thread 356] [75.0] [cxt 0] Action entry is MyIngress.int_source_action -
[15:48:37.378] [bmv2] [T] [thread 356] [75.0] [cxt 0] Action MyIngress.int_source_action
[15:48:37.378] [bmv2] [T] [thread 356] [75.0] [cxt 0] int-gtp-source.p4(221) Primitive meta.should_insert_int = 1
[15:48:37.378] [bmv2] [T] [thread 356] [75.0] [cxt 0] Applying table 'MyIngress.ipv4_lpm'
[15:48:37.378] [bmv2] [D] [thread 356] [75.0] [cxt 0] Looking up key:
* hdr.ipv4.dstAddr    : ac120018

[15:48:37.378] [bmv2] [D] [thread 356] [75.0] [cxt 0] Table 'MyIngress.ipv4_lpm': hit with handle 2
[15:48:37.378] [bmv2] [D] [thread 356] [75.0] [cxt 0] Dumping entry 2
Match key:
* hdr.ipv4.dstAddr    : LPM       00000000/0
Action entry: MyIngress.forward_action - 2,

[15:48:37.378] [bmv2] [D] [thread 356] [75.0] [cxt 0] Action entry is MyIngress.forward_action - 2,
[15:48:37.378] [bmv2] [T] [thread 356] [75.0] [cxt 0] Action MyIngress.forward_action
[15:48:37.378] [bmv2] [T] [thread 356] [75.0] [cxt 0] int-gtp-source.p4(266) Primitive standard_metadata.egress_spec = egress_port
[15:48:37.378] [bmv2] [T] [thread 356] [75.0] [cxt 0] int-gtp-source.p4(308) Condition "meta.should_insert_int == 1" (node_7) is true
[15:48:37.378] [bmv2] [T] [thread 356] [75.0] [cxt 0] Applying table 'tbl_do_insert_int'
[15:48:37.378] [bmv2] [D] [thread 356] [75.0] [cxt 0] Looking up key:

[15:48:37.378] [bmv2] [D] [thread 356] [75.0] [cxt 0] Table 'tbl_do_insert_int': miss
[15:48:37.378] [bmv2] [D] [thread 356] [75.0] [cxt 0] Action entry is MyIngress.do_insert_int -
[15:48:37.378] [bmv2] [T] [thread 356] [75.0] [cxt 0] Action MyIngress.do_insert_int
[15:48:37.378] [bmv2] [T] [thread 356] [75.0] [cxt 0] int-gtp-source.p4(226) Primitive bit<16> original_ether_type = hdr.ethernet.etherType
[15:48:37.378] [bmv2] [T] [thread 356] [75.0] [cxt 0] int-gtp-source.p4(229) Primitive hdr.ethernet.etherType = 0xFA
[15:48:37.378] [bmv2] [T] [thread 356] [75.0] [cxt 0] int-gtp-source.p4(232) Primitive hdr.int_shim.setValid()
[15:48:37.378] [bmv2] [T] [thread 356] [75.0] [cxt 0] int-gtp-source.p4(233) Primitive hdr.int_shim.type = 1
[15:48:37.378] [bmv2] [T] [thread 356] [75.0] [cxt 0] int-gtp-source.p4(234) Primitive hdr.int_shim.reserved = 0
[15:48:37.378] [bmv2] [T] [thread 356] [75.0] [cxt 0] int-gtp-source.p4(235) Primitive hdr.int_shim.length = 44
[15:48:37.378] [bmv2] [T] [thread 356] [75.0] [cxt 0] int-gtp-source.p4(236) Primitive hdr.int_shim.next_proto = original_ether_type
[15:48:37.378] [bmv2] [T] [thread 356] [75.0] [cxt 0] int-gtp-source.p4(239) Primitive hdr.int_header.setValid()
[15:48:37.378] [bmv2] [T] [thread 356] [75.0] [cxt 0] int-gtp-source.p4(240) Primitive hdr.int_header.version = 1
[15:48:37.378] [bmv2] [T] [thread 356] [75.0] [cxt 0] int-gtp-source.p4(241) Primitive hdr.int_header.d = 0
[15:48:37.378] [bmv2] [T] [thread 356] [75.0] [cxt 0] int-gtp-source.p4(242) Primitive hdr.int_header.q = 0
[15:48:37.378] [bmv2] [T] [thread 356] [75.0] [cxt 0] int-gtp-source.p4(243) Primitive hdr.int_header.m = 1
[15:48:37.378] [bmv2] [T] [thread 356] [75.0] [cxt 0] int-gtp-source.p4(244) Primitive hdr.int_header.reserved1 = 0
[15:48:37.378] [bmv2] [T] [thread 356] [75.0] [cxt 0] int-gtp-source.p4(245) Primitive hdr.int_header.hop_ml = 1
[15:48:37.378] [bmv2] [T] [thread 356] [75.0] [cxt 0] int-gtp-source.p4(246) Primitive hdr.int_header.instruction = 0x00FF
[15:48:37.378] [bmv2] [T] [thread 356] [75.0] [cxt 0] int-gtp-source.p4(247) Primitive hdr.int_header.reserved2 = 0
[15:48:37.378] [bmv2] [T] [thread 356] [75.0] [cxt 0] int-gtp-source.p4(248) Primitive hdr.int_header.remaining_hop_cnt = 8 - 1
[15:48:37.378] [bmv2] [T] [thread 356] [75.0] [cxt 0] int-gtp-source.p4(251) Primitive hdr.int_md.setValid()
[15:48:37.378] [bmv2] [T] [thread 356] [75.0] [cxt 0] int-gtp-source.p4(252) Primitive hdr.int_md.padding_switch = 0
[15:48:37.378] [bmv2] [T] [thread 356] [75.0] [cxt 0] int-gtp-source.p4(253) Primitive hdr.int_md.switch_id = (bit<16>)meta.switch_id
[15:48:37.378] [bmv2] [T] [thread 356] [75.0] [cxt 0] int-gtp-source.p4(254) Primitive hdr.int_md.ingress_port_id = (bit<16>)meta.ingress_port
[15:48:37.378] [bmv2] [T] [thread 356] [75.0] [cxt 0] int-gtp-source.p4(255) Primitive hdr.int_md.ingress_timestamp = meta.ingress_ts
[15:48:37.378] [bmv2] [T] [thread 356] [75.0] [cxt 0] int-gtp-source.p4(256) Primitive hdr.int_md.egress_port_id = 0
[15:48:37.378] [bmv2] [T] [thread 356] [75.0] [cxt 0] int-gtp-source.p4(257) Primitive hdr.int_md.hop_latency = 0
[15:48:37.378] [bmv2] [T] [thread 356] [75.0] [cxt 0] int-gtp-source.p4(258) Primitive hdr.int_md.egress_timestamp = 0
[15:48:37.378] [bmv2] [T] [thread 356] [75.0] [cxt 0] int-gtp-source.p4(259) Primitive hdr.int_md.queue_occupancy = 0
[15:48:37.378] [bmv2] [T] [thread 356] [75.0] [cxt 0] int-gtp-source.p4(260) Primitive hdr.int_md.congestion_notification = 0
[15:48:37.378] [bmv2] [T] [thread 356] [75.0] [cxt 0] int-gtp-source.p4(261) Primitive hdr.int_md.reserved1 = 0
[15:48:37.378] [bmv2] [T] [thread 356] [75.0] [cxt 0] int-gtp-source.p4(262) Primitive hdr.int_md.reserved2 = 0
[15:48:37.378] [bmv2] [D] [thread 356] [75.0] [cxt 0] Pipeline 'ingress': end
[15:48:37.378] [bmv2] [D] [thread 356] [75.0] [cxt 0] Egress port is 2
[15:48:37.378] [bmv2] [D] [thread 359] [75.0] [cxt 0] Pipeline 'egress': start
[15:48:37.378] [bmv2] [T] [thread 359] [75.0] [cxt 0] int-gtp-source.p4(330) Condition "hdr.int_shim.isValid()" (node_11) is true
[15:48:37.378] [bmv2] [T] [thread 359] [75.0] [cxt 0] Applying table 'tbl_update_int_metadata'
[15:48:37.378] [bmv2] [D] [thread 359] [75.0] [cxt 0] Looking up key:

[15:48:37.378] [bmv2] [D] [thread 359] [75.0] [cxt 0] Table 'tbl_update_int_metadata': miss
[15:48:37.378] [bmv2] [D] [thread 359] [75.0] [cxt 0] Action entry is MyEgress.update_int_metadata -
[15:48:37.378] [bmv2] [T] [thread 359] [75.0] [cxt 0] Action MyEgress.update_int_metadata
[15:48:37.378] [bmv2] [T] [thread 359] [75.0] [cxt 0] int-gtp-source.p4(321) Primitive if
[15:48:37.378] [bmv2] [T] [thread 359] [75.0] [cxt 0] int-gtp-source.p4(322) Primitive hdr.int_md.egress_port_id = (bit<16>)standard_metadata.egress_port
[15:48:37.378] [bmv2] [T] [thread 359] [75.0] [cxt 0] int-gtp-source.p4(323) Primitive hdr.int_md.egress_timestamp = (bit<32>)standard_metadata.egress_global_timestamp
[15:48:37.378] [bmv2] [T] [thread 359] [75.0] [cxt 0] int-gtp-source.p4(324) Primitive hdr.int_md.hop_latency = hdr.int_md.egress_timestamp - hdr.int_md.ingress_timestamp
[15:48:37.378] [bmv2] [T] [thread 359] [75.0] [cxt 0] int-gtp-source.p4(325) Primitive hdr.int_md.queue_occupancy = (bit<32>)standard_metadata.enq_qdepth
[15:48:37.378] [bmv2] [D] [thread 359] [75.0] [cxt 0] Pipeline 'egress': end
[15:48:37.378] [bmv2] [D] [thread 359] [75.0] [cxt 0] Deparser 'deparser': start
[15:48:37.378] [bmv2] [D] [thread 359] [75.0] [cxt 0] Deparsing header 'ethernet'
[15:48:37.378] [bmv2] [D] [thread 359] [75.0] [cxt 0] Deparsing header 'int_shim'
[15:48:37.378] [bmv2] [D] [thread 359] [75.0] [cxt 0] Deparsing header 'int_header'
[15:48:37.378] [bmv2] [D] [thread 359] [75.0] [cxt 0] Deparsing header 'int_md'
[15:48:37.378] [bmv2] [D] [thread 359] [75.0] [cxt 0] Deparsing header 'ipv4'
[15:48:37.378] [bmv2] [D] [thread 359] [75.0] [cxt 0] Deparsing header 'udp'
[15:48:37.378] [bmv2] [D] [thread 359] [75.0] [cxt 0] Deparsing header 'gtp_u'
[15:48:37.378] [bmv2] [D] [thread 359] [75.0] [cxt 0] Deparser 'deparser': end
[15:48:37.378] [bmv2] [D] [thread 361] [75.0] [cxt 0] Transmitting packet of size 183 out of port 2
[15:48:37.424] [bmv2] [D] [thread 356] [76.0] [cxt 0] Processing packet received on port 2
[15:48:37.424] [bmv2] [D] [thread 356] [76.0] [cxt 0] Parser 'parser': start
[15:48:37.424] [bmv2] [D] [thread 356] [76.0] [cxt 0] Parser 'parser' entering state 'start'
[15:48:37.424] [bmv2] [D] [thread 356] [76.0] [cxt 0] Extracting header 'ethernet'
[15:48:37.424] [bmv2] [D] [thread 356] [76.0] [cxt 0] Parser set: setting field 'scalars.metadata.ingress_port' from field 'standard_metadata.ingress_port' (2)
[15:48:37.424] [bmv2] [D] [thread 356] [76.0] [cxt 0] Parser set: setting field 'scalars.metadata.ingress_ts' from expression, new value is 204874928
[15:48:37.424] [bmv2] [D] [thread 356] [76.0] [cxt 0] Parser set: setting field 'scalars.metadata.is_int_packet' to 0
[15:48:37.424] [bmv2] [D] [thread 356] [76.0] [cxt 0] Parser set: setting field 'scalars.metadata.is_ngap_traffic' to 0
[15:48:37.424] [bmv2] [D] [thread 356] [76.0] [cxt 0] Parser set: setting field 'scalars.metadata.is_gtp_u_traffic' to 0
[15:48:37.424] [bmv2] [D] [thread 356] [76.0] [cxt 0] Parser set: setting field 'scalars.metadata.traffic_type' to 0
[15:48:37.424] [bmv2] [D] [thread 356] [76.0] [cxt 0] Parser set: setting field 'scalars.metadata.should_insert_int' to 0
[15:48:37.424] [bmv2] [D] [thread 356] [76.0] [cxt 0] Parser state 'start': key is 0800
[15:48:37.424] [bmv2] [T] [thread 356] [76.0] [cxt 0] Bytes parsed: 14
[15:48:37.424] [bmv2] [D] [thread 356] [76.0] [cxt 0] Parser 'parser' entering state 'parse_ipv4'
[15:48:37.424] [bmv2] [D] [thread 356] [76.0] [cxt 0] Extracting header 'ipv4'
[15:48:37.424] [bmv2] [D] [thread 356] [76.0] [cxt 0] Parser state 'parse_ipv4': key is 11
[15:48:37.424] [bmv2] [T] [thread 356] [76.0] [cxt 0] Bytes parsed: 34
[15:48:37.424] [bmv2] [D] [thread 356] [76.0] [cxt 0] Parser 'parser' entering state 'parse_udp'
[15:48:37.424] [bmv2] [D] [thread 356] [76.0] [cxt 0] Extracting header 'udp'
[15:48:37.424] [bmv2] [D] [thread 356] [76.0] [cxt 0] Parser set: setting field 'scalars.metadata.transport_src_port' from field 'udp.src_port' (2152)
[15:48:37.424] [bmv2] [D] [thread 356] [76.0] [cxt 0] Parser set: setting field 'scalars.metadata.transport_dst_port' from field 'udp.dst_port' (2152)
[15:48:37.424] [bmv2] [D] [thread 356] [76.0] [cxt 0] Parser set: setting field 'scalars.tmp' from expression, new value is 1
[15:48:37.424] [bmv2] [D] [thread 356] [76.0] [cxt 0] Parser state 'parse_udp': key is 01
[15:48:37.424] [bmv2] [T] [thread 356] [76.0] [cxt 0] Bytes parsed: 42
[15:48:37.424] [bmv2] [D] [thread 356] [76.0] [cxt 0] Parser 'parser' entering state 'parse_gtp_u'
[15:48:37.424] [bmv2] [D] [thread 356] [76.0] [cxt 0] Extracting header 'gtp_u'
[15:48:37.424] [bmv2] [D] [thread 356] [76.0] [cxt 0] Parser set: setting field 'scalars.metadata.is_gtp_u_traffic' to 1
[15:48:37.424] [bmv2] [D] [thread 356] [76.0] [cxt 0] Parser set: setting field 'scalars.metadata.traffic_type' to 2
[15:48:37.424] [bmv2] [D] [thread 356] [76.0] [cxt 0] Parser state 'parse_gtp_u' has no switch, going to default next state
[15:48:37.424] [bmv2] [T] [thread 356] [76.0] [cxt 0] Bytes parsed: 50
[15:48:37.424] [bmv2] [D] [thread 356] [76.0] [cxt 0] Parser 'parser': end
[15:48:37.424] [bmv2] [D] [thread 356] [76.0] [cxt 0] Pipeline 'ingress': start
[15:48:37.424] [bmv2] [T] [thread 356] [76.0] [cxt 0] Applying table 'tbl_intgtpsource295'
[15:48:37.424] [bmv2] [D] [thread 356] [76.0] [cxt 0] Looking up key:

[15:48:37.424] [bmv2] [D] [thread 356] [76.0] [cxt 0] Table 'tbl_intgtpsource295': miss
[15:48:37.424] [bmv2] [D] [thread 356] [76.0] [cxt 0] Action entry is intgtpsource295 -
[15:48:37.424] [bmv2] [T] [thread 356] [76.0] [cxt 0] Action intgtpsource295
[15:48:37.424] [bmv2] [T] [thread 356] [76.0] [cxt 0] int-gtp-source.p4(295) Primitive meta.switch_id = 1
[15:48:37.424] [bmv2] [T] [thread 356] [76.0] [cxt 0] int-gtp-source.p4(297) Condition "hdr.ethernet.isValid() && hdr.ipv4.isValid()" (node_3) is true
[15:48:37.424] [bmv2] [T] [thread 356] [76.0] [cxt 0] int-gtp-source.p4(299) Condition "(hdr.ipv4.protocol == 132 && hdr.sctp.isValid()) || ..." (node_4) is true
[15:48:37.424] [bmv2] [T] [thread 356] [76.0] [cxt 0] Applying table 'MyIngress.int_source_table'
[15:48:37.424] [bmv2] [D] [thread 356] [76.0] [cxt 0] Looking up key:
* meta.traffic_type   : 02

[15:48:37.424] [bmv2] [D] [thread 356] [76.0] [cxt 0] Table 'MyIngress.int_source_table': hit with handle 1
[15:48:37.424] [bmv2] [D] [thread 356] [76.0] [cxt 0] Dumping entry 1
Match key:
* meta.traffic_type   : EXACT     02
Action entry: MyIngress.int_source_action -

[15:48:37.425] [bmv2] [D] [thread 356] [76.0] [cxt 0] Action entry is MyIngress.int_source_action -
[15:48:37.425] [bmv2] [T] [thread 356] [76.0] [cxt 0] Action MyIngress.int_source_action
[15:48:37.425] [bmv2] [T] [thread 356] [76.0] [cxt 0] int-gtp-source.p4(221) Primitive meta.should_insert_int = 1
[15:48:37.425] [bmv2] [T] [thread 356] [76.0] [cxt 0] Applying table 'MyIngress.ipv4_lpm'
[15:48:37.425] [bmv2] [D] [thread 356] [76.0] [cxt 0] Looking up key:
* hdr.ipv4.dstAddr    : ac120a03

[15:48:37.425] [bmv2] [D] [thread 356] [76.0] [cxt 0] Table 'MyIngress.ipv4_lpm': hit with handle 1
[15:48:37.425] [bmv2] [D] [thread 356] [76.0] [cxt 0] Dumping entry 1
Match key:
* hdr.ipv4.dstAddr    : LPM       ac120a03/32
Action entry: MyIngress.forward_action - 1,

[15:48:37.425] [bmv2] [D] [thread 356] [76.0] [cxt 0] Action entry is MyIngress.forward_action - 1,
[15:48:37.425] [bmv2] [T] [thread 356] [76.0] [cxt 0] Action MyIngress.forward_action
[15:48:37.425] [bmv2] [T] [thread 356] [76.0] [cxt 0] int-gtp-source.p4(266) Primitive standard_metadata.egress_spec = egress_port
[15:48:37.425] [bmv2] [T] [thread 356] [76.0] [cxt 0] int-gtp-source.p4(308) Condition "meta.should_insert_int == 1" (node_7) is true
[15:48:37.425] [bmv2] [T] [thread 356] [76.0] [cxt 0] Applying table 'tbl_do_insert_int'
[15:48:37.425] [bmv2] [D] [thread 356] [76.0] [cxt 0] Looking up key:

[15:48:37.425] [bmv2] [D] [thread 356] [76.0] [cxt 0] Table 'tbl_do_insert_int': miss
[15:48:37.425] [bmv2] [D] [thread 356] [76.0] [cxt 0] Action entry is MyIngress.do_insert_int -
[15:48:37.425] [bmv2] [T] [thread 356] [76.0] [cxt 0] Action MyIngress.do_insert_int
[15:48:37.425] [bmv2] [T] [thread 356] [76.0] [cxt 0] int-gtp-source.p4(226) Primitive bit<16> original_ether_type = hdr.ethernet.etherType
[15:48:37.425] [bmv2] [T] [thread 356] [76.0] [cxt 0] int-gtp-source.p4(229) Primitive hdr.ethernet.etherType = 0xFA
[15:48:37.425] [bmv2] [T] [thread 356] [76.0] [cxt 0] int-gtp-source.p4(232) Primitive hdr.int_shim.setValid()
[15:48:37.425] [bmv2] [T] [thread 356] [76.0] [cxt 0] int-gtp-source.p4(233) Primitive hdr.int_shim.type = 1
[15:48:37.425] [bmv2] [T] [thread 356] [76.0] [cxt 0] int-gtp-source.p4(234) Primitive hdr.int_shim.reserved = 0
[15:48:37.425] [bmv2] [T] [thread 356] [76.0] [cxt 0] int-gtp-source.p4(235) Primitive hdr.int_shim.length = 44
[15:48:37.425] [bmv2] [T] [thread 356] [76.0] [cxt 0] int-gtp-source.p4(236) Primitive hdr.int_shim.next_proto = original_ether_type
[15:48:37.425] [bmv2] [T] [thread 356] [76.0] [cxt 0] int-gtp-source.p4(239) Primitive hdr.int_header.setValid()
[15:48:37.425] [bmv2] [T] [thread 356] [76.0] [cxt 0] int-gtp-source.p4(240) Primitive hdr.int_header.version = 1
[15:48:37.425] [bmv2] [T] [thread 356] [76.0] [cxt 0] int-gtp-source.p4(241) Primitive hdr.int_header.d = 0
[15:48:37.425] [bmv2] [T] [thread 356] [76.0] [cxt 0] int-gtp-source.p4(242) Primitive hdr.int_header.q = 0
[15:48:37.425] [bmv2] [T] [thread 356] [76.0] [cxt 0] int-gtp-source.p4(243) Primitive hdr.int_header.m = 1
[15:48:37.425] [bmv2] [T] [thread 356] [76.0] [cxt 0] int-gtp-source.p4(244) Primitive hdr.int_header.reserved1 = 0
[15:48:37.425] [bmv2] [T] [thread 356] [76.0] [cxt 0] int-gtp-source.p4(245) Primitive hdr.int_header.hop_ml = 1
[15:48:37.425] [bmv2] [T] [thread 356] [76.0] [cxt 0] int-gtp-source.p4(246) Primitive hdr.int_header.instruction = 0x00FF
[15:48:37.425] [bmv2] [T] [thread 356] [76.0] [cxt 0] int-gtp-source.p4(247) Primitive hdr.int_header.reserved2 = 0
[15:48:37.425] [bmv2] [T] [thread 356] [76.0] [cxt 0] int-gtp-source.p4(248) Primitive hdr.int_header.remaining_hop_cnt = 8 - 1
[15:48:37.425] [bmv2] [T] [thread 356] [76.0] [cxt 0] int-gtp-source.p4(251) Primitive hdr.int_md.setValid()
[15:48:37.425] [bmv2] [T] [thread 356] [76.0] [cxt 0] int-gtp-source.p4(252) Primitive hdr.int_md.padding_switch = 0
[15:48:37.425] [bmv2] [T] [thread 356] [76.0] [cxt 0] int-gtp-source.p4(253) Primitive hdr.int_md.switch_id = (bit<16>)meta.switch_id
[15:48:37.425] [bmv2] [T] [thread 356] [76.0] [cxt 0] int-gtp-source.p4(254) Primitive hdr.int_md.ingress_port_id = (bit<16>)meta.ingress_port
[15:48:37.425] [bmv2] [T] [thread 356] [76.0] [cxt 0] int-gtp-source.p4(255) Primitive hdr.int_md.ingress_timestamp = meta.ingress_ts
[15:48:37.425] [bmv2] [T] [thread 356] [76.0] [cxt 0] int-gtp-source.p4(256) Primitive hdr.int_md.egress_port_id = 0
[15:48:37.425] [bmv2] [T] [thread 356] [76.0] [cxt 0] int-gtp-source.p4(257) Primitive hdr.int_md.hop_latency = 0
[15:48:37.425] [bmv2] [T] [thread 356] [76.0] [cxt 0] int-gtp-source.p4(258) Primitive hdr.int_md.egress_timestamp = 0
[15:48:37.425] [bmv2] [T] [thread 356] [76.0] [cxt 0] int-gtp-source.p4(259) Primitive hdr.int_md.queue_occupancy = 0
[15:48:37.425] [bmv2] [T] [thread 356] [76.0] [cxt 0] int-gtp-source.p4(260) Primitive hdr.int_md.congestion_notification = 0
[15:48:37.425] [bmv2] [T] [thread 356] [76.0] [cxt 0] int-gtp-source.p4(261) Primitive hdr.int_md.reserved1 = 0
[15:48:37.425] [bmv2] [T] [thread 356] [76.0] [cxt 0] int-gtp-source.p4(262) Primitive hdr.int_md.reserved2 = 0
[15:48:37.426] [bmv2] [D] [thread 356] [76.0] [cxt 0] Pipeline 'ingress': end
[15:48:37.426] [bmv2] [D] [thread 356] [76.0] [cxt 0] Egress port is 1
[15:48:37.426] [bmv2] [D] [thread 358] [76.0] [cxt 0] Pipeline 'egress': start
[15:48:37.426] [bmv2] [T] [thread 358] [76.0] [cxt 0] int-gtp-source.p4(330) Condition "hdr.int_shim.isValid()" (node_11) is true
[15:48:37.426] [bmv2] [T] [thread 358] [76.0] [cxt 0] Applying table 'tbl_update_int_metadata'
[15:48:37.426] [bmv2] [D] [thread 358] [76.0] [cxt 0] Looking up key:

[15:48:37.426] [bmv2] [D] [thread 358] [76.0] [cxt 0] Table 'tbl_update_int_metadata': miss
[15:48:37.426] [bmv2] [D] [thread 358] [76.0] [cxt 0] Action entry is MyEgress.update_int_metadata -
[15:48:37.426] [bmv2] [T] [thread 358] [76.0] [cxt 0] Action MyEgress.update_int_metadata
[15:48:37.426] [bmv2] [T] [thread 358] [76.0] [cxt 0] int-gtp-source.p4(321) Primitive if
[15:48:37.426] [bmv2] [T] [thread 358] [76.0] [cxt 0] int-gtp-source.p4(322) Primitive hdr.int_md.egress_port_id = (bit<16>)standard_metadata.egress_port
[15:48:37.426] [bmv2] [T] [thread 358] [76.0] [cxt 0] int-gtp-source.p4(323) Primitive hdr.int_md.egress_timestamp = (bit<32>)standard_metadata.egress_global_timestamp
[15:48:37.426] [bmv2] [T] [thread 358] [76.0] [cxt 0] int-gtp-source.p4(324) Primitive hdr.int_md.hop_latency = hdr.int_md.egress_timestamp - hdr.int_md.ingress_timestamp
[15:48:37.426] [bmv2] [T] [thread 358] [76.0] [cxt 0] int-gtp-source.p4(325) Primitive hdr.int_md.queue_occupancy = (bit<32>)standard_metadata.enq_qdepth
[15:48:37.426] [bmv2] [D] [thread 358] [76.0] [cxt 0] Pipeline 'egress': end
[15:48:37.426] [bmv2] [D] [thread 358] [76.0] [cxt 0] Deparser 'deparser': start
[15:48:37.426] [bmv2] [D] [thread 358] [76.0] [cxt 0] Deparsing header 'ethernet'
[15:48:37.426] [bmv2] [D] [thread 358] [76.0] [cxt 0] Deparsing header 'int_shim'
[15:48:37.426] [bmv2] [D] [thread 358] [76.0] [cxt 0] Deparsing header 'int_header'
[15:48:37.426] [bmv2] [D] [thread 358] [76.0] [cxt 0] Deparsing header 'int_md'
[15:48:37.426] [bmv2] [D] [thread 358] [76.0] [cxt 0] Deparsing header 'ipv4'
[15:48:37.426] [bmv2] [D] [thread 358] [76.0] [cxt 0] Deparsing header 'udp'
[15:48:37.426] [bmv2] [D] [thread 358] [76.0] [cxt 0] Deparsing header 'gtp_u'
[15:48:37.426] [bmv2] [D] [thread 358] [76.0] [cxt 0] Deparser 'deparser': end
[15:48:37.426] [bmv2] [D] [thread 361] [76.0] [cxt 0] Transmitting packet of size 183 out of port 1
[15:48:38.089] [bmv2] [D] [thread 356] [77.0] [cxt 0] Processing packet received on port 1
[15:48:38.089] [bmv2] [D] [thread 356] [77.0] [cxt 0] Parser 'parser': start
[15:48:38.089] [bmv2] [D] [thread 356] [77.0] [cxt 0] Parser 'parser' entering state 'start'
[15:48:38.089] [bmv2] [D] [thread 356] [77.0] [cxt 0] Extracting header 'ethernet'
[15:48:38.089] [bmv2] [D] [thread 356] [77.0] [cxt 0] Parser set: setting field 'scalars.metadata.ingress_port' from field 'standard_metadata.ingress_port' (1)
[15:48:38.089] [bmv2] [D] [thread 356] [77.0] [cxt 0] Parser set: setting field 'scalars.metadata.ingress_ts' from expression, new value is 205539858
[15:48:38.089] [bmv2] [D] [thread 356] [77.0] [cxt 0] Parser set: setting field 'scalars.metadata.is_int_packet' to 0
[15:48:38.089] [bmv2] [D] [thread 356] [77.0] [cxt 0] Parser set: setting field 'scalars.metadata.is_ngap_traffic' to 0
[15:48:38.089] [bmv2] [D] [thread 356] [77.0] [cxt 0] Parser set: setting field 'scalars.metadata.is_gtp_u_traffic' to 0
[15:48:38.089] [bmv2] [D] [thread 356] [77.0] [cxt 0] Parser set: setting field 'scalars.metadata.traffic_type' to 0
[15:48:38.089] [bmv2] [D] [thread 356] [77.0] [cxt 0] Parser set: setting field 'scalars.metadata.should_insert_int' to 0
[15:48:38.089] [bmv2] [D] [thread 356] [77.0] [cxt 0] Parser state 'start': key is 6002
[15:48:38.089] [bmv2] [T] [thread 356] [77.0] [cxt 0] Bytes parsed: 14
[15:48:38.089] [bmv2] [D] [thread 356] [77.0] [cxt 0] Parser 'parser': end
[15:48:38.089] [bmv2] [D] [thread 356] [77.0] [cxt 0] Pipeline 'ingress': start
[15:48:38.089] [bmv2] [T] [thread 356] [77.0] [cxt 0] Applying table 'tbl_intgtpsource295'
[15:48:38.089] [bmv2] [D] [thread 356] [77.0] [cxt 0] Looking up key:

[15:48:38.089] [bmv2] [D] [thread 356] [77.0] [cxt 0] Table 'tbl_intgtpsource295': miss
[15:48:38.089] [bmv2] [D] [thread 356] [77.0] [cxt 0] Action entry is intgtpsource295 -
[15:48:38.089] [bmv2] [T] [thread 356] [77.0] [cxt 0] Action intgtpsource295
[15:48:38.089] [bmv2] [T] [thread 356] [77.0] [cxt 0] int-gtp-source.p4(295) Primitive meta.switch_id = 1
[15:48:38.089] [bmv2] [T] [thread 356] [77.0] [cxt 0] int-gtp-source.p4(297) Condition "hdr.ethernet.isValid() && hdr.ipv4.isValid()" (node_3) is false
[15:48:38.089] [bmv2] [D] [thread 356] [77.0] [cxt 0] Pipeline 'ingress': end
[15:48:38.089] [bmv2] [D] [thread 356] [77.0] [cxt 0] Egress port is 0
[15:48:38.089] [bmv2] [D] [thread 357] [77.0] [cxt 0] Pipeline 'egress': start
[15:48:38.089] [bmv2] [T] [thread 357] [77.0] [cxt 0] int-gtp-source.p4(330) Condition "hdr.int_shim.isValid()" (node_11) is false
[15:48:38.089] [bmv2] [D] [thread 357] [77.0] [cxt 0] Pipeline 'egress': end
[15:48:38.089] [bmv2] [D] [thread 357] [77.0] [cxt 0] Deparser 'deparser': start
[15:48:38.089] [bmv2] [D] [thread 357] [77.0] [cxt 0] Deparsing header 'ethernet'
[15:48:38.089] [bmv2] [D] [thread 357] [77.0] [cxt 0] Deparser 'deparser': end
[15:48:38.089] [bmv2] [D] [thread 361] [77.0] [cxt 0] Transmitting packet of size 77 out of port 0
[15:48:38.402] [bmv2] [D] [thread 356] [78.0] [cxt 0] Processing packet received on port 1
[15:48:38.402] [bmv2] [D] [thread 356] [78.0] [cxt 0] Parser 'parser': start
[15:48:38.402] [bmv2] [D] [thread 356] [78.0] [cxt 0] Parser 'parser' entering state 'start'
[15:48:38.402] [bmv2] [D] [thread 356] [78.0] [cxt 0] Extracting header 'ethernet'
[15:48:38.402] [bmv2] [D] [thread 356] [78.0] [cxt 0] Parser set: setting field 'scalars.metadata.ingress_port' from field 'standard_metadata.ingress_port' (1)
[15:48:38.402] [bmv2] [D] [thread 356] [78.0] [cxt 0] Parser set: setting field 'scalars.metadata.ingress_ts' from expression, new value is 205853564
[15:48:38.402] [bmv2] [D] [thread 356] [78.0] [cxt 0] Parser set: setting field 'scalars.metadata.is_int_packet' to 0
[15:48:38.402] [bmv2] [D] [thread 356] [78.0] [cxt 0] Parser set: setting field 'scalars.metadata.is_ngap_traffic' to 0
[15:48:38.402] [bmv2] [D] [thread 356] [78.0] [cxt 0] Parser set: setting field 'scalars.metadata.is_gtp_u_traffic' to 0
[15:48:38.402] [bmv2] [D] [thread 356] [78.0] [cxt 0] Parser set: setting field 'scalars.metadata.traffic_type' to 0
[15:48:38.402] [bmv2] [D] [thread 356] [78.0] [cxt 0] Parser set: setting field 'scalars.metadata.should_insert_int' to 0
[15:48:38.402] [bmv2] [D] [thread 356] [78.0] [cxt 0] Parser state 'start': key is 0800
[15:48:38.402] [bmv2] [T] [thread 356] [78.0] [cxt 0] Bytes parsed: 14
[15:48:38.402] [bmv2] [D] [thread 356] [78.0] [cxt 0] Parser 'parser' entering state 'parse_ipv4'
[15:48:38.402] [bmv2] [D] [thread 356] [78.0] [cxt 0] Extracting header 'ipv4'
[15:48:38.403] [bmv2] [D] [thread 356] [78.0] [cxt 0] Parser state 'parse_ipv4': key is 11
[15:48:38.403] [bmv2] [T] [thread 356] [78.0] [cxt 0] Bytes parsed: 34
[15:48:38.403] [bmv2] [D] [thread 356] [78.0] [cxt 0] Parser 'parser' entering state 'parse_udp'
[15:48:38.403] [bmv2] [D] [thread 356] [78.0] [cxt 0] Extracting header 'udp'
[15:48:38.403] [bmv2] [D] [thread 356] [78.0] [cxt 0] Parser set: setting field 'scalars.metadata.transport_src_port' from field 'udp.src_port' (2152)
[15:48:38.403] [bmv2] [D] [thread 356] [78.0] [cxt 0] Parser set: setting field 'scalars.metadata.transport_dst_port' from field 'udp.dst_port' (2152)
[15:48:38.403] [bmv2] [D] [thread 356] [78.0] [cxt 0] Parser set: setting field 'scalars.tmp' from expression, new value is 1
[15:48:38.403] [bmv2] [D] [thread 356] [78.0] [cxt 0] Parser state 'parse_udp': key is 01
[15:48:38.403] [bmv2] [T] [thread 356] [78.0] [cxt 0] Bytes parsed: 42
[15:48:38.403] [bmv2] [D] [thread 356] [78.0] [cxt 0] Parser 'parser' entering state 'parse_gtp_u'
[15:48:38.403] [bmv2] [D] [thread 356] [78.0] [cxt 0] Extracting header 'gtp_u'
[15:48:38.403] [bmv2] [D] [thread 356] [78.0] [cxt 0] Parser set: setting field 'scalars.metadata.is_gtp_u_traffic' to 1
[15:48:38.403] [bmv2] [D] [thread 356] [78.0] [cxt 0] Parser set: setting field 'scalars.metadata.traffic_type' to 2
[15:48:38.403] [bmv2] [D] [thread 356] [78.0] [cxt 0] Parser state 'parse_gtp_u' has no switch, going to default next state
[15:48:38.403] [bmv2] [T] [thread 356] [78.0] [cxt 0] Bytes parsed: 50
[15:48:38.403] [bmv2] [D] [thread 356] [78.0] [cxt 0] Parser 'parser': end
[15:48:38.403] [bmv2] [D] [thread 356] [78.0] [cxt 0] Pipeline 'ingress': start
[15:48:38.403] [bmv2] [T] [thread 356] [78.0] [cxt 0] Applying table 'tbl_intgtpsource295'
[15:48:38.403] [bmv2] [D] [thread 356] [78.0] [cxt 0] Looking up key:

[15:48:38.403] [bmv2] [D] [thread 356] [78.0] [cxt 0] Table 'tbl_intgtpsource295': miss
[15:48:38.403] [bmv2] [D] [thread 356] [78.0] [cxt 0] Action entry is intgtpsource295 -
[15:48:38.403] [bmv2] [T] [thread 356] [78.0] [cxt 0] Action intgtpsource295
[15:48:38.403] [bmv2] [T] [thread 356] [78.0] [cxt 0] int-gtp-source.p4(295) Primitive meta.switch_id = 1
[15:48:38.403] [bmv2] [T] [thread 356] [78.0] [cxt 0] int-gtp-source.p4(297) Condition "hdr.ethernet.isValid() && hdr.ipv4.isValid()" (node_3) is true
[15:48:38.403] [bmv2] [T] [thread 356] [78.0] [cxt 0] int-gtp-source.p4(299) Condition "(hdr.ipv4.protocol == 132 && hdr.sctp.isValid()) || ..." (node_4) is true
[15:48:38.403] [bmv2] [T] [thread 356] [78.0] [cxt 0] Applying table 'MyIngress.int_source_table'
[15:48:38.403] [bmv2] [D] [thread 356] [78.0] [cxt 0] Looking up key:
* meta.traffic_type   : 02

[15:48:38.403] [bmv2] [D] [thread 356] [78.0] [cxt 0] Table 'MyIngress.int_source_table': hit with handle 1
[15:48:38.403] [bmv2] [D] [thread 356] [78.0] [cxt 0] Dumping entry 1
Match key:
* meta.traffic_type   : EXACT     02
Action entry: MyIngress.int_source_action -

[15:48:38.403] [bmv2] [D] [thread 356] [78.0] [cxt 0] Action entry is MyIngress.int_source_action -
[15:48:38.403] [bmv2] [T] [thread 356] [78.0] [cxt 0] Action MyIngress.int_source_action
[15:48:38.403] [bmv2] [T] [thread 356] [78.0] [cxt 0] int-gtp-source.p4(221) Primitive meta.should_insert_int = 1
[15:48:38.403] [bmv2] [T] [thread 356] [78.0] [cxt 0] Applying table 'MyIngress.ipv4_lpm'
[15:48:38.403] [bmv2] [D] [thread 356] [78.0] [cxt 0] Looking up key:
* hdr.ipv4.dstAddr    : ac120018

[15:48:38.403] [bmv2] [D] [thread 356] [78.0] [cxt 0] Table 'MyIngress.ipv4_lpm': hit with handle 2
[15:48:38.403] [bmv2] [D] [thread 356] [78.0] [cxt 0] Dumping entry 2
Match key:
* hdr.ipv4.dstAddr    : LPM       00000000/0
Action entry: MyIngress.forward_action - 2,

[15:48:38.403] [bmv2] [D] [thread 356] [78.0] [cxt 0] Action entry is MyIngress.forward_action - 2,
[15:48:38.403] [bmv2] [T] [thread 356] [78.0] [cxt 0] Action MyIngress.forward_action
[15:48:38.403] [bmv2] [T] [thread 356] [78.0] [cxt 0] int-gtp-source.p4(266) Primitive standard_metadata.egress_spec = egress_port
[15:48:38.403] [bmv2] [T] [thread 356] [78.0] [cxt 0] int-gtp-source.p4(308) Condition "meta.should_insert_int == 1" (node_7) is true
[15:48:38.403] [bmv2] [T] [thread 356] [78.0] [cxt 0] Applying table 'tbl_do_insert_int'
[15:48:38.403] [bmv2] [D] [thread 356] [78.0] [cxt 0] Looking up key:

[15:48:38.403] [bmv2] [D] [thread 356] [78.0] [cxt 0] Table 'tbl_do_insert_int': miss
[15:48:38.403] [bmv2] [D] [thread 356] [78.0] [cxt 0] Action entry is MyIngress.do_insert_int -
[15:48:38.403] [bmv2] [T] [thread 356] [78.0] [cxt 0] Action MyIngress.do_insert_int
[15:48:38.403] [bmv2] [T] [thread 356] [78.0] [cxt 0] int-gtp-source.p4(226) Primitive bit<16> original_ether_type = hdr.ethernet.etherType
[15:48:38.403] [bmv2] [T] [thread 356] [78.0] [cxt 0] int-gtp-source.p4(229) Primitive hdr.ethernet.etherType = 0xFA
[15:48:38.403] [bmv2] [T] [thread 356] [78.0] [cxt 0] int-gtp-source.p4(232) Primitive hdr.int_shim.setValid()
[15:48:38.403] [bmv2] [T] [thread 356] [78.0] [cxt 0] int-gtp-source.p4(233) Primitive hdr.int_shim.type = 1
[15:48:38.403] [bmv2] [T] [thread 356] [78.0] [cxt 0] int-gtp-source.p4(234) Primitive hdr.int_shim.reserved = 0
[15:48:38.403] [bmv2] [T] [thread 356] [78.0] [cxt 0] int-gtp-source.p4(235) Primitive hdr.int_shim.length = 44
[15:48:38.403] [bmv2] [T] [thread 356] [78.0] [cxt 0] int-gtp-source.p4(236) Primitive hdr.int_shim.next_proto = original_ether_type
[15:48:38.403] [bmv2] [T] [thread 356] [78.0] [cxt 0] int-gtp-source.p4(239) Primitive hdr.int_header.setValid()
[15:48:38.403] [bmv2] [T] [thread 356] [78.0] [cxt 0] int-gtp-source.p4(240) Primitive hdr.int_header.version = 1
[15:48:38.403] [bmv2] [T] [thread 356] [78.0] [cxt 0] int-gtp-source.p4(241) Primitive hdr.int_header.d = 0
[15:48:38.403] [bmv2] [T] [thread 356] [78.0] [cxt 0] int-gtp-source.p4(242) Primitive hdr.int_header.q = 0
[15:48:38.403] [bmv2] [T] [thread 356] [78.0] [cxt 0] int-gtp-source.p4(243) Primitive hdr.int_header.m = 1
[15:48:38.403] [bmv2] [T] [thread 356] [78.0] [cxt 0] int-gtp-source.p4(244) Primitive hdr.int_header.reserved1 = 0
[15:48:38.403] [bmv2] [T] [thread 356] [78.0] [cxt 0] int-gtp-source.p4(245) Primitive hdr.int_header.hop_ml = 1
[15:48:38.403] [bmv2] [T] [thread 356] [78.0] [cxt 0] int-gtp-source.p4(246) Primitive hdr.int_header.instruction = 0x00FF
[15:48:38.403] [bmv2] [T] [thread 356] [78.0] [cxt 0] int-gtp-source.p4(247) Primitive hdr.int_header.reserved2 = 0
[15:48:38.403] [bmv2] [T] [thread 356] [78.0] [cxt 0] int-gtp-source.p4(248) Primitive hdr.int_header.remaining_hop_cnt = 8 - 1
[15:48:38.403] [bmv2] [T] [thread 356] [78.0] [cxt 0] int-gtp-source.p4(251) Primitive hdr.int_md.setValid()
[15:48:38.403] [bmv2] [T] [thread 356] [78.0] [cxt 0] int-gtp-source.p4(252) Primitive hdr.int_md.padding_switch = 0
[15:48:38.403] [bmv2] [T] [thread 356] [78.0] [cxt 0] int-gtp-source.p4(253) Primitive hdr.int_md.switch_id = (bit<16>)meta.switch_id
[15:48:38.403] [bmv2] [T] [thread 356] [78.0] [cxt 0] int-gtp-source.p4(254) Primitive hdr.int_md.ingress_port_id = (bit<16>)meta.ingress_port
[15:48:38.403] [bmv2] [T] [thread 356] [78.0] [cxt 0] int-gtp-source.p4(255) Primitive hdr.int_md.ingress_timestamp = meta.ingress_ts
[15:48:38.403] [bmv2] [T] [thread 356] [78.0] [cxt 0] int-gtp-source.p4(256) Primitive hdr.int_md.egress_port_id = 0
[15:48:38.403] [bmv2] [T] [thread 356] [78.0] [cxt 0] int-gtp-source.p4(257) Primitive hdr.int_md.hop_latency = 0
[15:48:38.403] [bmv2] [T] [thread 356] [78.0] [cxt 0] int-gtp-source.p4(258) Primitive hdr.int_md.egress_timestamp = 0
[15:48:38.403] [bmv2] [T] [thread 356] [78.0] [cxt 0] int-gtp-source.p4(259) Primitive hdr.int_md.queue_occupancy = 0
[15:48:38.403] [bmv2] [T] [thread 356] [78.0] [cxt 0] int-gtp-source.p4(260) Primitive hdr.int_md.congestion_notification = 0
[15:48:38.403] [bmv2] [T] [thread 356] [78.0] [cxt 0] int-gtp-source.p4(261) Primitive hdr.int_md.reserved1 = 0
[15:48:38.403] [bmv2] [T] [thread 356] [78.0] [cxt 0] int-gtp-source.p4(262) Primitive hdr.int_md.reserved2 = 0
[15:48:38.403] [bmv2] [D] [thread 356] [78.0] [cxt 0] Pipeline 'ingress': end
[15:48:38.403] [bmv2] [D] [thread 356] [78.0] [cxt 0] Egress port is 2
[15:48:38.403] [bmv2] [D] [thread 359] [78.0] [cxt 0] Pipeline 'egress': start
[15:48:38.403] [bmv2] [T] [thread 359] [78.0] [cxt 0] int-gtp-source.p4(330) Condition "hdr.int_shim.isValid()" (node_11) is true
[15:48:38.403] [bmv2] [T] [thread 359] [78.0] [cxt 0] Applying table 'tbl_update_int_metadata'
[15:48:38.403] [bmv2] [D] [thread 359] [78.0] [cxt 0] Looking up key:

[15:48:38.403] [bmv2] [D] [thread 359] [78.0] [cxt 0] Table 'tbl_update_int_metadata': miss
[15:48:38.403] [bmv2] [D] [thread 359] [78.0] [cxt 0] Action entry is MyEgress.update_int_metadata -
[15:48:38.403] [bmv2] [T] [thread 359] [78.0] [cxt 0] Action MyEgress.update_int_metadata
[15:48:38.403] [bmv2] [T] [thread 359] [78.0] [cxt 0] int-gtp-source.p4(321) Primitive if
[15:48:38.403] [bmv2] [T] [thread 359] [78.0] [cxt 0] int-gtp-source.p4(322) Primitive hdr.int_md.egress_port_id = (bit<16>)standard_metadata.egress_port
[15:48:38.403] [bmv2] [T] [thread 359] [78.0] [cxt 0] int-gtp-source.p4(323) Primitive hdr.int_md.egress_timestamp = (bit<32>)standard_metadata.egress_global_timestamp
[15:48:38.403] [bmv2] [T] [thread 359] [78.0] [cxt 0] int-gtp-source.p4(324) Primitive hdr.int_md.hop_latency = hdr.int_md.egress_timestamp - hdr.int_md.ingress_timestamp
[15:48:38.403] [bmv2] [T] [thread 359] [78.0] [cxt 0] int-gtp-source.p4(325) Primitive hdr.int_md.queue_occupancy = (bit<32>)standard_metadata.enq_qdepth
[15:48:38.403] [bmv2] [D] [thread 359] [78.0] [cxt 0] Pipeline 'egress': end
[15:48:38.403] [bmv2] [D] [thread 359] [78.0] [cxt 0] Deparser 'deparser': start
[15:48:38.403] [bmv2] [D] [thread 359] [78.0] [cxt 0] Deparsing header 'ethernet'
[15:48:38.403] [bmv2] [D] [thread 359] [78.0] [cxt 0] Deparsing header 'int_shim'
[15:48:38.403] [bmv2] [D] [thread 359] [78.0] [cxt 0] Deparsing header 'int_header'
[15:48:38.403] [bmv2] [D] [thread 359] [78.0] [cxt 0] Deparsing header 'int_md'
[15:48:38.403] [bmv2] [D] [thread 359] [78.0] [cxt 0] Deparsing header 'ipv4'
[15:48:38.403] [bmv2] [D] [thread 359] [78.0] [cxt 0] Deparsing header 'udp'
[15:48:38.403] [bmv2] [D] [thread 359] [78.0] [cxt 0] Deparsing header 'gtp_u'
[15:48:38.403] [bmv2] [D] [thread 359] [78.0] [cxt 0] Deparser 'deparser': end
[15:48:38.403] [bmv2] [D] [thread 361] [78.0] [cxt 0] Transmitting packet of size 183 out of port 2
[15:48:38.442] [bmv2] [D] [thread 356] [79.0] [cxt 0] Processing packet received on port 2
[15:48:38.443] [bmv2] [D] [thread 356] [79.0] [cxt 0] Parser 'parser': start
[15:48:38.443] [bmv2] [D] [thread 356] [79.0] [cxt 0] Parser 'parser' entering state 'start'
[15:48:38.443] [bmv2] [D] [thread 356] [79.0] [cxt 0] Extracting header 'ethernet'
[15:48:38.443] [bmv2] [D] [thread 356] [79.0] [cxt 0] Parser set: setting field 'scalars.metadata.ingress_port' from field 'standard_metadata.ingress_port' (2)
[15:48:38.443] [bmv2] [D] [thread 356] [79.0] [cxt 0] Parser set: setting field 'scalars.metadata.ingress_ts' from expression, new value is 205893721
[15:48:38.443] [bmv2] [D] [thread 356] [79.0] [cxt 0] Parser set: setting field 'scalars.metadata.is_int_packet' to 0
[15:48:38.443] [bmv2] [D] [thread 356] [79.0] [cxt 0] Parser set: setting field 'scalars.metadata.is_ngap_traffic' to 0
[15:48:38.443] [bmv2] [D] [thread 356] [79.0] [cxt 0] Parser set: setting field 'scalars.metadata.is_gtp_u_traffic' to 0
[15:48:38.443] [bmv2] [D] [thread 356] [79.0] [cxt 0] Parser set: setting field 'scalars.metadata.traffic_type' to 0
[15:48:38.443] [bmv2] [D] [thread 356] [79.0] [cxt 0] Parser set: setting field 'scalars.metadata.should_insert_int' to 0
[15:48:38.443] [bmv2] [D] [thread 356] [79.0] [cxt 0] Parser state 'start': key is 0800
[15:48:38.443] [bmv2] [T] [thread 356] [79.0] [cxt 0] Bytes parsed: 14
[15:48:38.443] [bmv2] [D] [thread 356] [79.0] [cxt 0] Parser 'parser' entering state 'parse_ipv4'
[15:48:38.443] [bmv2] [D] [thread 356] [79.0] [cxt 0] Extracting header 'ipv4'
[15:48:38.443] [bmv2] [D] [thread 356] [79.0] [cxt 0] Parser state 'parse_ipv4': key is 11
[15:48:38.443] [bmv2] [T] [thread 356] [79.0] [cxt 0] Bytes parsed: 34
[15:48:38.443] [bmv2] [D] [thread 356] [79.0] [cxt 0] Parser 'parser' entering state 'parse_udp'
[15:48:38.443] [bmv2] [D] [thread 356] [79.0] [cxt 0] Extracting header 'udp'
[15:48:38.443] [bmv2] [D] [thread 356] [79.0] [cxt 0] Parser set: setting field 'scalars.metadata.transport_src_port' from field 'udp.src_port' (2152)
[15:48:38.443] [bmv2] [D] [thread 356] [79.0] [cxt 0] Parser set: setting field 'scalars.metadata.transport_dst_port' from field 'udp.dst_port' (2152)
[15:48:38.443] [bmv2] [D] [thread 356] [79.0] [cxt 0] Parser set: setting field 'scalars.tmp' from expression, new value is 1
[15:48:38.443] [bmv2] [D] [thread 356] [79.0] [cxt 0] Parser state 'parse_udp': key is 01
[15:48:38.443] [bmv2] [T] [thread 356] [79.0] [cxt 0] Bytes parsed: 42
[15:48:38.443] [bmv2] [D] [thread 356] [79.0] [cxt 0] Parser 'parser' entering state 'parse_gtp_u'
[15:48:38.443] [bmv2] [D] [thread 356] [79.0] [cxt 0] Extracting header 'gtp_u'
[15:48:38.443] [bmv2] [D] [thread 356] [79.0] [cxt 0] Parser set: setting field 'scalars.metadata.is_gtp_u_traffic' to 1
[15:48:38.443] [bmv2] [D] [thread 356] [79.0] [cxt 0] Parser set: setting field 'scalars.metadata.traffic_type' to 2
[15:48:38.443] [bmv2] [D] [thread 356] [79.0] [cxt 0] Parser state 'parse_gtp_u' has no switch, going to default next state
[15:48:38.443] [bmv2] [T] [thread 356] [79.0] [cxt 0] Bytes parsed: 50
[15:48:38.443] [bmv2] [D] [thread 356] [79.0] [cxt 0] Parser 'parser': end
[15:48:38.443] [bmv2] [D] [thread 356] [79.0] [cxt 0] Pipeline 'ingress': start
[15:48:38.443] [bmv2] [T] [thread 356] [79.0] [cxt 0] Applying table 'tbl_intgtpsource295'
[15:48:38.443] [bmv2] [D] [thread 356] [79.0] [cxt 0] Looking up key:

[15:48:38.443] [bmv2] [D] [thread 356] [79.0] [cxt 0] Table 'tbl_intgtpsource295': miss
[15:48:38.443] [bmv2] [D] [thread 356] [79.0] [cxt 0] Action entry is intgtpsource295 -
[15:48:38.443] [bmv2] [T] [thread 356] [79.0] [cxt 0] Action intgtpsource295
[15:48:38.443] [bmv2] [T] [thread 356] [79.0] [cxt 0] int-gtp-source.p4(295) Primitive meta.switch_id = 1
[15:48:38.443] [bmv2] [T] [thread 356] [79.0] [cxt 0] int-gtp-source.p4(297) Condition "hdr.ethernet.isValid() && hdr.ipv4.isValid()" (node_3) is true
[15:48:38.443] [bmv2] [T] [thread 356] [79.0] [cxt 0] int-gtp-source.p4(299) Condition "(hdr.ipv4.protocol == 132 && hdr.sctp.isValid()) || ..." (node_4) is true
[15:48:38.443] [bmv2] [T] [thread 356] [79.0] [cxt 0] Applying table 'MyIngress.int_source_table'
[15:48:38.443] [bmv2] [D] [thread 356] [79.0] [cxt 0] Looking up key:
* meta.traffic_type   : 02

[15:48:38.443] [bmv2] [D] [thread 356] [79.0] [cxt 0] Table 'MyIngress.int_source_table': hit with handle 1
[15:48:38.443] [bmv2] [D] [thread 356] [79.0] [cxt 0] Dumping entry 1
Match key:
* meta.traffic_type   : EXACT     02
Action entry: MyIngress.int_source_action -

[15:48:38.443] [bmv2] [D] [thread 356] [79.0] [cxt 0] Action entry is MyIngress.int_source_action -
[15:48:38.443] [bmv2] [T] [thread 356] [79.0] [cxt 0] Action MyIngress.int_source_action
[15:48:38.443] [bmv2] [T] [thread 356] [79.0] [cxt 0] int-gtp-source.p4(221) Primitive meta.should_insert_int = 1
[15:48:38.443] [bmv2] [T] [thread 356] [79.0] [cxt 0] Applying table 'MyIngress.ipv4_lpm'
[15:48:38.443] [bmv2] [D] [thread 356] [79.0] [cxt 0] Looking up key:
* hdr.ipv4.dstAddr    : ac120a03

[15:48:38.443] [bmv2] [D] [thread 356] [79.0] [cxt 0] Table 'MyIngress.ipv4_lpm': hit with handle 1
[15:48:38.443] [bmv2] [D] [thread 356] [79.0] [cxt 0] Dumping entry 1
Match key:
* hdr.ipv4.dstAddr    : LPM       ac120a03/32
Action entry: MyIngress.forward_action - 1,

[15:48:38.443] [bmv2] [D] [thread 356] [79.0] [cxt 0] Action entry is MyIngress.forward_action - 1,
[15:48:38.443] [bmv2] [T] [thread 356] [79.0] [cxt 0] Action MyIngress.forward_action
[15:48:38.443] [bmv2] [T] [thread 356] [79.0] [cxt 0] int-gtp-source.p4(266) Primitive standard_metadata.egress_spec = egress_port
[15:48:38.443] [bmv2] [T] [thread 356] [79.0] [cxt 0] int-gtp-source.p4(308) Condition "meta.should_insert_int == 1" (node_7) is true
[15:48:38.443] [bmv2] [T] [thread 356] [79.0] [cxt 0] Applying table 'tbl_do_insert_int'
[15:48:38.443] [bmv2] [D] [thread 356] [79.0] [cxt 0] Looking up key:

[15:48:38.443] [bmv2] [D] [thread 356] [79.0] [cxt 0] Table 'tbl_do_insert_int': miss
[15:48:38.443] [bmv2] [D] [thread 356] [79.0] [cxt 0] Action entry is MyIngress.do_insert_int -
[15:48:38.443] [bmv2] [T] [thread 356] [79.0] [cxt 0] Action MyIngress.do_insert_int
[15:48:38.443] [bmv2] [T] [thread 356] [79.0] [cxt 0] int-gtp-source.p4(226) Primitive bit<16> original_ether_type = hdr.ethernet.etherType
[15:48:38.443] [bmv2] [T] [thread 356] [79.0] [cxt 0] int-gtp-source.p4(229) Primitive hdr.ethernet.etherType = 0xFA
[15:48:38.443] [bmv2] [T] [thread 356] [79.0] [cxt 0] int-gtp-source.p4(232) Primitive hdr.int_shim.setValid()
[15:48:38.443] [bmv2] [T] [thread 356] [79.0] [cxt 0] int-gtp-source.p4(233) Primitive hdr.int_shim.type = 1
[15:48:38.443] [bmv2] [T] [thread 356] [79.0] [cxt 0] int-gtp-source.p4(234) Primitive hdr.int_shim.reserved = 0
[15:48:38.443] [bmv2] [T] [thread 356] [79.0] [cxt 0] int-gtp-source.p4(235) Primitive hdr.int_shim.length = 44
[15:48:38.444] [bmv2] [T] [thread 356] [79.0] [cxt 0] int-gtp-source.p4(236) Primitive hdr.int_shim.next_proto = original_ether_type
[15:48:38.444] [bmv2] [T] [thread 356] [79.0] [cxt 0] int-gtp-source.p4(239) Primitive hdr.int_header.setValid()
[15:48:38.444] [bmv2] [T] [thread 356] [79.0] [cxt 0] int-gtp-source.p4(240) Primitive hdr.int_header.version = 1
[15:48:38.444] [bmv2] [T] [thread 356] [79.0] [cxt 0] int-gtp-source.p4(241) Primitive hdr.int_header.d = 0
[15:48:38.444] [bmv2] [T] [thread 356] [79.0] [cxt 0] int-gtp-source.p4(242) Primitive hdr.int_header.q = 0
[15:48:38.444] [bmv2] [T] [thread 356] [79.0] [cxt 0] int-gtp-source.p4(243) Primitive hdr.int_header.m = 1
[15:48:38.444] [bmv2] [T] [thread 356] [79.0] [cxt 0] int-gtp-source.p4(244) Primitive hdr.int_header.reserved1 = 0
[15:48:38.444] [bmv2] [T] [thread 356] [79.0] [cxt 0] int-gtp-source.p4(245) Primitive hdr.int_header.hop_ml = 1
[15:48:38.444] [bmv2] [T] [thread 356] [79.0] [cxt 0] int-gtp-source.p4(246) Primitive hdr.int_header.instruction = 0x00FF
[15:48:38.444] [bmv2] [T] [thread 356] [79.0] [cxt 0] int-gtp-source.p4(247) Primitive hdr.int_header.reserved2 = 0
[15:48:38.444] [bmv2] [T] [thread 356] [79.0] [cxt 0] int-gtp-source.p4(248) Primitive hdr.int_header.remaining_hop_cnt = 8 - 1
[15:48:38.444] [bmv2] [T] [thread 356] [79.0] [cxt 0] int-gtp-source.p4(251) Primitive hdr.int_md.setValid()
[15:48:38.444] [bmv2] [T] [thread 356] [79.0] [cxt 0] int-gtp-source.p4(252) Primitive hdr.int_md.padding_switch = 0
[15:48:38.444] [bmv2] [T] [thread 356] [79.0] [cxt 0] int-gtp-source.p4(253) Primitive hdr.int_md.switch_id = (bit<16>)meta.switch_id
[15:48:38.444] [bmv2] [T] [thread 356] [79.0] [cxt 0] int-gtp-source.p4(254) Primitive hdr.int_md.ingress_port_id = (bit<16>)meta.ingress_port
[15:48:38.444] [bmv2] [T] [thread 356] [79.0] [cxt 0] int-gtp-source.p4(255) Primitive hdr.int_md.ingress_timestamp = meta.ingress_ts
[15:48:38.444] [bmv2] [T] [thread 356] [79.0] [cxt 0] int-gtp-source.p4(256) Primitive hdr.int_md.egress_port_id = 0
[15:48:38.444] [bmv2] [T] [thread 356] [79.0] [cxt 0] int-gtp-source.p4(257) Primitive hdr.int_md.hop_latency = 0
[15:48:38.444] [bmv2] [T] [thread 356] [79.0] [cxt 0] int-gtp-source.p4(258) Primitive hdr.int_md.egress_timestamp = 0
[15:48:38.444] [bmv2] [T] [thread 356] [79.0] [cxt 0] int-gtp-source.p4(259) Primitive hdr.int_md.queue_occupancy = 0
[15:48:38.444] [bmv2] [T] [thread 356] [79.0] [cxt 0] int-gtp-source.p4(260) Primitive hdr.int_md.congestion_notification = 0
[15:48:38.444] [bmv2] [T] [thread 356] [79.0] [cxt 0] int-gtp-source.p4(261) Primitive hdr.int_md.reserved1 = 0
[15:48:38.444] [bmv2] [T] [thread 356] [79.0] [cxt 0] int-gtp-source.p4(262) Primitive hdr.int_md.reserved2 = 0
[15:48:38.444] [bmv2] [D] [thread 356] [79.0] [cxt 0] Pipeline 'ingress': end
[15:48:38.444] [bmv2] [D] [thread 356] [79.0] [cxt 0] Egress port is 1
[15:48:38.444] [bmv2] [D] [thread 358] [79.0] [cxt 0] Pipeline 'egress': start
[15:48:38.444] [bmv2] [T] [thread 358] [79.0] [cxt 0] int-gtp-source.p4(330) Condition "hdr.int_shim.isValid()" (node_11) is true
[15:48:38.444] [bmv2] [T] [thread 358] [79.0] [cxt 0] Applying table 'tbl_update_int_metadata'
[15:48:38.444] [bmv2] [D] [thread 358] [79.0] [cxt 0] Looking up key:

[15:48:38.444] [bmv2] [D] [thread 358] [79.0] [cxt 0] Table 'tbl_update_int_metadata': miss
[15:48:38.444] [bmv2] [D] [thread 358] [79.0] [cxt 0] Action entry is MyEgress.update_int_metadata -
[15:48:38.444] [bmv2] [T] [thread 358] [79.0] [cxt 0] Action MyEgress.update_int_metadata
[15:48:38.444] [bmv2] [T] [thread 358] [79.0] [cxt 0] int-gtp-source.p4(321) Primitive if
[15:48:38.444] [bmv2] [T] [thread 358] [79.0] [cxt 0] int-gtp-source.p4(322) Primitive hdr.int_md.egress_port_id = (bit<16>)standard_metadata.egress_port
[15:48:38.444] [bmv2] [T] [thread 358] [79.0] [cxt 0] int-gtp-source.p4(323) Primitive hdr.int_md.egress_timestamp = (bit<32>)standard_metadata.egress_global_timestamp
[15:48:38.444] [bmv2] [T] [thread 358] [79.0] [cxt 0] int-gtp-source.p4(324) Primitive hdr.int_md.hop_latency = hdr.int_md.egress_timestamp - hdr.int_md.ingress_timestamp
[15:48:38.444] [bmv2] [T] [thread 358] [79.0] [cxt 0] int-gtp-source.p4(325) Primitive hdr.int_md.queue_occupancy = (bit<32>)standard_metadata.enq_qdepth
[15:48:38.444] [bmv2] [D] [thread 358] [79.0] [cxt 0] Pipeline 'egress': end
[15:48:38.444] [bmv2] [D] [thread 358] [79.0] [cxt 0] Deparser 'deparser': start
[15:48:38.444] [bmv2] [D] [thread 358] [79.0] [cxt 0] Deparsing header 'ethernet'
[15:48:38.444] [bmv2] [D] [thread 358] [79.0] [cxt 0] Deparsing header 'int_shim'
[15:48:38.444] [bmv2] [D] [thread 358] [79.0] [cxt 0] Deparsing header 'int_header'
[15:48:38.444] [bmv2] [D] [thread 358] [79.0] [cxt 0] Deparsing header 'int_md'
[15:48:38.444] [bmv2] [D] [thread 358] [79.0] [cxt 0] Deparsing header 'ipv4'
[15:48:38.444] [bmv2] [D] [thread 358] [79.0] [cxt 0] Deparsing header 'udp'
[15:48:38.444] [bmv2] [D] [thread 358] [79.0] [cxt 0] Deparsing header 'gtp_u'
[15:48:38.444] [bmv2] [D] [thread 358] [79.0] [cxt 0] Deparser 'deparser': end
[15:48:38.444] [bmv2] [D] [thread 361] [79.0] [cxt 0] Transmitting packet of size 183 out of port 1
[15:48:39.426] [bmv2] [D] [thread 356] [80.0] [cxt 0] Processing packet received on port 1
[15:48:39.426] [bmv2] [D] [thread 356] [80.0] [cxt 0] Parser 'parser': start
[15:48:39.426] [bmv2] [D] [thread 356] [80.0] [cxt 0] Parser 'parser' entering state 'start'
[15:48:39.426] [bmv2] [D] [thread 356] [80.0] [cxt 0] Extracting header 'ethernet'
[15:48:39.426] [bmv2] [D] [thread 356] [80.0] [cxt 0] Parser set: setting field 'scalars.metadata.ingress_port' from field 'standard_metadata.ingress_port' (1)
[15:48:39.426] [bmv2] [D] [thread 356] [80.0] [cxt 0] Parser set: setting field 'scalars.metadata.ingress_ts' from expression, new value is 206876659
[15:48:39.426] [bmv2] [D] [thread 356] [80.0] [cxt 0] Parser set: setting field 'scalars.metadata.is_int_packet' to 0
[15:48:39.426] [bmv2] [D] [thread 356] [80.0] [cxt 0] Parser set: setting field 'scalars.metadata.is_ngap_traffic' to 0
[15:48:39.426] [bmv2] [D] [thread 356] [80.0] [cxt 0] Parser set: setting field 'scalars.metadata.is_gtp_u_traffic' to 0
[15:48:39.426] [bmv2] [D] [thread 356] [80.0] [cxt 0] Parser set: setting field 'scalars.metadata.traffic_type' to 0
[15:48:39.426] [bmv2] [D] [thread 356] [80.0] [cxt 0] Parser set: setting field 'scalars.metadata.should_insert_int' to 0
[15:48:39.426] [bmv2] [D] [thread 356] [80.0] [cxt 0] Parser state 'start': key is 0800
[15:48:39.426] [bmv2] [T] [thread 356] [80.0] [cxt 0] Bytes parsed: 14
[15:48:39.426] [bmv2] [D] [thread 356] [80.0] [cxt 0] Parser 'parser' entering state 'parse_ipv4'
[15:48:39.426] [bmv2] [D] [thread 356] [80.0] [cxt 0] Extracting header 'ipv4'
[15:48:39.426] [bmv2] [D] [thread 356] [80.0] [cxt 0] Parser state 'parse_ipv4': key is 11
[15:48:39.426] [bmv2] [T] [thread 356] [80.0] [cxt 0] Bytes parsed: 34
[15:48:39.426] [bmv2] [D] [thread 356] [80.0] [cxt 0] Parser 'parser' entering state 'parse_udp'
[15:48:39.426] [bmv2] [D] [thread 356] [80.0] [cxt 0] Extracting header 'udp'
[15:48:39.426] [bmv2] [D] [thread 356] [80.0] [cxt 0] Parser set: setting field 'scalars.metadata.transport_src_port' from field 'udp.src_port' (2152)
[15:48:39.426] [bmv2] [D] [thread 356] [80.0] [cxt 0] Parser set: setting field 'scalars.metadata.transport_dst_port' from field 'udp.dst_port' (2152)
[15:48:39.426] [bmv2] [D] [thread 356] [80.0] [cxt 0] Parser set: setting field 'scalars.tmp' from expression, new value is 1
[15:48:39.426] [bmv2] [D] [thread 356] [80.0] [cxt 0] Parser state 'parse_udp': key is 01
[15:48:39.426] [bmv2] [T] [thread 356] [80.0] [cxt 0] Bytes parsed: 42
[15:48:39.426] [bmv2] [D] [thread 356] [80.0] [cxt 0] Parser 'parser' entering state 'parse_gtp_u'
[15:48:39.426] [bmv2] [D] [thread 356] [80.0] [cxt 0] Extracting header 'gtp_u'
[15:48:39.426] [bmv2] [D] [thread 356] [80.0] [cxt 0] Parser set: setting field 'scalars.metadata.is_gtp_u_traffic' to 1
[15:48:39.426] [bmv2] [D] [thread 356] [80.0] [cxt 0] Parser set: setting field 'scalars.metadata.traffic_type' to 2
[15:48:39.426] [bmv2] [D] [thread 356] [80.0] [cxt 0] Parser state 'parse_gtp_u' has no switch, going to default next state
[15:48:39.426] [bmv2] [T] [thread 356] [80.0] [cxt 0] Bytes parsed: 50
[15:48:39.426] [bmv2] [D] [thread 356] [80.0] [cxt 0] Parser 'parser': end
[15:48:39.426] [bmv2] [D] [thread 356] [80.0] [cxt 0] Pipeline 'ingress': start
[15:48:39.426] [bmv2] [T] [thread 356] [80.0] [cxt 0] Applying table 'tbl_intgtpsource295'
[15:48:39.426] [bmv2] [D] [thread 356] [80.0] [cxt 0] Looking up key:

[15:48:39.426] [bmv2] [D] [thread 356] [80.0] [cxt 0] Table 'tbl_intgtpsource295': miss
[15:48:39.426] [bmv2] [D] [thread 356] [80.0] [cxt 0] Action entry is intgtpsource295 -
[15:48:39.426] [bmv2] [T] [thread 356] [80.0] [cxt 0] Action intgtpsource295
[15:48:39.426] [bmv2] [T] [thread 356] [80.0] [cxt 0] int-gtp-source.p4(295) Primitive meta.switch_id = 1
[15:48:39.426] [bmv2] [T] [thread 356] [80.0] [cxt 0] int-gtp-source.p4(297) Condition "hdr.ethernet.isValid() && hdr.ipv4.isValid()" (node_3) is true
[15:48:39.426] [bmv2] [T] [thread 356] [80.0] [cxt 0] int-gtp-source.p4(299) Condition "(hdr.ipv4.protocol == 132 && hdr.sctp.isValid()) || ..." (node_4) is true
[15:48:39.426] [bmv2] [T] [thread 356] [80.0] [cxt 0] Applying table 'MyIngress.int_source_table'
[15:48:39.426] [bmv2] [D] [thread 356] [80.0] [cxt 0] Looking up key:
* meta.traffic_type   : 02

[15:48:39.426] [bmv2] [D] [thread 356] [80.0] [cxt 0] Table 'MyIngress.int_source_table': hit with handle 1
[15:48:39.426] [bmv2] [D] [thread 356] [80.0] [cxt 0] Dumping entry 1
Match key:
* meta.traffic_type   : EXACT     02
Action entry: MyIngress.int_source_action -

[15:48:39.426] [bmv2] [D] [thread 356] [80.0] [cxt 0] Action entry is MyIngress.int_source_action -
[15:48:39.426] [bmv2] [T] [thread 356] [80.0] [cxt 0] Action MyIngress.int_source_action
[15:48:39.426] [bmv2] [T] [thread 356] [80.0] [cxt 0] int-gtp-source.p4(221) Primitive meta.should_insert_int = 1
[15:48:39.426] [bmv2] [T] [thread 356] [80.0] [cxt 0] Applying table 'MyIngress.ipv4_lpm'
[15:48:39.426] [bmv2] [D] [thread 356] [80.0] [cxt 0] Looking up key:
* hdr.ipv4.dstAddr    : ac120018

[15:48:39.426] [bmv2] [D] [thread 356] [80.0] [cxt 0] Table 'MyIngress.ipv4_lpm': hit with handle 2
[15:48:39.426] [bmv2] [D] [thread 356] [80.0] [cxt 0] Dumping entry 2
Match key:
* hdr.ipv4.dstAddr    : LPM       00000000/0
Action entry: MyIngress.forward_action - 2,

[15:48:39.426] [bmv2] [D] [thread 356] [80.0] [cxt 0] Action entry is MyIngress.forward_action - 2,
[15:48:39.426] [bmv2] [T] [thread 356] [80.0] [cxt 0] Action MyIngress.forward_action
[15:48:39.426] [bmv2] [T] [thread 356] [80.0] [cxt 0] int-gtp-source.p4(266) Primitive standard_metadata.egress_spec = egress_port
[15:48:39.426] [bmv2] [T] [thread 356] [80.0] [cxt 0] int-gtp-source.p4(308) Condition "meta.should_insert_int == 1" (node_7) is true
[15:48:39.426] [bmv2] [T] [thread 356] [80.0] [cxt 0] Applying table 'tbl_do_insert_int'
[15:48:39.426] [bmv2] [D] [thread 356] [80.0] [cxt 0] Looking up key:

[15:48:39.426] [bmv2] [D] [thread 356] [80.0] [cxt 0] Table 'tbl_do_insert_int': miss
[15:48:39.426] [bmv2] [D] [thread 356] [80.0] [cxt 0] Action entry is MyIngress.do_insert_int -
[15:48:39.426] [bmv2] [T] [thread 356] [80.0] [cxt 0] Action MyIngress.do_insert_int
[15:48:39.426] [bmv2] [T] [thread 356] [80.0] [cxt 0] int-gtp-source.p4(226) Primitive bit<16> original_ether_type = hdr.ethernet.etherType
[15:48:39.426] [bmv2] [T] [thread 356] [80.0] [cxt 0] int-gtp-source.p4(229) Primitive hdr.ethernet.etherType = 0xFA
[15:48:39.426] [bmv2] [T] [thread 356] [80.0] [cxt 0] int-gtp-source.p4(232) Primitive hdr.int_shim.setValid()
[15:48:39.426] [bmv2] [T] [thread 356] [80.0] [cxt 0] int-gtp-source.p4(233) Primitive hdr.int_shim.type = 1
[15:48:39.426] [bmv2] [T] [thread 356] [80.0] [cxt 0] int-gtp-source.p4(234) Primitive hdr.int_shim.reserved = 0
[15:48:39.426] [bmv2] [T] [thread 356] [80.0] [cxt 0] int-gtp-source.p4(235) Primitive hdr.int_shim.length = 44
[15:48:39.426] [bmv2] [T] [thread 356] [80.0] [cxt 0] int-gtp-source.p4(236) Primitive hdr.int_shim.next_proto = original_ether_type
[15:48:39.426] [bmv2] [T] [thread 356] [80.0] [cxt 0] int-gtp-source.p4(239) Primitive hdr.int_header.setValid()
[15:48:39.426] [bmv2] [T] [thread 356] [80.0] [cxt 0] int-gtp-source.p4(240) Primitive hdr.int_header.version = 1
[15:48:39.426] [bmv2] [T] [thread 356] [80.0] [cxt 0] int-gtp-source.p4(241) Primitive hdr.int_header.d = 0
[15:48:39.426] [bmv2] [T] [thread 356] [80.0] [cxt 0] int-gtp-source.p4(242) Primitive hdr.int_header.q = 0
[15:48:39.426] [bmv2] [T] [thread 356] [80.0] [cxt 0] int-gtp-source.p4(243) Primitive hdr.int_header.m = 1
[15:48:39.426] [bmv2] [T] [thread 356] [80.0] [cxt 0] int-gtp-source.p4(244) Primitive hdr.int_header.reserved1 = 0
[15:48:39.426] [bmv2] [T] [thread 356] [80.0] [cxt 0] int-gtp-source.p4(245) Primitive hdr.int_header.hop_ml = 1
[15:48:39.426] [bmv2] [T] [thread 356] [80.0] [cxt 0] int-gtp-source.p4(246) Primitive hdr.int_header.instruction = 0x00FF
[15:48:39.426] [bmv2] [T] [thread 356] [80.0] [cxt 0] int-gtp-source.p4(247) Primitive hdr.int_header.reserved2 = 0
[15:48:39.426] [bmv2] [T] [thread 356] [80.0] [cxt 0] int-gtp-source.p4(248) Primitive hdr.int_header.remaining_hop_cnt = 8 - 1
[15:48:39.426] [bmv2] [T] [thread 356] [80.0] [cxt 0] int-gtp-source.p4(251) Primitive hdr.int_md.setValid()
[15:48:39.426] [bmv2] [T] [thread 356] [80.0] [cxt 0] int-gtp-source.p4(252) Primitive hdr.int_md.padding_switch = 0
[15:48:39.426] [bmv2] [T] [thread 356] [80.0] [cxt 0] int-gtp-source.p4(253) Primitive hdr.int_md.switch_id = (bit<16>)meta.switch_id
[15:48:39.426] [bmv2] [T] [thread 356] [80.0] [cxt 0] int-gtp-source.p4(254) Primitive hdr.int_md.ingress_port_id = (bit<16>)meta.ingress_port
[15:48:39.426] [bmv2] [T] [thread 356] [80.0] [cxt 0] int-gtp-source.p4(255) Primitive hdr.int_md.ingress_timestamp = meta.ingress_ts
[15:48:39.426] [bmv2] [T] [thread 356] [80.0] [cxt 0] int-gtp-source.p4(256) Primitive hdr.int_md.egress_port_id = 0
[15:48:39.426] [bmv2] [T] [thread 356] [80.0] [cxt 0] int-gtp-source.p4(257) Primitive hdr.int_md.hop_latency = 0
[15:48:39.426] [bmv2] [T] [thread 356] [80.0] [cxt 0] int-gtp-source.p4(258) Primitive hdr.int_md.egress_timestamp = 0
[15:48:39.426] [bmv2] [T] [thread 356] [80.0] [cxt 0] int-gtp-source.p4(259) Primitive hdr.int_md.queue_occupancy = 0
[15:48:39.426] [bmv2] [T] [thread 356] [80.0] [cxt 0] int-gtp-source.p4(260) Primitive hdr.int_md.congestion_notification = 0
[15:48:39.426] [bmv2] [T] [thread 356] [80.0] [cxt 0] int-gtp-source.p4(261) Primitive hdr.int_md.reserved1 = 0
[15:48:39.427] [bmv2] [T] [thread 356] [80.0] [cxt 0] int-gtp-source.p4(262) Primitive hdr.int_md.reserved2 = 0
[15:48:39.427] [bmv2] [D] [thread 356] [80.0] [cxt 0] Pipeline 'ingress': end
[15:48:39.427] [bmv2] [D] [thread 356] [80.0] [cxt 0] Egress port is 2
[15:48:39.427] [bmv2] [D] [thread 359] [80.0] [cxt 0] Pipeline 'egress': start
[15:48:39.427] [bmv2] [T] [thread 359] [80.0] [cxt 0] int-gtp-source.p4(330) Condition "hdr.int_shim.isValid()" (node_11) is true
[15:48:39.427] [bmv2] [T] [thread 359] [80.0] [cxt 0] Applying table 'tbl_update_int_metadata'
[15:48:39.427] [bmv2] [D] [thread 359] [80.0] [cxt 0] Looking up key:

[15:48:39.427] [bmv2] [D] [thread 359] [80.0] [cxt 0] Table 'tbl_update_int_metadata': miss
[15:48:39.427] [bmv2] [D] [thread 359] [80.0] [cxt 0] Action entry is MyEgress.update_int_metadata -
[15:48:39.427] [bmv2] [T] [thread 359] [80.0] [cxt 0] Action MyEgress.update_int_metadata
[15:48:39.427] [bmv2] [T] [thread 359] [80.0] [cxt 0] int-gtp-source.p4(321) Primitive if
[15:48:39.427] [bmv2] [T] [thread 359] [80.0] [cxt 0] int-gtp-source.p4(322) Primitive hdr.int_md.egress_port_id = (bit<16>)standard_metadata.egress_port
[15:48:39.427] [bmv2] [T] [thread 359] [80.0] [cxt 0] int-gtp-source.p4(323) Primitive hdr.int_md.egress_timestamp = (bit<32>)standard_metadata.egress_global_timestamp
[15:48:39.427] [bmv2] [T] [thread 359] [80.0] [cxt 0] int-gtp-source.p4(324) Primitive hdr.int_md.hop_latency = hdr.int_md.egress_timestamp - hdr.int_md.ingress_timestamp
[15:48:39.427] [bmv2] [T] [thread 359] [80.0] [cxt 0] int-gtp-source.p4(325) Primitive hdr.int_md.queue_occupancy = (bit<32>)standard_metadata.enq_qdepth
[15:48:39.427] [bmv2] [D] [thread 359] [80.0] [cxt 0] Pipeline 'egress': end
[15:48:39.427] [bmv2] [D] [thread 359] [80.0] [cxt 0] Deparser 'deparser': start
[15:48:39.427] [bmv2] [D] [thread 359] [80.0] [cxt 0] Deparsing header 'ethernet'
[15:48:39.428] [bmv2] [D] [thread 359] [80.0] [cxt 0] Deparsing header 'int_shim'
[15:48:39.428] [bmv2] [D] [thread 359] [80.0] [cxt 0] Deparsing header 'int_header'
[15:48:39.428] [bmv2] [D] [thread 359] [80.0] [cxt 0] Deparsing header 'int_md'
[15:48:39.428] [bmv2] [D] [thread 359] [80.0] [cxt 0] Deparsing header 'ipv4'
[15:48:39.428] [bmv2] [D] [thread 359] [80.0] [cxt 0] Deparsing header 'udp'
[15:48:39.428] [bmv2] [D] [thread 359] [80.0] [cxt 0] Deparsing header 'gtp_u'
[15:48:39.428] [bmv2] [D] [thread 359] [80.0] [cxt 0] Deparser 'deparser': end
[15:48:39.429] [bmv2] [D] [thread 361] [80.0] [cxt 0] Transmitting packet of size 183 out of port 2
[15:48:39.496] [bmv2] [D] [thread 356] [81.0] [cxt 0] Processing packet received on port 2
[15:48:39.496] [bmv2] [D] [thread 356] [81.0] [cxt 0] Parser 'parser': start
[15:48:39.496] [bmv2] [D] [thread 356] [81.0] [cxt 0] Parser 'parser' entering state 'start'
[15:48:39.496] [bmv2] [D] [thread 356] [81.0] [cxt 0] Extracting header 'ethernet'
[15:48:39.497] [bmv2] [D] [thread 356] [81.0] [cxt 0] Parser set: setting field 'scalars.metadata.ingress_port' from field 'standard_metadata.ingress_port' (2)
[15:48:39.497] [bmv2] [D] [thread 356] [81.0] [cxt 0] Parser set: setting field 'scalars.metadata.ingress_ts' from expression, new value is 206947598
[15:48:39.497] [bmv2] [D] [thread 356] [81.0] [cxt 0] Parser set: setting field 'scalars.metadata.is_int_packet' to 0
[15:48:39.497] [bmv2] [D] [thread 356] [81.0] [cxt 0] Parser set: setting field 'scalars.metadata.is_ngap_traffic' to 0
[15:48:39.497] [bmv2] [D] [thread 356] [81.0] [cxt 0] Parser set: setting field 'scalars.metadata.is_gtp_u_traffic' to 0
[15:48:39.497] [bmv2] [D] [thread 356] [81.0] [cxt 0] Parser set: setting field 'scalars.metadata.traffic_type' to 0
[15:48:39.497] [bmv2] [D] [thread 356] [81.0] [cxt 0] Parser set: setting field 'scalars.metadata.should_insert_int' to 0
[15:48:39.497] [bmv2] [D] [thread 356] [81.0] [cxt 0] Parser state 'start': key is 0800
[15:48:39.497] [bmv2] [T] [thread 356] [81.0] [cxt 0] Bytes parsed: 14
[15:48:39.497] [bmv2] [D] [thread 356] [81.0] [cxt 0] Parser 'parser' entering state 'parse_ipv4'
[15:48:39.497] [bmv2] [D] [thread 356] [81.0] [cxt 0] Extracting header 'ipv4'
[15:48:39.497] [bmv2] [D] [thread 356] [81.0] [cxt 0] Parser state 'parse_ipv4': key is 11
[15:48:39.497] [bmv2] [T] [thread 356] [81.0] [cxt 0] Bytes parsed: 34
[15:48:39.497] [bmv2] [D] [thread 356] [81.0] [cxt 0] Parser 'parser' entering state 'parse_udp'
[15:48:39.497] [bmv2] [D] [thread 356] [81.0] [cxt 0] Extracting header 'udp'
[15:48:39.497] [bmv2] [D] [thread 356] [81.0] [cxt 0] Parser set: setting field 'scalars.metadata.transport_src_port' from field 'udp.src_port' (2152)
[15:48:39.497] [bmv2] [D] [thread 356] [81.0] [cxt 0] Parser set: setting field 'scalars.metadata.transport_dst_port' from field 'udp.dst_port' (2152)
[15:48:39.497] [bmv2] [D] [thread 356] [81.0] [cxt 0] Parser set: setting field 'scalars.tmp' from expression, new value is 1
[15:48:39.497] [bmv2] [D] [thread 356] [81.0] [cxt 0] Parser state 'parse_udp': key is 01
[15:48:39.497] [bmv2] [T] [thread 356] [81.0] [cxt 0] Bytes parsed: 42
[15:48:39.497] [bmv2] [D] [thread 356] [81.0] [cxt 0] Parser 'parser' entering state 'parse_gtp_u'
[15:48:39.497] [bmv2] [D] [thread 356] [81.0] [cxt 0] Extracting header 'gtp_u'
[15:48:39.497] [bmv2] [D] [thread 356] [81.0] [cxt 0] Parser set: setting field 'scalars.metadata.is_gtp_u_traffic' to 1
[15:48:39.497] [bmv2] [D] [thread 356] [81.0] [cxt 0] Parser set: setting field 'scalars.metadata.traffic_type' to 2
[15:48:39.497] [bmv2] [D] [thread 356] [81.0] [cxt 0] Parser state 'parse_gtp_u' has no switch, going to default next state
[15:48:39.497] [bmv2] [T] [thread 356] [81.0] [cxt 0] Bytes parsed: 50
[15:48:39.497] [bmv2] [D] [thread 356] [81.0] [cxt 0] Parser 'parser': end
[15:48:39.497] [bmv2] [D] [thread 356] [81.0] [cxt 0] Pipeline 'ingress': start
[15:48:39.497] [bmv2] [T] [thread 356] [81.0] [cxt 0] Applying table 'tbl_intgtpsource295'
[15:48:39.497] [bmv2] [D] [thread 356] [81.0] [cxt 0] Looking up key:

[15:48:39.497] [bmv2] [D] [thread 356] [81.0] [cxt 0] Table 'tbl_intgtpsource295': miss
[15:48:39.497] [bmv2] [D] [thread 356] [81.0] [cxt 0] Action entry is intgtpsource295 -
[15:48:39.497] [bmv2] [T] [thread 356] [81.0] [cxt 0] Action intgtpsource295
[15:48:39.497] [bmv2] [T] [thread 356] [81.0] [cxt 0] int-gtp-source.p4(295) Primitive meta.switch_id = 1
[15:48:39.497] [bmv2] [T] [thread 356] [81.0] [cxt 0] int-gtp-source.p4(297) Condition "hdr.ethernet.isValid() && hdr.ipv4.isValid()" (node_3) is true
[15:48:39.497] [bmv2] [T] [thread 356] [81.0] [cxt 0] int-gtp-source.p4(299) Condition "(hdr.ipv4.protocol == 132 && hdr.sctp.isValid()) || ..." (node_4) is true
[15:48:39.497] [bmv2] [T] [thread 356] [81.0] [cxt 0] Applying table 'MyIngress.int_source_table'
[15:48:39.497] [bmv2] [D] [thread 356] [81.0] [cxt 0] Looking up key:
* meta.traffic_type   : 02

[15:48:39.497] [bmv2] [D] [thread 356] [81.0] [cxt 0] Table 'MyIngress.int_source_table': hit with handle 1
[15:48:39.497] [bmv2] [D] [thread 356] [81.0] [cxt 0] Dumping entry 1
Match key:
* meta.traffic_type   : EXACT     02
Action entry: MyIngress.int_source_action -

[15:48:39.497] [bmv2] [D] [thread 356] [81.0] [cxt 0] Action entry is MyIngress.int_source_action -
[15:48:39.497] [bmv2] [T] [thread 356] [81.0] [cxt 0] Action MyIngress.int_source_action
[15:48:39.497] [bmv2] [T] [thread 356] [81.0] [cxt 0] int-gtp-source.p4(221) Primitive meta.should_insert_int = 1
[15:48:39.497] [bmv2] [T] [thread 356] [81.0] [cxt 0] Applying table 'MyIngress.ipv4_lpm'
[15:48:39.497] [bmv2] [D] [thread 356] [81.0] [cxt 0] Looking up key:
* hdr.ipv4.dstAddr    : ac120a03

[15:48:39.497] [bmv2] [D] [thread 356] [81.0] [cxt 0] Table 'MyIngress.ipv4_lpm': hit with handle 1
[15:48:39.497] [bmv2] [D] [thread 356] [81.0] [cxt 0] Dumping entry 1
Match key:
* hdr.ipv4.dstAddr    : LPM       ac120a03/32
Action entry: MyIngress.forward_action - 1,

[15:48:39.497] [bmv2] [D] [thread 356] [81.0] [cxt 0] Action entry is MyIngress.forward_action - 1,
[15:48:39.497] [bmv2] [T] [thread 356] [81.0] [cxt 0] Action MyIngress.forward_action
[15:48:39.497] [bmv2] [T] [thread 356] [81.0] [cxt 0] int-gtp-source.p4(266) Primitive standard_metadata.egress_spec = egress_port
[15:48:39.497] [bmv2] [T] [thread 356] [81.0] [cxt 0] int-gtp-source.p4(308) Condition "meta.should_insert_int == 1" (node_7) is true
[15:48:39.497] [bmv2] [T] [thread 356] [81.0] [cxt 0] Applying table 'tbl_do_insert_int'
[15:48:39.497] [bmv2] [D] [thread 356] [81.0] [cxt 0] Looking up key:

[15:48:39.497] [bmv2] [D] [thread 356] [81.0] [cxt 0] Table 'tbl_do_insert_int': miss
[15:48:39.497] [bmv2] [D] [thread 356] [81.0] [cxt 0] Action entry is MyIngress.do_insert_int -
[15:48:39.497] [bmv2] [T] [thread 356] [81.0] [cxt 0] Action MyIngress.do_insert_int
[15:48:39.497] [bmv2] [T] [thread 356] [81.0] [cxt 0] int-gtp-source.p4(226) Primitive bit<16> original_ether_type = hdr.ethernet.etherType
[15:48:39.497] [bmv2] [T] [thread 356] [81.0] [cxt 0] int-gtp-source.p4(229) Primitive hdr.ethernet.etherType = 0xFA
[15:48:39.497] [bmv2] [T] [thread 356] [81.0] [cxt 0] int-gtp-source.p4(232) Primitive hdr.int_shim.setValid()
[15:48:39.497] [bmv2] [T] [thread 356] [81.0] [cxt 0] int-gtp-source.p4(233) Primitive hdr.int_shim.type = 1
[15:48:39.497] [bmv2] [T] [thread 356] [81.0] [cxt 0] int-gtp-source.p4(234) Primitive hdr.int_shim.reserved = 0
[15:48:39.497] [bmv2] [T] [thread 356] [81.0] [cxt 0] int-gtp-source.p4(235) Primitive hdr.int_shim.length = 44
[15:48:39.497] [bmv2] [T] [thread 356] [81.0] [cxt 0] int-gtp-source.p4(236) Primitive hdr.int_shim.next_proto = original_ether_type
[15:48:39.497] [bmv2] [T] [thread 356] [81.0] [cxt 0] int-gtp-source.p4(239) Primitive hdr.int_header.setValid()
[15:48:39.497] [bmv2] [T] [thread 356] [81.0] [cxt 0] int-gtp-source.p4(240) Primitive hdr.int_header.version = 1
[15:48:39.497] [bmv2] [T] [thread 356] [81.0] [cxt 0] int-gtp-source.p4(241) Primitive hdr.int_header.d = 0
[15:48:39.497] [bmv2] [T] [thread 356] [81.0] [cxt 0] int-gtp-source.p4(242) Primitive hdr.int_header.q = 0
[15:48:39.497] [bmv2] [T] [thread 356] [81.0] [cxt 0] int-gtp-source.p4(243) Primitive hdr.int_header.m = 1
[15:48:39.497] [bmv2] [T] [thread 356] [81.0] [cxt 0] int-gtp-source.p4(244) Primitive hdr.int_header.reserved1 = 0
[15:48:39.497] [bmv2] [T] [thread 356] [81.0] [cxt 0] int-gtp-source.p4(245) Primitive hdr.int_header.hop_ml = 1
[15:48:39.497] [bmv2] [T] [thread 356] [81.0] [cxt 0] int-gtp-source.p4(246) Primitive hdr.int_header.instruction = 0x00FF
[15:48:39.497] [bmv2] [T] [thread 356] [81.0] [cxt 0] int-gtp-source.p4(247) Primitive hdr.int_header.reserved2 = 0
[15:48:39.497] [bmv2] [T] [thread 356] [81.0] [cxt 0] int-gtp-source.p4(248) Primitive hdr.int_header.remaining_hop_cnt = 8 - 1
[15:48:39.497] [bmv2] [T] [thread 356] [81.0] [cxt 0] int-gtp-source.p4(251) Primitive hdr.int_md.setValid()
[15:48:39.497] [bmv2] [T] [thread 356] [81.0] [cxt 0] int-gtp-source.p4(252) Primitive hdr.int_md.padding_switch = 0
[15:48:39.497] [bmv2] [T] [thread 356] [81.0] [cxt 0] int-gtp-source.p4(253) Primitive hdr.int_md.switch_id = (bit<16>)meta.switch_id
[15:48:39.497] [bmv2] [T] [thread 356] [81.0] [cxt 0] int-gtp-source.p4(254) Primitive hdr.int_md.ingress_port_id = (bit<16>)meta.ingress_port
[15:48:39.497] [bmv2] [T] [thread 356] [81.0] [cxt 0] int-gtp-source.p4(255) Primitive hdr.int_md.ingress_timestamp = meta.ingress_ts
[15:48:39.497] [bmv2] [T] [thread 356] [81.0] [cxt 0] int-gtp-source.p4(256) Primitive hdr.int_md.egress_port_id = 0
[15:48:39.497] [bmv2] [T] [thread 356] [81.0] [cxt 0] int-gtp-source.p4(257) Primitive hdr.int_md.hop_latency = 0
[15:48:39.497] [bmv2] [T] [thread 356] [81.0] [cxt 0] int-gtp-source.p4(258) Primitive hdr.int_md.egress_timestamp = 0
[15:48:39.497] [bmv2] [T] [thread 356] [81.0] [cxt 0] int-gtp-source.p4(259) Primitive hdr.int_md.queue_occupancy = 0
[15:48:39.497] [bmv2] [T] [thread 356] [81.0] [cxt 0] int-gtp-source.p4(260) Primitive hdr.int_md.congestion_notification = 0
[15:48:39.497] [bmv2] [T] [thread 356] [81.0] [cxt 0] int-gtp-source.p4(261) Primitive hdr.int_md.reserved1 = 0
[15:48:39.497] [bmv2] [T] [thread 356] [81.0] [cxt 0] int-gtp-source.p4(262) Primitive hdr.int_md.reserved2 = 0
[15:48:39.497] [bmv2] [D] [thread 356] [81.0] [cxt 0] Pipeline 'ingress': end
[15:48:39.497] [bmv2] [D] [thread 356] [81.0] [cxt 0] Egress port is 1
[15:48:39.497] [bmv2] [D] [thread 358] [81.0] [cxt 0] Pipeline 'egress': start
[15:48:39.497] [bmv2] [T] [thread 358] [81.0] [cxt 0] int-gtp-source.p4(330) Condition "hdr.int_shim.isValid()" (node_11) is true
[15:48:39.497] [bmv2] [T] [thread 358] [81.0] [cxt 0] Applying table 'tbl_update_int_metadata'
[15:48:39.497] [bmv2] [D] [thread 358] [81.0] [cxt 0] Looking up key:

[15:48:39.497] [bmv2] [D] [thread 358] [81.0] [cxt 0] Table 'tbl_update_int_metadata': miss
[15:48:39.497] [bmv2] [D] [thread 358] [81.0] [cxt 0] Action entry is MyEgress.update_int_metadata -
[15:48:39.497] [bmv2] [T] [thread 358] [81.0] [cxt 0] Action MyEgress.update_int_metadata
[15:48:39.497] [bmv2] [T] [thread 358] [81.0] [cxt 0] int-gtp-source.p4(321) Primitive if
[15:48:39.497] [bmv2] [T] [thread 358] [81.0] [cxt 0] int-gtp-source.p4(322) Primitive hdr.int_md.egress_port_id = (bit<16>)standard_metadata.egress_port
[15:48:39.497] [bmv2] [T] [thread 358] [81.0] [cxt 0] int-gtp-source.p4(323) Primitive hdr.int_md.egress_timestamp = (bit<32>)standard_metadata.egress_global_timestamp
[15:48:39.497] [bmv2] [T] [thread 358] [81.0] [cxt 0] int-gtp-source.p4(324) Primitive hdr.int_md.hop_latency = hdr.int_md.egress_timestamp - hdr.int_md.ingress_timestamp
[15:48:39.497] [bmv2] [T] [thread 358] [81.0] [cxt 0] int-gtp-source.p4(325) Primitive hdr.int_md.queue_occupancy = (bit<32>)standard_metadata.enq_qdepth
[15:48:39.497] [bmv2] [D] [thread 358] [81.0] [cxt 0] Pipeline 'egress': end
[15:48:39.497] [bmv2] [D] [thread 358] [81.0] [cxt 0] Deparser 'deparser': start
[15:48:39.497] [bmv2] [D] [thread 358] [81.0] [cxt 0] Deparsing header 'ethernet'
[15:48:39.497] [bmv2] [D] [thread 358] [81.0] [cxt 0] Deparsing header 'int_shim'
[15:48:39.497] [bmv2] [D] [thread 358] [81.0] [cxt 0] Deparsing header 'int_header'
[15:48:39.497] [bmv2] [D] [thread 358] [81.0] [cxt 0] Deparsing header 'int_md'
[15:48:39.497] [bmv2] [D] [thread 358] [81.0] [cxt 0] Deparsing header 'ipv4'
[15:48:39.497] [bmv2] [D] [thread 358] [81.0] [cxt 0] Deparsing header 'udp'
[15:48:39.498] [bmv2] [D] [thread 358] [81.0] [cxt 0] Deparsing header 'gtp_u'
[15:48:39.498] [bmv2] [D] [thread 358] [81.0] [cxt 0] Deparser 'deparser': end
[15:48:39.498] [bmv2] [D] [thread 361] [81.0] [cxt 0] Transmitting packet of size 183 out of port 1
[15:48:40.447] [bmv2] [D] [thread 356] [82.0] [cxt 0] Processing packet received on port 1
[15:48:40.447] [bmv2] [D] [thread 356] [82.0] [cxt 0] Parser 'parser': start
[15:48:40.447] [bmv2] [D] [thread 356] [82.0] [cxt 0] Parser 'parser' entering state 'start'
[15:48:40.447] [bmv2] [D] [thread 356] [82.0] [cxt 0] Extracting header 'ethernet'
[15:48:40.447] [bmv2] [D] [thread 356] [82.0] [cxt 0] Parser set: setting field 'scalars.metadata.ingress_port' from field 'standard_metadata.ingress_port' (1)
[15:48:40.447] [bmv2] [D] [thread 356] [82.0] [cxt 0] Parser set: setting field 'scalars.metadata.ingress_ts' from expression, new value is 207898453
[15:48:40.447] [bmv2] [D] [thread 356] [82.0] [cxt 0] Parser set: setting field 'scalars.metadata.is_int_packet' to 0
[15:48:40.447] [bmv2] [D] [thread 356] [82.0] [cxt 0] Parser set: setting field 'scalars.metadata.is_ngap_traffic' to 0
[15:48:40.447] [bmv2] [D] [thread 356] [82.0] [cxt 0] Parser set: setting field 'scalars.metadata.is_gtp_u_traffic' to 0
[15:48:40.447] [bmv2] [D] [thread 356] [82.0] [cxt 0] Parser set: setting field 'scalars.metadata.traffic_type' to 0
[15:48:40.447] [bmv2] [D] [thread 356] [82.0] [cxt 0] Parser set: setting field 'scalars.metadata.should_insert_int' to 0
[15:48:40.447] [bmv2] [D] [thread 356] [82.0] [cxt 0] Parser state 'start': key is 0800
[15:48:40.447] [bmv2] [T] [thread 356] [82.0] [cxt 0] Bytes parsed: 14
[15:48:40.447] [bmv2] [D] [thread 356] [82.0] [cxt 0] Parser 'parser' entering state 'parse_ipv4'
[15:48:40.448] [bmv2] [D] [thread 356] [82.0] [cxt 0] Extracting header 'ipv4'
[15:48:40.448] [bmv2] [D] [thread 356] [82.0] [cxt 0] Parser state 'parse_ipv4': key is 11
[15:48:40.448] [bmv2] [T] [thread 356] [82.0] [cxt 0] Bytes parsed: 34
[15:48:40.448] [bmv2] [D] [thread 356] [82.0] [cxt 0] Parser 'parser' entering state 'parse_udp'
[15:48:40.448] [bmv2] [D] [thread 356] [82.0] [cxt 0] Extracting header 'udp'
[15:48:40.448] [bmv2] [D] [thread 356] [82.0] [cxt 0] Parser set: setting field 'scalars.metadata.transport_src_port' from field 'udp.src_port' (2152)
[15:48:40.448] [bmv2] [D] [thread 356] [82.0] [cxt 0] Parser set: setting field 'scalars.metadata.transport_dst_port' from field 'udp.dst_port' (2152)
[15:48:40.448] [bmv2] [D] [thread 356] [82.0] [cxt 0] Parser set: setting field 'scalars.tmp' from expression, new value is 1
[15:48:40.448] [bmv2] [D] [thread 356] [82.0] [cxt 0] Parser state 'parse_udp': key is 01
[15:48:40.448] [bmv2] [T] [thread 356] [82.0] [cxt 0] Bytes parsed: 42
[15:48:40.448] [bmv2] [D] [thread 356] [82.0] [cxt 0] Parser 'parser' entering state 'parse_gtp_u'
[15:48:40.448] [bmv2] [D] [thread 356] [82.0] [cxt 0] Extracting header 'gtp_u'
[15:48:40.448] [bmv2] [D] [thread 356] [82.0] [cxt 0] Parser set: setting field 'scalars.metadata.is_gtp_u_traffic' to 1
[15:48:40.448] [bmv2] [D] [thread 356] [82.0] [cxt 0] Parser set: setting field 'scalars.metadata.traffic_type' to 2
[15:48:40.448] [bmv2] [D] [thread 356] [82.0] [cxt 0] Parser state 'parse_gtp_u' has no switch, going to default next state
[15:48:40.448] [bmv2] [T] [thread 356] [82.0] [cxt 0] Bytes parsed: 50
[15:48:40.448] [bmv2] [D] [thread 356] [82.0] [cxt 0] Parser 'parser': end
[15:48:40.448] [bmv2] [D] [thread 356] [82.0] [cxt 0] Pipeline 'ingress': start
[15:48:40.448] [bmv2] [T] [thread 356] [82.0] [cxt 0] Applying table 'tbl_intgtpsource295'
[15:48:40.448] [bmv2] [D] [thread 356] [82.0] [cxt 0] Looking up key:

[15:48:40.448] [bmv2] [D] [thread 356] [82.0] [cxt 0] Table 'tbl_intgtpsource295': miss
[15:48:40.448] [bmv2] [D] [thread 356] [82.0] [cxt 0] Action entry is intgtpsource295 -
[15:48:40.448] [bmv2] [T] [thread 356] [82.0] [cxt 0] Action intgtpsource295
[15:48:40.448] [bmv2] [T] [thread 356] [82.0] [cxt 0] int-gtp-source.p4(295) Primitive meta.switch_id = 1
[15:48:40.448] [bmv2] [T] [thread 356] [82.0] [cxt 0] int-gtp-source.p4(297) Condition "hdr.ethernet.isValid() && hdr.ipv4.isValid()" (node_3) is true
[15:48:40.448] [bmv2] [T] [thread 356] [82.0] [cxt 0] int-gtp-source.p4(299) Condition "(hdr.ipv4.protocol == 132 && hdr.sctp.isValid()) || ..." (node_4) is true
[15:48:40.448] [bmv2] [T] [thread 356] [82.0] [cxt 0] Applying table 'MyIngress.int_source_table'
[15:48:40.448] [bmv2] [D] [thread 356] [82.0] [cxt 0] Looking up key:
* meta.traffic_type   : 02

[15:48:40.448] [bmv2] [D] [thread 356] [82.0] [cxt 0] Table 'MyIngress.int_source_table': hit with handle 1
[15:48:40.448] [bmv2] [D] [thread 356] [82.0] [cxt 0] Dumping entry 1
Match key:
* meta.traffic_type   : EXACT     02
Action entry: MyIngress.int_source_action -

[15:48:40.448] [bmv2] [D] [thread 356] [82.0] [cxt 0] Action entry is MyIngress.int_source_action -
[15:48:40.448] [bmv2] [T] [thread 356] [82.0] [cxt 0] Action MyIngress.int_source_action
[15:48:40.448] [bmv2] [T] [thread 356] [82.0] [cxt 0] int-gtp-source.p4(221) Primitive meta.should_insert_int = 1
[15:48:40.448] [bmv2] [T] [thread 356] [82.0] [cxt 0] Applying table 'MyIngress.ipv4_lpm'
[15:48:40.448] [bmv2] [D] [thread 356] [82.0] [cxt 0] Looking up key:
* hdr.ipv4.dstAddr    : ac120018

[15:48:40.448] [bmv2] [D] [thread 356] [82.0] [cxt 0] Table 'MyIngress.ipv4_lpm': hit with handle 2
[15:48:40.448] [bmv2] [D] [thread 356] [82.0] [cxt 0] Dumping entry 2
Match key:
* hdr.ipv4.dstAddr    : LPM       00000000/0
Action entry: MyIngress.forward_action - 2,

[15:48:40.448] [bmv2] [D] [thread 356] [82.0] [cxt 0] Action entry is MyIngress.forward_action - 2,
[15:48:40.448] [bmv2] [T] [thread 356] [82.0] [cxt 0] Action MyIngress.forward_action
[15:48:40.448] [bmv2] [T] [thread 356] [82.0] [cxt 0] int-gtp-source.p4(266) Primitive standard_metadata.egress_spec = egress_port
[15:48:40.448] [bmv2] [T] [thread 356] [82.0] [cxt 0] int-gtp-source.p4(308) Condition "meta.should_insert_int == 1" (node_7) is true
[15:48:40.448] [bmv2] [T] [thread 356] [82.0] [cxt 0] Applying table 'tbl_do_insert_int'
[15:48:40.448] [bmv2] [D] [thread 356] [82.0] [cxt 0] Looking up key:

[15:48:40.448] [bmv2] [D] [thread 356] [82.0] [cxt 0] Table 'tbl_do_insert_int': miss
[15:48:40.448] [bmv2] [D] [thread 356] [82.0] [cxt 0] Action entry is MyIngress.do_insert_int -
[15:48:40.448] [bmv2] [T] [thread 356] [82.0] [cxt 0] Action MyIngress.do_insert_int
[15:48:40.448] [bmv2] [T] [thread 356] [82.0] [cxt 0] int-gtp-source.p4(226) Primitive bit<16> original_ether_type = hdr.ethernet.etherType
[15:48:40.448] [bmv2] [T] [thread 356] [82.0] [cxt 0] int-gtp-source.p4(229) Primitive hdr.ethernet.etherType = 0xFA
[15:48:40.448] [bmv2] [T] [thread 356] [82.0] [cxt 0] int-gtp-source.p4(232) Primitive hdr.int_shim.setValid()
[15:48:40.448] [bmv2] [T] [thread 356] [82.0] [cxt 0] int-gtp-source.p4(233) Primitive hdr.int_shim.type = 1
[15:48:40.448] [bmv2] [T] [thread 356] [82.0] [cxt 0] int-gtp-source.p4(234) Primitive hdr.int_shim.reserved = 0
[15:48:40.448] [bmv2] [T] [thread 356] [82.0] [cxt 0] int-gtp-source.p4(235) Primitive hdr.int_shim.length = 44
[15:48:40.448] [bmv2] [T] [thread 356] [82.0] [cxt 0] int-gtp-source.p4(236) Primitive hdr.int_shim.next_proto = original_ether_type
[15:48:40.448] [bmv2] [T] [thread 356] [82.0] [cxt 0] int-gtp-source.p4(239) Primitive hdr.int_header.setValid()
[15:48:40.448] [bmv2] [T] [thread 356] [82.0] [cxt 0] int-gtp-source.p4(240) Primitive hdr.int_header.version = 1
[15:48:40.448] [bmv2] [T] [thread 356] [82.0] [cxt 0] int-gtp-source.p4(241) Primitive hdr.int_header.d = 0
[15:48:40.448] [bmv2] [T] [thread 356] [82.0] [cxt 0] int-gtp-source.p4(242) Primitive hdr.int_header.q = 0
[15:48:40.448] [bmv2] [T] [thread 356] [82.0] [cxt 0] int-gtp-source.p4(243) Primitive hdr.int_header.m = 1
[15:48:40.448] [bmv2] [T] [thread 356] [82.0] [cxt 0] int-gtp-source.p4(244) Primitive hdr.int_header.reserved1 = 0
[15:48:40.448] [bmv2] [T] [thread 356] [82.0] [cxt 0] int-gtp-source.p4(245) Primitive hdr.int_header.hop_ml = 1
[15:48:40.448] [bmv2] [T] [thread 356] [82.0] [cxt 0] int-gtp-source.p4(246) Primitive hdr.int_header.instruction = 0x00FF
[15:48:40.448] [bmv2] [T] [thread 356] [82.0] [cxt 0] int-gtp-source.p4(247) Primitive hdr.int_header.reserved2 = 0
[15:48:40.448] [bmv2] [T] [thread 356] [82.0] [cxt 0] int-gtp-source.p4(248) Primitive hdr.int_header.remaining_hop_cnt = 8 - 1
[15:48:40.448] [bmv2] [T] [thread 356] [82.0] [cxt 0] int-gtp-source.p4(251) Primitive hdr.int_md.setValid()
[15:48:40.448] [bmv2] [T] [thread 356] [82.0] [cxt 0] int-gtp-source.p4(252) Primitive hdr.int_md.padding_switch = 0
[15:48:40.448] [bmv2] [T] [thread 356] [82.0] [cxt 0] int-gtp-source.p4(253) Primitive hdr.int_md.switch_id = (bit<16>)meta.switch_id
[15:48:40.448] [bmv2] [T] [thread 356] [82.0] [cxt 0] int-gtp-source.p4(254) Primitive hdr.int_md.ingress_port_id = (bit<16>)meta.ingress_port
[15:48:40.448] [bmv2] [T] [thread 356] [82.0] [cxt 0] int-gtp-source.p4(255) Primitive hdr.int_md.ingress_timestamp = meta.ingress_ts
[15:48:40.448] [bmv2] [T] [thread 356] [82.0] [cxt 0] int-gtp-source.p4(256) Primitive hdr.int_md.egress_port_id = 0
[15:48:40.448] [bmv2] [T] [thread 356] [82.0] [cxt 0] int-gtp-source.p4(257) Primitive hdr.int_md.hop_latency = 0
[15:48:40.448] [bmv2] [T] [thread 356] [82.0] [cxt 0] int-gtp-source.p4(258) Primitive hdr.int_md.egress_timestamp = 0
[15:48:40.448] [bmv2] [T] [thread 356] [82.0] [cxt 0] int-gtp-source.p4(259) Primitive hdr.int_md.queue_occupancy = 0
[15:48:40.448] [bmv2] [T] [thread 356] [82.0] [cxt 0] int-gtp-source.p4(260) Primitive hdr.int_md.congestion_notification = 0
[15:48:40.448] [bmv2] [T] [thread 356] [82.0] [cxt 0] int-gtp-source.p4(261) Primitive hdr.int_md.reserved1 = 0
[15:48:40.448] [bmv2] [T] [thread 356] [82.0] [cxt 0] int-gtp-source.p4(262) Primitive hdr.int_md.reserved2 = 0
[15:48:40.448] [bmv2] [D] [thread 356] [82.0] [cxt 0] Pipeline 'ingress': end
[15:48:40.448] [bmv2] [D] [thread 356] [82.0] [cxt 0] Egress port is 2
[15:48:40.448] [bmv2] [D] [thread 359] [82.0] [cxt 0] Pipeline 'egress': start
[15:48:40.448] [bmv2] [T] [thread 359] [82.0] [cxt 0] int-gtp-source.p4(330) Condition "hdr.int_shim.isValid()" (node_11) is true
[15:48:40.448] [bmv2] [T] [thread 359] [82.0] [cxt 0] Applying table 'tbl_update_int_metadata'
[15:48:40.448] [bmv2] [D] [thread 359] [82.0] [cxt 0] Looking up key:

[15:48:40.448] [bmv2] [D] [thread 359] [82.0] [cxt 0] Table 'tbl_update_int_metadata': miss
[15:48:40.448] [bmv2] [D] [thread 359] [82.0] [cxt 0] Action entry is MyEgress.update_int_metadata -
[15:48:40.448] [bmv2] [T] [thread 359] [82.0] [cxt 0] Action MyEgress.update_int_metadata
[15:48:40.448] [bmv2] [T] [thread 359] [82.0] [cxt 0] int-gtp-source.p4(321) Primitive if
[15:48:40.449] [bmv2] [T] [thread 359] [82.0] [cxt 0] int-gtp-source.p4(322) Primitive hdr.int_md.egress_port_id = (bit<16>)standard_metadata.egress_port
[15:48:40.449] [bmv2] [T] [thread 359] [82.0] [cxt 0] int-gtp-source.p4(323) Primitive hdr.int_md.egress_timestamp = (bit<32>)standard_metadata.egress_global_timestamp
[15:48:40.449] [bmv2] [T] [thread 359] [82.0] [cxt 0] int-gtp-source.p4(324) Primitive hdr.int_md.hop_latency = hdr.int_md.egress_timestamp - hdr.int_md.ingress_timestamp
[15:48:40.449] [bmv2] [T] [thread 359] [82.0] [cxt 0] int-gtp-source.p4(325) Primitive hdr.int_md.queue_occupancy = (bit<32>)standard_metadata.enq_qdepth
[15:48:40.449] [bmv2] [D] [thread 359] [82.0] [cxt 0] Pipeline 'egress': end
[15:48:40.449] [bmv2] [D] [thread 359] [82.0] [cxt 0] Deparser 'deparser': start
[15:48:40.449] [bmv2] [D] [thread 359] [82.0] [cxt 0] Deparsing header 'ethernet'
[15:48:40.449] [bmv2] [D] [thread 359] [82.0] [cxt 0] Deparsing header 'int_shim'
[15:48:40.449] [bmv2] [D] [thread 359] [82.0] [cxt 0] Deparsing header 'int_header'
[15:48:40.449] [bmv2] [D] [thread 359] [82.0] [cxt 0] Deparsing header 'int_md'
[15:48:40.449] [bmv2] [D] [thread 359] [82.0] [cxt 0] Deparsing header 'ipv4'
[15:48:40.449] [bmv2] [D] [thread 359] [82.0] [cxt 0] Deparsing header 'udp'
[15:48:40.449] [bmv2] [D] [thread 359] [82.0] [cxt 0] Deparsing header 'gtp_u'
[15:48:40.449] [bmv2] [D] [thread 359] [82.0] [cxt 0] Deparser 'deparser': end
[15:48:40.449] [bmv2] [D] [thread 361] [82.0] [cxt 0] Transmitting packet of size 183 out of port 2
[15:48:40.464] [bmv2] [D] [thread 356] [83.0] [cxt 0] Processing packet received on port 2
[15:48:40.464] [bmv2] [D] [thread 356] [83.0] [cxt 0] Parser 'parser': start
[15:48:40.464] [bmv2] [D] [thread 356] [83.0] [cxt 0] Parser 'parser' entering state 'start'
[15:48:40.464] [bmv2] [D] [thread 356] [83.0] [cxt 0] Extracting header 'ethernet'
[15:48:40.464] [bmv2] [D] [thread 356] [83.0] [cxt 0] Parser set: setting field 'scalars.metadata.ingress_port' from field 'standard_metadata.ingress_port' (2)
[15:48:40.464] [bmv2] [D] [thread 356] [83.0] [cxt 0] Parser set: setting field 'scalars.metadata.ingress_ts' from expression, new value is 207915519
[15:48:40.464] [bmv2] [D] [thread 356] [83.0] [cxt 0] Parser set: setting field 'scalars.metadata.is_int_packet' to 0
[15:48:40.464] [bmv2] [D] [thread 356] [83.0] [cxt 0] Parser set: setting field 'scalars.metadata.is_ngap_traffic' to 0
[15:48:40.464] [bmv2] [D] [thread 356] [83.0] [cxt 0] Parser set: setting field 'scalars.metadata.is_gtp_u_traffic' to 0
[15:48:40.464] [bmv2] [D] [thread 356] [83.0] [cxt 0] Parser set: setting field 'scalars.metadata.traffic_type' to 0
[15:48:40.465] [bmv2] [D] [thread 356] [83.0] [cxt 0] Parser set: setting field 'scalars.metadata.should_insert_int' to 0
[15:48:40.465] [bmv2] [D] [thread 356] [83.0] [cxt 0] Parser state 'start': key is 0800
[15:48:40.465] [bmv2] [T] [thread 356] [83.0] [cxt 0] Bytes parsed: 14
[15:48:40.465] [bmv2] [D] [thread 356] [83.0] [cxt 0] Parser 'parser' entering state 'parse_ipv4'
[15:48:40.465] [bmv2] [D] [thread 356] [83.0] [cxt 0] Extracting header 'ipv4'
[15:48:40.465] [bmv2] [D] [thread 356] [83.0] [cxt 0] Parser state 'parse_ipv4': key is 84
[15:48:40.465] [bmv2] [T] [thread 356] [83.0] [cxt 0] Bytes parsed: 34
[15:48:40.465] [bmv2] [D] [thread 356] [83.0] [cxt 0] Parser 'parser' entering state 'parse_sctp_common'
[15:48:40.465] [bmv2] [D] [thread 356] [83.0] [cxt 0] Extracting header 'sctp'
[15:48:40.465] [bmv2] [D] [thread 356] [83.0] [cxt 0] Parser set: setting field 'scalars.metadata.transport_src_port' from field 'sctp.src_port' (38412)
[15:48:40.465] [bmv2] [D] [thread 356] [83.0] [cxt 0] Parser set: setting field 'scalars.metadata.transport_dst_port' from field 'sctp.dst_port' (39657)
[15:48:40.465] [bmv2] [D] [thread 356] [83.0] [cxt 0] Parser set: setting field 'scalars.tmp_0' from expression, new value is 0
[15:48:40.465] [bmv2] [D] [thread 356] [83.0] [cxt 0] Parser state 'parse_sctp_common': key is 00
[15:48:40.465] [bmv2] [T] [thread 356] [83.0] [cxt 0] Bytes parsed: 46
[15:48:40.465] [bmv2] [D] [thread 356] [83.0] [cxt 0] Parser 'parser' entering state 'parse_sctp_common_join'
[15:48:40.465] [bmv2] [D] [thread 356] [83.0] [cxt 0] Extracting header 'sctp_chunk'
[15:48:40.465] [bmv2] [D] [thread 356] [83.0] [cxt 0] Parser state 'parse_sctp_common_join': key is 04
[15:48:40.465] [bmv2] [T] [thread 356] [83.0] [cxt 0] Bytes parsed: 50
[15:48:40.465] [bmv2] [D] [thread 356] [83.0] [cxt 0] Parser 'parser': end
[15:48:40.465] [bmv2] [D] [thread 356] [83.0] [cxt 0] Pipeline 'ingress': start
[15:48:40.465] [bmv2] [T] [thread 356] [83.0] [cxt 0] Applying table 'tbl_intgtpsource295'
[15:48:40.465] [bmv2] [D] [thread 356] [83.0] [cxt 0] Looking up key:

[15:48:40.465] [bmv2] [D] [thread 356] [83.0] [cxt 0] Table 'tbl_intgtpsource295': miss
[15:48:40.465] [bmv2] [D] [thread 356] [83.0] [cxt 0] Action entry is intgtpsource295 -
[15:48:40.465] [bmv2] [T] [thread 356] [83.0] [cxt 0] Action intgtpsource295
[15:48:40.466] [bmv2] [T] [thread 356] [83.0] [cxt 0] int-gtp-source.p4(295) Primitive meta.switch_id = 1
[15:48:40.466] [bmv2] [T] [thread 356] [83.0] [cxt 0] int-gtp-source.p4(297) Condition "hdr.ethernet.isValid() && hdr.ipv4.isValid()" (node_3) is true
[15:48:40.466] [bmv2] [T] [thread 356] [83.0] [cxt 0] int-gtp-source.p4(299) Condition "(hdr.ipv4.protocol == 132 && hdr.sctp.isValid()) || ..." (node_4) is true
[15:48:40.466] [bmv2] [T] [thread 356] [83.0] [cxt 0] Applying table 'MyIngress.int_source_table'
[15:48:40.466] [bmv2] [D] [thread 356] [83.0] [cxt 0] Looking up key:
* meta.traffic_type   : 00

[15:48:40.466] [bmv2] [D] [thread 356] [83.0] [cxt 0] Table 'MyIngress.int_source_table': miss
[15:48:40.466] [bmv2] [D] [thread 356] [83.0] [cxt 0] Action entry is NoAction -
[15:48:40.466] [bmv2] [T] [thread 356] [83.0] [cxt 0] Action NoAction
[15:48:40.466] [bmv2] [T] [thread 356] [83.0] [cxt 0] Applying table 'MyIngress.ipv4_lpm'
[15:48:40.466] [bmv2] [D] [thread 356] [83.0] [cxt 0] Looking up key:
* hdr.ipv4.dstAddr    : ac120a03

[15:48:40.466] [bmv2] [D] [thread 356] [83.0] [cxt 0] Table 'MyIngress.ipv4_lpm': hit with handle 1
[15:48:40.466] [bmv2] [D] [thread 356] [83.0] [cxt 0] Dumping entry 1
Match key:
* hdr.ipv4.dstAddr    : LPM       ac120a03/32
Action entry: MyIngress.forward_action - 1,

[15:48:40.466] [bmv2] [D] [thread 356] [83.0] [cxt 0] Action entry is MyIngress.forward_action - 1,
[15:48:40.466] [bmv2] [T] [thread 356] [83.0] [cxt 0] Action MyIngress.forward_action
[15:48:40.466] [bmv2] [T] [thread 356] [83.0] [cxt 0] int-gtp-source.p4(266) Primitive standard_metadata.egress_spec = egress_port
[15:48:40.466] [bmv2] [T] [thread 356] [83.0] [cxt 0] int-gtp-source.p4(308) Condition "meta.should_insert_int == 1" (node_7) is false
[15:48:40.466] [bmv2] [D] [thread 356] [83.0] [cxt 0] Pipeline 'ingress': end
[15:48:40.466] [bmv2] [D] [thread 356] [83.0] [cxt 0] Egress port is 1
[15:48:40.466] [bmv2] [D] [thread 358] [83.0] [cxt 0] Pipeline 'egress': start
[15:48:40.466] [bmv2] [T] [thread 358] [83.0] [cxt 0] int-gtp-source.p4(330) Condition "hdr.int_shim.isValid()" (node_11) is false
[15:48:40.466] [bmv2] [D] [thread 358] [83.0] [cxt 0] Pipeline 'egress': end
[15:48:40.466] [bmv2] [D] [thread 358] [83.0] [cxt 0] Deparser 'deparser': start
[15:48:40.466] [bmv2] [D] [thread 358] [83.0] [cxt 0] Deparsing header 'ethernet'
[15:48:40.466] [bmv2] [D] [thread 358] [83.0] [cxt 0] Deparsing header 'ipv4'
[15:48:40.466] [bmv2] [D] [thread 358] [83.0] [cxt 0] Deparsing header 'sctp'
[15:48:40.466] [bmv2] [D] [thread 358] [83.0] [cxt 0] Deparsing header 'sctp_chunk'
[15:48:40.466] [bmv2] [D] [thread 358] [83.0] [cxt 0] Deparser 'deparser': end
[15:48:40.466] [bmv2] [D] [thread 361] [83.0] [cxt 0] Transmitting packet of size 106 out of port 1
[15:48:40.480] [bmv2] [D] [thread 356] [84.0] [cxt 0] Processing packet received on port 1
[15:48:40.480] [bmv2] [D] [thread 356] [84.0] [cxt 0] Parser 'parser': start
[15:48:40.480] [bmv2] [D] [thread 356] [84.0] [cxt 0] Parser 'parser' entering state 'start'
[15:48:40.480] [bmv2] [D] [thread 356] [84.0] [cxt 0] Extracting header 'ethernet'
[15:48:40.480] [bmv2] [D] [thread 356] [84.0] [cxt 0] Parser set: setting field 'scalars.metadata.ingress_port' from field 'standard_metadata.ingress_port' (1)
[15:48:40.481] [bmv2] [D] [thread 356] [84.0] [cxt 0] Parser set: setting field 'scalars.metadata.ingress_ts' from expression, new value is 207931310
[15:48:40.481] [bmv2] [D] [thread 356] [84.0] [cxt 0] Parser set: setting field 'scalars.metadata.is_int_packet' to 0
[15:48:40.481] [bmv2] [D] [thread 356] [84.0] [cxt 0] Parser set: setting field 'scalars.metadata.is_ngap_traffic' to 0
[15:48:40.481] [bmv2] [D] [thread 356] [84.0] [cxt 0] Parser set: setting field 'scalars.metadata.is_gtp_u_traffic' to 0
[15:48:40.481] [bmv2] [D] [thread 356] [84.0] [cxt 0] Parser set: setting field 'scalars.metadata.traffic_type' to 0
[15:48:40.481] [bmv2] [D] [thread 356] [84.0] [cxt 0] Parser set: setting field 'scalars.metadata.should_insert_int' to 0
[15:48:40.481] [bmv2] [D] [thread 356] [84.0] [cxt 0] Parser state 'start': key is 0800
[15:48:40.481] [bmv2] [T] [thread 356] [84.0] [cxt 0] Bytes parsed: 14
[15:48:40.481] [bmv2] [D] [thread 356] [84.0] [cxt 0] Parser 'parser' entering state 'parse_ipv4'
[15:48:40.481] [bmv2] [D] [thread 356] [84.0] [cxt 0] Extracting header 'ipv4'
[15:48:40.481] [bmv2] [D] [thread 356] [84.0] [cxt 0] Parser state 'parse_ipv4': key is 84
[15:48:40.481] [bmv2] [T] [thread 356] [84.0] [cxt 0] Bytes parsed: 34
[15:48:40.481] [bmv2] [D] [thread 356] [84.0] [cxt 0] Parser 'parser' entering state 'parse_sctp_common'
[15:48:40.481] [bmv2] [D] [thread 356] [84.0] [cxt 0] Extracting header 'sctp'
[15:48:40.481] [bmv2] [D] [thread 356] [84.0] [cxt 0] Parser set: setting field 'scalars.metadata.transport_src_port' from field 'sctp.src_port' (39657)
[15:48:40.481] [bmv2] [D] [thread 356] [84.0] [cxt 0] Parser set: setting field 'scalars.metadata.transport_dst_port' from field 'sctp.dst_port' (38412)
[15:48:40.481] [bmv2] [D] [thread 356] [84.0] [cxt 0] Parser set: setting field 'scalars.tmp_0' from expression, new value is 1
[15:48:40.481] [bmv2] [D] [thread 356] [84.0] [cxt 0] Parser state 'parse_sctp_common': key is 01
[15:48:40.481] [bmv2] [T] [thread 356] [84.0] [cxt 0] Bytes parsed: 46
[15:48:40.481] [bmv2] [D] [thread 356] [84.0] [cxt 0] Parser 'parser' entering state 'parse_sctp_common_true'
[15:48:40.481] [bmv2] [D] [thread 356] [84.0] [cxt 0] Parser set: setting field 'scalars.metadata.is_ngap_traffic' to 1
[15:48:40.481] [bmv2] [D] [thread 356] [84.0] [cxt 0] Parser set: setting field 'scalars.metadata.traffic_type' to 1
[15:48:40.481] [bmv2] [D] [thread 356] [84.0] [cxt 0] Parser state 'parse_sctp_common_true' has no switch, going to default next state
[15:48:40.481] [bmv2] [T] [thread 356] [84.0] [cxt 0] Bytes parsed: 46
[15:48:40.481] [bmv2] [D] [thread 356] [84.0] [cxt 0] Parser 'parser' entering state 'parse_sctp_common_join'
[15:48:40.481] [bmv2] [D] [thread 356] [84.0] [cxt 0] Extracting header 'sctp_chunk'
[15:48:40.481] [bmv2] [D] [thread 356] [84.0] [cxt 0] Parser state 'parse_sctp_common_join': key is 05
[15:48:40.481] [bmv2] [T] [thread 356] [84.0] [cxt 0] Bytes parsed: 50
[15:48:40.481] [bmv2] [D] [thread 356] [84.0] [cxt 0] Parser 'parser': end
[15:48:40.481] [bmv2] [D] [thread 356] [84.0] [cxt 0] Pipeline 'ingress': start
[15:48:40.481] [bmv2] [T] [thread 356] [84.0] [cxt 0] Applying table 'tbl_intgtpsource295'
[15:48:40.481] [bmv2] [D] [thread 356] [84.0] [cxt 0] Looking up key:

[15:48:40.481] [bmv2] [D] [thread 356] [84.0] [cxt 0] Table 'tbl_intgtpsource295': miss
[15:48:40.481] [bmv2] [D] [thread 356] [84.0] [cxt 0] Action entry is intgtpsource295 -
[15:48:40.481] [bmv2] [T] [thread 356] [84.0] [cxt 0] Action intgtpsource295
[15:48:40.481] [bmv2] [T] [thread 356] [84.0] [cxt 0] int-gtp-source.p4(295) Primitive meta.switch_id = 1
[15:48:40.481] [bmv2] [T] [thread 356] [84.0] [cxt 0] int-gtp-source.p4(297) Condition "hdr.ethernet.isValid() && hdr.ipv4.isValid()" (node_3) is true
[15:48:40.481] [bmv2] [T] [thread 356] [84.0] [cxt 0] int-gtp-source.p4(299) Condition "(hdr.ipv4.protocol == 132 && hdr.sctp.isValid()) || ..." (node_4) is true
[15:48:40.481] [bmv2] [T] [thread 356] [84.0] [cxt 0] Applying table 'MyIngress.int_source_table'
[15:48:40.481] [bmv2] [D] [thread 356] [84.0] [cxt 0] Looking up key:
* meta.traffic_type   : 01

[15:48:40.481] [bmv2] [D] [thread 356] [84.0] [cxt 0] Table 'MyIngress.int_source_table': hit with handle 0
[15:48:40.481] [bmv2] [D] [thread 356] [84.0] [cxt 0] Dumping entry 0
Match key:
* meta.traffic_type   : EXACT     01
Action entry: MyIngress.int_source_action -

[15:48:40.481] [bmv2] [D] [thread 356] [84.0] [cxt 0] Action entry is MyIngress.int_source_action -
[15:48:40.481] [bmv2] [T] [thread 356] [84.0] [cxt 0] Action MyIngress.int_source_action
[15:48:40.481] [bmv2] [T] [thread 356] [84.0] [cxt 0] int-gtp-source.p4(221) Primitive meta.should_insert_int = 1
[15:48:40.481] [bmv2] [T] [thread 356] [84.0] [cxt 0] Applying table 'MyIngress.ipv4_lpm'
[15:48:40.481] [bmv2] [D] [thread 356] [84.0] [cxt 0] Looking up key:
* hdr.ipv4.dstAddr    : ac120014

[15:48:40.481] [bmv2] [D] [thread 356] [84.0] [cxt 0] Table 'MyIngress.ipv4_lpm': hit with handle 2
[15:48:40.481] [bmv2] [D] [thread 356] [84.0] [cxt 0] Dumping entry 2
Match key:
* hdr.ipv4.dstAddr    : LPM       00000000/0
Action entry: MyIngress.forward_action - 2,

[15:48:40.481] [bmv2] [D] [thread 356] [84.0] [cxt 0] Action entry is MyIngress.forward_action - 2,
[15:48:40.481] [bmv2] [T] [thread 356] [84.0] [cxt 0] Action MyIngress.forward_action
[15:48:40.481] [bmv2] [T] [thread 356] [84.0] [cxt 0] int-gtp-source.p4(266) Primitive standard_metadata.egress_spec = egress_port
[15:48:40.481] [bmv2] [T] [thread 356] [84.0] [cxt 0] int-gtp-source.p4(308) Condition "meta.should_insert_int == 1" (node_7) is true
[15:48:40.481] [bmv2] [T] [thread 356] [84.0] [cxt 0] Applying table 'tbl_do_insert_int'
[15:48:40.481] [bmv2] [D] [thread 356] [84.0] [cxt 0] Looking up key:

[15:48:40.481] [bmv2] [D] [thread 356] [84.0] [cxt 0] Table 'tbl_do_insert_int': miss
[15:48:40.481] [bmv2] [D] [thread 356] [84.0] [cxt 0] Action entry is MyIngress.do_insert_int -
[15:48:40.482] [bmv2] [T] [thread 356] [84.0] [cxt 0] Action MyIngress.do_insert_int
[15:48:40.482] [bmv2] [T] [thread 356] [84.0] [cxt 0] int-gtp-source.p4(226) Primitive bit<16> original_ether_type = hdr.ethernet.etherType
[15:48:40.482] [bmv2] [T] [thread 356] [84.0] [cxt 0] int-gtp-source.p4(229) Primitive hdr.ethernet.etherType = 0xFA
[15:48:40.482] [bmv2] [T] [thread 356] [84.0] [cxt 0] int-gtp-source.p4(232) Primitive hdr.int_shim.setValid()
[15:48:40.482] [bmv2] [T] [thread 356] [84.0] [cxt 0] int-gtp-source.p4(233) Primitive hdr.int_shim.type = 1
[15:48:40.482] [bmv2] [T] [thread 356] [84.0] [cxt 0] int-gtp-source.p4(234) Primitive hdr.int_shim.reserved = 0
[15:48:40.482] [bmv2] [T] [thread 356] [84.0] [cxt 0] int-gtp-source.p4(235) Primitive hdr.int_shim.length = 44
[15:48:40.482] [bmv2] [T] [thread 356] [84.0] [cxt 0] int-gtp-source.p4(236) Primitive hdr.int_shim.next_proto = original_ether_type
[15:48:40.482] [bmv2] [T] [thread 356] [84.0] [cxt 0] int-gtp-source.p4(239) Primitive hdr.int_header.setValid()
[15:48:40.482] [bmv2] [T] [thread 356] [84.0] [cxt 0] int-gtp-source.p4(240) Primitive hdr.int_header.version = 1
[15:48:40.482] [bmv2] [T] [thread 356] [84.0] [cxt 0] int-gtp-source.p4(241) Primitive hdr.int_header.d = 0
[15:48:40.482] [bmv2] [T] [thread 356] [84.0] [cxt 0] int-gtp-source.p4(242) Primitive hdr.int_header.q = 0
[15:48:40.482] [bmv2] [T] [thread 356] [84.0] [cxt 0] int-gtp-source.p4(243) Primitive hdr.int_header.m = 1
[15:48:40.482] [bmv2] [T] [thread 356] [84.0] [cxt 0] int-gtp-source.p4(244) Primitive hdr.int_header.reserved1 = 0
[15:48:40.482] [bmv2] [T] [thread 356] [84.0] [cxt 0] int-gtp-source.p4(245) Primitive hdr.int_header.hop_ml = 1
[15:48:40.482] [bmv2] [T] [thread 356] [84.0] [cxt 0] int-gtp-source.p4(246) Primitive hdr.int_header.instruction = 0x00FF
[15:48:40.482] [bmv2] [T] [thread 356] [84.0] [cxt 0] int-gtp-source.p4(247) Primitive hdr.int_header.reserved2 = 0
[15:48:40.482] [bmv2] [T] [thread 356] [84.0] [cxt 0] int-gtp-source.p4(248) Primitive hdr.int_header.remaining_hop_cnt = 8 - 1
[15:48:40.482] [bmv2] [T] [thread 356] [84.0] [cxt 0] int-gtp-source.p4(251) Primitive hdr.int_md.setValid()
[15:48:40.482] [bmv2] [T] [thread 356] [84.0] [cxt 0] int-gtp-source.p4(252) Primitive hdr.int_md.padding_switch = 0
[15:48:40.482] [bmv2] [T] [thread 356] [84.0] [cxt 0] int-gtp-source.p4(253) Primitive hdr.int_md.switch_id = (bit<16>)meta.switch_id
[15:48:40.482] [bmv2] [T] [thread 356] [84.0] [cxt 0] int-gtp-source.p4(254) Primitive hdr.int_md.ingress_port_id = (bit<16>)meta.ingress_port
[15:48:40.482] [bmv2] [T] [thread 356] [84.0] [cxt 0] int-gtp-source.p4(255) Primitive hdr.int_md.ingress_timestamp = meta.ingress_ts
[15:48:40.482] [bmv2] [T] [thread 356] [84.0] [cxt 0] int-gtp-source.p4(256) Primitive hdr.int_md.egress_port_id = 0
[15:48:40.482] [bmv2] [T] [thread 356] [84.0] [cxt 0] int-gtp-source.p4(257) Primitive hdr.int_md.hop_latency = 0
[15:48:40.482] [bmv2] [T] [thread 356] [84.0] [cxt 0] int-gtp-source.p4(258) Primitive hdr.int_md.egress_timestamp = 0
[15:48:40.482] [bmv2] [T] [thread 356] [84.0] [cxt 0] int-gtp-source.p4(259) Primitive hdr.int_md.queue_occupancy = 0
[15:48:40.482] [bmv2] [T] [thread 356] [84.0] [cxt 0] int-gtp-source.p4(260) Primitive hdr.int_md.congestion_notification = 0
[15:48:40.482] [bmv2] [T] [thread 356] [84.0] [cxt 0] int-gtp-source.p4(261) Primitive hdr.int_md.reserved1 = 0
[15:48:40.482] [bmv2] [T] [thread 356] [84.0] [cxt 0] int-gtp-source.p4(262) Primitive hdr.int_md.reserved2 = 0
[15:48:40.482] [bmv2] [D] [thread 356] [84.0] [cxt 0] Pipeline 'ingress': end
[15:48:40.482] [bmv2] [D] [thread 356] [84.0] [cxt 0] Egress port is 2
[15:48:40.482] [bmv2] [D] [thread 359] [84.0] [cxt 0] Pipeline 'egress': start
[15:48:40.482] [bmv2] [T] [thread 359] [84.0] [cxt 0] int-gtp-source.p4(330) Condition "hdr.int_shim.isValid()" (node_11) is true
[15:48:40.482] [bmv2] [T] [thread 359] [84.0] [cxt 0] Applying table 'tbl_update_int_metadata'
[15:48:40.482] [bmv2] [D] [thread 359] [84.0] [cxt 0] Looking up key:

[15:48:40.482] [bmv2] [D] [thread 359] [84.0] [cxt 0] Table 'tbl_update_int_metadata': miss
[15:48:40.482] [bmv2] [D] [thread 359] [84.0] [cxt 0] Action entry is MyEgress.update_int_metadata -
[15:48:40.482] [bmv2] [T] [thread 359] [84.0] [cxt 0] Action MyEgress.update_int_metadata
[15:48:40.482] [bmv2] [T] [thread 359] [84.0] [cxt 0] int-gtp-source.p4(321) Primitive if
[15:48:40.482] [bmv2] [T] [thread 359] [84.0] [cxt 0] int-gtp-source.p4(322) Primitive hdr.int_md.egress_port_id = (bit<16>)standard_metadata.egress_port
[15:48:40.482] [bmv2] [T] [thread 359] [84.0] [cxt 0] int-gtp-source.p4(323) Primitive hdr.int_md.egress_timestamp = (bit<32>)standard_metadata.egress_global_timestamp
[15:48:40.482] [bmv2] [T] [thread 359] [84.0] [cxt 0] int-gtp-source.p4(324) Primitive hdr.int_md.hop_latency = hdr.int_md.egress_timestamp - hdr.int_md.ingress_timestamp
[15:48:40.482] [bmv2] [T] [thread 359] [84.0] [cxt 0] int-gtp-source.p4(325) Primitive hdr.int_md.queue_occupancy = (bit<32>)standard_metadata.enq_qdepth
[15:48:40.482] [bmv2] [D] [thread 359] [84.0] [cxt 0] Pipeline 'egress': end
[15:48:40.482] [bmv2] [D] [thread 359] [84.0] [cxt 0] Deparser 'deparser': start
[15:48:40.482] [bmv2] [D] [thread 359] [84.0] [cxt 0] Deparsing header 'ethernet'
[15:48:40.482] [bmv2] [D] [thread 359] [84.0] [cxt 0] Deparsing header 'int_shim'
[15:48:40.482] [bmv2] [D] [thread 359] [84.0] [cxt 0] Deparsing header 'int_header'
[15:48:40.482] [bmv2] [D] [thread 359] [84.0] [cxt 0] Deparsing header 'int_md'
[15:48:40.482] [bmv2] [D] [thread 359] [84.0] [cxt 0] Deparsing header 'ipv4'
[15:48:40.482] [bmv2] [D] [thread 359] [84.0] [cxt 0] Deparsing header 'sctp'
[15:48:40.482] [bmv2] [D] [thread 359] [84.0] [cxt 0] Deparsing header 'sctp_chunk'
[15:48:40.482] [bmv2] [D] [thread 359] [84.0] [cxt 0] Deparser 'deparser': end
[15:48:40.482] [bmv2] [D] [thread 361] [84.0] [cxt 0] Transmitting packet of size 147 out of port 2
[15:48:40.524] [bmv2] [D] [thread 356] [85.0] [cxt 0] Processing packet received on port 2
[15:48:40.524] [bmv2] [D] [thread 356] [85.0] [cxt 0] Parser 'parser': start
[15:48:40.524] [bmv2] [D] [thread 356] [85.0] [cxt 0] Parser 'parser' entering state 'start'
[15:48:40.524] [bmv2] [D] [thread 356] [85.0] [cxt 0] Extracting header 'ethernet'
[15:48:40.524] [bmv2] [D] [thread 356] [85.0] [cxt 0] Parser set: setting field 'scalars.metadata.ingress_port' from field 'standard_metadata.ingress_port' (2)
[15:48:40.524] [bmv2] [D] [thread 356] [85.0] [cxt 0] Parser set: setting field 'scalars.metadata.ingress_ts' from expression, new value is 207975504
[15:48:40.524] [bmv2] [D] [thread 356] [85.0] [cxt 0] Parser set: setting field 'scalars.metadata.is_int_packet' to 0
[15:48:40.524] [bmv2] [D] [thread 356] [85.0] [cxt 0] Parser set: setting field 'scalars.metadata.is_ngap_traffic' to 0
[15:48:40.524] [bmv2] [D] [thread 356] [85.0] [cxt 0] Parser set: setting field 'scalars.metadata.is_gtp_u_traffic' to 0
[15:48:40.524] [bmv2] [D] [thread 356] [85.0] [cxt 0] Parser set: setting field 'scalars.metadata.traffic_type' to 0
[15:48:40.524] [bmv2] [D] [thread 356] [85.0] [cxt 0] Parser set: setting field 'scalars.metadata.should_insert_int' to 0
[15:48:40.524] [bmv2] [D] [thread 356] [85.0] [cxt 0] Parser state 'start': key is 0800
[15:48:40.524] [bmv2] [T] [thread 356] [85.0] [cxt 0] Bytes parsed: 14
[15:48:40.524] [bmv2] [D] [thread 356] [85.0] [cxt 0] Parser 'parser' entering state 'parse_ipv4'
[15:48:40.524] [bmv2] [D] [thread 356] [85.0] [cxt 0] Extracting header 'ipv4'
[15:48:40.524] [bmv2] [D] [thread 356] [85.0] [cxt 0] Parser state 'parse_ipv4': key is 11
[15:48:40.524] [bmv2] [T] [thread 356] [85.0] [cxt 0] Bytes parsed: 34
[15:48:40.524] [bmv2] [D] [thread 356] [85.0] [cxt 0] Parser 'parser' entering state 'parse_udp'
[15:48:40.524] [bmv2] [D] [thread 356] [85.0] [cxt 0] Extracting header 'udp'
[15:48:40.524] [bmv2] [D] [thread 356] [85.0] [cxt 0] Parser set: setting field 'scalars.metadata.transport_src_port' from field 'udp.src_port' (2152)
[15:48:40.524] [bmv2] [D] [thread 356] [85.0] [cxt 0] Parser set: setting field 'scalars.metadata.transport_dst_port' from field 'udp.dst_port' (2152)
[15:48:40.524] [bmv2] [D] [thread 356] [85.0] [cxt 0] Parser set: setting field 'scalars.tmp' from expression, new value is 1
[15:48:40.524] [bmv2] [D] [thread 356] [85.0] [cxt 0] Parser state 'parse_udp': key is 01
[15:48:40.524] [bmv2] [T] [thread 356] [85.0] [cxt 0] Bytes parsed: 42
[15:48:40.524] [bmv2] [D] [thread 356] [85.0] [cxt 0] Parser 'parser' entering state 'parse_gtp_u'
[15:48:40.524] [bmv2] [D] [thread 356] [85.0] [cxt 0] Extracting header 'gtp_u'
[15:48:40.524] [bmv2] [D] [thread 356] [85.0] [cxt 0] Parser set: setting field 'scalars.metadata.is_gtp_u_traffic' to 1
[15:48:40.524] [bmv2] [D] [thread 356] [85.0] [cxt 0] Parser set: setting field 'scalars.metadata.traffic_type' to 2
[15:48:40.524] [bmv2] [D] [thread 356] [85.0] [cxt 0] Parser state 'parse_gtp_u' has no switch, going to default next state
[15:48:40.524] [bmv2] [T] [thread 356] [85.0] [cxt 0] Bytes parsed: 50
[15:48:40.524] [bmv2] [D] [thread 356] [85.0] [cxt 0] Parser 'parser': end
[15:48:40.524] [bmv2] [D] [thread 356] [85.0] [cxt 0] Pipeline 'ingress': start
[15:48:40.525] [bmv2] [T] [thread 356] [85.0] [cxt 0] Applying table 'tbl_intgtpsource295'
[15:48:40.525] [bmv2] [D] [thread 356] [85.0] [cxt 0] Looking up key:

[15:48:40.525] [bmv2] [D] [thread 356] [85.0] [cxt 0] Table 'tbl_intgtpsource295': miss
[15:48:40.525] [bmv2] [D] [thread 356] [85.0] [cxt 0] Action entry is intgtpsource295 -
[15:48:40.525] [bmv2] [T] [thread 356] [85.0] [cxt 0] Action intgtpsource295
[15:48:40.525] [bmv2] [T] [thread 356] [85.0] [cxt 0] int-gtp-source.p4(295) Primitive meta.switch_id = 1
[15:48:40.525] [bmv2] [T] [thread 356] [85.0] [cxt 0] int-gtp-source.p4(297) Condition "hdr.ethernet.isValid() && hdr.ipv4.isValid()" (node_3) is true
[15:48:40.525] [bmv2] [T] [thread 356] [85.0] [cxt 0] int-gtp-source.p4(299) Condition "(hdr.ipv4.protocol == 132 && hdr.sctp.isValid()) || ..." (node_4) is true
[15:48:40.525] [bmv2] [T] [thread 356] [85.0] [cxt 0] Applying table 'MyIngress.int_source_table'
[15:48:40.525] [bmv2] [D] [thread 356] [85.0] [cxt 0] Looking up key:
* meta.traffic_type   : 02

[15:48:40.525] [bmv2] [D] [thread 356] [85.0] [cxt 0] Table 'MyIngress.int_source_table': hit with handle 1
[15:48:40.525] [bmv2] [D] [thread 356] [85.0] [cxt 0] Dumping entry 1
Match key:
* meta.traffic_type   : EXACT     02
Action entry: MyIngress.int_source_action -

[15:48:40.525] [bmv2] [D] [thread 356] [85.0] [cxt 0] Action entry is MyIngress.int_source_action -
[15:48:40.525] [bmv2] [T] [thread 356] [85.0] [cxt 0] Action MyIngress.int_source_action
[15:48:40.525] [bmv2] [T] [thread 356] [85.0] [cxt 0] int-gtp-source.p4(221) Primitive meta.should_insert_int = 1
[15:48:40.525] [bmv2] [T] [thread 356] [85.0] [cxt 0] Applying table 'MyIngress.ipv4_lpm'
[15:48:40.525] [bmv2] [D] [thread 356] [85.0] [cxt 0] Looking up key:
* hdr.ipv4.dstAddr    : ac120a03

[15:48:40.525] [bmv2] [D] [thread 356] [85.0] [cxt 0] Table 'MyIngress.ipv4_lpm': hit with handle 1
[15:48:40.525] [bmv2] [D] [thread 356] [85.0] [cxt 0] Dumping entry 1
Match key:
* hdr.ipv4.dstAddr    : LPM       ac120a03/32
Action entry: MyIngress.forward_action - 1,

[15:48:40.525] [bmv2] [D] [thread 356] [85.0] [cxt 0] Action entry is MyIngress.forward_action - 1,
[15:48:40.525] [bmv2] [T] [thread 356] [85.0] [cxt 0] Action MyIngress.forward_action
[15:48:40.525] [bmv2] [T] [thread 356] [85.0] [cxt 0] int-gtp-source.p4(266) Primitive standard_metadata.egress_spec = egress_port
[15:48:40.525] [bmv2] [T] [thread 356] [85.0] [cxt 0] int-gtp-source.p4(308) Condition "meta.should_insert_int == 1" (node_7) is true
[15:48:40.525] [bmv2] [T] [thread 356] [85.0] [cxt 0] Applying table 'tbl_do_insert_int'
[15:48:40.525] [bmv2] [D] [thread 356] [85.0] [cxt 0] Looking up key:

[15:48:40.525] [bmv2] [D] [thread 356] [85.0] [cxt 0] Table 'tbl_do_insert_int': miss
[15:48:40.525] [bmv2] [D] [thread 356] [85.0] [cxt 0] Action entry is MyIngress.do_insert_int -
[15:48:40.525] [bmv2] [T] [thread 356] [85.0] [cxt 0] Action MyIngress.do_insert_int
[15:48:40.525] [bmv2] [T] [thread 356] [85.0] [cxt 0] int-gtp-source.p4(226) Primitive bit<16> original_ether_type = hdr.ethernet.etherType
[15:48:40.525] [bmv2] [T] [thread 356] [85.0] [cxt 0] int-gtp-source.p4(229) Primitive hdr.ethernet.etherType = 0xFA
[15:48:40.525] [bmv2] [T] [thread 356] [85.0] [cxt 0] int-gtp-source.p4(232) Primitive hdr.int_shim.setValid()
[15:48:40.525] [bmv2] [T] [thread 356] [85.0] [cxt 0] int-gtp-source.p4(233) Primitive hdr.int_shim.type = 1
[15:48:40.525] [bmv2] [T] [thread 356] [85.0] [cxt 0] int-gtp-source.p4(234) Primitive hdr.int_shim.reserved = 0
[15:48:40.525] [bmv2] [T] [thread 356] [85.0] [cxt 0] int-gtp-source.p4(235) Primitive hdr.int_shim.length = 44
[15:48:40.525] [bmv2] [T] [thread 356] [85.0] [cxt 0] int-gtp-source.p4(236) Primitive hdr.int_shim.next_proto = original_ether_type
[15:48:40.525] [bmv2] [T] [thread 356] [85.0] [cxt 0] int-gtp-source.p4(239) Primitive hdr.int_header.setValid()
[15:48:40.525] [bmv2] [T] [thread 356] [85.0] [cxt 0] int-gtp-source.p4(240) Primitive hdr.int_header.version = 1
[15:48:40.525] [bmv2] [T] [thread 356] [85.0] [cxt 0] int-gtp-source.p4(241) Primitive hdr.int_header.d = 0
[15:48:40.525] [bmv2] [T] [thread 356] [85.0] [cxt 0] int-gtp-source.p4(242) Primitive hdr.int_header.q = 0
[15:48:40.525] [bmv2] [T] [thread 356] [85.0] [cxt 0] int-gtp-source.p4(243) Primitive hdr.int_header.m = 1
[15:48:40.525] [bmv2] [T] [thread 356] [85.0] [cxt 0] int-gtp-source.p4(244) Primitive hdr.int_header.reserved1 = 0
[15:48:40.525] [bmv2] [T] [thread 356] [85.0] [cxt 0] int-gtp-source.p4(245) Primitive hdr.int_header.hop_ml = 1
[15:48:40.525] [bmv2] [T] [thread 356] [85.0] [cxt 0] int-gtp-source.p4(246) Primitive hdr.int_header.instruction = 0x00FF
[15:48:40.525] [bmv2] [T] [thread 356] [85.0] [cxt 0] int-gtp-source.p4(247) Primitive hdr.int_header.reserved2 = 0
[15:48:40.525] [bmv2] [T] [thread 356] [85.0] [cxt 0] int-gtp-source.p4(248) Primitive hdr.int_header.remaining_hop_cnt = 8 - 1
[15:48:40.525] [bmv2] [T] [thread 356] [85.0] [cxt 0] int-gtp-source.p4(251) Primitive hdr.int_md.setValid()
[15:48:40.525] [bmv2] [T] [thread 356] [85.0] [cxt 0] int-gtp-source.p4(252) Primitive hdr.int_md.padding_switch = 0
[15:48:40.525] [bmv2] [T] [thread 356] [85.0] [cxt 0] int-gtp-source.p4(253) Primitive hdr.int_md.switch_id = (bit<16>)meta.switch_id
[15:48:40.525] [bmv2] [T] [thread 356] [85.0] [cxt 0] int-gtp-source.p4(254) Primitive hdr.int_md.ingress_port_id = (bit<16>)meta.ingress_port
[15:48:40.525] [bmv2] [T] [thread 356] [85.0] [cxt 0] int-gtp-source.p4(255) Primitive hdr.int_md.ingress_timestamp = meta.ingress_ts
[15:48:40.525] [bmv2] [T] [thread 356] [85.0] [cxt 0] int-gtp-source.p4(256) Primitive hdr.int_md.egress_port_id = 0
[15:48:40.525] [bmv2] [T] [thread 356] [85.0] [cxt 0] int-gtp-source.p4(257) Primitive hdr.int_md.hop_latency = 0
[15:48:40.525] [bmv2] [T] [thread 356] [85.0] [cxt 0] int-gtp-source.p4(258) Primitive hdr.int_md.egress_timestamp = 0
[15:48:40.525] [bmv2] [T] [thread 356] [85.0] [cxt 0] int-gtp-source.p4(259) Primitive hdr.int_md.queue_occupancy = 0
[15:48:40.525] [bmv2] [T] [thread 356] [85.0] [cxt 0] int-gtp-source.p4(260) Primitive hdr.int_md.congestion_notification = 0
[15:48:40.525] [bmv2] [T] [thread 356] [85.0] [cxt 0] int-gtp-source.p4(261) Primitive hdr.int_md.reserved1 = 0
[15:48:40.525] [bmv2] [T] [thread 356] [85.0] [cxt 0] int-gtp-source.p4(262) Primitive hdr.int_md.reserved2 = 0
[15:48:40.525] [bmv2] [D] [thread 356] [85.0] [cxt 0] Pipeline 'ingress': end
[15:48:40.525] [bmv2] [D] [thread 356] [85.0] [cxt 0] Egress port is 1
[15:48:40.525] [bmv2] [D] [thread 358] [85.0] [cxt 0] Pipeline 'egress': start
[15:48:40.525] [bmv2] [T] [thread 358] [85.0] [cxt 0] int-gtp-source.p4(330) Condition "hdr.int_shim.isValid()" (node_11) is true
[15:48:40.525] [bmv2] [T] [thread 358] [85.0] [cxt 0] Applying table 'tbl_update_int_metadata'
[15:48:40.525] [bmv2] [D] [thread 358] [85.0] [cxt 0] Looking up key:

[15:48:40.525] [bmv2] [D] [thread 358] [85.0] [cxt 0] Table 'tbl_update_int_metadata': miss
[15:48:40.525] [bmv2] [D] [thread 358] [85.0] [cxt 0] Action entry is MyEgress.update_int_metadata -
[15:48:40.525] [bmv2] [T] [thread 358] [85.0] [cxt 0] Action MyEgress.update_int_metadata
[15:48:40.525] [bmv2] [T] [thread 358] [85.0] [cxt 0] int-gtp-source.p4(321) Primitive if
[15:48:40.525] [bmv2] [T] [thread 358] [85.0] [cxt 0] int-gtp-source.p4(322) Primitive hdr.int_md.egress_port_id = (bit<16>)standard_metadata.egress_port
[15:48:40.525] [bmv2] [T] [thread 358] [85.0] [cxt 0] int-gtp-source.p4(323) Primitive hdr.int_md.egress_timestamp = (bit<32>)standard_metadata.egress_global_timestamp
[15:48:40.525] [bmv2] [T] [thread 358] [85.0] [cxt 0] int-gtp-source.p4(324) Primitive hdr.int_md.hop_latency = hdr.int_md.egress_timestamp - hdr.int_md.ingress_timestamp
[15:48:40.525] [bmv2] [T] [thread 358] [85.0] [cxt 0] int-gtp-source.p4(325) Primitive hdr.int_md.queue_occupancy = (bit<32>)standard_metadata.enq_qdepth
[15:48:40.525] [bmv2] [D] [thread 358] [85.0] [cxt 0] Pipeline 'egress': end
[15:48:40.525] [bmv2] [D] [thread 358] [85.0] [cxt 0] Deparser 'deparser': start
[15:48:40.525] [bmv2] [D] [thread 358] [85.0] [cxt 0] Deparsing header 'ethernet'
[15:48:40.525] [bmv2] [D] [thread 358] [85.0] [cxt 0] Deparsing header 'int_shim'
[15:48:40.525] [bmv2] [D] [thread 358] [85.0] [cxt 0] Deparsing header 'int_header'
[15:48:40.525] [bmv2] [D] [thread 358] [85.0] [cxt 0] Deparsing header 'int_md'
[15:48:40.525] [bmv2] [D] [thread 358] [85.0] [cxt 0] Deparsing header 'ipv4'
[15:48:40.525] [bmv2] [D] [thread 358] [85.0] [cxt 0] Deparsing header 'udp'
[15:48:40.525] [bmv2] [D] [thread 358] [85.0] [cxt 0] Deparsing header 'gtp_u'
[15:48:40.525] [bmv2] [D] [thread 358] [85.0] [cxt 0] Deparser 'deparser': end
[15:48:40.525] [bmv2] [D] [thread 361] [85.0] [cxt 0] Transmitting packet of size 183 out of port 1
[15:48:40.961] [bmv2] [D] [thread 356] [86.0] [cxt 0] Processing packet received on port 1
[15:48:40.961] [bmv2] [D] [thread 356] [86.0] [cxt 0] Parser 'parser': start
[15:48:40.961] [bmv2] [D] [thread 356] [86.0] [cxt 0] Parser 'parser' entering state 'start'
[15:48:40.961] [bmv2] [D] [thread 356] [86.0] [cxt 0] Extracting header 'ethernet'
[15:48:40.961] [bmv2] [D] [thread 356] [86.0] [cxt 0] Parser set: setting field 'scalars.metadata.ingress_port' from field 'standard_metadata.ingress_port' (1)
[15:48:40.961] [bmv2] [D] [thread 356] [86.0] [cxt 0] Parser set: setting field 'scalars.metadata.ingress_ts' from expression, new value is 208411671
[15:48:40.961] [bmv2] [D] [thread 356] [86.0] [cxt 0] Parser set: setting field 'scalars.metadata.is_int_packet' to 0
[15:48:40.961] [bmv2] [D] [thread 356] [86.0] [cxt 0] Parser set: setting field 'scalars.metadata.is_ngap_traffic' to 0
[15:48:40.961] [bmv2] [D] [thread 356] [86.0] [cxt 0] Parser set: setting field 'scalars.metadata.is_gtp_u_traffic' to 0
[15:48:40.961] [bmv2] [D] [thread 356] [86.0] [cxt 0] Parser set: setting field 'scalars.metadata.traffic_type' to 0
[15:48:40.961] [bmv2] [D] [thread 356] [86.0] [cxt 0] Parser set: setting field 'scalars.metadata.should_insert_int' to 0
[15:48:40.961] [bmv2] [D] [thread 356] [86.0] [cxt 0] Parser state 'start': key is 0800
[15:48:40.961] [bmv2] [T] [thread 356] [86.0] [cxt 0] Bytes parsed: 14
[15:48:40.961] [bmv2] [D] [thread 356] [86.0] [cxt 0] Parser 'parser' entering state 'parse_ipv4'
[15:48:40.961] [bmv2] [D] [thread 356] [86.0] [cxt 0] Extracting header 'ipv4'
[15:48:40.961] [bmv2] [D] [thread 356] [86.0] [cxt 0] Parser state 'parse_ipv4': key is 84
[15:48:40.961] [bmv2] [T] [thread 356] [86.0] [cxt 0] Bytes parsed: 34
[15:48:40.961] [bmv2] [D] [thread 356] [86.0] [cxt 0] Parser 'parser' entering state 'parse_sctp_common'
[15:48:40.961] [bmv2] [D] [thread 356] [86.0] [cxt 0] Extracting header 'sctp'
[15:48:40.961] [bmv2] [D] [thread 356] [86.0] [cxt 0] Parser set: setting field 'scalars.metadata.transport_src_port' from field 'sctp.src_port' (39657)
[15:48:40.961] [bmv2] [D] [thread 356] [86.0] [cxt 0] Parser set: setting field 'scalars.metadata.transport_dst_port' from field 'sctp.dst_port' (38412)
[15:48:40.961] [bmv2] [D] [thread 356] [86.0] [cxt 0] Parser set: setting field 'scalars.tmp_0' from expression, new value is 1
[15:48:40.961] [bmv2] [D] [thread 356] [86.0] [cxt 0] Parser state 'parse_sctp_common': key is 01
[15:48:40.961] [bmv2] [T] [thread 356] [86.0] [cxt 0] Bytes parsed: 46
[15:48:40.961] [bmv2] [D] [thread 356] [86.0] [cxt 0] Parser 'parser' entering state 'parse_sctp_common_true'
[15:48:40.961] [bmv2] [D] [thread 356] [86.0] [cxt 0] Parser set: setting field 'scalars.metadata.is_ngap_traffic' to 1
[15:48:40.961] [bmv2] [D] [thread 356] [86.0] [cxt 0] Parser set: setting field 'scalars.metadata.traffic_type' to 1
[15:48:40.961] [bmv2] [D] [thread 356] [86.0] [cxt 0] Parser state 'parse_sctp_common_true' has no switch, going to default next state
[15:48:40.961] [bmv2] [T] [thread 356] [86.0] [cxt 0] Bytes parsed: 46
[15:48:40.961] [bmv2] [D] [thread 356] [86.0] [cxt 0] Parser 'parser' entering state 'parse_sctp_common_join'
[15:48:40.961] [bmv2] [D] [thread 356] [86.0] [cxt 0] Extracting header 'sctp_chunk'
[15:48:40.961] [bmv2] [D] [thread 356] [86.0] [cxt 0] Parser state 'parse_sctp_common_join': key is 04
[15:48:40.961] [bmv2] [T] [thread 356] [86.0] [cxt 0] Bytes parsed: 50
[15:48:40.961] [bmv2] [D] [thread 356] [86.0] [cxt 0] Parser 'parser': end
[15:48:40.961] [bmv2] [D] [thread 356] [86.0] [cxt 0] Pipeline 'ingress': start
[15:48:40.961] [bmv2] [T] [thread 356] [86.0] [cxt 0] Applying table 'tbl_intgtpsource295'
[15:48:40.961] [bmv2] [D] [thread 356] [86.0] [cxt 0] Looking up key:

[15:48:40.961] [bmv2] [D] [thread 356] [86.0] [cxt 0] Table 'tbl_intgtpsource295': miss
[15:48:40.961] [bmv2] [D] [thread 356] [86.0] [cxt 0] Action entry is intgtpsource295 -
[15:48:40.961] [bmv2] [T] [thread 356] [86.0] [cxt 0] Action intgtpsource295
[15:48:40.961] [bmv2] [T] [thread 356] [86.0] [cxt 0] int-gtp-source.p4(295) Primitive meta.switch_id = 1
[15:48:40.961] [bmv2] [T] [thread 356] [86.0] [cxt 0] int-gtp-source.p4(297) Condition "hdr.ethernet.isValid() && hdr.ipv4.isValid()" (node_3) is true
[15:48:40.961] [bmv2] [T] [thread 356] [86.0] [cxt 0] int-gtp-source.p4(299) Condition "(hdr.ipv4.protocol == 132 && hdr.sctp.isValid()) || ..." (node_4) is true
[15:48:40.961] [bmv2] [T] [thread 356] [86.0] [cxt 0] Applying table 'MyIngress.int_source_table'
[15:48:40.961] [bmv2] [D] [thread 356] [86.0] [cxt 0] Looking up key:
* meta.traffic_type   : 01

[15:48:40.961] [bmv2] [D] [thread 356] [86.0] [cxt 0] Table 'MyIngress.int_source_table': hit with handle 0
[15:48:40.961] [bmv2] [D] [thread 356] [86.0] [cxt 0] Dumping entry 0
Match key:
* meta.traffic_type   : EXACT     01
Action entry: MyIngress.int_source_action -

[15:48:40.961] [bmv2] [D] [thread 356] [86.0] [cxt 0] Action entry is MyIngress.int_source_action -
[15:48:40.961] [bmv2] [T] [thread 356] [86.0] [cxt 0] Action MyIngress.int_source_action
[15:48:40.961] [bmv2] [T] [thread 356] [86.0] [cxt 0] int-gtp-source.p4(221) Primitive meta.should_insert_int = 1
[15:48:40.961] [bmv2] [T] [thread 356] [86.0] [cxt 0] Applying table 'MyIngress.ipv4_lpm'
[15:48:40.961] [bmv2] [D] [thread 356] [86.0] [cxt 0] Looking up key:
* hdr.ipv4.dstAddr    : ac120014

[15:48:40.961] [bmv2] [D] [thread 356] [86.0] [cxt 0] Table 'MyIngress.ipv4_lpm': hit with handle 2
[15:48:40.961] [bmv2] [D] [thread 356] [86.0] [cxt 0] Dumping entry 2
Match key:
* hdr.ipv4.dstAddr    : LPM       00000000/0
Action entry: MyIngress.forward_action - 2,

[15:48:40.961] [bmv2] [D] [thread 356] [86.0] [cxt 0] Action entry is MyIngress.forward_action - 2,
[15:48:40.961] [bmv2] [T] [thread 356] [86.0] [cxt 0] Action MyIngress.forward_action
[15:48:40.961] [bmv2] [T] [thread 356] [86.0] [cxt 0] int-gtp-source.p4(266) Primitive standard_metadata.egress_spec = egress_port
[15:48:40.961] [bmv2] [T] [thread 356] [86.0] [cxt 0] int-gtp-source.p4(308) Condition "meta.should_insert_int == 1" (node_7) is true
[15:48:40.961] [bmv2] [T] [thread 356] [86.0] [cxt 0] Applying table 'tbl_do_insert_int'
[15:48:40.961] [bmv2] [D] [thread 356] [86.0] [cxt 0] Looking up key:

[15:48:40.961] [bmv2] [D] [thread 356] [86.0] [cxt 0] Table 'tbl_do_insert_int': miss
[15:48:40.961] [bmv2] [D] [thread 356] [86.0] [cxt 0] Action entry is MyIngress.do_insert_int -
[15:48:40.961] [bmv2] [T] [thread 356] [86.0] [cxt 0] Action MyIngress.do_insert_int
[15:48:40.961] [bmv2] [T] [thread 356] [86.0] [cxt 0] int-gtp-source.p4(226) Primitive bit<16> original_ether_type = hdr.ethernet.etherType
[15:48:40.961] [bmv2] [T] [thread 356] [86.0] [cxt 0] int-gtp-source.p4(229) Primitive hdr.ethernet.etherType = 0xFA
[15:48:40.961] [bmv2] [T] [thread 356] [86.0] [cxt 0] int-gtp-source.p4(232) Primitive hdr.int_shim.setValid()
[15:48:40.961] [bmv2] [T] [thread 356] [86.0] [cxt 0] int-gtp-source.p4(233) Primitive hdr.int_shim.type = 1
[15:48:40.961] [bmv2] [T] [thread 356] [86.0] [cxt 0] int-gtp-source.p4(234) Primitive hdr.int_shim.reserved = 0
[15:48:40.962] [bmv2] [T] [thread 356] [86.0] [cxt 0] int-gtp-source.p4(235) Primitive hdr.int_shim.length = 44
[15:48:40.962] [bmv2] [T] [thread 356] [86.0] [cxt 0] int-gtp-source.p4(236) Primitive hdr.int_shim.next_proto = original_ether_type
[15:48:40.962] [bmv2] [T] [thread 356] [86.0] [cxt 0] int-gtp-source.p4(239) Primitive hdr.int_header.setValid()
[15:48:40.962] [bmv2] [T] [thread 356] [86.0] [cxt 0] int-gtp-source.p4(240) Primitive hdr.int_header.version = 1
[15:48:40.962] [bmv2] [T] [thread 356] [86.0] [cxt 0] int-gtp-source.p4(241) Primitive hdr.int_header.d = 0
[15:48:40.962] [bmv2] [T] [thread 356] [86.0] [cxt 0] int-gtp-source.p4(242) Primitive hdr.int_header.q = 0
[15:48:40.962] [bmv2] [T] [thread 356] [86.0] [cxt 0] int-gtp-source.p4(243) Primitive hdr.int_header.m = 1
[15:48:40.962] [bmv2] [T] [thread 356] [86.0] [cxt 0] int-gtp-source.p4(244) Primitive hdr.int_header.reserved1 = 0
[15:48:40.962] [bmv2] [T] [thread 356] [86.0] [cxt 0] int-gtp-source.p4(245) Primitive hdr.int_header.hop_ml = 1
[15:48:40.962] [bmv2] [T] [thread 356] [86.0] [cxt 0] int-gtp-source.p4(246) Primitive hdr.int_header.instruction = 0x00FF
[15:48:40.962] [bmv2] [T] [thread 356] [86.0] [cxt 0] int-gtp-source.p4(247) Primitive hdr.int_header.reserved2 = 0
[15:48:40.962] [bmv2] [T] [thread 356] [86.0] [cxt 0] int-gtp-source.p4(248) Primitive hdr.int_header.remaining_hop_cnt = 8 - 1
[15:48:40.962] [bmv2] [T] [thread 356] [86.0] [cxt 0] int-gtp-source.p4(251) Primitive hdr.int_md.setValid()
[15:48:40.962] [bmv2] [T] [thread 356] [86.0] [cxt 0] int-gtp-source.p4(252) Primitive hdr.int_md.padding_switch = 0
[15:48:40.962] [bmv2] [T] [thread 356] [86.0] [cxt 0] int-gtp-source.p4(253) Primitive hdr.int_md.switch_id = (bit<16>)meta.switch_id
[15:48:40.962] [bmv2] [T] [thread 356] [86.0] [cxt 0] int-gtp-source.p4(254) Primitive hdr.int_md.ingress_port_id = (bit<16>)meta.ingress_port
[15:48:40.962] [bmv2] [T] [thread 356] [86.0] [cxt 0] int-gtp-source.p4(255) Primitive hdr.int_md.ingress_timestamp = meta.ingress_ts
[15:48:40.962] [bmv2] [T] [thread 356] [86.0] [cxt 0] int-gtp-source.p4(256) Primitive hdr.int_md.egress_port_id = 0
[15:48:40.962] [bmv2] [T] [thread 356] [86.0] [cxt 0] int-gtp-source.p4(257) Primitive hdr.int_md.hop_latency = 0
[15:48:40.962] [bmv2] [T] [thread 356] [86.0] [cxt 0] int-gtp-source.p4(258) Primitive hdr.int_md.egress_timestamp = 0
[15:48:40.962] [bmv2] [T] [thread 356] [86.0] [cxt 0] int-gtp-source.p4(259) Primitive hdr.int_md.queue_occupancy = 0
[15:48:40.962] [bmv2] [T] [thread 356] [86.0] [cxt 0] int-gtp-source.p4(260) Primitive hdr.int_md.congestion_notification = 0
[15:48:40.962] [bmv2] [T] [thread 356] [86.0] [cxt 0] int-gtp-source.p4(261) Primitive hdr.int_md.reserved1 = 0
[15:48:40.962] [bmv2] [T] [thread 356] [86.0] [cxt 0] int-gtp-source.p4(262) Primitive hdr.int_md.reserved2 = 0
[15:48:40.962] [bmv2] [D] [thread 356] [86.0] [cxt 0] Pipeline 'ingress': end
[15:48:40.962] [bmv2] [D] [thread 356] [86.0] [cxt 0] Egress port is 2
[15:48:40.962] [bmv2] [D] [thread 359] [86.0] [cxt 0] Pipeline 'egress': start
[15:48:40.962] [bmv2] [T] [thread 359] [86.0] [cxt 0] int-gtp-source.p4(330) Condition "hdr.int_shim.isValid()" (node_11) is true
[15:48:40.962] [bmv2] [T] [thread 359] [86.0] [cxt 0] Applying table 'tbl_update_int_metadata'
[15:48:40.962] [bmv2] [D] [thread 359] [86.0] [cxt 0] Looking up key:

[15:48:40.962] [bmv2] [D] [thread 359] [86.0] [cxt 0] Table 'tbl_update_int_metadata': miss
[15:48:40.962] [bmv2] [D] [thread 359] [86.0] [cxt 0] Action entry is MyEgress.update_int_metadata -
[15:48:40.962] [bmv2] [T] [thread 359] [86.0] [cxt 0] Action MyEgress.update_int_metadata
[15:48:40.962] [bmv2] [T] [thread 359] [86.0] [cxt 0] int-gtp-source.p4(321) Primitive if
[15:48:40.962] [bmv2] [T] [thread 359] [86.0] [cxt 0] int-gtp-source.p4(322) Primitive hdr.int_md.egress_port_id = (bit<16>)standard_metadata.egress_port
[15:48:40.962] [bmv2] [T] [thread 359] [86.0] [cxt 0] int-gtp-source.p4(323) Primitive hdr.int_md.egress_timestamp = (bit<32>)standard_metadata.egress_global_timestamp
[15:48:40.962] [bmv2] [T] [thread 359] [86.0] [cxt 0] int-gtp-source.p4(324) Primitive hdr.int_md.hop_latency = hdr.int_md.egress_timestamp - hdr.int_md.ingress_timestamp
[15:48:40.962] [bmv2] [T] [thread 359] [86.0] [cxt 0] int-gtp-source.p4(325) Primitive hdr.int_md.queue_occupancy = (bit<32>)standard_metadata.enq_qdepth
[15:48:40.962] [bmv2] [D] [thread 359] [86.0] [cxt 0] Pipeline 'egress': end
[15:48:40.962] [bmv2] [D] [thread 359] [86.0] [cxt 0] Deparser 'deparser': start
[15:48:40.962] [bmv2] [D] [thread 359] [86.0] [cxt 0] Deparsing header 'ethernet'
[15:48:40.962] [bmv2] [D] [thread 359] [86.0] [cxt 0] Deparsing header 'int_shim'
[15:48:40.962] [bmv2] [D] [thread 359] [86.0] [cxt 0] Deparsing header 'int_header'
[15:48:40.962] [bmv2] [D] [thread 359] [86.0] [cxt 0] Deparsing header 'int_md'
[15:48:40.962] [bmv2] [D] [thread 359] [86.0] [cxt 0] Deparsing header 'ipv4'
[15:48:40.962] [bmv2] [D] [thread 359] [86.0] [cxt 0] Deparsing header 'sctp'
[15:48:40.962] [bmv2] [D] [thread 359] [86.0] [cxt 0] Deparsing header 'sctp_chunk'
[15:48:40.962] [bmv2] [D] [thread 359] [86.0] [cxt 0] Deparser 'deparser': end
[15:48:40.962] [bmv2] [D] [thread 361] [86.0] [cxt 0] Transmitting packet of size 147 out of port 2
[15:48:40.992] [bmv2] [D] [thread 356] [87.0] [cxt 0] Processing packet received on port 2
[15:48:40.992] [bmv2] [D] [thread 356] [87.0] [cxt 0] Parser 'parser': start
[15:48:40.992] [bmv2] [D] [thread 356] [87.0] [cxt 0] Parser 'parser' entering state 'start'
[15:48:40.992] [bmv2] [D] [thread 356] [87.0] [cxt 0] Extracting header 'ethernet'
[15:48:40.992] [bmv2] [D] [thread 356] [87.0] [cxt 0] Parser set: setting field 'scalars.metadata.ingress_port' from field 'standard_metadata.ingress_port' (2)
[15:48:40.992] [bmv2] [D] [thread 356] [87.0] [cxt 0] Parser set: setting field 'scalars.metadata.ingress_ts' from expression, new value is 208443460
[15:48:40.992] [bmv2] [D] [thread 356] [87.0] [cxt 0] Parser set: setting field 'scalars.metadata.is_int_packet' to 0
[15:48:40.992] [bmv2] [D] [thread 356] [87.0] [cxt 0] Parser set: setting field 'scalars.metadata.is_ngap_traffic' to 0
[15:48:40.992] [bmv2] [D] [thread 356] [87.0] [cxt 0] Parser set: setting field 'scalars.metadata.is_gtp_u_traffic' to 0
[15:48:40.992] [bmv2] [D] [thread 356] [87.0] [cxt 0] Parser set: setting field 'scalars.metadata.traffic_type' to 0
[15:48:40.992] [bmv2] [D] [thread 356] [87.0] [cxt 0] Parser set: setting field 'scalars.metadata.should_insert_int' to 0
[15:48:40.992] [bmv2] [D] [thread 356] [87.0] [cxt 0] Parser state 'start': key is 0800
[15:48:40.992] [bmv2] [T] [thread 356] [87.0] [cxt 0] Bytes parsed: 14
[15:48:40.992] [bmv2] [D] [thread 356] [87.0] [cxt 0] Parser 'parser' entering state 'parse_ipv4'
[15:48:40.992] [bmv2] [D] [thread 356] [87.0] [cxt 0] Extracting header 'ipv4'
[15:48:40.992] [bmv2] [D] [thread 356] [87.0] [cxt 0] Parser state 'parse_ipv4': key is 84
[15:48:40.992] [bmv2] [T] [thread 356] [87.0] [cxt 0] Bytes parsed: 34
[15:48:40.993] [bmv2] [D] [thread 356] [87.0] [cxt 0] Parser 'parser' entering state 'parse_sctp_common'
[15:48:40.993] [bmv2] [D] [thread 356] [87.0] [cxt 0] Extracting header 'sctp'
[15:48:40.993] [bmv2] [D] [thread 356] [87.0] [cxt 0] Parser set: setting field 'scalars.metadata.transport_src_port' from field 'sctp.src_port' (38412)
[15:48:40.993] [bmv2] [D] [thread 356] [87.0] [cxt 0] Parser set: setting field 'scalars.metadata.transport_dst_port' from field 'sctp.dst_port' (39657)
[15:48:40.993] [bmv2] [D] [thread 356] [87.0] [cxt 0] Parser set: setting field 'scalars.tmp_0' from expression, new value is 0
[15:48:40.993] [bmv2] [D] [thread 356] [87.0] [cxt 0] Parser state 'parse_sctp_common': key is 00
[15:48:40.993] [bmv2] [T] [thread 356] [87.0] [cxt 0] Bytes parsed: 46
[15:48:40.993] [bmv2] [D] [thread 356] [87.0] [cxt 0] Parser 'parser' entering state 'parse_sctp_common_join'
[15:48:40.993] [bmv2] [D] [thread 356] [87.0] [cxt 0] Extracting header 'sctp_chunk'
[15:48:40.993] [bmv2] [D] [thread 356] [87.0] [cxt 0] Parser state 'parse_sctp_common_join': key is 05
[15:48:40.993] [bmv2] [T] [thread 356] [87.0] [cxt 0] Bytes parsed: 50
[15:48:40.993] [bmv2] [D] [thread 356] [87.0] [cxt 0] Parser 'parser': end
[15:48:40.993] [bmv2] [D] [thread 356] [87.0] [cxt 0] Pipeline 'ingress': start
[15:48:40.993] [bmv2] [T] [thread 356] [87.0] [cxt 0] Applying table 'tbl_intgtpsource295'
[15:48:40.993] [bmv2] [D] [thread 356] [87.0] [cxt 0] Looking up key:

[15:48:40.993] [bmv2] [D] [thread 356] [87.0] [cxt 0] Table 'tbl_intgtpsource295': miss
[15:48:40.993] [bmv2] [D] [thread 356] [87.0] [cxt 0] Action entry is intgtpsource295 -
[15:48:40.993] [bmv2] [T] [thread 356] [87.0] [cxt 0] Action intgtpsource295
[15:48:40.993] [bmv2] [T] [thread 356] [87.0] [cxt 0] int-gtp-source.p4(295) Primitive meta.switch_id = 1
[15:48:40.993] [bmv2] [T] [thread 356] [87.0] [cxt 0] int-gtp-source.p4(297) Condition "hdr.ethernet.isValid() && hdr.ipv4.isValid()" (node_3) is true
[15:48:40.993] [bmv2] [T] [thread 356] [87.0] [cxt 0] int-gtp-source.p4(299) Condition "(hdr.ipv4.protocol == 132 && hdr.sctp.isValid()) || ..." (node_4) is true
[15:48:40.993] [bmv2] [T] [thread 356] [87.0] [cxt 0] Applying table 'MyIngress.int_source_table'
[15:48:40.993] [bmv2] [D] [thread 356] [87.0] [cxt 0] Looking up key:
* meta.traffic_type   : 00

[15:48:40.993] [bmv2] [D] [thread 356] [87.0] [cxt 0] Table 'MyIngress.int_source_table': miss
[15:48:40.993] [bmv2] [D] [thread 356] [87.0] [cxt 0] Action entry is NoAction -
[15:48:40.993] [bmv2] [T] [thread 356] [87.0] [cxt 0] Action NoAction
[15:48:40.993] [bmv2] [T] [thread 356] [87.0] [cxt 0] Applying table 'MyIngress.ipv4_lpm'
[15:48:40.993] [bmv2] [D] [thread 356] [87.0] [cxt 0] Looking up key:
* hdr.ipv4.dstAddr    : ac120a03

[15:48:40.993] [bmv2] [D] [thread 356] [87.0] [cxt 0] Table 'MyIngress.ipv4_lpm': hit with handle 1
[15:48:40.993] [bmv2] [D] [thread 356] [87.0] [cxt 0] Dumping entry 1
Match key:
* hdr.ipv4.dstAddr    : LPM       ac120a03/32
Action entry: MyIngress.forward_action - 1,

[15:48:40.993] [bmv2] [D] [thread 356] [87.0] [cxt 0] Action entry is MyIngress.forward_action - 1,
[15:48:40.993] [bmv2] [T] [thread 356] [87.0] [cxt 0] Action MyIngress.forward_action
[15:48:40.993] [bmv2] [T] [thread 356] [87.0] [cxt 0] int-gtp-source.p4(266) Primitive standard_metadata.egress_spec = egress_port
[15:48:40.993] [bmv2] [T] [thread 356] [87.0] [cxt 0] int-gtp-source.p4(308) Condition "meta.should_insert_int == 1" (node_7) is false
[15:48:40.993] [bmv2] [D] [thread 356] [87.0] [cxt 0] Pipeline 'ingress': end
[15:48:40.993] [bmv2] [D] [thread 356] [87.0] [cxt 0] Egress port is 1
[15:48:40.993] [bmv2] [D] [thread 358] [87.0] [cxt 0] Pipeline 'egress': start
[15:48:40.993] [bmv2] [T] [thread 358] [87.0] [cxt 0] int-gtp-source.p4(330) Condition "hdr.int_shim.isValid()" (node_11) is false
[15:48:40.993] [bmv2] [D] [thread 358] [87.0] [cxt 0] Pipeline 'egress': end
[15:48:40.993] [bmv2] [D] [thread 358] [87.0] [cxt 0] Deparser 'deparser': start
[15:48:40.993] [bmv2] [D] [thread 358] [87.0] [cxt 0] Deparsing header 'ethernet'
[15:48:40.993] [bmv2] [D] [thread 358] [87.0] [cxt 0] Deparsing header 'ipv4'
[15:48:40.993] [bmv2] [D] [thread 358] [87.0] [cxt 0] Deparsing header 'sctp'
[15:48:40.993] [bmv2] [D] [thread 358] [87.0] [cxt 0] Deparsing header 'sctp_chunk'
[15:48:40.993] [bmv2] [D] [thread 358] [87.0] [cxt 0] Deparser 'deparser': end
[15:48:40.993] [bmv2] [D] [thread 361] [87.0] [cxt 0] Transmitting packet of size 106 out of port 1
[15:48:46.703] [bmv2] [D] [thread 356] [88.0] [cxt 0] Processing packet received on port 1
[15:48:46.703] [bmv2] [D] [thread 356] [88.0] [cxt 0] Parser 'parser': start
[15:48:46.703] [bmv2] [D] [thread 356] [88.0] [cxt 0] Parser 'parser' entering state 'start'
[15:48:46.703] [bmv2] [D] [thread 356] [88.0] [cxt 0] Extracting header 'ethernet'
[15:48:46.703] [bmv2] [D] [thread 356] [88.0] [cxt 0] Parser set: setting field 'scalars.metadata.ingress_port' from field 'standard_metadata.ingress_port' (1)
[15:48:46.703] [bmv2] [D] [thread 356] [88.0] [cxt 0] Parser set: setting field 'scalars.metadata.ingress_ts' from expression, new value is 214154109
[15:48:46.703] [bmv2] [D] [thread 356] [88.0] [cxt 0] Parser set: setting field 'scalars.metadata.is_int_packet' to 0
[15:48:46.703] [bmv2] [D] [thread 356] [88.0] [cxt 0] Parser set: setting field 'scalars.metadata.is_ngap_traffic' to 0
[15:48:46.703] [bmv2] [D] [thread 356] [88.0] [cxt 0] Parser set: setting field 'scalars.metadata.is_gtp_u_traffic' to 0
[15:48:46.703] [bmv2] [D] [thread 356] [88.0] [cxt 0] Parser set: setting field 'scalars.metadata.traffic_type' to 0
[15:48:46.703] [bmv2] [D] [thread 356] [88.0] [cxt 0] Parser set: setting field 'scalars.metadata.should_insert_int' to 0
[15:48:46.703] [bmv2] [D] [thread 356] [88.0] [cxt 0] Parser state 'start': key is 0800
[15:48:46.703] [bmv2] [T] [thread 356] [88.0] [cxt 0] Bytes parsed: 14
[15:48:46.703] [bmv2] [D] [thread 356] [88.0] [cxt 0] Parser 'parser' entering state 'parse_ipv4'
[15:48:46.703] [bmv2] [D] [thread 356] [88.0] [cxt 0] Extracting header 'ipv4'
[15:48:46.703] [bmv2] [D] [thread 356] [88.0] [cxt 0] Parser state 'parse_ipv4': key is 84
[15:48:46.703] [bmv2] [T] [thread 356] [88.0] [cxt 0] Bytes parsed: 34
[15:48:46.703] [bmv2] [D] [thread 356] [88.0] [cxt 0] Parser 'parser' entering state 'parse_sctp_common'
[15:48:46.703] [bmv2] [D] [thread 356] [88.0] [cxt 0] Extracting header 'sctp'
[15:48:46.703] [bmv2] [D] [thread 356] [88.0] [cxt 0] Parser set: setting field 'scalars.metadata.transport_src_port' from field 'sctp.src_port' (39657)
[15:48:46.703] [bmv2] [D] [thread 356] [88.0] [cxt 0] Parser set: setting field 'scalars.metadata.transport_dst_port' from field 'sctp.dst_port' (38412)
[15:48:46.703] [bmv2] [D] [thread 356] [88.0] [cxt 0] Parser set: setting field 'scalars.tmp_0' from expression, new value is 1
[15:48:46.703] [bmv2] [D] [thread 356] [88.0] [cxt 0] Parser state 'parse_sctp_common': key is 01
[15:48:46.703] [bmv2] [T] [thread 356] [88.0] [cxt 0] Bytes parsed: 46
[15:48:46.703] [bmv2] [D] [thread 356] [88.0] [cxt 0] Parser 'parser' entering state 'parse_sctp_common_true'
[15:48:46.703] [bmv2] [D] [thread 356] [88.0] [cxt 0] Parser set: setting field 'scalars.metadata.is_ngap_traffic' to 1
[15:48:46.703] [bmv2] [D] [thread 356] [88.0] [cxt 0] Parser set: setting field 'scalars.metadata.traffic_type' to 1
[15:48:46.703] [bmv2] [D] [thread 356] [88.0] [cxt 0] Parser state 'parse_sctp_common_true' has no switch, going to default next state
[15:48:46.703] [bmv2] [T] [thread 356] [88.0] [cxt 0] Bytes parsed: 46
[15:48:46.703] [bmv2] [D] [thread 356] [88.0] [cxt 0] Parser 'parser' entering state 'parse_sctp_common_join'
[15:48:46.703] [bmv2] [D] [thread 356] [88.0] [cxt 0] Extracting header 'sctp_chunk'
[15:48:46.703] [bmv2] [D] [thread 356] [88.0] [cxt 0] Parser state 'parse_sctp_common_join': key is 07
[15:48:46.703] [bmv2] [T] [thread 356] [88.0] [cxt 0] Bytes parsed: 50
[15:48:46.703] [bmv2] [D] [thread 356] [88.0] [cxt 0] Parser 'parser': end
[15:48:46.703] [bmv2] [D] [thread 356] [88.0] [cxt 0] Pipeline 'ingress': start
[15:48:46.703] [bmv2] [T] [thread 356] [88.0] [cxt 0] Applying table 'tbl_intgtpsource295'
[15:48:46.703] [bmv2] [D] [thread 356] [88.0] [cxt 0] Looking up key:

[15:48:46.703] [bmv2] [D] [thread 356] [88.0] [cxt 0] Table 'tbl_intgtpsource295': miss
[15:48:46.703] [bmv2] [D] [thread 356] [88.0] [cxt 0] Action entry is intgtpsource295 -
[15:48:46.703] [bmv2] [T] [thread 356] [88.0] [cxt 0] Action intgtpsource295
[15:48:46.703] [bmv2] [T] [thread 356] [88.0] [cxt 0] int-gtp-source.p4(295) Primitive meta.switch_id = 1
[15:48:46.703] [bmv2] [T] [thread 356] [88.0] [cxt 0] int-gtp-source.p4(297) Condition "hdr.ethernet.isValid() && hdr.ipv4.isValid()" (node_3) is true
[15:48:46.703] [bmv2] [T] [thread 356] [88.0] [cxt 0] int-gtp-source.p4(299) Condition "(hdr.ipv4.protocol == 132 && hdr.sctp.isValid()) || ..." (node_4) is true
[15:48:46.703] [bmv2] [T] [thread 356] [88.0] [cxt 0] Applying table 'MyIngress.int_source_table'
[15:48:46.703] [bmv2] [D] [thread 356] [88.0] [cxt 0] Looking up key:
* meta.traffic_type   : 01

[15:48:46.703] [bmv2] [D] [thread 356] [88.0] [cxt 0] Table 'MyIngress.int_source_table': hit with handle 0
[15:48:46.703] [bmv2] [D] [thread 356] [88.0] [cxt 0] Dumping entry 0
Match key:
* meta.traffic_type   : EXACT     01
Action entry: MyIngress.int_source_action -

[15:48:46.703] [bmv2] [D] [thread 356] [88.0] [cxt 0] Action entry is MyIngress.int_source_action -
[15:48:46.703] [bmv2] [T] [thread 356] [88.0] [cxt 0] Action MyIngress.int_source_action
[15:48:46.703] [bmv2] [T] [thread 356] [88.0] [cxt 0] int-gtp-source.p4(221) Primitive meta.should_insert_int = 1
[15:48:46.703] [bmv2] [T] [thread 356] [88.0] [cxt 0] Applying table 'MyIngress.ipv4_lpm'
[15:48:46.703] [bmv2] [D] [thread 356] [88.0] [cxt 0] Looking up key:
* hdr.ipv4.dstAddr    : ac120014

[15:48:46.703] [bmv2] [D] [thread 356] [88.0] [cxt 0] Table 'MyIngress.ipv4_lpm': hit with handle 2
[15:48:46.703] [bmv2] [D] [thread 356] [88.0] [cxt 0] Dumping entry 2
Match key:
* hdr.ipv4.dstAddr    : LPM       00000000/0
Action entry: MyIngress.forward_action - 2,

[15:48:46.703] [bmv2] [D] [thread 356] [88.0] [cxt 0] Action entry is MyIngress.forward_action - 2,
[15:48:46.703] [bmv2] [T] [thread 356] [88.0] [cxt 0] Action MyIngress.forward_action
[15:48:46.703] [bmv2] [T] [thread 356] [88.0] [cxt 0] int-gtp-source.p4(266) Primitive standard_metadata.egress_spec = egress_port
[15:48:46.703] [bmv2] [T] [thread 356] [88.0] [cxt 0] int-gtp-source.p4(308) Condition "meta.should_insert_int == 1" (node_7) is true
[15:48:46.703] [bmv2] [T] [thread 356] [88.0] [cxt 0] Applying table 'tbl_do_insert_int'
[15:48:46.703] [bmv2] [D] [thread 356] [88.0] [cxt 0] Looking up key:

[15:48:46.703] [bmv2] [D] [thread 356] [88.0] [cxt 0] Table 'tbl_do_insert_int': miss
[15:48:46.703] [bmv2] [D] [thread 356] [88.0] [cxt 0] Action entry is MyIngress.do_insert_int -
[15:48:46.703] [bmv2] [T] [thread 356] [88.0] [cxt 0] Action MyIngress.do_insert_int
[15:48:46.703] [bmv2] [T] [thread 356] [88.0] [cxt 0] int-gtp-source.p4(226) Primitive bit<16> original_ether_type = hdr.ethernet.etherType
[15:48:46.703] [bmv2] [T] [thread 356] [88.0] [cxt 0] int-gtp-source.p4(229) Primitive hdr.ethernet.etherType = 0xFA
[15:48:46.703] [bmv2] [T] [thread 356] [88.0] [cxt 0] int-gtp-source.p4(232) Primitive hdr.int_shim.setValid()
[15:48:46.703] [bmv2] [T] [thread 356] [88.0] [cxt 0] int-gtp-source.p4(233) Primitive hdr.int_shim.type = 1
[15:48:46.703] [bmv2] [T] [thread 356] [88.0] [cxt 0] int-gtp-source.p4(234) Primitive hdr.int_shim.reserved = 0
[15:48:46.703] [bmv2] [T] [thread 356] [88.0] [cxt 0] int-gtp-source.p4(235) Primitive hdr.int_shim.length = 44
[15:48:46.703] [bmv2] [T] [thread 356] [88.0] [cxt 0] int-gtp-source.p4(236) Primitive hdr.int_shim.next_proto = original_ether_type
[15:48:46.703] [bmv2] [T] [thread 356] [88.0] [cxt 0] int-gtp-source.p4(239) Primitive hdr.int_header.setValid()
[15:48:46.703] [bmv2] [T] [thread 356] [88.0] [cxt 0] int-gtp-source.p4(240) Primitive hdr.int_header.version = 1
[15:48:46.703] [bmv2] [T] [thread 356] [88.0] [cxt 0] int-gtp-source.p4(241) Primitive hdr.int_header.d = 0
[15:48:46.703] [bmv2] [T] [thread 356] [88.0] [cxt 0] int-gtp-source.p4(242) Primitive hdr.int_header.q = 0
[15:48:46.703] [bmv2] [T] [thread 356] [88.0] [cxt 0] int-gtp-source.p4(243) Primitive hdr.int_header.m = 1
[15:48:46.703] [bmv2] [T] [thread 356] [88.0] [cxt 0] int-gtp-source.p4(244) Primitive hdr.int_header.reserved1 = 0
[15:48:46.703] [bmv2] [T] [thread 356] [88.0] [cxt 0] int-gtp-source.p4(245) Primitive hdr.int_header.hop_ml = 1
[15:48:46.703] [bmv2] [T] [thread 356] [88.0] [cxt 0] int-gtp-source.p4(246) Primitive hdr.int_header.instruction = 0x00FF
[15:48:46.703] [bmv2] [T] [thread 356] [88.0] [cxt 0] int-gtp-source.p4(247) Primitive hdr.int_header.reserved2 = 0
[15:48:46.703] [bmv2] [T] [thread 356] [88.0] [cxt 0] int-gtp-source.p4(248) Primitive hdr.int_header.remaining_hop_cnt = 8 - 1
[15:48:46.703] [bmv2] [T] [thread 356] [88.0] [cxt 0] int-gtp-source.p4(251) Primitive hdr.int_md.setValid()
[15:48:46.703] [bmv2] [T] [thread 356] [88.0] [cxt 0] int-gtp-source.p4(252) Primitive hdr.int_md.padding_switch = 0
[15:48:46.704] [bmv2] [T] [thread 356] [88.0] [cxt 0] int-gtp-source.p4(253) Primitive hdr.int_md.switch_id = (bit<16>)meta.switch_id
[15:48:46.704] [bmv2] [T] [thread 356] [88.0] [cxt 0] int-gtp-source.p4(254) Primitive hdr.int_md.ingress_port_id = (bit<16>)meta.ingress_port
[15:48:46.704] [bmv2] [T] [thread 356] [88.0] [cxt 0] int-gtp-source.p4(255) Primitive hdr.int_md.ingress_timestamp = meta.ingress_ts
[15:48:46.704] [bmv2] [T] [thread 356] [88.0] [cxt 0] int-gtp-source.p4(256) Primitive hdr.int_md.egress_port_id = 0
[15:48:46.704] [bmv2] [T] [thread 356] [88.0] [cxt 0] int-gtp-source.p4(257) Primitive hdr.int_md.hop_latency = 0
[15:48:46.704] [bmv2] [T] [thread 356] [88.0] [cxt 0] int-gtp-source.p4(258) Primitive hdr.int_md.egress_timestamp = 0
[15:48:46.704] [bmv2] [T] [thread 356] [88.0] [cxt 0] int-gtp-source.p4(259) Primitive hdr.int_md.queue_occupancy = 0
[15:48:46.704] [bmv2] [T] [thread 356] [88.0] [cxt 0] int-gtp-source.p4(260) Primitive hdr.int_md.congestion_notification = 0
[15:48:46.704] [bmv2] [T] [thread 356] [88.0] [cxt 0] int-gtp-source.p4(261) Primitive hdr.int_md.reserved1 = 0
[15:48:46.704] [bmv2] [T] [thread 356] [88.0] [cxt 0] int-gtp-source.p4(262) Primitive hdr.int_md.reserved2 = 0
[15:48:46.704] [bmv2] [D] [thread 356] [88.0] [cxt 0] Pipeline 'ingress': end
[15:48:46.704] [bmv2] [D] [thread 356] [88.0] [cxt 0] Egress port is 2
[15:48:46.704] [bmv2] [D] [thread 359] [88.0] [cxt 0] Pipeline 'egress': start
[15:48:46.704] [bmv2] [T] [thread 359] [88.0] [cxt 0] int-gtp-source.p4(330) Condition "hdr.int_shim.isValid()" (node_11) is true
[15:48:46.704] [bmv2] [T] [thread 359] [88.0] [cxt 0] Applying table 'tbl_update_int_metadata'
[15:48:46.704] [bmv2] [D] [thread 359] [88.0] [cxt 0] Looking up key:

[15:48:46.704] [bmv2] [D] [thread 359] [88.0] [cxt 0] Table 'tbl_update_int_metadata': miss
[15:48:46.704] [bmv2] [D] [thread 359] [88.0] [cxt 0] Action entry is MyEgress.update_int_metadata -
[15:48:46.704] [bmv2] [T] [thread 359] [88.0] [cxt 0] Action MyEgress.update_int_metadata
[15:48:46.704] [bmv2] [T] [thread 359] [88.0] [cxt 0] int-gtp-source.p4(321) Primitive if
[15:48:46.704] [bmv2] [T] [thread 359] [88.0] [cxt 0] int-gtp-source.p4(322) Primitive hdr.int_md.egress_port_id = (bit<16>)standard_metadata.egress_port
[15:48:46.704] [bmv2] [T] [thread 359] [88.0] [cxt 0] int-gtp-source.p4(323) Primitive hdr.int_md.egress_timestamp = (bit<32>)standard_metadata.egress_global_timestamp
[15:48:46.704] [bmv2] [T] [thread 359] [88.0] [cxt 0] int-gtp-source.p4(324) Primitive hdr.int_md.hop_latency = hdr.int_md.egress_timestamp - hdr.int_md.ingress_timestamp
[15:48:46.704] [bmv2] [T] [thread 359] [88.0] [cxt 0] int-gtp-source.p4(325) Primitive hdr.int_md.queue_occupancy = (bit<32>)standard_metadata.enq_qdepth
[15:48:46.704] [bmv2] [D] [thread 359] [88.0] [cxt 0] Pipeline 'egress': end
[15:48:46.704] [bmv2] [D] [thread 359] [88.0] [cxt 0] Deparser 'deparser': start
[15:48:46.704] [bmv2] [D] [thread 359] [88.0] [cxt 0] Deparsing header 'ethernet'
[15:48:46.704] [bmv2] [D] [thread 359] [88.0] [cxt 0] Deparsing header 'int_shim'
[15:48:46.704] [bmv2] [D] [thread 359] [88.0] [cxt 0] Deparsing header 'int_header'
[15:48:46.704] [bmv2] [D] [thread 359] [88.0] [cxt 0] Deparsing header 'int_md'
[15:48:46.704] [bmv2] [D] [thread 359] [88.0] [cxt 0] Deparsing header 'ipv4'
[15:48:46.704] [bmv2] [D] [thread 359] [88.0] [cxt 0] Deparsing header 'sctp'
[15:48:46.704] [bmv2] [D] [thread 359] [88.0] [cxt 0] Deparsing header 'sctp_chunk'
[15:48:46.704] [bmv2] [D] [thread 359] [88.0] [cxt 0] Deparser 'deparser': end
[15:48:46.704] [bmv2] [D] [thread 361] [88.0] [cxt 0] Transmitting packet of size 95 out of port 2
[15:48:46.726] [bmv2] [D] [thread 356] [89.0] [cxt 0] Processing packet received on port 2
[15:48:46.726] [bmv2] [D] [thread 356] [89.0] [cxt 0] Parser 'parser': start
[15:48:46.726] [bmv2] [D] [thread 356] [89.0] [cxt 0] Parser 'parser' entering state 'start'
[15:48:46.726] [bmv2] [D] [thread 356] [89.0] [cxt 0] Extracting header 'ethernet'
[15:48:46.726] [bmv2] [D] [thread 356] [89.0] [cxt 0] Parser set: setting field 'scalars.metadata.ingress_port' from field 'standard_metadata.ingress_port' (2)
[15:48:46.726] [bmv2] [D] [thread 356] [89.0] [cxt 0] Parser set: setting field 'scalars.metadata.ingress_ts' from expression, new value is 214177289
[15:48:46.726] [bmv2] [D] [thread 356] [89.0] [cxt 0] Parser set: setting field 'scalars.metadata.is_int_packet' to 0
[15:48:46.726] [bmv2] [D] [thread 356] [89.0] [cxt 0] Parser set: setting field 'scalars.metadata.is_ngap_traffic' to 0
[15:48:46.726] [bmv2] [D] [thread 356] [89.0] [cxt 0] Parser set: setting field 'scalars.metadata.is_gtp_u_traffic' to 0
[15:48:46.726] [bmv2] [D] [thread 356] [89.0] [cxt 0] Parser set: setting field 'scalars.metadata.traffic_type' to 0
[15:48:46.726] [bmv2] [D] [thread 356] [89.0] [cxt 0] Parser set: setting field 'scalars.metadata.should_insert_int' to 0
[15:48:46.726] [bmv2] [D] [thread 356] [89.0] [cxt 0] Parser state 'start': key is 0800
[15:48:46.726] [bmv2] [T] [thread 356] [89.0] [cxt 0] Bytes parsed: 14
[15:48:46.726] [bmv2] [D] [thread 356] [89.0] [cxt 0] Parser 'parser' entering state 'parse_ipv4'
[15:48:46.726] [bmv2] [D] [thread 356] [89.0] [cxt 0] Extracting header 'ipv4'
[15:48:46.726] [bmv2] [D] [thread 356] [89.0] [cxt 0] Parser state 'parse_ipv4': key is 84
[15:48:46.726] [bmv2] [T] [thread 356] [89.0] [cxt 0] Bytes parsed: 34
[15:48:46.726] [bmv2] [D] [thread 356] [89.0] [cxt 0] Parser 'parser' entering state 'parse_sctp_common'
[15:48:46.726] [bmv2] [D] [thread 356] [89.0] [cxt 0] Extracting header 'sctp'
[15:48:46.726] [bmv2] [D] [thread 356] [89.0] [cxt 0] Parser set: setting field 'scalars.metadata.transport_src_port' from field 'sctp.src_port' (38412)
[15:48:46.726] [bmv2] [D] [thread 356] [89.0] [cxt 0] Parser set: setting field 'scalars.metadata.transport_dst_port' from field 'sctp.dst_port' (39657)
[15:48:46.726] [bmv2] [D] [thread 356] [89.0] [cxt 0] Parser set: setting field 'scalars.tmp_0' from expression, new value is 0
[15:48:46.726] [bmv2] [D] [thread 356] [89.0] [cxt 0] Parser state 'parse_sctp_common': key is 00
[15:48:46.726] [bmv2] [T] [thread 356] [89.0] [cxt 0] Bytes parsed: 46
[15:48:46.726] [bmv2] [D] [thread 356] [89.0] [cxt 0] Parser 'parser' entering state 'parse_sctp_common_join'
[15:48:46.726] [bmv2] [D] [thread 356] [89.0] [cxt 0] Extracting header 'sctp_chunk'
[15:48:46.726] [bmv2] [D] [thread 356] [89.0] [cxt 0] Parser state 'parse_sctp_common_join': key is 08
[15:48:46.726] [bmv2] [T] [thread 356] [89.0] [cxt 0] Bytes parsed: 50
[15:48:46.726] [bmv2] [D] [thread 356] [89.0] [cxt 0] Parser 'parser': end
[15:48:46.726] [bmv2] [D] [thread 356] [89.0] [cxt 0] Pipeline 'ingress': start
[15:48:46.726] [bmv2] [T] [thread 356] [89.0] [cxt 0] Applying table 'tbl_intgtpsource295'
[15:48:46.726] [bmv2] [D] [thread 356] [89.0] [cxt 0] Looking up key:

[15:48:46.726] [bmv2] [D] [thread 356] [89.0] [cxt 0] Table 'tbl_intgtpsource295': miss
[15:48:46.726] [bmv2] [D] [thread 356] [89.0] [cxt 0] Action entry is intgtpsource295 -
[15:48:46.726] [bmv2] [T] [thread 356] [89.0] [cxt 0] Action intgtpsource295
[15:48:46.726] [bmv2] [T] [thread 356] [89.0] [cxt 0] int-gtp-source.p4(295) Primitive meta.switch_id = 1
[15:48:46.726] [bmv2] [T] [thread 356] [89.0] [cxt 0] int-gtp-source.p4(297) Condition "hdr.ethernet.isValid() && hdr.ipv4.isValid()" (node_3) is true
[15:48:46.726] [bmv2] [T] [thread 356] [89.0] [cxt 0] int-gtp-source.p4(299) Condition "(hdr.ipv4.protocol == 132 && hdr.sctp.isValid()) || ..." (node_4) is true
[15:48:46.726] [bmv2] [T] [thread 356] [89.0] [cxt 0] Applying table 'MyIngress.int_source_table'
[15:48:46.726] [bmv2] [D] [thread 356] [89.0] [cxt 0] Looking up key:
* meta.traffic_type   : 00

[15:48:46.726] [bmv2] [D] [thread 356] [89.0] [cxt 0] Table 'MyIngress.int_source_table': miss
[15:48:46.726] [bmv2] [D] [thread 356] [89.0] [cxt 0] Action entry is NoAction -
[15:48:46.726] [bmv2] [T] [thread 356] [89.0] [cxt 0] Action NoAction
[15:48:46.726] [bmv2] [T] [thread 356] [89.0] [cxt 0] Applying table 'MyIngress.ipv4_lpm'
[15:48:46.726] [bmv2] [D] [thread 356] [89.0] [cxt 0] Looking up key:
* hdr.ipv4.dstAddr    : ac120a03

[15:48:46.726] [bmv2] [D] [thread 356] [89.0] [cxt 0] Table 'MyIngress.ipv4_lpm': hit with handle 1
[15:48:46.726] [bmv2] [D] [thread 356] [89.0] [cxt 0] Dumping entry 1
Match key:
* hdr.ipv4.dstAddr    : LPM       ac120a03/32
Action entry: MyIngress.forward_action - 1,

[15:48:46.726] [bmv2] [D] [thread 356] [89.0] [cxt 0] Action entry is MyIngress.forward_action - 1,
[15:48:46.726] [bmv2] [T] [thread 356] [89.0] [cxt 0] Action MyIngress.forward_action
[15:48:46.726] [bmv2] [T] [thread 356] [89.0] [cxt 0] int-gtp-source.p4(266) Primitive standard_metadata.egress_spec = egress_port
[15:48:46.726] [bmv2] [T] [thread 356] [89.0] [cxt 0] int-gtp-source.p4(308) Condition "meta.should_insert_int == 1" (node_7) is false
[15:48:46.726] [bmv2] [D] [thread 356] [89.0] [cxt 0] Pipeline 'ingress': end
[15:48:46.726] [bmv2] [D] [thread 356] [89.0] [cxt 0] Egress port is 1
[15:48:46.727] [bmv2] [D] [thread 358] [89.0] [cxt 0] Pipeline 'egress': start
[15:48:46.727] [bmv2] [T] [thread 358] [89.0] [cxt 0] int-gtp-source.p4(330) Condition "hdr.int_shim.isValid()" (node_11) is false
[15:48:46.727] [bmv2] [D] [thread 358] [89.0] [cxt 0] Pipeline 'egress': end
[15:48:46.727] [bmv2] [D] [thread 358] [89.0] [cxt 0] Deparser 'deparser': start
[15:48:46.727] [bmv2] [D] [thread 358] [89.0] [cxt 0] Deparsing header 'ethernet'
[15:48:46.727] [bmv2] [D] [thread 358] [89.0] [cxt 0] Deparsing header 'ipv4'
[15:48:46.727] [bmv2] [D] [thread 358] [89.0] [cxt 0] Deparsing header 'sctp'
[15:48:46.727] [bmv2] [D] [thread 358] [89.0] [cxt 0] Deparsing header 'sctp_chunk'
[15:48:46.727] [bmv2] [D] [thread 358] [89.0] [cxt 0] Deparser 'deparser': end
[15:48:46.727] [bmv2] [D] [thread 361] [89.0] [cxt 0] Transmitting packet of size 50 out of port 1
[15:48:46.745] [bmv2] [D] [thread 356] [90.0] [cxt 0] Processing packet received on port 1
[15:48:46.745] [bmv2] [D] [thread 356] [90.0] [cxt 0] Parser 'parser': start
[15:48:46.745] [bmv2] [D] [thread 356] [90.0] [cxt 0] Parser 'parser' entering state 'start'
[15:48:46.745] [bmv2] [D] [thread 356] [90.0] [cxt 0] Extracting header 'ethernet'
[15:48:46.745] [bmv2] [D] [thread 356] [90.0] [cxt 0] Parser set: setting field 'scalars.metadata.ingress_port' from field 'standard_metadata.ingress_port' (1)
[15:48:46.745] [bmv2] [D] [thread 356] [90.0] [cxt 0] Parser set: setting field 'scalars.metadata.ingress_ts' from expression, new value is 214196474
[15:48:46.745] [bmv2] [D] [thread 356] [90.0] [cxt 0] Parser set: setting field 'scalars.metadata.is_int_packet' to 0
[15:48:46.745] [bmv2] [D] [thread 356] [90.0] [cxt 0] Parser set: setting field 'scalars.metadata.is_ngap_traffic' to 0
[15:48:46.745] [bmv2] [D] [thread 356] [90.0] [cxt 0] Parser set: setting field 'scalars.metadata.is_gtp_u_traffic' to 0
[15:48:46.745] [bmv2] [D] [thread 356] [90.0] [cxt 0] Parser set: setting field 'scalars.metadata.traffic_type' to 0
[15:48:46.745] [bmv2] [D] [thread 356] [90.0] [cxt 0] Parser set: setting field 'scalars.metadata.should_insert_int' to 0
[15:48:46.745] [bmv2] [D] [thread 356] [90.0] [cxt 0] Parser state 'start': key is 0800
[15:48:46.745] [bmv2] [T] [thread 356] [90.0] [cxt 0] Bytes parsed: 14
[15:48:46.745] [bmv2] [D] [thread 356] [90.0] [cxt 0] Parser 'parser' entering state 'parse_ipv4'
[15:48:46.745] [bmv2] [D] [thread 356] [90.0] [cxt 0] Extracting header 'ipv4'
[15:48:46.745] [bmv2] [D] [thread 356] [90.0] [cxt 0] Parser state 'parse_ipv4': key is 84
[15:48:46.745] [bmv2] [T] [thread 356] [90.0] [cxt 0] Bytes parsed: 34
[15:48:46.745] [bmv2] [D] [thread 356] [90.0] [cxt 0] Parser 'parser' entering state 'parse_sctp_common'
[15:48:46.745] [bmv2] [D] [thread 356] [90.0] [cxt 0] Extracting header 'sctp'
[15:48:46.745] [bmv2] [D] [thread 356] [90.0] [cxt 0] Parser set: setting field 'scalars.metadata.transport_src_port' from field 'sctp.src_port' (39657)
[15:48:46.745] [bmv2] [D] [thread 356] [90.0] [cxt 0] Parser set: setting field 'scalars.metadata.transport_dst_port' from field 'sctp.dst_port' (38412)
[15:48:46.745] [bmv2] [D] [thread 356] [90.0] [cxt 0] Parser set: setting field 'scalars.tmp_0' from expression, new value is 1
[15:48:46.745] [bmv2] [D] [thread 356] [90.0] [cxt 0] Parser state 'parse_sctp_common': key is 01
[15:48:46.745] [bmv2] [T] [thread 356] [90.0] [cxt 0] Bytes parsed: 46
[15:48:46.745] [bmv2] [D] [thread 356] [90.0] [cxt 0] Parser 'parser' entering state 'parse_sctp_common_true'
[15:48:46.745] [bmv2] [D] [thread 356] [90.0] [cxt 0] Parser set: setting field 'scalars.metadata.is_ngap_traffic' to 1
[15:48:46.745] [bmv2] [D] [thread 356] [90.0] [cxt 0] Parser set: setting field 'scalars.metadata.traffic_type' to 1
[15:48:46.745] [bmv2] [D] [thread 356] [90.0] [cxt 0] Parser state 'parse_sctp_common_true' has no switch, going to default next state
[15:48:46.745] [bmv2] [T] [thread 356] [90.0] [cxt 0] Bytes parsed: 46
[15:48:46.745] [bmv2] [D] [thread 356] [90.0] [cxt 0] Parser 'parser' entering state 'parse_sctp_common_join'
[15:48:46.745] [bmv2] [D] [thread 356] [90.0] [cxt 0] Extracting header 'sctp_chunk'
[15:48:46.745] [bmv2] [D] [thread 356] [90.0] [cxt 0] Parser state 'parse_sctp_common_join': key is 0e
[15:48:46.745] [bmv2] [T] [thread 356] [90.0] [cxt 0] Bytes parsed: 50
[15:48:46.745] [bmv2] [D] [thread 356] [90.0] [cxt 0] Parser 'parser': end
[15:48:46.745] [bmv2] [D] [thread 356] [90.0] [cxt 0] Pipeline 'ingress': start
[15:48:46.746] [bmv2] [T] [thread 356] [90.0] [cxt 0] Applying table 'tbl_intgtpsource295'
[15:48:46.746] [bmv2] [D] [thread 356] [90.0] [cxt 0] Looking up key:

[15:48:46.746] [bmv2] [D] [thread 356] [90.0] [cxt 0] Table 'tbl_intgtpsource295': miss
[15:48:46.746] [bmv2] [D] [thread 356] [90.0] [cxt 0] Action entry is intgtpsource295 -
[15:48:46.746] [bmv2] [T] [thread 356] [90.0] [cxt 0] Action intgtpsource295
[15:48:46.746] [bmv2] [T] [thread 356] [90.0] [cxt 0] int-gtp-source.p4(295) Primitive meta.switch_id = 1
[15:48:46.746] [bmv2] [T] [thread 356] [90.0] [cxt 0] int-gtp-source.p4(297) Condition "hdr.ethernet.isValid() && hdr.ipv4.isValid()" (node_3) is true
[15:48:46.746] [bmv2] [T] [thread 356] [90.0] [cxt 0] int-gtp-source.p4(299) Condition "(hdr.ipv4.protocol == 132 && hdr.sctp.isValid()) || ..." (node_4) is true
[15:48:46.746] [bmv2] [T] [thread 356] [90.0] [cxt 0] Applying table 'MyIngress.int_source_table'
[15:48:46.746] [bmv2] [D] [thread 356] [90.0] [cxt 0] Looking up key:
* meta.traffic_type   : 01

[15:48:46.746] [bmv2] [D] [thread 356] [90.0] [cxt 0] Table 'MyIngress.int_source_table': hit with handle 0
[15:48:46.746] [bmv2] [D] [thread 356] [90.0] [cxt 0] Dumping entry 0
Match key:
* meta.traffic_type   : EXACT     01
Action entry: MyIngress.int_source_action -

[15:48:46.746] [bmv2] [D] [thread 356] [90.0] [cxt 0] Action entry is MyIngress.int_source_action -
[15:48:46.746] [bmv2] [T] [thread 356] [90.0] [cxt 0] Action MyIngress.int_source_action
[15:48:46.746] [bmv2] [T] [thread 356] [90.0] [cxt 0] int-gtp-source.p4(221) Primitive meta.should_insert_int = 1
[15:48:46.746] [bmv2] [T] [thread 356] [90.0] [cxt 0] Applying table 'MyIngress.ipv4_lpm'
[15:48:46.746] [bmv2] [D] [thread 356] [90.0] [cxt 0] Looking up key:
* hdr.ipv4.dstAddr    : ac120014

[15:48:46.746] [bmv2] [D] [thread 356] [90.0] [cxt 0] Table 'MyIngress.ipv4_lpm': hit with handle 2
[15:48:46.746] [bmv2] [D] [thread 356] [90.0] [cxt 0] Dumping entry 2
Match key:
* hdr.ipv4.dstAddr    : LPM       00000000/0
Action entry: MyIngress.forward_action - 2,

[15:48:46.746] [bmv2] [D] [thread 356] [90.0] [cxt 0] Action entry is MyIngress.forward_action - 2,
[15:48:46.746] [bmv2] [T] [thread 356] [90.0] [cxt 0] Action MyIngress.forward_action
[15:48:46.746] [bmv2] [T] [thread 356] [90.0] [cxt 0] int-gtp-source.p4(266) Primitive standard_metadata.egress_spec = egress_port
[15:48:46.746] [bmv2] [T] [thread 356] [90.0] [cxt 0] int-gtp-source.p4(308) Condition "meta.should_insert_int == 1" (node_7) is true
[15:48:46.746] [bmv2] [T] [thread 356] [90.0] [cxt 0] Applying table 'tbl_do_insert_int'
[15:48:46.746] [bmv2] [D] [thread 356] [90.0] [cxt 0] Looking up key:

[15:48:46.746] [bmv2] [D] [thread 356] [90.0] [cxt 0] Table 'tbl_do_insert_int': miss
[15:48:46.746] [bmv2] [D] [thread 356] [90.0] [cxt 0] Action entry is MyIngress.do_insert_int -
[15:48:46.746] [bmv2] [T] [thread 356] [90.0] [cxt 0] Action MyIngress.do_insert_int
[15:48:46.746] [bmv2] [T] [thread 356] [90.0] [cxt 0] int-gtp-source.p4(226) Primitive bit<16> original_ether_type = hdr.ethernet.etherType
[15:48:46.746] [bmv2] [T] [thread 356] [90.0] [cxt 0] int-gtp-source.p4(229) Primitive hdr.ethernet.etherType = 0xFA
[15:48:46.746] [bmv2] [T] [thread 356] [90.0] [cxt 0] int-gtp-source.p4(232) Primitive hdr.int_shim.setValid()
[15:48:46.746] [bmv2] [T] [thread 356] [90.0] [cxt 0] int-gtp-source.p4(233) Primitive hdr.int_shim.type = 1
[15:48:46.746] [bmv2] [T] [thread 356] [90.0] [cxt 0] int-gtp-source.p4(234) Primitive hdr.int_shim.reserved = 0
[15:48:46.746] [bmv2] [T] [thread 356] [90.0] [cxt 0] int-gtp-source.p4(235) Primitive hdr.int_shim.length = 44
[15:48:46.746] [bmv2] [T] [thread 356] [90.0] [cxt 0] int-gtp-source.p4(236) Primitive hdr.int_shim.next_proto = original_ether_type
[15:48:46.746] [bmv2] [T] [thread 356] [90.0] [cxt 0] int-gtp-source.p4(239) Primitive hdr.int_header.setValid()
[15:48:46.746] [bmv2] [T] [thread 356] [90.0] [cxt 0] int-gtp-source.p4(240) Primitive hdr.int_header.version = 1
[15:48:46.746] [bmv2] [T] [thread 356] [90.0] [cxt 0] int-gtp-source.p4(241) Primitive hdr.int_header.d = 0
[15:48:46.746] [bmv2] [T] [thread 356] [90.0] [cxt 0] int-gtp-source.p4(242) Primitive hdr.int_header.q = 0
[15:48:46.746] [bmv2] [T] [thread 356] [90.0] [cxt 0] int-gtp-source.p4(243) Primitive hdr.int_header.m = 1
[15:48:46.746] [bmv2] [T] [thread 356] [90.0] [cxt 0] int-gtp-source.p4(244) Primitive hdr.int_header.reserved1 = 0
[15:48:46.746] [bmv2] [T] [thread 356] [90.0] [cxt 0] int-gtp-source.p4(245) Primitive hdr.int_header.hop_ml = 1
[15:48:46.746] [bmv2] [T] [thread 356] [90.0] [cxt 0] int-gtp-source.p4(246) Primitive hdr.int_header.instruction = 0x00FF
[15:48:46.746] [bmv2] [T] [thread 356] [90.0] [cxt 0] int-gtp-source.p4(247) Primitive hdr.int_header.reserved2 = 0
[15:48:46.746] [bmv2] [T] [thread 356] [90.0] [cxt 0] int-gtp-source.p4(248) Primitive hdr.int_header.remaining_hop_cnt = 8 - 1
[15:48:46.746] [bmv2] [T] [thread 356] [90.0] [cxt 0] int-gtp-source.p4(251) Primitive hdr.int_md.setValid()
[15:48:46.746] [bmv2] [T] [thread 356] [90.0] [cxt 0] int-gtp-source.p4(252) Primitive hdr.int_md.padding_switch = 0
[15:48:46.746] [bmv2] [T] [thread 356] [90.0] [cxt 0] int-gtp-source.p4(253) Primitive hdr.int_md.switch_id = (bit<16>)meta.switch_id
[15:48:46.746] [bmv2] [T] [thread 356] [90.0] [cxt 0] int-gtp-source.p4(254) Primitive hdr.int_md.ingress_port_id = (bit<16>)meta.ingress_port
[15:48:46.746] [bmv2] [T] [thread 356] [90.0] [cxt 0] int-gtp-source.p4(255) Primitive hdr.int_md.ingress_timestamp = meta.ingress_ts
[15:48:46.746] [bmv2] [T] [thread 356] [90.0] [cxt 0] int-gtp-source.p4(256) Primitive hdr.int_md.egress_port_id = 0
[15:48:46.746] [bmv2] [T] [thread 356] [90.0] [cxt 0] int-gtp-source.p4(257) Primitive hdr.int_md.hop_latency = 0
[15:48:46.746] [bmv2] [T] [thread 356] [90.0] [cxt 0] int-gtp-source.p4(258) Primitive hdr.int_md.egress_timestamp = 0
[15:48:46.746] [bmv2] [T] [thread 356] [90.0] [cxt 0] int-gtp-source.p4(259) Primitive hdr.int_md.queue_occupancy = 0
[15:48:46.746] [bmv2] [T] [thread 356] [90.0] [cxt 0] int-gtp-source.p4(260) Primitive hdr.int_md.congestion_notification = 0
[15:48:46.746] [bmv2] [T] [thread 356] [90.0] [cxt 0] int-gtp-source.p4(261) Primitive hdr.int_md.reserved1 = 0
[15:48:46.746] [bmv2] [T] [thread 356] [90.0] [cxt 0] int-gtp-source.p4(262) Primitive hdr.int_md.reserved2 = 0
[15:48:46.746] [bmv2] [D] [thread 356] [90.0] [cxt 0] Pipeline 'ingress': end
[15:48:46.746] [bmv2] [D] [thread 356] [90.0] [cxt 0] Egress port is 2
[15:48:46.746] [bmv2] [D] [thread 359] [90.0] [cxt 0] Pipeline 'egress': start
[15:48:46.746] [bmv2] [T] [thread 359] [90.0] [cxt 0] int-gtp-source.p4(330) Condition "hdr.int_shim.isValid()" (node_11) is true
[15:48:46.746] [bmv2] [T] [thread 359] [90.0] [cxt 0] Applying table 'tbl_update_int_metadata'
[15:48:46.746] [bmv2] [D] [thread 359] [90.0] [cxt 0] Looking up key:

[15:48:46.746] [bmv2] [D] [thread 359] [90.0] [cxt 0] Table 'tbl_update_int_metadata': miss
[15:48:46.746] [bmv2] [D] [thread 359] [90.0] [cxt 0] Action entry is MyEgress.update_int_metadata -
[15:48:46.746] [bmv2] [T] [thread 359] [90.0] [cxt 0] Action MyEgress.update_int_metadata
[15:48:46.746] [bmv2] [T] [thread 359] [90.0] [cxt 0] int-gtp-source.p4(321) Primitive if
[15:48:46.746] [bmv2] [T] [thread 359] [90.0] [cxt 0] int-gtp-source.p4(322) Primitive hdr.int_md.egress_port_id = (bit<16>)standard_metadata.egress_port
[15:48:46.746] [bmv2] [T] [thread 359] [90.0] [cxt 0] int-gtp-source.p4(323) Primitive hdr.int_md.egress_timestamp = (bit<32>)standard_metadata.egress_global_timestamp
[15:48:46.746] [bmv2] [T] [thread 359] [90.0] [cxt 0] int-gtp-source.p4(324) Primitive hdr.int_md.hop_latency = hdr.int_md.egress_timestamp - hdr.int_md.ingress_timestamp
[15:48:46.746] [bmv2] [T] [thread 359] [90.0] [cxt 0] int-gtp-source.p4(325) Primitive hdr.int_md.queue_occupancy = (bit<32>)standard_metadata.enq_qdepth
[15:48:46.746] [bmv2] [D] [thread 359] [90.0] [cxt 0] Pipeline 'egress': end
[15:48:46.746] [bmv2] [D] [thread 359] [90.0] [cxt 0] Deparser 'deparser': start
[15:48:46.746] [bmv2] [D] [thread 359] [90.0] [cxt 0] Deparsing header 'ethernet'
[15:48:46.746] [bmv2] [D] [thread 359] [90.0] [cxt 0] Deparsing header 'int_shim'
[15:48:46.746] [bmv2] [D] [thread 359] [90.0] [cxt 0] Deparsing header 'int_header'
[15:48:46.746] [bmv2] [D] [thread 359] [90.0] [cxt 0] Deparsing header 'int_md'
[15:48:46.746] [bmv2] [D] [thread 359] [90.0] [cxt 0] Deparsing header 'ipv4'
[15:48:46.746] [bmv2] [D] [thread 359] [90.0] [cxt 0] Deparsing header 'sctp'
[15:48:46.746] [bmv2] [D] [thread 359] [90.0] [cxt 0] Deparsing header 'sctp_chunk'
[15:48:46.746] [bmv2] [D] [thread 359] [90.0] [cxt 0] Deparser 'deparser': end
[15:48:46.746] [bmv2] [D] [thread 361] [90.0] [cxt 0] Transmitting packet of size 91 out of port 2
[15:48:47.339] [bmv2] [D] [thread 356] [91.0] [cxt 0] Processing packet received on port 1
[15:48:47.339] [bmv2] [D] [thread 356] [91.0] [cxt 0] Parser 'parser': start
[15:48:47.339] [bmv2] [D] [thread 356] [91.0] [cxt 0] Parser 'parser' entering state 'start'
[15:48:47.339] [bmv2] [D] [thread 356] [91.0] [cxt 0] Extracting header 'ethernet'
[15:48:47.339] [bmv2] [D] [thread 356] [91.0] [cxt 0] Parser set: setting field 'scalars.metadata.ingress_port' from field 'standard_metadata.ingress_port' (1)
[15:48:47.339] [bmv2] [D] [thread 356] [91.0] [cxt 0] Parser set: setting field 'scalars.metadata.ingress_ts' from expression, new value is 214789755
[15:48:47.339] [bmv2] [D] [thread 356] [91.0] [cxt 0] Parser set: setting field 'scalars.metadata.is_int_packet' to 0
[15:48:47.339] [bmv2] [D] [thread 356] [91.0] [cxt 0] Parser set: setting field 'scalars.metadata.is_ngap_traffic' to 0
[15:48:47.339] [bmv2] [D] [thread 356] [91.0] [cxt 0] Parser set: setting field 'scalars.metadata.is_gtp_u_traffic' to 0
[15:48:47.339] [bmv2] [D] [thread 356] [91.0] [cxt 0] Parser set: setting field 'scalars.metadata.traffic_type' to 0
[15:48:47.339] [bmv2] [D] [thread 356] [91.0] [cxt 0] Parser set: setting field 'scalars.metadata.should_insert_int' to 0
[15:48:47.339] [bmv2] [D] [thread 356] [91.0] [cxt 0] Parser state 'start': key is 9000
[15:48:47.339] [bmv2] [T] [thread 356] [91.0] [cxt 0] Bytes parsed: 14
[15:48:47.339] [bmv2] [D] [thread 356] [91.0] [cxt 0] Parser 'parser': end
[15:48:47.339] [bmv2] [D] [thread 356] [91.0] [cxt 0] Pipeline 'ingress': start
[15:48:47.339] [bmv2] [T] [thread 356] [91.0] [cxt 0] Applying table 'tbl_intgtpsource295'
[15:48:47.339] [bmv2] [D] [thread 356] [91.0] [cxt 0] Looking up key:

[15:48:47.339] [bmv2] [D] [thread 356] [91.0] [cxt 0] Table 'tbl_intgtpsource295': miss
[15:48:47.339] [bmv2] [D] [thread 356] [91.0] [cxt 0] Action entry is intgtpsource295 -
[15:48:47.339] [bmv2] [T] [thread 356] [91.0] [cxt 0] Action intgtpsource295
[15:48:47.339] [bmv2] [T] [thread 356] [91.0] [cxt 0] int-gtp-source.p4(295) Primitive meta.switch_id = 1
[15:48:47.339] [bmv2] [T] [thread 356] [91.0] [cxt 0] int-gtp-source.p4(297) Condition "hdr.ethernet.isValid() && hdr.ipv4.isValid()" (node_3) is false
[15:48:47.339] [bmv2] [D] [thread 356] [91.0] [cxt 0] Pipeline 'ingress': end
[15:48:47.339] [bmv2] [D] [thread 356] [91.0] [cxt 0] Egress port is 0
[15:48:47.339] [bmv2] [D] [thread 357] [91.0] [cxt 0] Pipeline 'egress': start
[15:48:47.339] [bmv2] [T] [thread 357] [91.0] [cxt 0] int-gtp-source.p4(330) Condition "hdr.int_shim.isValid()" (node_11) is false
[15:48:47.339] [bmv2] [D] [thread 357] [91.0] [cxt 0] Pipeline 'egress': end
[15:48:47.339] [bmv2] [D] [thread 357] [91.0] [cxt 0] Deparser 'deparser': start
[15:48:47.339] [bmv2] [D] [thread 357] [91.0] [cxt 0] Deparsing header 'ethernet'
[15:48:47.339] [bmv2] [D] [thread 357] [91.0] [cxt 0] Deparser 'deparser': end
[15:48:47.339] [bmv2] [D] [thread 361] [91.0] [cxt 0] Transmitting packet of size 60 out of port 0
^C
root@bmv2-1:/behavioral-model#
