     +--------------------------------------------------------------------+
     ¦                • MobaXterm Personal Edition v23.6 •                ¦
     ¦              (X server, SSH client and network tools)              ¦
     ¦                                                                    ¦
     ¦ ? Your computer drives are accessible through the /drives path     ¦
     ¦ ? Your DISPLAY is set to 192.168.1.149:0.0                         ¦
     ¦ ? When using SSH, your remote DISPLAY is automatically forwarded   ¦
     ¦ ? Each command status is specified by a special symbol (? or ?)    ¦
     ¦                                                                    ¦
     ¦ • Important:                                                       ¦
     ¦ This is MobaXterm Personal Edition. The Professional edition       ¦
     ¦ allows you to customize MobaXterm for your company: you can add    ¦
     ¦ your own logo, your parameters, your welcome message and generate  ¦
     ¦ either an MSI installation package or a portable executable.       ¦
     ¦ We can also modify MobaXterm or develop the plugins you need.      ¦
     ¦ For more information: https://mobaxterm.mobatek.net/download.html  ¦
     +--------------------------------------------------------------------+
Trying 192.168.219.132...
Connected to 192.168.219.132.
Escape character is '^]'.

root@bmv2-3:/behavioral-model# simple_switch --thrift-port 9092 --log-console -i 1@eth1 -i 2@eth2 -i 9@eth9 int-gtp-destination.json
Calling target program-options parser
[15:45:19.536] [bmv2] [D] [thread 352] Set default default entry for table 'tbl_intgtpdestination311': intgtpdestination311 -
[15:45:19.536] [bmv2] [D] [thread 352] Set default default entry for table 'tbl_intgtpdestination317': intgtpdestination317 -
[15:45:19.536] [bmv2] [D] [thread 352] Set default default entry for table 'MyIngress.int_sink_table': NoAction -
[15:45:19.536] [bmv2] [D] [thread 352] Set default default entry for table 'MyIngress.ipv4_lpm': NoAction -
[15:45:19.536] [bmv2] [D] [thread 352] Set default default entry for table 'tbl_update_int_metadata': MyEgress.update_int_metadata -
[15:45:19.536] [bmv2] [D] [thread 352] Set default default entry for table 'MyEgress.egress_control': NoAction -
Adding interface eth1 as port 1
[15:45:19.537] [bmv2] [D] [thread 352] Adding interface eth1 as port 1
Adding interface eth2 as port 2
[15:45:19.645] [bmv2] [D] [thread 352] Adding interface eth2 as port 2
Adding interface eth9 as port 9
[15:45:19.701] [bmv2] [D] [thread 352] Adding interface eth9 as port 9
[15:45:19.742] [bmv2] [I] [thread 352] Starting Thrift server on port 9092
[15:45:19.742] [bmv2] [I] [thread 352] Thrift server was started
[15:45:31.259] [bmv2] [D] [thread 358] [0.0] [cxt 0] Processing packet received on port 1
[15:45:31.259] [bmv2] [D] [thread 358] [0.0] [cxt 0] Parser 'parser': start
[15:45:31.259] [bmv2] [D] [thread 358] [0.0] [cxt 0] Parser 'parser' entering state 'start'
[15:45:31.259] [bmv2] [D] [thread 358] [0.0] [cxt 0] Extracting header 'ethernet'
[15:45:31.259] [bmv2] [D] [thread 358] [0.0] [cxt 0] Parser set: setting field 'scalars.metadata.ingress_port' from field 'standard_metadata.ingress_port' (1)
[15:45:31.259] [bmv2] [D] [thread 358] [0.0] [cxt 0] Parser set: setting field 'scalars.metadata.ingress_ts' from expression, new value is 11727706
[15:45:31.259] [bmv2] [D] [thread 358] [0.0] [cxt 0] Parser set: setting field 'scalars.metadata.md_blocks_extracted' to 0
[15:45:31.259] [bmv2] [D] [thread 358] [0.0] [cxt 0] Parser set: setting field 'scalars.metadata.is_int_packet' to 0
[15:45:31.259] [bmv2] [D] [thread 358] [0.0] [cxt 0] Parser state 'start': key is 9000
[15:45:31.259] [bmv2] [T] [thread 358] [0.0] [cxt 0] Bytes parsed: 14
[15:45:31.259] [bmv2] [D] [thread 358] [0.0] [cxt 0] Parser 'parser': end
[15:45:31.259] [bmv2] [D] [thread 358] [0.0] [cxt 0] Pipeline 'ingress': start
[15:45:31.259] [bmv2] [T] [thread 358] [0.0] [cxt 0] Applying table 'tbl_intgtpdestination311'
[15:45:31.259] [bmv2] [D] [thread 358] [0.0] [cxt 0] Looking up key:

[15:45:31.259] [bmv2] [D] [thread 358] [0.0] [cxt 0] Table 'tbl_intgtpdestination311': miss
[15:45:31.259] [bmv2] [D] [thread 358] [0.0] [cxt 0] Action entry is intgtpdestination311 -
[15:45:31.259] [bmv2] [T] [thread 358] [0.0] [cxt 0] Action intgtpdestination311
[15:45:31.259] [bmv2] [T] [thread 358] [0.0] [cxt 0] int-gtp-destination.p4(311) Primitive meta.switch_id = 3
[15:45:31.259] [bmv2] [T] [thread 358] [0.0] [cxt 0] int-gtp-destination.p4(313) Condition "hdr.ethernet.isValid()" (node_3) is true
[15:45:31.259] [bmv2] [T] [thread 358] [0.0] [cxt 0] int-gtp-destination.p4(314) Condition "hdr.int_shim.isValid()" (node_4) is false
[15:45:31.259] [bmv2] [T] [thread 358] [0.0] [cxt 0] int-gtp-destination.p4(339) Condition "hdr.ipv4_inner.isValid()" (node_8) is false
[15:45:31.259] [bmv2] [D] [thread 358] [0.0] [cxt 0] Pipeline 'ingress': end
[15:45:31.259] [bmv2] [D] [thread 358] [0.0] [cxt 0] Egress port is 0
[15:45:31.259] [bmv2] [D] [thread 359] [0.0] [cxt 0] Pipeline 'egress': start
[15:45:31.259] [bmv2] [T] [thread 359] [0.0] [cxt 0] int-gtp-destination.p4(402) Condition "hdr.int_shim.isValid()" (node_12) is false
[15:45:31.259] [bmv2] [D] [thread 359] [0.0] [cxt 0] Pipeline 'egress': end
[15:45:31.259] [bmv2] [D] [thread 359] [0.0] [cxt 0] Deparser 'deparser': start
[15:45:31.259] [bmv2] [D] [thread 359] [0.0] [cxt 0] Deparsing header 'ethernet'
[15:45:31.259] [bmv2] [D] [thread 359] [0.0] [cxt 0] Deparser 'deparser': end
[15:45:31.259] [bmv2] [D] [thread 363] [0.0] [cxt 0] Transmitting packet of size 60 out of port 0
[15:45:41.277] [bmv2] [D] [thread 358] [1.0] [cxt 0] Processing packet received on port 1
[15:45:41.277] [bmv2] [D] [thread 358] [1.0] [cxt 0] Parser 'parser': start
[15:45:41.277] [bmv2] [D] [thread 358] [1.0] [cxt 0] Parser 'parser' entering state 'start'
[15:45:41.277] [bmv2] [D] [thread 358] [1.0] [cxt 0] Extracting header 'ethernet'
[15:45:41.277] [bmv2] [D] [thread 358] [1.0] [cxt 0] Parser set: setting field 'scalars.metadata.ingress_port' from field 'standard_metadata.ingress_port' (1)
[15:45:41.277] [bmv2] [D] [thread 358] [1.0] [cxt 0] Parser set: setting field 'scalars.metadata.ingress_ts' from expression, new value is 21745638
[15:45:41.277] [bmv2] [D] [thread 358] [1.0] [cxt 0] Parser set: setting field 'scalars.metadata.md_blocks_extracted' to 0
[15:45:41.277] [bmv2] [D] [thread 358] [1.0] [cxt 0] Parser set: setting field 'scalars.metadata.is_int_packet' to 0
[15:45:41.277] [bmv2] [D] [thread 358] [1.0] [cxt 0] Parser state 'start': key is 9000
[15:45:41.277] [bmv2] [T] [thread 358] [1.0] [cxt 0] Bytes parsed: 14
[15:45:41.277] [bmv2] [D] [thread 358] [1.0] [cxt 0] Parser 'parser': end
[15:45:41.277] [bmv2] [D] [thread 358] [1.0] [cxt 0] Pipeline 'ingress': start
[15:45:41.277] [bmv2] [T] [thread 358] [1.0] [cxt 0] Applying table 'tbl_intgtpdestination311'
[15:45:41.277] [bmv2] [D] [thread 358] [1.0] [cxt 0] Looking up key:

[15:45:41.277] [bmv2] [D] [thread 358] [1.0] [cxt 0] Table 'tbl_intgtpdestination311': miss
[15:45:41.277] [bmv2] [D] [thread 358] [1.0] [cxt 0] Action entry is intgtpdestination311 -
[15:45:41.277] [bmv2] [T] [thread 358] [1.0] [cxt 0] Action intgtpdestination311
[15:45:41.277] [bmv2] [T] [thread 358] [1.0] [cxt 0] int-gtp-destination.p4(311) Primitive meta.switch_id = 3
[15:45:41.277] [bmv2] [T] [thread 358] [1.0] [cxt 0] int-gtp-destination.p4(313) Condition "hdr.ethernet.isValid()" (node_3) is true
[15:45:41.277] [bmv2] [T] [thread 358] [1.0] [cxt 0] int-gtp-destination.p4(314) Condition "hdr.int_shim.isValid()" (node_4) is false
[15:45:41.277] [bmv2] [T] [thread 358] [1.0] [cxt 0] int-gtp-destination.p4(339) Condition "hdr.ipv4_inner.isValid()" (node_8) is false
[15:45:41.277] [bmv2] [D] [thread 358] [1.0] [cxt 0] Pipeline 'ingress': end
[15:45:41.277] [bmv2] [D] [thread 358] [1.0] [cxt 0] Egress port is 0
[15:45:41.277] [bmv2] [D] [thread 359] [1.0] [cxt 0] Pipeline 'egress': start
[15:45:41.277] [bmv2] [T] [thread 359] [1.0] [cxt 0] int-gtp-destination.p4(402) Condition "hdr.int_shim.isValid()" (node_12) is false
[15:45:41.277] [bmv2] [D] [thread 359] [1.0] [cxt 0] Pipeline 'egress': end
[15:45:41.277] [bmv2] [D] [thread 359] [1.0] [cxt 0] Deparser 'deparser': start
[15:45:41.277] [bmv2] [D] [thread 359] [1.0] [cxt 0] Deparsing header 'ethernet'
[15:45:41.277] [bmv2] [D] [thread 359] [1.0] [cxt 0] Deparser 'deparser': end
[15:45:41.277] [bmv2] [D] [thread 363] [1.0] [cxt 0] Transmitting packet of size 60 out of port 0
[15:46:15.530] [bmv2] [D] [thread 358] [2.0] [cxt 0] Processing packet received on port 1
[15:46:15.530] [bmv2] [D] [thread 358] [2.0] [cxt 0] Parser 'parser': start
[15:46:15.531] [bmv2] [D] [thread 358] [2.0] [cxt 0] Parser 'parser' entering state 'start'
[15:46:15.531] [bmv2] [D] [thread 358] [2.0] [cxt 0] Extracting header 'ethernet'
[15:46:15.531] [bmv2] [D] [thread 358] [2.0] [cxt 0] Parser set: setting field 'scalars.metadata.ingress_port' from field 'standard_metadata.ingress_port' (1)
[15:46:15.531] [bmv2] [D] [thread 358] [2.0] [cxt 0] Parser set: setting field 'scalars.metadata.ingress_ts' from expression, new value is 55999332
[15:46:15.531] [bmv2] [D] [thread 358] [2.0] [cxt 0] Parser set: setting field 'scalars.metadata.md_blocks_extracted' to 0
[15:46:15.531] [bmv2] [D] [thread 358] [2.0] [cxt 0] Parser set: setting field 'scalars.metadata.is_int_packet' to 0
[15:46:15.531] [bmv2] [D] [thread 358] [2.0] [cxt 0] Parser state 'start': key is 9000
[15:46:15.531] [bmv2] [T] [thread 358] [2.0] [cxt 0] Bytes parsed: 14
[15:46:15.531] [bmv2] [D] [thread 358] [2.0] [cxt 0] Parser 'parser': end
[15:46:15.531] [bmv2] [D] [thread 358] [2.0] [cxt 0] Pipeline 'ingress': start
[15:46:15.531] [bmv2] [T] [thread 358] [2.0] [cxt 0] Applying table 'tbl_intgtpdestination311'
[15:46:15.531] [bmv2] [D] [thread 358] [2.0] [cxt 0] Looking up key:

[15:46:15.531] [bmv2] [D] [thread 358] [2.0] [cxt 0] Table 'tbl_intgtpdestination311': miss
[15:46:15.531] [bmv2] [D] [thread 358] [2.0] [cxt 0] Action entry is intgtpdestination311 -
[15:46:15.531] [bmv2] [T] [thread 358] [2.0] [cxt 0] Action intgtpdestination311
[15:46:15.531] [bmv2] [T] [thread 358] [2.0] [cxt 0] int-gtp-destination.p4(311) Primitive meta.switch_id = 3
[15:46:15.531] [bmv2] [T] [thread 358] [2.0] [cxt 0] int-gtp-destination.p4(313) Condition "hdr.ethernet.isValid()" (node_3) is true
[15:46:15.531] [bmv2] [T] [thread 358] [2.0] [cxt 0] int-gtp-destination.p4(314) Condition "hdr.int_shim.isValid()" (node_4) is false
[15:46:15.531] [bmv2] [T] [thread 358] [2.0] [cxt 0] int-gtp-destination.p4(339) Condition "hdr.ipv4_inner.isValid()" (node_8) is false
[15:46:15.531] [bmv2] [D] [thread 358] [2.0] [cxt 0] Pipeline 'ingress': end
[15:46:15.531] [bmv2] [D] [thread 358] [2.0] [cxt 0] Egress port is 0
[15:46:15.531] [bmv2] [D] [thread 359] [2.0] [cxt 0] Pipeline 'egress': start
[15:46:15.531] [bmv2] [T] [thread 359] [2.0] [cxt 0] int-gtp-destination.p4(402) Condition "hdr.int_shim.isValid()" (node_12) is false
[15:46:15.531] [bmv2] [D] [thread 359] [2.0] [cxt 0] Pipeline 'egress': end
[15:46:15.531] [bmv2] [D] [thread 359] [2.0] [cxt 0] Deparser 'deparser': start
[15:46:15.531] [bmv2] [D] [thread 359] [2.0] [cxt 0] Deparsing header 'ethernet'
[15:46:15.531] [bmv2] [D] [thread 359] [2.0] [cxt 0] Deparser 'deparser': end
[15:46:15.531] [bmv2] [D] [thread 363] [2.0] [cxt 0] Transmitting packet of size 60 out of port 0
[15:46:21.270] [bmv2] [D] [thread 358] [3.0] [cxt 0] Processing packet received on port 1
[15:46:21.270] [bmv2] [D] [thread 358] [3.0] [cxt 0] Parser 'parser': start
[15:46:21.270] [bmv2] [D] [thread 358] [3.0] [cxt 0] Parser 'parser' entering state 'start'
[15:46:21.270] [bmv2] [D] [thread 358] [3.0] [cxt 0] Extracting header 'ethernet'
[15:46:21.270] [bmv2] [D] [thread 358] [3.0] [cxt 0] Parser set: setting field 'scalars.metadata.ingress_port' from field 'standard_metadata.ingress_port' (1)
[15:46:21.270] [bmv2] [D] [thread 358] [3.0] [cxt 0] Parser set: setting field 'scalars.metadata.ingress_ts' from expression, new value is 61738811
[15:46:21.270] [bmv2] [D] [thread 358] [3.0] [cxt 0] Parser set: setting field 'scalars.metadata.md_blocks_extracted' to 0
[15:46:21.270] [bmv2] [D] [thread 358] [3.0] [cxt 0] Parser set: setting field 'scalars.metadata.is_int_packet' to 0
[15:46:21.270] [bmv2] [D] [thread 358] [3.0] [cxt 0] Parser state 'start': key is 9000
[15:46:21.270] [bmv2] [T] [thread 358] [3.0] [cxt 0] Bytes parsed: 14
[15:46:21.270] [bmv2] [D] [thread 358] [3.0] [cxt 0] Parser 'parser': end
[15:46:21.270] [bmv2] [D] [thread 358] [3.0] [cxt 0] Pipeline 'ingress': start
[15:46:21.270] [bmv2] [T] [thread 358] [3.0] [cxt 0] Applying table 'tbl_intgtpdestination311'
[15:46:21.270] [bmv2] [D] [thread 358] [3.0] [cxt 0] Looking up key:

[15:46:21.270] [bmv2] [D] [thread 358] [3.0] [cxt 0] Table 'tbl_intgtpdestination311': miss
[15:46:21.270] [bmv2] [D] [thread 358] [3.0] [cxt 0] Action entry is intgtpdestination311 -
[15:46:21.270] [bmv2] [T] [thread 358] [3.0] [cxt 0] Action intgtpdestination311
[15:46:21.270] [bmv2] [T] [thread 358] [3.0] [cxt 0] int-gtp-destination.p4(311) Primitive meta.switch_id = 3
[15:46:21.270] [bmv2] [T] [thread 358] [3.0] [cxt 0] int-gtp-destination.p4(313) Condition "hdr.ethernet.isValid()" (node_3) is true
[15:46:21.270] [bmv2] [T] [thread 358] [3.0] [cxt 0] int-gtp-destination.p4(314) Condition "hdr.int_shim.isValid()" (node_4) is false
[15:46:21.270] [bmv2] [T] [thread 358] [3.0] [cxt 0] int-gtp-destination.p4(339) Condition "hdr.ipv4_inner.isValid()" (node_8) is false
[15:46:21.270] [bmv2] [D] [thread 358] [3.0] [cxt 0] Pipeline 'ingress': end
[15:46:21.270] [bmv2] [D] [thread 358] [3.0] [cxt 0] Egress port is 0
[15:46:21.270] [bmv2] [D] [thread 359] [3.0] [cxt 0] Pipeline 'egress': start
[15:46:21.270] [bmv2] [T] [thread 359] [3.0] [cxt 0] int-gtp-destination.p4(402) Condition "hdr.int_shim.isValid()" (node_12) is false
[15:46:21.270] [bmv2] [D] [thread 359] [3.0] [cxt 0] Pipeline 'egress': end
[15:46:21.270] [bmv2] [D] [thread 359] [3.0] [cxt 0] Deparser 'deparser': start
[15:46:21.270] [bmv2] [D] [thread 359] [3.0] [cxt 0] Deparsing header 'ethernet'
[15:46:21.270] [bmv2] [D] [thread 359] [3.0] [cxt 0] Deparser 'deparser': end
[15:46:21.270] [bmv2] [D] [thread 363] [3.0] [cxt 0] Transmitting packet of size 60 out of port 0
[15:46:25.453] [bmv2] [D] [thread 358] [4.0] [cxt 0] Processing packet received on port 1
[15:46:25.453] [bmv2] [D] [thread 358] [4.0] [cxt 0] Parser 'parser': start
[15:46:25.453] [bmv2] [D] [thread 358] [4.0] [cxt 0] Parser 'parser' entering state 'start'
[15:46:25.453] [bmv2] [D] [thread 358] [4.0] [cxt 0] Extracting header 'ethernet'
[15:46:25.453] [bmv2] [D] [thread 358] [4.0] [cxt 0] Parser set: setting field 'scalars.metadata.ingress_port' from field 'standard_metadata.ingress_port' (1)
[15:46:25.453] [bmv2] [D] [thread 358] [4.0] [cxt 0] Parser set: setting field 'scalars.metadata.ingress_ts' from expression, new value is 65921980
[15:46:25.453] [bmv2] [D] [thread 358] [4.0] [cxt 0] Parser set: setting field 'scalars.metadata.md_blocks_extracted' to 0
[15:46:25.453] [bmv2] [D] [thread 358] [4.0] [cxt 0] Parser set: setting field 'scalars.metadata.is_int_packet' to 0
[15:46:25.453] [bmv2] [D] [thread 358] [4.0] [cxt 0] Parser state 'start': key is 0153
[15:46:25.453] [bmv2] [T] [thread 358] [4.0] [cxt 0] Bytes parsed: 14
[15:46:25.453] [bmv2] [D] [thread 358] [4.0] [cxt 0] Parser 'parser': end
[15:46:25.453] [bmv2] [D] [thread 358] [4.0] [cxt 0] Pipeline 'ingress': start
[15:46:25.453] [bmv2] [T] [thread 358] [4.0] [cxt 0] Applying table 'tbl_intgtpdestination311'
[15:46:25.453] [bmv2] [D] [thread 358] [4.0] [cxt 0] Looking up key:

[15:46:25.453] [bmv2] [D] [thread 358] [4.0] [cxt 0] Table 'tbl_intgtpdestination311': miss
[15:46:25.453] [bmv2] [D] [thread 358] [4.0] [cxt 0] Action entry is intgtpdestination311 -
[15:46:25.453] [bmv2] [T] [thread 358] [4.0] [cxt 0] Action intgtpdestination311
[15:46:25.453] [bmv2] [T] [thread 358] [4.0] [cxt 0] int-gtp-destination.p4(311) Primitive meta.switch_id = 3
[15:46:25.453] [bmv2] [T] [thread 358] [4.0] [cxt 0] int-gtp-destination.p4(313) Condition "hdr.ethernet.isValid()" (node_3) is true
[15:46:25.453] [bmv2] [T] [thread 358] [4.0] [cxt 0] int-gtp-destination.p4(314) Condition "hdr.int_shim.isValid()" (node_4) is false
[15:46:25.453] [bmv2] [T] [thread 358] [4.0] [cxt 0] int-gtp-destination.p4(339) Condition "hdr.ipv4_inner.isValid()" (node_8) is false
[15:46:25.453] [bmv2] [D] [thread 358] [4.0] [cxt 0] Pipeline 'ingress': end
[15:46:25.453] [bmv2] [D] [thread 358] [4.0] [cxt 0] Egress port is 0
[15:46:25.453] [bmv2] [D] [thread 359] [4.0] [cxt 0] Pipeline 'egress': start
[15:46:25.453] [bmv2] [T] [thread 359] [4.0] [cxt 0] int-gtp-destination.p4(402) Condition "hdr.int_shim.isValid()" (node_12) is false
[15:46:25.453] [bmv2] [D] [thread 359] [4.0] [cxt 0] Pipeline 'egress': end
[15:46:25.453] [bmv2] [D] [thread 359] [4.0] [cxt 0] Deparser 'deparser': start
[15:46:25.453] [bmv2] [D] [thread 359] [4.0] [cxt 0] Deparsing header 'ethernet'
[15:46:25.453] [bmv2] [D] [thread 359] [4.0] [cxt 0] Deparser 'deparser': end
[15:46:25.453] [bmv2] [D] [thread 363] [4.0] [cxt 0] Transmitting packet of size 353 out of port 0
[15:46:31.260] [bmv2] [D] [thread 358] [5.0] [cxt 0] Processing packet received on port 1
[15:46:31.260] [bmv2] [D] [thread 358] [5.0] [cxt 0] Parser 'parser': start
[15:46:31.260] [bmv2] [D] [thread 358] [5.0] [cxt 0] Parser 'parser' entering state 'start'
[15:46:31.260] [bmv2] [D] [thread 358] [5.0] [cxt 0] Extracting header 'ethernet'
[15:46:31.260] [bmv2] [D] [thread 358] [5.0] [cxt 0] Parser set: setting field 'scalars.metadata.ingress_port' from field 'standard_metadata.ingress_port' (1)
[15:46:31.260] [bmv2] [D] [thread 358] [5.0] [cxt 0] Parser set: setting field 'scalars.metadata.ingress_ts' from expression, new value is 71729253
[15:46:31.260] [bmv2] [D] [thread 358] [5.0] [cxt 0] Parser set: setting field 'scalars.metadata.md_blocks_extracted' to 0
[15:46:31.260] [bmv2] [D] [thread 358] [5.0] [cxt 0] Parser set: setting field 'scalars.metadata.is_int_packet' to 0
[15:46:31.260] [bmv2] [D] [thread 358] [5.0] [cxt 0] Parser state 'start': key is 9000
[15:46:31.260] [bmv2] [T] [thread 358] [5.0] [cxt 0] Bytes parsed: 14
[15:46:31.260] [bmv2] [D] [thread 358] [5.0] [cxt 0] Parser 'parser': end
[15:46:31.260] [bmv2] [D] [thread 358] [5.0] [cxt 0] Pipeline 'ingress': start
[15:46:31.260] [bmv2] [T] [thread 358] [5.0] [cxt 0] Applying table 'tbl_intgtpdestination311'
[15:46:31.260] [bmv2] [D] [thread 358] [5.0] [cxt 0] Looking up key:

[15:46:31.260] [bmv2] [D] [thread 358] [5.0] [cxt 0] Table 'tbl_intgtpdestination311': miss
[15:46:31.260] [bmv2] [D] [thread 358] [5.0] [cxt 0] Action entry is intgtpdestination311 -
[15:46:31.260] [bmv2] [T] [thread 358] [5.0] [cxt 0] Action intgtpdestination311
[15:46:31.260] [bmv2] [T] [thread 358] [5.0] [cxt 0] int-gtp-destination.p4(311) Primitive meta.switch_id = 3
[15:46:31.260] [bmv2] [T] [thread 358] [5.0] [cxt 0] int-gtp-destination.p4(313) Condition "hdr.ethernet.isValid()" (node_3) is true
[15:46:31.260] [bmv2] [T] [thread 358] [5.0] [cxt 0] int-gtp-destination.p4(314) Condition "hdr.int_shim.isValid()" (node_4) is false
[15:46:31.260] [bmv2] [T] [thread 358] [5.0] [cxt 0] int-gtp-destination.p4(339) Condition "hdr.ipv4_inner.isValid()" (node_8) is false
[15:46:31.260] [bmv2] [D] [thread 358] [5.0] [cxt 0] Pipeline 'ingress': end
[15:46:31.260] [bmv2] [D] [thread 358] [5.0] [cxt 0] Egress port is 0
[15:46:31.261] [bmv2] [D] [thread 359] [5.0] [cxt 0] Pipeline 'egress': start
[15:46:31.261] [bmv2] [T] [thread 359] [5.0] [cxt 0] int-gtp-destination.p4(402) Condition "hdr.int_shim.isValid()" (node_12) is false
[15:46:31.261] [bmv2] [D] [thread 359] [5.0] [cxt 0] Pipeline 'egress': end
[15:46:31.261] [bmv2] [D] [thread 359] [5.0] [cxt 0] Deparser 'deparser': start
[15:46:31.261] [bmv2] [D] [thread 359] [5.0] [cxt 0] Deparsing header 'ethernet'
[15:46:31.261] [bmv2] [D] [thread 359] [5.0] [cxt 0] Deparser 'deparser': end
[15:46:31.261] [bmv2] [D] [thread 363] [5.0] [cxt 0] Transmitting packet of size 60 out of port 0
[15:46:41.270] [bmv2] [D] [thread 358] [6.0] [cxt 0] Processing packet received on port 1
[15:46:41.270] [bmv2] [D] [thread 358] [6.0] [cxt 0] Parser 'parser': start
[15:46:41.270] [bmv2] [D] [thread 358] [6.0] [cxt 0] Parser 'parser' entering state 'start'
[15:46:41.270] [bmv2] [D] [thread 358] [6.0] [cxt 0] Extracting header 'ethernet'
[15:46:41.270] [bmv2] [D] [thread 358] [6.0] [cxt 0] Parser set: setting field 'scalars.metadata.ingress_port' from field 'standard_metadata.ingress_port' (1)
[15:46:41.270] [bmv2] [D] [thread 358] [6.0] [cxt 0] Parser set: setting field 'scalars.metadata.ingress_ts' from expression, new value is 81739210
[15:46:41.270] [bmv2] [D] [thread 358] [6.0] [cxt 0] Parser set: setting field 'scalars.metadata.md_blocks_extracted' to 0
[15:46:41.270] [bmv2] [D] [thread 358] [6.0] [cxt 0] Parser set: setting field 'scalars.metadata.is_int_packet' to 0
[15:46:41.270] [bmv2] [D] [thread 358] [6.0] [cxt 0] Parser state 'start': key is 9000
[15:46:41.270] [bmv2] [T] [thread 358] [6.0] [cxt 0] Bytes parsed: 14
[15:46:41.270] [bmv2] [D] [thread 358] [6.0] [cxt 0] Parser 'parser': end
[15:46:41.271] [bmv2] [D] [thread 358] [6.0] [cxt 0] Pipeline 'ingress': start
[15:46:41.271] [bmv2] [T] [thread 358] [6.0] [cxt 0] Applying table 'tbl_intgtpdestination311'
[15:46:41.271] [bmv2] [D] [thread 358] [6.0] [cxt 0] Looking up key:

[15:46:41.271] [bmv2] [D] [thread 358] [6.0] [cxt 0] Table 'tbl_intgtpdestination311': miss
[15:46:41.271] [bmv2] [D] [thread 358] [6.0] [cxt 0] Action entry is intgtpdestination311 -
[15:46:41.271] [bmv2] [T] [thread 358] [6.0] [cxt 0] Action intgtpdestination311
[15:46:41.271] [bmv2] [T] [thread 358] [6.0] [cxt 0] int-gtp-destination.p4(311) Primitive meta.switch_id = 3
[15:46:41.271] [bmv2] [T] [thread 358] [6.0] [cxt 0] int-gtp-destination.p4(313) Condition "hdr.ethernet.isValid()" (node_3) is true
[15:46:41.271] [bmv2] [T] [thread 358] [6.0] [cxt 0] int-gtp-destination.p4(314) Condition "hdr.int_shim.isValid()" (node_4) is false
[15:46:41.271] [bmv2] [T] [thread 358] [6.0] [cxt 0] int-gtp-destination.p4(339) Condition "hdr.ipv4_inner.isValid()" (node_8) is false
[15:46:41.271] [bmv2] [D] [thread 358] [6.0] [cxt 0] Pipeline 'ingress': end
[15:46:41.271] [bmv2] [D] [thread 358] [6.0] [cxt 0] Egress port is 0
[15:46:41.271] [bmv2] [D] [thread 359] [6.0] [cxt 0] Pipeline 'egress': start
[15:46:41.271] [bmv2] [T] [thread 359] [6.0] [cxt 0] int-gtp-destination.p4(402) Condition "hdr.int_shim.isValid()" (node_12) is false
[15:46:41.271] [bmv2] [D] [thread 359] [6.0] [cxt 0] Pipeline 'egress': end
[15:46:41.271] [bmv2] [D] [thread 359] [6.0] [cxt 0] Deparser 'deparser': start
[15:46:41.271] [bmv2] [D] [thread 359] [6.0] [cxt 0] Deparsing header 'ethernet'
[15:46:41.271] [bmv2] [D] [thread 359] [6.0] [cxt 0] Deparser 'deparser': end
[15:46:41.271] [bmv2] [D] [thread 363] [6.0] [cxt 0] Transmitting packet of size 60 out of port 0
[15:46:51.278] [bmv2] [D] [thread 358] [7.0] [cxt 0] Processing packet received on port 1
[15:46:51.278] [bmv2] [D] [thread 358] [7.0] [cxt 0] Parser 'parser': start
[15:46:51.278] [bmv2] [D] [thread 358] [7.0] [cxt 0] Parser 'parser' entering state 'start'
[15:46:51.278] [bmv2] [D] [thread 358] [7.0] [cxt 0] Extracting header 'ethernet'
[15:46:51.278] [bmv2] [D] [thread 358] [7.0] [cxt 0] Parser set: setting field 'scalars.metadata.ingress_port' from field 'standard_metadata.ingress_port' (1)
[15:46:51.278] [bmv2] [D] [thread 358] [7.0] [cxt 0] Parser set: setting field 'scalars.metadata.ingress_ts' from expression, new value is 91746687
[15:46:51.278] [bmv2] [D] [thread 358] [7.0] [cxt 0] Parser set: setting field 'scalars.metadata.md_blocks_extracted' to 0
[15:46:51.278] [bmv2] [D] [thread 358] [7.0] [cxt 0] Parser set: setting field 'scalars.metadata.is_int_packet' to 0
[15:46:51.278] [bmv2] [D] [thread 358] [7.0] [cxt 0] Parser state 'start': key is 9000
[15:46:51.278] [bmv2] [T] [thread 358] [7.0] [cxt 0] Bytes parsed: 14
[15:46:51.278] [bmv2] [D] [thread 358] [7.0] [cxt 0] Parser 'parser': end
[15:46:51.278] [bmv2] [D] [thread 358] [7.0] [cxt 0] Pipeline 'ingress': start
[15:46:51.278] [bmv2] [T] [thread 358] [7.0] [cxt 0] Applying table 'tbl_intgtpdestination311'
[15:46:51.278] [bmv2] [D] [thread 358] [7.0] [cxt 0] Looking up key:

[15:46:51.278] [bmv2] [D] [thread 358] [7.0] [cxt 0] Table 'tbl_intgtpdestination311': miss
[15:46:51.278] [bmv2] [D] [thread 358] [7.0] [cxt 0] Action entry is intgtpdestination311 -
[15:46:51.278] [bmv2] [T] [thread 358] [7.0] [cxt 0] Action intgtpdestination311
[15:46:51.278] [bmv2] [T] [thread 358] [7.0] [cxt 0] int-gtp-destination.p4(311) Primitive meta.switch_id = 3
[15:46:51.278] [bmv2] [T] [thread 358] [7.0] [cxt 0] int-gtp-destination.p4(313) Condition "hdr.ethernet.isValid()" (node_3) is true
[15:46:51.278] [bmv2] [T] [thread 358] [7.0] [cxt 0] int-gtp-destination.p4(314) Condition "hdr.int_shim.isValid()" (node_4) is false
[15:46:51.278] [bmv2] [T] [thread 358] [7.0] [cxt 0] int-gtp-destination.p4(339) Condition "hdr.ipv4_inner.isValid()" (node_8) is false
[15:46:51.278] [bmv2] [D] [thread 358] [7.0] [cxt 0] Pipeline 'ingress': end
[15:46:51.278] [bmv2] [D] [thread 358] [7.0] [cxt 0] Egress port is 0
[15:46:51.278] [bmv2] [D] [thread 359] [7.0] [cxt 0] Pipeline 'egress': start
[15:46:51.278] [bmv2] [T] [thread 359] [7.0] [cxt 0] int-gtp-destination.p4(402) Condition "hdr.int_shim.isValid()" (node_12) is false
[15:46:51.278] [bmv2] [D] [thread 359] [7.0] [cxt 0] Pipeline 'egress': end
[15:46:51.278] [bmv2] [D] [thread 359] [7.0] [cxt 0] Deparser 'deparser': start
[15:46:51.278] [bmv2] [D] [thread 359] [7.0] [cxt 0] Deparsing header 'ethernet'
[15:46:51.278] [bmv2] [D] [thread 359] [7.0] [cxt 0] Deparser 'deparser': end
[15:46:51.278] [bmv2] [D] [thread 363] [7.0] [cxt 0] Transmitting packet of size 60 out of port 0
[15:47:01.264] [bmv2] [D] [thread 358] [8.0] [cxt 0] Processing packet received on port 1
[15:47:01.264] [bmv2] [D] [thread 358] [8.0] [cxt 0] Parser 'parser': start
[15:47:01.264] [bmv2] [D] [thread 358] [8.0] [cxt 0] Parser 'parser' entering state 'start'
[15:47:01.264] [bmv2] [D] [thread 358] [8.0] [cxt 0] Extracting header 'ethernet'
[15:47:01.264] [bmv2] [D] [thread 358] [8.0] [cxt 0] Parser set: setting field 'scalars.metadata.ingress_port' from field 'standard_metadata.ingress_port' (1)
[15:47:01.264] [bmv2] [D] [thread 358] [8.0] [cxt 0] Parser set: setting field 'scalars.metadata.ingress_ts' from expression, new value is 101732942
[15:47:01.264] [bmv2] [D] [thread 358] [8.0] [cxt 0] Parser set: setting field 'scalars.metadata.md_blocks_extracted' to 0
[15:47:01.264] [bmv2] [D] [thread 358] [8.0] [cxt 0] Parser set: setting field 'scalars.metadata.is_int_packet' to 0
[15:47:01.264] [bmv2] [D] [thread 358] [8.0] [cxt 0] Parser state 'start': key is 9000
[15:47:01.264] [bmv2] [T] [thread 358] [8.0] [cxt 0] Bytes parsed: 14
[15:47:01.264] [bmv2] [D] [thread 358] [8.0] [cxt 0] Parser 'parser': end
[15:47:01.264] [bmv2] [D] [thread 358] [8.0] [cxt 0] Pipeline 'ingress': start
[15:47:01.264] [bmv2] [T] [thread 358] [8.0] [cxt 0] Applying table 'tbl_intgtpdestination311'
[15:47:01.264] [bmv2] [D] [thread 358] [8.0] [cxt 0] Looking up key:

[15:47:01.264] [bmv2] [D] [thread 358] [8.0] [cxt 0] Table 'tbl_intgtpdestination311': miss
[15:47:01.264] [bmv2] [D] [thread 358] [8.0] [cxt 0] Action entry is intgtpdestination311 -
[15:47:01.264] [bmv2] [T] [thread 358] [8.0] [cxt 0] Action intgtpdestination311
[15:47:01.264] [bmv2] [T] [thread 358] [8.0] [cxt 0] int-gtp-destination.p4(311) Primitive meta.switch_id = 3
[15:47:01.264] [bmv2] [T] [thread 358] [8.0] [cxt 0] int-gtp-destination.p4(313) Condition "hdr.ethernet.isValid()" (node_3) is true
[15:47:01.264] [bmv2] [T] [thread 358] [8.0] [cxt 0] int-gtp-destination.p4(314) Condition "hdr.int_shim.isValid()" (node_4) is false
[15:47:01.264] [bmv2] [T] [thread 358] [8.0] [cxt 0] int-gtp-destination.p4(339) Condition "hdr.ipv4_inner.isValid()" (node_8) is false
[15:47:01.264] [bmv2] [D] [thread 358] [8.0] [cxt 0] Pipeline 'ingress': end
[15:47:01.264] [bmv2] [D] [thread 358] [8.0] [cxt 0] Egress port is 0
[15:47:01.264] [bmv2] [D] [thread 359] [8.0] [cxt 0] Pipeline 'egress': start
[15:47:01.264] [bmv2] [T] [thread 359] [8.0] [cxt 0] int-gtp-destination.p4(402) Condition "hdr.int_shim.isValid()" (node_12) is false
[15:47:01.264] [bmv2] [D] [thread 359] [8.0] [cxt 0] Pipeline 'egress': end
[15:47:01.264] [bmv2] [D] [thread 359] [8.0] [cxt 0] Deparser 'deparser': start
[15:47:01.264] [bmv2] [D] [thread 359] [8.0] [cxt 0] Deparsing header 'ethernet'
[15:47:01.264] [bmv2] [D] [thread 359] [8.0] [cxt 0] Deparser 'deparser': end
[15:47:01.264] [bmv2] [D] [thread 363] [8.0] [cxt 0] Transmitting packet of size 60 out of port 0
[15:47:07.557] [bmv2] [D] [thread 358] [9.0] [cxt 0] Processing packet received on port 9
[15:47:07.557] [bmv2] [D] [thread 358] [9.0] [cxt 0] Parser 'parser': start
[15:47:07.557] [bmv2] [D] [thread 358] [9.0] [cxt 0] Parser 'parser' entering state 'start'
[15:47:07.557] [bmv2] [D] [thread 358] [9.0] [cxt 0] Extracting header 'ethernet'
[15:47:07.557] [bmv2] [D] [thread 358] [9.0] [cxt 0] Parser set: setting field 'scalars.metadata.ingress_port' from field 'standard_metadata.ingress_port' (9)
[15:47:07.557] [bmv2] [D] [thread 358] [9.0] [cxt 0] Parser set: setting field 'scalars.metadata.ingress_ts' from expression, new value is 108025786
[15:47:07.557] [bmv2] [D] [thread 358] [9.0] [cxt 0] Parser set: setting field 'scalars.metadata.md_blocks_extracted' to 0
[15:47:07.557] [bmv2] [D] [thread 358] [9.0] [cxt 0] Parser set: setting field 'scalars.metadata.is_int_packet' to 0
[15:47:07.557] [bmv2] [D] [thread 358] [9.0] [cxt 0] Parser state 'start': key is 86dd
[15:47:07.557] [bmv2] [T] [thread 358] [9.0] [cxt 0] Bytes parsed: 14
[15:47:07.557] [bmv2] [D] [thread 358] [9.0] [cxt 0] Parser 'parser': end
[15:47:07.557] [bmv2] [D] [thread 358] [9.0] [cxt 0] Pipeline 'ingress': start
[15:47:07.557] [bmv2] [T] [thread 358] [9.0] [cxt 0] Applying table 'tbl_intgtpdestination311'
[15:47:07.557] [bmv2] [D] [thread 358] [9.0] [cxt 0] Looking up key:

[15:47:07.557] [bmv2] [D] [thread 358] [9.0] [cxt 0] Table 'tbl_intgtpdestination311': miss
[15:47:07.557] [bmv2] [D] [thread 358] [9.0] [cxt 0] Action entry is intgtpdestination311 -
[15:47:07.557] [bmv2] [T] [thread 358] [9.0] [cxt 0] Action intgtpdestination311
[15:47:07.557] [bmv2] [T] [thread 358] [9.0] [cxt 0] int-gtp-destination.p4(311) Primitive meta.switch_id = 3
[15:47:07.557] [bmv2] [T] [thread 358] [9.0] [cxt 0] int-gtp-destination.p4(313) Condition "hdr.ethernet.isValid()" (node_3) is true
[15:47:07.557] [bmv2] [T] [thread 358] [9.0] [cxt 0] int-gtp-destination.p4(314) Condition "hdr.int_shim.isValid()" (node_4) is false
[15:47:07.557] [bmv2] [T] [thread 358] [9.0] [cxt 0] int-gtp-destination.p4(339) Condition "hdr.ipv4_inner.isValid()" (node_8) is false
[15:47:07.557] [bmv2] [D] [thread 358] [9.0] [cxt 0] Pipeline 'ingress': end
[15:47:07.557] [bmv2] [D] [thread 358] [9.0] [cxt 0] Egress port is 0
[15:47:07.557] [bmv2] [D] [thread 358] [10.0] [cxt 0] Processing packet received on port 9
[15:47:07.557] [bmv2] [D] [thread 358] [10.0] [cxt 0] Parser 'parser': start
[15:47:07.557] [bmv2] [D] [thread 358] [10.0] [cxt 0] Parser 'parser' entering state 'start'
[15:47:07.557] [bmv2] [D] [thread 358] [10.0] [cxt 0] Extracting header 'ethernet'
[15:47:07.557] [bmv2] [D] [thread 358] [10.0] [cxt 0] Parser set: setting field 'scalars.metadata.ingress_port' from field 'standard_metadata.ingress_port' (9)
[15:47:07.557] [bmv2] [D] [thread 358] [10.0] [cxt 0] Parser set: setting field 'scalars.metadata.ingress_ts' from expression, new value is 108026194
[15:47:07.557] [bmv2] [D] [thread 358] [10.0] [cxt 0] Parser set: setting field 'scalars.metadata.md_blocks_extracted' to 0
[15:47:07.557] [bmv2] [D] [thread 359] [9.0] [cxt 0] Pipeline 'egress': start
[15:47:07.557] [bmv2] [T] [thread 359] [9.0] [cxt 0] int-gtp-destination.p4(402) Condition "hdr.int_shim.isValid()" (node_12) is false
[15:47:07.557] [bmv2] [D] [thread 358] [10.0] [cxt 0] Parser set: setting field 'scalars.metadata.is_int_packet' to 0
[15:47:07.557] [bmv2] [D] [thread 358] [10.0] [cxt 0] Parser state 'start': key is 0800
[15:47:07.558] [bmv2] [T] [thread 358] [10.0] [cxt 0] Bytes parsed: 14
[15:47:07.558] [bmv2] [D] [thread 358] [10.0] [cxt 0] Parser 'parser' entering state 'parse_ipv4'
[15:47:07.558] [bmv2] [D] [thread 358] [10.0] [cxt 0] Extracting header 'ipv4_inner'
[15:47:07.558] [bmv2] [D] [thread 358] [10.0] [cxt 0] Parser state 'parse_ipv4': key is 11
[15:47:07.558] [bmv2] [T] [thread 358] [10.0] [cxt 0] Bytes parsed: 34
[15:47:07.557] [bmv2] [D] [thread 359] [9.0] [cxt 0] Pipeline 'egress': end
[15:47:07.558] [bmv2] [D] [thread 359] [9.0] [cxt 0] Deparser 'deparser': start
[15:47:07.558] [bmv2] [D] [thread 359] [9.0] [cxt 0] Deparsing header 'ethernet'
[15:47:07.558] [bmv2] [D] [thread 359] [9.0] [cxt 0] Deparser 'deparser': end
[15:47:07.558] [bmv2] [D] [thread 358] [10.0] [cxt 0] Parser 'parser' entering state 'parse_udp'
[15:47:07.558] [bmv2] [D] [thread 358] [10.0] [cxt 0] Extracting header 'udp'
[15:47:07.558] [bmv2] [D] [thread 363] [9.0] [cxt 0] Transmitting packet of size 107 out of port 0
[15:47:07.558] [bmv2] [D] [thread 358] [10.0] [cxt 0] Parser set: setting field 'scalars.tmp' from expression, new value is 0
[15:47:07.558] [bmv2] [D] [thread 358] [10.0] [cxt 0] Parser state 'parse_udp': key is 00
[15:47:07.558] [bmv2] [T] [thread 358] [10.0] [cxt 0] Bytes parsed: 42
[15:47:07.558] [bmv2] [D] [thread 358] [10.0] [cxt 0] Parser 'parser': end
[15:47:07.558] [bmv2] [D] [thread 358] [10.0] [cxt 0] Pipeline 'ingress': start
[15:47:07.558] [bmv2] [T] [thread 358] [10.0] [cxt 0] Applying table 'tbl_intgtpdestination311'
[15:47:07.558] [bmv2] [D] [thread 358] [10.0] [cxt 0] Looking up key:

[15:47:07.558] [bmv2] [D] [thread 358] [10.0] [cxt 0] Table 'tbl_intgtpdestination311': miss
[15:47:07.558] [bmv2] [D] [thread 358] [10.0] [cxt 0] Action entry is intgtpdestination311 -
[15:47:07.558] [bmv2] [T] [thread 358] [10.0] [cxt 0] Action intgtpdestination311
[15:47:07.558] [bmv2] [T] [thread 358] [10.0] [cxt 0] int-gtp-destination.p4(311) Primitive meta.switch_id = 3
[15:47:07.558] [bmv2] [T] [thread 358] [10.0] [cxt 0] int-gtp-destination.p4(313) Condition "hdr.ethernet.isValid()" (node_3) is true
[15:47:07.558] [bmv2] [T] [thread 358] [10.0] [cxt 0] int-gtp-destination.p4(314) Condition "hdr.int_shim.isValid()" (node_4) is false
[15:47:07.558] [bmv2] [T] [thread 358] [10.0] [cxt 0] int-gtp-destination.p4(339) Condition "hdr.ipv4_inner.isValid()" (node_8) is true
[15:47:07.558] [bmv2] [T] [thread 358] [10.0] [cxt 0] Applying table 'MyIngress.ipv4_lpm'
[15:47:07.558] [bmv2] [D] [thread 358] [10.0] [cxt 0] Looking up key:
* hdr.ipv4_inner.dstAddr: e00000fb

[15:47:07.558] [bmv2] [D] [thread 358] [10.0] [cxt 0] Table 'MyIngress.ipv4_lpm': miss
[15:47:07.558] [bmv2] [D] [thread 358] [10.0] [cxt 0] Action entry is NoAction -
[15:47:07.558] [bmv2] [T] [thread 358] [10.0] [cxt 0] Action NoAction
[15:47:07.558] [bmv2] [D] [thread 358] [10.0] [cxt 0] Pipeline 'ingress': end
[15:47:07.558] [bmv2] [D] [thread 358] [10.0] [cxt 0] Egress port is 0
[15:47:07.558] [bmv2] [D] [thread 359] [10.0] [cxt 0] Pipeline 'egress': start
[15:47:07.558] [bmv2] [T] [thread 359] [10.0] [cxt 0] int-gtp-destination.p4(402) Condition "hdr.int_shim.isValid()" (node_12) is false
[15:47:07.558] [bmv2] [D] [thread 359] [10.0] [cxt 0] Pipeline 'egress': end
[15:47:07.558] [bmv2] [D] [thread 359] [10.0] [cxt 0] Deparser 'deparser': start
[15:47:07.558] [bmv2] [D] [thread 359] [10.0] [cxt 0] Deparsing header 'ethernet'
[15:47:07.558] [bmv2] [D] [thread 359] [10.0] [cxt 0] Deparsing header 'ipv4_inner'
[15:47:07.558] [bmv2] [D] [thread 359] [10.0] [cxt 0] Deparsing header 'udp'
[15:47:07.558] [bmv2] [D] [thread 359] [10.0] [cxt 0] Deparser 'deparser': end
[15:47:07.558] [bmv2] [D] [thread 363] [10.0] [cxt 0] Transmitting packet of size 87 out of port 0
[15:47:11.280] [bmv2] [D] [thread 358] [11.0] [cxt 0] Processing packet received on port 1
[15:47:11.280] [bmv2] [D] [thread 358] [11.0] [cxt 0] Parser 'parser': start
[15:47:11.280] [bmv2] [D] [thread 358] [11.0] [cxt 0] Parser 'parser' entering state 'start'
[15:47:11.280] [bmv2] [D] [thread 358] [11.0] [cxt 0] Extracting header 'ethernet'
[15:47:11.280] [bmv2] [D] [thread 358] [11.0] [cxt 0] Parser set: setting field 'scalars.metadata.ingress_port' from field 'standard_metadata.ingress_port' (1)
[15:47:11.280] [bmv2] [D] [thread 358] [11.0] [cxt 0] Parser set: setting field 'scalars.metadata.ingress_ts' from expression, new value is 111749307
[15:47:11.280] [bmv2] [D] [thread 358] [11.0] [cxt 0] Parser set: setting field 'scalars.metadata.md_blocks_extracted' to 0
[15:47:11.281] [bmv2] [D] [thread 358] [11.0] [cxt 0] Parser set: setting field 'scalars.metadata.is_int_packet' to 0
[15:47:11.281] [bmv2] [D] [thread 358] [11.0] [cxt 0] Parser state 'start': key is 9000
[15:47:11.281] [bmv2] [T] [thread 358] [11.0] [cxt 0] Bytes parsed: 14
[15:47:11.281] [bmv2] [D] [thread 358] [11.0] [cxt 0] Parser 'parser': end
[15:47:11.281] [bmv2] [D] [thread 358] [11.0] [cxt 0] Pipeline 'ingress': start
[15:47:11.281] [bmv2] [T] [thread 358] [11.0] [cxt 0] Applying table 'tbl_intgtpdestination311'
[15:47:11.281] [bmv2] [D] [thread 358] [11.0] [cxt 0] Looking up key:

[15:47:11.281] [bmv2] [D] [thread 358] [11.0] [cxt 0] Table 'tbl_intgtpdestination311': miss
[15:47:11.281] [bmv2] [D] [thread 358] [11.0] [cxt 0] Action entry is intgtpdestination311 -
[15:47:11.281] [bmv2] [T] [thread 358] [11.0] [cxt 0] Action intgtpdestination311
[15:47:11.281] [bmv2] [T] [thread 358] [11.0] [cxt 0] int-gtp-destination.p4(311) Primitive meta.switch_id = 3
[15:47:11.281] [bmv2] [T] [thread 358] [11.0] [cxt 0] int-gtp-destination.p4(313) Condition "hdr.ethernet.isValid()" (node_3) is true
[15:47:11.281] [bmv2] [T] [thread 358] [11.0] [cxt 0] int-gtp-destination.p4(314) Condition "hdr.int_shim.isValid()" (node_4) is false
[15:47:11.281] [bmv2] [T] [thread 358] [11.0] [cxt 0] int-gtp-destination.p4(339) Condition "hdr.ipv4_inner.isValid()" (node_8) is false
[15:47:11.281] [bmv2] [D] [thread 358] [11.0] [cxt 0] Pipeline 'ingress': end
[15:47:11.281] [bmv2] [D] [thread 358] [11.0] [cxt 0] Egress port is 0
[15:47:11.281] [bmv2] [D] [thread 359] [11.0] [cxt 0] Pipeline 'egress': start
[15:47:11.281] [bmv2] [T] [thread 359] [11.0] [cxt 0] int-gtp-destination.p4(402) Condition "hdr.int_shim.isValid()" (node_12) is false
[15:47:11.281] [bmv2] [D] [thread 359] [11.0] [cxt 0] Pipeline 'egress': end
[15:47:11.281] [bmv2] [D] [thread 359] [11.0] [cxt 0] Deparser 'deparser': start
[15:47:11.281] [bmv2] [D] [thread 359] [11.0] [cxt 0] Deparsing header 'ethernet'
[15:47:11.281] [bmv2] [D] [thread 359] [11.0] [cxt 0] Deparser 'deparser': end
[15:47:11.281] [bmv2] [D] [thread 363] [11.0] [cxt 0] Transmitting packet of size 60 out of port 0
[15:47:21.280] [bmv2] [D] [thread 358] [12.0] [cxt 0] Processing packet received on port 1
[15:47:21.280] [bmv2] [D] [thread 358] [12.0] [cxt 0] Parser 'parser': start
[15:47:21.280] [bmv2] [D] [thread 358] [12.0] [cxt 0] Parser 'parser' entering state 'start'
[15:47:21.280] [bmv2] [D] [thread 358] [12.0] [cxt 0] Extracting header 'ethernet'
[15:47:21.280] [bmv2] [D] [thread 358] [12.0] [cxt 0] Parser set: setting field 'scalars.metadata.ingress_port' from field 'standard_metadata.ingress_port' (1)
[15:47:21.281] [bmv2] [D] [thread 358] [12.0] [cxt 0] Parser set: setting field 'scalars.metadata.ingress_ts' from expression, new value is 121749356
[15:47:21.281] [bmv2] [D] [thread 358] [12.0] [cxt 0] Parser set: setting field 'scalars.metadata.md_blocks_extracted' to 0
[15:47:21.281] [bmv2] [D] [thread 358] [12.0] [cxt 0] Parser set: setting field 'scalars.metadata.is_int_packet' to 0
[15:47:21.281] [bmv2] [D] [thread 358] [12.0] [cxt 0] Parser state 'start': key is 9000
[15:47:21.281] [bmv2] [T] [thread 358] [12.0] [cxt 0] Bytes parsed: 14
[15:47:21.281] [bmv2] [D] [thread 358] [12.0] [cxt 0] Parser 'parser': end
[15:47:21.281] [bmv2] [D] [thread 358] [12.0] [cxt 0] Pipeline 'ingress': start
[15:47:21.281] [bmv2] [T] [thread 358] [12.0] [cxt 0] Applying table 'tbl_intgtpdestination311'
[15:47:21.281] [bmv2] [D] [thread 358] [12.0] [cxt 0] Looking up key:

[15:47:21.281] [bmv2] [D] [thread 358] [12.0] [cxt 0] Table 'tbl_intgtpdestination311': miss
[15:47:21.281] [bmv2] [D] [thread 358] [12.0] [cxt 0] Action entry is intgtpdestination311 -
[15:47:21.281] [bmv2] [T] [thread 358] [12.0] [cxt 0] Action intgtpdestination311
[15:47:21.281] [bmv2] [T] [thread 358] [12.0] [cxt 0] int-gtp-destination.p4(311) Primitive meta.switch_id = 3
[15:47:21.281] [bmv2] [T] [thread 358] [12.0] [cxt 0] int-gtp-destination.p4(313) Condition "hdr.ethernet.isValid()" (node_3) is true
[15:47:21.281] [bmv2] [T] [thread 358] [12.0] [cxt 0] int-gtp-destination.p4(314) Condition "hdr.int_shim.isValid()" (node_4) is false
[15:47:21.281] [bmv2] [T] [thread 358] [12.0] [cxt 0] int-gtp-destination.p4(339) Condition "hdr.ipv4_inner.isValid()" (node_8) is false
[15:47:21.281] [bmv2] [D] [thread 358] [12.0] [cxt 0] Pipeline 'ingress': end
[15:47:21.281] [bmv2] [D] [thread 358] [12.0] [cxt 0] Egress port is 0
[15:47:21.281] [bmv2] [D] [thread 359] [12.0] [cxt 0] Pipeline 'egress': start
[15:47:21.281] [bmv2] [T] [thread 359] [12.0] [cxt 0] int-gtp-destination.p4(402) Condition "hdr.int_shim.isValid()" (node_12) is false
[15:47:21.281] [bmv2] [D] [thread 359] [12.0] [cxt 0] Pipeline 'egress': end
[15:47:21.281] [bmv2] [D] [thread 359] [12.0] [cxt 0] Deparser 'deparser': start
[15:47:21.281] [bmv2] [D] [thread 359] [12.0] [cxt 0] Deparsing header 'ethernet'
[15:47:21.281] [bmv2] [D] [thread 359] [12.0] [cxt 0] Deparser 'deparser': end
[15:47:21.281] [bmv2] [D] [thread 363] [12.0] [cxt 0] Transmitting packet of size 60 out of port 0
[15:47:25.433] [bmv2] [D] [thread 358] [13.0] [cxt 0] Processing packet received on port 1
[15:47:25.433] [bmv2] [D] [thread 358] [13.0] [cxt 0] Parser 'parser': start
[15:47:25.433] [bmv2] [D] [thread 358] [13.0] [cxt 0] Parser 'parser' entering state 'start'
[15:47:25.433] [bmv2] [D] [thread 358] [13.0] [cxt 0] Extracting header 'ethernet'
[15:47:25.433] [bmv2] [D] [thread 358] [13.0] [cxt 0] Parser set: setting field 'scalars.metadata.ingress_port' from field 'standard_metadata.ingress_port' (1)
[15:47:25.433] [bmv2] [D] [thread 358] [13.0] [cxt 0] Parser set: setting field 'scalars.metadata.ingress_ts' from expression, new value is 125901685
[15:47:25.433] [bmv2] [D] [thread 358] [13.0] [cxt 0] Parser set: setting field 'scalars.metadata.md_blocks_extracted' to 0
[15:47:25.433] [bmv2] [D] [thread 358] [13.0] [cxt 0] Parser set: setting field 'scalars.metadata.is_int_packet' to 0
[15:47:25.433] [bmv2] [D] [thread 358] [13.0] [cxt 0] Parser state 'start': key is 0153
[15:47:25.433] [bmv2] [T] [thread 358] [13.0] [cxt 0] Bytes parsed: 14
[15:47:25.433] [bmv2] [D] [thread 358] [13.0] [cxt 0] Parser 'parser': end
[15:47:25.433] [bmv2] [D] [thread 358] [13.0] [cxt 0] Pipeline 'ingress': start
[15:47:25.433] [bmv2] [T] [thread 358] [13.0] [cxt 0] Applying table 'tbl_intgtpdestination311'
[15:47:25.433] [bmv2] [D] [thread 358] [13.0] [cxt 0] Looking up key:

[15:47:25.433] [bmv2] [D] [thread 358] [13.0] [cxt 0] Table 'tbl_intgtpdestination311': miss
[15:47:25.433] [bmv2] [D] [thread 358] [13.0] [cxt 0] Action entry is intgtpdestination311 -
[15:47:25.433] [bmv2] [T] [thread 358] [13.0] [cxt 0] Action intgtpdestination311
[15:47:25.433] [bmv2] [T] [thread 358] [13.0] [cxt 0] int-gtp-destination.p4(311) Primitive meta.switch_id = 3
[15:47:25.433] [bmv2] [T] [thread 358] [13.0] [cxt 0] int-gtp-destination.p4(313) Condition "hdr.ethernet.isValid()" (node_3) is true
[15:47:25.433] [bmv2] [T] [thread 358] [13.0] [cxt 0] int-gtp-destination.p4(314) Condition "hdr.int_shim.isValid()" (node_4) is false
[15:47:25.433] [bmv2] [T] [thread 358] [13.0] [cxt 0] int-gtp-destination.p4(339) Condition "hdr.ipv4_inner.isValid()" (node_8) is false
[15:47:25.433] [bmv2] [D] [thread 358] [13.0] [cxt 0] Pipeline 'ingress': end
[15:47:25.433] [bmv2] [D] [thread 358] [13.0] [cxt 0] Egress port is 0
[15:47:25.433] [bmv2] [D] [thread 359] [13.0] [cxt 0] Pipeline 'egress': start
[15:47:25.433] [bmv2] [T] [thread 359] [13.0] [cxt 0] int-gtp-destination.p4(402) Condition "hdr.int_shim.isValid()" (node_12) is false
[15:47:25.433] [bmv2] [D] [thread 359] [13.0] [cxt 0] Pipeline 'egress': end
[15:47:25.433] [bmv2] [D] [thread 359] [13.0] [cxt 0] Deparser 'deparser': start
[15:47:25.433] [bmv2] [D] [thread 359] [13.0] [cxt 0] Deparsing header 'ethernet'
[15:47:25.433] [bmv2] [D] [thread 359] [13.0] [cxt 0] Deparser 'deparser': end
[15:47:25.433] [bmv2] [D] [thread 363] [13.0] [cxt 0] Transmitting packet of size 353 out of port 0
[15:47:30.464] [bmv2] [T] [thread 366] bm_get_config
[15:47:31.272] [bmv2] [D] [thread 358] [14.0] [cxt 0] Processing packet received on port 1
[15:47:31.272] [bmv2] [D] [thread 358] [14.0] [cxt 0] Parser 'parser': start
[15:47:31.272] [bmv2] [D] [thread 358] [14.0] [cxt 0] Parser 'parser' entering state 'start'
[15:47:31.272] [bmv2] [D] [thread 358] [14.0] [cxt 0] Extracting header 'ethernet'
[15:47:31.272] [bmv2] [D] [thread 358] [14.0] [cxt 0] Parser set: setting field 'scalars.metadata.ingress_port' from field 'standard_metadata.ingress_port' (1)
[15:47:31.272] [bmv2] [D] [thread 358] [14.0] [cxt 0] Parser set: setting field 'scalars.metadata.ingress_ts' from expression, new value is 131740501
[15:47:31.272] [bmv2] [D] [thread 358] [14.0] [cxt 0] Parser set: setting field 'scalars.metadata.md_blocks_extracted' to 0
[15:47:31.272] [bmv2] [D] [thread 358] [14.0] [cxt 0] Parser set: setting field 'scalars.metadata.is_int_packet' to 0
[15:47:31.272] [bmv2] [D] [thread 358] [14.0] [cxt 0] Parser state 'start': key is 9000
[15:47:31.272] [bmv2] [T] [thread 358] [14.0] [cxt 0] Bytes parsed: 14
[15:47:31.272] [bmv2] [D] [thread 358] [14.0] [cxt 0] Parser 'parser': end
[15:47:31.272] [bmv2] [D] [thread 358] [14.0] [cxt 0] Pipeline 'ingress': start
[15:47:31.272] [bmv2] [T] [thread 358] [14.0] [cxt 0] Applying table 'tbl_intgtpdestination311'
[15:47:31.272] [bmv2] [D] [thread 358] [14.0] [cxt 0] Looking up key:

[15:47:31.272] [bmv2] [D] [thread 358] [14.0] [cxt 0] Table 'tbl_intgtpdestination311': miss
[15:47:31.272] [bmv2] [D] [thread 358] [14.0] [cxt 0] Action entry is intgtpdestination311 -
[15:47:31.272] [bmv2] [T] [thread 358] [14.0] [cxt 0] Action intgtpdestination311
[15:47:31.272] [bmv2] [T] [thread 358] [14.0] [cxt 0] int-gtp-destination.p4(311) Primitive meta.switch_id = 3
[15:47:31.272] [bmv2] [T] [thread 358] [14.0] [cxt 0] int-gtp-destination.p4(313) Condition "hdr.ethernet.isValid()" (node_3) is true
[15:47:31.272] [bmv2] [T] [thread 358] [14.0] [cxt 0] int-gtp-destination.p4(314) Condition "hdr.int_shim.isValid()" (node_4) is false
[15:47:31.272] [bmv2] [T] [thread 358] [14.0] [cxt 0] int-gtp-destination.p4(339) Condition "hdr.ipv4_inner.isValid()" (node_8) is false
[15:47:31.272] [bmv2] [D] [thread 358] [14.0] [cxt 0] Pipeline 'ingress': end
[15:47:31.272] [bmv2] [D] [thread 358] [14.0] [cxt 0] Egress port is 0
[15:47:31.272] [bmv2] [D] [thread 359] [14.0] [cxt 0] Pipeline 'egress': start
[15:47:31.272] [bmv2] [T] [thread 359] [14.0] [cxt 0] int-gtp-destination.p4(402) Condition "hdr.int_shim.isValid()" (node_12) is false
[15:47:31.272] [bmv2] [D] [thread 359] [14.0] [cxt 0] Pipeline 'egress': end
[15:47:31.272] [bmv2] [D] [thread 359] [14.0] [cxt 0] Deparser 'deparser': start
[15:47:31.272] [bmv2] [D] [thread 359] [14.0] [cxt 0] Deparsing header 'ethernet'
[15:47:31.272] [bmv2] [D] [thread 359] [14.0] [cxt 0] Deparser 'deparser': end
[15:47:31.272] [bmv2] [D] [thread 363] [14.0] [cxt 0] Transmitting packet of size 60 out of port 0
[15:47:31.847] [bmv2] [T] [thread 366] bm_table_add_entry
[15:47:31.847] [bmv2] [D] [thread 366] Entry 0 added to table 'MyIngress.ipv4_lpm'
[15:47:31.847] [bmv2] [D] [thread 366] Dumping entry 0
Match key:
* hdr.ipv4_inner.dstAddr: LPM       ac120014/32
Action entry: MyIngress.forward_action - 1,

[15:47:31.848] [bmv2] [T] [thread 366] bm_table_add_entry
[15:47:31.848] [bmv2] [D] [thread 366] Entry 1 added to table 'MyIngress.ipv4_lpm'
[15:47:31.848] [bmv2] [D] [thread 366] Dumping entry 1
Match key:
* hdr.ipv4_inner.dstAddr: LPM       ac120018/32
Action entry: MyIngress.forward_action - 1,

[15:47:31.850] [bmv2] [T] [thread 366] bm_table_add_entry
[15:47:31.850] [bmv2] [D] [thread 366] Entry 2 added to table 'MyIngress.ipv4_lpm'
[15:47:31.850] [bmv2] [D] [thread 366] Dumping entry 2
Match key:
* hdr.ipv4_inner.dstAddr: LPM       ac120a03/32
Action entry: MyIngress.forward_action - 2,

[15:47:31.874] [bmv2] [T] [thread 366] bm_table_add_entry
[15:47:31.874] [bmv2] [D] [thread 366] Entry 3 added to table 'MyIngress.ipv4_lpm'
[15:47:31.874] [bmv2] [D] [thread 366] Dumping entry 3
Match key:
* hdr.ipv4_inner.dstAddr: LPM       00000000/0
Action entry: MyIngress.forward_action - 1,

[15:47:31.875] [bmv2] [T] [thread 366] bm_table_add_entry
[15:47:31.875] [bmv2] [E] [thread 366] Error when trying to add entry to table 'MyIngress.ipv4_lpm': DUPLICATE_ENTRY
[15:47:31.876] [bmv2] [T] [thread 366] bm_table_add_entry
[15:47:31.876] [bmv2] [D] [thread 366] Entry 0 added to table 'MyIngress.int_sink_table'
[15:47:31.876] [bmv2] [D] [thread 366] Dumping entry 0
Match key:
* hdr.int_shim.$valid$: EXACT     01
Action entry: MyIngress.int_sink_action -

[15:47:31.877] [bmv2] [T] [thread 366] bm_table_add_entry
[15:47:31.877] [bmv2] [E] [thread 366] Error when trying to add entry to table 'MyIngress.int_sink_table': DUPLICATE_ENTRY
[15:47:31.879] [bmv2] [T] [thread 366] bm_table_add_entry
[15:47:31.879] [bmv2] [D] [thread 366] Entry 0 added to table 'MyEgress.egress_control'
[15:47:31.879] [bmv2] [D] [thread 366] Dumping entry 0
Match key:
* standard_metadata.egress_port: EXACT     0001
Action entry: MyEgress.strip_int_headers -

[15:47:31.879] [bmv2] [T] [thread 366] bm_table_add_entry
[15:47:31.879] [bmv2] [E] [thread 366] Error when trying to add entry to table 'MyEgress.egress_control': DUPLICATE_ENTRY
[15:47:32.383] [bmv2] [T] [thread 366] mirroring_sesssion_add
[15:47:41.266] [bmv2] [D] [thread 358] [15.0] [cxt 0] Processing packet received on port 1
[15:47:41.266] [bmv2] [D] [thread 358] [15.0] [cxt 0] Parser 'parser': start
[15:47:41.266] [bmv2] [D] [thread 358] [15.0] [cxt 0] Parser 'parser' entering state 'start'
[15:47:41.266] [bmv2] [D] [thread 358] [15.0] [cxt 0] Extracting header 'ethernet'
[15:47:41.266] [bmv2] [D] [thread 358] [15.0] [cxt 0] Parser set: setting field 'scalars.metadata.ingress_port' from field 'standard_metadata.ingress_port' (1)
[15:47:41.266] [bmv2] [D] [thread 358] [15.0] [cxt 0] Parser set: setting field 'scalars.metadata.ingress_ts' from expression, new value is 141735209
[15:47:41.266] [bmv2] [D] [thread 358] [15.0] [cxt 0] Parser set: setting field 'scalars.metadata.md_blocks_extracted' to 0
[15:47:41.266] [bmv2] [D] [thread 358] [15.0] [cxt 0] Parser set: setting field 'scalars.metadata.is_int_packet' to 0
[15:47:41.266] [bmv2] [D] [thread 358] [15.0] [cxt 0] Parser state 'start': key is 9000
[15:47:41.266] [bmv2] [T] [thread 358] [15.0] [cxt 0] Bytes parsed: 14
[15:47:41.266] [bmv2] [D] [thread 358] [15.0] [cxt 0] Parser 'parser': end
[15:47:41.266] [bmv2] [D] [thread 358] [15.0] [cxt 0] Pipeline 'ingress': start
[15:47:41.266] [bmv2] [T] [thread 358] [15.0] [cxt 0] Applying table 'tbl_intgtpdestination311'
[15:47:41.266] [bmv2] [D] [thread 358] [15.0] [cxt 0] Looking up key:

[15:47:41.266] [bmv2] [D] [thread 358] [15.0] [cxt 0] Table 'tbl_intgtpdestination311': miss
[15:47:41.266] [bmv2] [D] [thread 358] [15.0] [cxt 0] Action entry is intgtpdestination311 -
[15:47:41.266] [bmv2] [T] [thread 358] [15.0] [cxt 0] Action intgtpdestination311
[15:47:41.266] [bmv2] [T] [thread 358] [15.0] [cxt 0] int-gtp-destination.p4(311) Primitive meta.switch_id = 3
[15:47:41.266] [bmv2] [T] [thread 358] [15.0] [cxt 0] int-gtp-destination.p4(313) Condition "hdr.ethernet.isValid()" (node_3) is true
[15:47:41.266] [bmv2] [T] [thread 358] [15.0] [cxt 0] int-gtp-destination.p4(314) Condition "hdr.int_shim.isValid()" (node_4) is false
[15:47:41.266] [bmv2] [T] [thread 358] [15.0] [cxt 0] int-gtp-destination.p4(339) Condition "hdr.ipv4_inner.isValid()" (node_8) is false
[15:47:41.266] [bmv2] [D] [thread 358] [15.0] [cxt 0] Pipeline 'ingress': end
[15:47:41.266] [bmv2] [D] [thread 358] [15.0] [cxt 0] Egress port is 0
[15:47:41.267] [bmv2] [D] [thread 359] [15.0] [cxt 0] Pipeline 'egress': start
[15:47:41.267] [bmv2] [T] [thread 359] [15.0] [cxt 0] int-gtp-destination.p4(402) Condition "hdr.int_shim.isValid()" (node_12) is false
[15:47:41.267] [bmv2] [D] [thread 359] [15.0] [cxt 0] Pipeline 'egress': end
[15:47:41.267] [bmv2] [D] [thread 359] [15.0] [cxt 0] Deparser 'deparser': start
[15:47:41.267] [bmv2] [D] [thread 359] [15.0] [cxt 0] Deparsing header 'ethernet'
[15:47:41.267] [bmv2] [D] [thread 359] [15.0] [cxt 0] Deparser 'deparser': end
[15:47:41.267] [bmv2] [D] [thread 363] [15.0] [cxt 0] Transmitting packet of size 60 out of port 0
[15:47:44.781] [bmv2] [D] [thread 358] [16.0] [cxt 0] Processing packet received on port 9
[15:47:44.781] [bmv2] [D] [thread 358] [16.0] [cxt 0] Parser 'parser': start
[15:47:44.781] [bmv2] [D] [thread 358] [16.0] [cxt 0] Parser 'parser' entering state 'start'
[15:47:44.781] [bmv2] [D] [thread 358] [16.0] [cxt 0] Extracting header 'ethernet'
[15:47:44.781] [bmv2] [D] [thread 358] [16.0] [cxt 0] Parser set: setting field 'scalars.metadata.ingress_port' from field 'standard_metadata.ingress_port' (9)
[15:47:44.781] [bmv2] [D] [thread 358] [16.0] [cxt 0] Parser set: setting field 'scalars.metadata.ingress_ts' from expression, new value is 145250229
[15:47:44.782] [bmv2] [D] [thread 358] [16.0] [cxt 0] Parser set: setting field 'scalars.metadata.md_blocks_extracted' to 0
[15:47:44.782] [bmv2] [D] [thread 358] [16.0] [cxt 0] Parser set: setting field 'scalars.metadata.is_int_packet' to 0
[15:47:44.782] [bmv2] [D] [thread 358] [16.0] [cxt 0] Parser state 'start': key is 86dd
[15:47:44.782] [bmv2] [T] [thread 358] [16.0] [cxt 0] Bytes parsed: 14
[15:47:44.782] [bmv2] [D] [thread 358] [16.0] [cxt 0] Parser 'parser': end
[15:47:44.782] [bmv2] [D] [thread 358] [16.0] [cxt 0] Pipeline 'ingress': start
[15:47:44.782] [bmv2] [T] [thread 358] [16.0] [cxt 0] Applying table 'tbl_intgtpdestination311'
[15:47:44.782] [bmv2] [D] [thread 358] [16.0] [cxt 0] Looking up key:

[15:47:44.782] [bmv2] [D] [thread 358] [16.0] [cxt 0] Table 'tbl_intgtpdestination311': miss
[15:47:44.782] [bmv2] [D] [thread 358] [16.0] [cxt 0] Action entry is intgtpdestination311 -
[15:47:44.782] [bmv2] [T] [thread 358] [16.0] [cxt 0] Action intgtpdestination311
[15:47:44.782] [bmv2] [T] [thread 358] [16.0] [cxt 0] int-gtp-destination.p4(311) Primitive meta.switch_id = 3
[15:47:44.782] [bmv2] [T] [thread 358] [16.0] [cxt 0] int-gtp-destination.p4(313) Condition "hdr.ethernet.isValid()" (node_3) is true
[15:47:44.782] [bmv2] [T] [thread 358] [16.0] [cxt 0] int-gtp-destination.p4(314) Condition "hdr.int_shim.isValid()" (node_4) is false
[15:47:44.782] [bmv2] [T] [thread 358] [16.0] [cxt 0] int-gtp-destination.p4(339) Condition "hdr.ipv4_inner.isValid()" (node_8) is false
[15:47:44.782] [bmv2] [D] [thread 358] [16.0] [cxt 0] Pipeline 'ingress': end
[15:47:44.782] [bmv2] [D] [thread 358] [16.0] [cxt 0] Egress port is 0
[15:47:44.782] [bmv2] [D] [thread 359] [16.0] [cxt 0] Pipeline 'egress': start
[15:47:44.782] [bmv2] [T] [thread 359] [16.0] [cxt 0] int-gtp-destination.p4(402) Condition "hdr.int_shim.isValid()" (node_12) is false
[15:47:44.782] [bmv2] [D] [thread 359] [16.0] [cxt 0] Pipeline 'egress': end
[15:47:44.782] [bmv2] [D] [thread 359] [16.0] [cxt 0] Deparser 'deparser': start
[15:47:44.782] [bmv2] [D] [thread 359] [16.0] [cxt 0] Deparsing header 'ethernet'
[15:47:44.782] [bmv2] [D] [thread 359] [16.0] [cxt 0] Deparser 'deparser': end
[15:47:44.782] [bmv2] [D] [thread 363] [16.0] [cxt 0] Transmitting packet of size 62 out of port 0
[15:47:50.258] [bmv2] [D] [thread 358] [17.0] [cxt 0] Processing packet received on port 2
[15:47:50.258] [bmv2] [D] [thread 358] [17.0] [cxt 0] Parser 'parser': start
[15:47:50.258] [bmv2] [D] [thread 358] [17.0] [cxt 0] Parser 'parser' entering state 'start'
[15:47:50.258] [bmv2] [D] [thread 358] [17.0] [cxt 0] Extracting header 'ethernet'
[15:47:50.258] [bmv2] [D] [thread 358] [17.0] [cxt 0] Parser set: setting field 'scalars.metadata.ingress_port' from field 'standard_metadata.ingress_port' (2)
[15:47:50.258] [bmv2] [D] [thread 358] [17.0] [cxt 0] Parser set: setting field 'scalars.metadata.ingress_ts' from expression, new value is 150726814
[15:47:50.258] [bmv2] [D] [thread 358] [17.0] [cxt 0] Parser set: setting field 'scalars.metadata.md_blocks_extracted' to 0
[15:47:50.258] [bmv2] [D] [thread 358] [17.0] [cxt 0] Parser set: setting field 'scalars.metadata.is_int_packet' to 0
[15:47:50.258] [bmv2] [D] [thread 358] [17.0] [cxt 0] Parser state 'start': key is 00fa
[15:47:50.258] [bmv2] [T] [thread 358] [17.0] [cxt 0] Bytes parsed: 14
[15:47:50.258] [bmv2] [D] [thread 358] [17.0] [cxt 0] Parser 'parser' entering state 'parse_int_shim'
[15:47:50.258] [bmv2] [D] [thread 358] [17.0] [cxt 0] Extracting header 'int_shim'
[15:47:50.258] [bmv2] [D] [thread 358] [17.0] [cxt 0] Parser set: setting field 'scalars.metadata.is_int_packet' to 1
[15:47:50.258] [bmv2] [D] [thread 358] [17.0] [cxt 0] Extracting header 'int_header'
[15:47:50.258] [bmv2] [D] [thread 358] [17.0] [cxt 0] Parser set: setting field 'scalars.metadata.md_blocks_extracted' from expression, new value is 251
[15:47:50.258] [bmv2] [D] [thread 358] [17.0] [cxt 0] Extracting header 'int_md[0]'
[15:47:50.258] [bmv2] [D] [thread 358] [17.0] [cxt 0] Extracting header 'int_md[1]'
[15:47:50.258] [bmv2] [D] [thread 358] [17.0] [cxt 0] Parser state 'parse_int_shim': key is 0800
[15:47:50.258] [bmv2] [T] [thread 358] [17.0] [cxt 0] Bytes parsed: 83
[15:47:50.258] [bmv2] [D] [thread 358] [17.0] [cxt 0] Parser 'parser' entering state 'parse_encapsulated_ipv4'
[15:47:50.258] [bmv2] [D] [thread 358] [17.0] [cxt 0] Extracting header 'ipv4_inner'
[15:47:50.258] [bmv2] [D] [thread 358] [17.0] [cxt 0] Parser state 'parse_encapsulated_ipv4': key is 84
[15:47:50.258] [bmv2] [T] [thread 358] [17.0] [cxt 0] Bytes parsed: 103
[15:47:50.258] [bmv2] [D] [thread 358] [17.0] [cxt 0] Parser 'parser' entering state 'parse_encapsulated_sctp_common'
[15:47:50.258] [bmv2] [D] [thread 358] [17.0] [cxt 0] Extracting header 'sctp'
[15:47:50.258] [bmv2] [D] [thread 358] [17.0] [cxt 0] Extracting header 'sctp_chunk'
[15:47:50.258] [bmv2] [D] [thread 358] [17.0] [cxt 0] Parser state 'parse_encapsulated_sctp_common': key is 01
[15:47:50.258] [bmv2] [T] [thread 358] [17.0] [cxt 0] Bytes parsed: 119
[15:47:50.258] [bmv2] [D] [thread 358] [17.0] [cxt 0] Parser 'parser': end
[15:47:50.258] [bmv2] [D] [thread 358] [17.0] [cxt 0] Pipeline 'ingress': start
[15:47:50.258] [bmv2] [T] [thread 358] [17.0] [cxt 0] Applying table 'tbl_intgtpdestination311'
[15:47:50.258] [bmv2] [D] [thread 358] [17.0] [cxt 0] Looking up key:

[15:47:50.258] [bmv2] [D] [thread 358] [17.0] [cxt 0] Table 'tbl_intgtpdestination311': miss
[15:47:50.258] [bmv2] [D] [thread 358] [17.0] [cxt 0] Action entry is intgtpdestination311 -
[15:47:50.258] [bmv2] [T] [thread 358] [17.0] [cxt 0] Action intgtpdestination311
[15:47:50.258] [bmv2] [T] [thread 358] [17.0] [cxt 0] int-gtp-destination.p4(311) Primitive meta.switch_id = 3
[15:47:50.258] [bmv2] [T] [thread 358] [17.0] [cxt 0] int-gtp-destination.p4(313) Condition "hdr.ethernet.isValid()" (node_3) is true
[15:47:50.258] [bmv2] [T] [thread 358] [17.0] [cxt 0] int-gtp-destination.p4(314) Condition "hdr.int_shim.isValid()" (node_4) is true
[15:47:50.258] [bmv2] [T] [thread 358] [17.0] [cxt 0] int-gtp-destination.p4(316) Condition "hdr.int_header.remaining_hop_cnt > 0" (node_5) is true
[15:47:50.258] [bmv2] [T] [thread 358] [17.0] [cxt 0] Applying table 'tbl_intgtpdestination317'
[15:47:50.258] [bmv2] [D] [thread 358] [17.0] [cxt 0] Looking up key:

[15:47:50.258] [bmv2] [D] [thread 358] [17.0] [cxt 0] Table 'tbl_intgtpdestination317': miss
[15:47:50.258] [bmv2] [D] [thread 358] [17.0] [cxt 0] Action entry is intgtpdestination317 -
[15:47:50.258] [bmv2] [T] [thread 358] [17.0] [cxt 0] Action intgtpdestination317
[15:47:50.258] [bmv2] [T] [thread 358] [17.0] [cxt 0] int-gtp-destination.p4(317) Primitive hdr.int_md[2].setValid()
[15:47:50.258] [bmv2] [T] [thread 358] [17.0] [cxt 0] int-gtp-destination.p4(318) Primitive hdr.int_md[2].padding_switch = 0
[15:47:50.258] [bmv2] [T] [thread 358] [17.0] [cxt 0] int-gtp-destination.p4(319) Primitive hdr.int_md[2].switch_id = (bit<16>)meta.switch_id
[15:47:50.258] [bmv2] [T] [thread 358] [17.0] [cxt 0] int-gtp-destination.p4(320) Primitive hdr.int_md[2].ingress_port_id = (bit<16>)meta.ingress_port
[15:47:50.258] [bmv2] [T] [thread 358] [17.0] [cxt 0] int-gtp-destination.p4(321) Primitive hdr.int_md[2].ingress_timestamp = meta.ingress_ts
[15:47:50.258] [bmv2] [T] [thread 358] [17.0] [cxt 0] int-gtp-destination.p4(322) Primitive hdr.int_md[2].egress_port_id = 0
[15:47:50.258] [bmv2] [T] [thread 358] [17.0] [cxt 0] int-gtp-destination.p4(323) Primitive hdr.int_md[2].hop_latency = 0
[15:47:50.258] [bmv2] [T] [thread 358] [17.0] [cxt 0] int-gtp-destination.p4(324) Primitive hdr.int_md[2].egress_timestamp = 0
[15:47:50.258] [bmv2] [T] [thread 358] [17.0] [cxt 0] int-gtp-destination.p4(325) Primitive hdr.int_md[2].queue_occupancy = 0
[15:47:50.258] [bmv2] [T] [thread 358] [17.0] [cxt 0] int-gtp-destination.p4(326) Primitive hdr.int_md[2].congestion_notification = 0
[15:47:50.258] [bmv2] [T] [thread 358] [17.0] [cxt 0] int-gtp-destination.p4(327) Primitive hdr.int_md[2].reserved1 = 0
[15:47:50.258] [bmv2] [T] [thread 358] [17.0] [cxt 0] int-gtp-destination.p4(328) Primitive hdr.int_md[2].reserved2 = 0
[15:47:50.258] [bmv2] [T] [thread 358] [17.0] [cxt 0] int-gtp-destination.p4(330) Primitive hdr.int_header.remaining_hop_cnt = hdr.int_header.remaining_hop_cnt - 1
[15:47:50.258] [bmv2] [T] [thread 358] [17.0] [cxt 0] int-gtp-destination.p4(331) Primitive hdr.int_shim.length = hdr.int_shim.length + 32
[15:47:50.258] [bmv2] [T] [thread 358] [17.0] [cxt 0] Applying table 'MyIngress.int_sink_table'
[15:47:50.258] [bmv2] [D] [thread 358] [17.0] [cxt 0] Looking up key:
* hdr.int_shim.$valid$: 01

[15:47:50.258] [bmv2] [D] [thread 358] [17.0] [cxt 0] Table 'MyIngress.int_sink_table': hit with handle 0
[15:47:50.258] [bmv2] [D] [thread 358] [17.0] [cxt 0] Dumping entry 0
Match key:
* hdr.int_shim.$valid$: EXACT     01
Action entry: MyIngress.int_sink_action -

[15:47:50.259] [bmv2] [D] [thread 358] [17.0] [cxt 0] Action entry is MyIngress.int_sink_action -
[15:47:50.259] [bmv2] [T] [thread 358] [17.0] [cxt 0] Action MyIngress.int_sink_action
[15:47:50.259] [bmv2] [T] [thread 358] [17.0] [cxt 0] int-gtp-destination.p4(278) Primitive meta.clone_port = 9
[15:47:50.259] [bmv2] [T] [thread 358] [17.0] [cxt 0] int-gtp-destination.p4(279) Primitive clone_preserving_field_list(CloneType.I2E, 99, 99)
[15:47:50.259] [bmv2] [T] [thread 358] [17.0] [cxt 0] int-gtp-destination.p4(339) Condition "hdr.ipv4_inner.isValid()" (node_8) is true
[15:47:50.259] [bmv2] [T] [thread 358] [17.0] [cxt 0] Applying table 'MyIngress.ipv4_lpm'
[15:47:50.259] [bmv2] [D] [thread 358] [17.0] [cxt 0] Looking up key:
* hdr.ipv4_inner.dstAddr: ac120014

[15:47:50.259] [bmv2] [D] [thread 358] [17.0] [cxt 0] Table 'MyIngress.ipv4_lpm': hit with handle 0
[15:47:50.259] [bmv2] [D] [thread 358] [17.0] [cxt 0] Dumping entry 0
Match key:
* hdr.ipv4_inner.dstAddr: LPM       ac120014/32
Action entry: MyIngress.forward_action - 1,

[15:47:50.259] [bmv2] [D] [thread 358] [17.0] [cxt 0] Action entry is MyIngress.forward_action - 1,
[15:47:50.259] [bmv2] [T] [thread 358] [17.0] [cxt 0] Action MyIngress.forward_action
[15:47:50.259] [bmv2] [T] [thread 358] [17.0] [cxt 0] int-gtp-destination.p4(283) Primitive standard_metadata.egress_spec = egress_port
[15:47:50.259] [bmv2] [D] [thread 358] [17.0] [cxt 0] Pipeline 'ingress': end
[15:47:50.259] [bmv2] [D] [thread 358] [17.0] [cxt 0] Cloning packet at ingress
[15:47:50.259] [bmv2] [D] [thread 358] [17.1] [cxt 0] Parser 'parser': start
[15:47:50.259] [bmv2] [D] [thread 358] [17.1] [cxt 0] Parser 'parser' entering state 'start'
[15:47:50.259] [bmv2] [D] [thread 358] [17.1] [cxt 0] Extracting header 'ethernet'
[15:47:50.259] [bmv2] [D] [thread 358] [17.1] [cxt 0] Parser set: setting field 'scalars.metadata.ingress_port' from field 'standard_metadata.ingress_port' (2)
[15:47:50.259] [bmv2] [D] [thread 358] [17.1] [cxt 0] Parser set: setting field 'scalars.metadata.ingress_ts' from expression, new value is 108025786
[15:47:50.259] [bmv2] [D] [thread 358] [17.1] [cxt 0] Parser set: setting field 'scalars.metadata.md_blocks_extracted' to 0
[15:47:50.259] [bmv2] [D] [thread 358] [17.1] [cxt 0] Parser set: setting field 'scalars.metadata.is_int_packet' to 0
[15:47:50.259] [bmv2] [D] [thread 358] [17.1] [cxt 0] Parser state 'start': key is 00fa
[15:47:50.259] [bmv2] [T] [thread 358] [17.1] [cxt 0] Bytes parsed: 14
[15:47:50.259] [bmv2] [D] [thread 358] [17.1] [cxt 0] Parser 'parser' entering state 'parse_int_shim'
[15:47:50.259] [bmv2] [D] [thread 358] [17.1] [cxt 0] Extracting header 'int_shim'
[15:47:50.259] [bmv2] [D] [thread 358] [17.1] [cxt 0] Parser set: setting field 'scalars.metadata.is_int_packet' to 1
[15:47:50.259] [bmv2] [D] [thread 358] [17.1] [cxt 0] Extracting header 'int_header'
[15:47:50.259] [bmv2] [D] [thread 358] [17.1] [cxt 0] Parser set: setting field 'scalars.metadata.md_blocks_extracted' from expression, new value is 251
[15:47:50.259] [bmv2] [D] [thread 358] [17.1] [cxt 0] Extracting header 'int_md[0]'
[15:47:50.259] [bmv2] [D] [thread 358] [17.1] [cxt 0] Extracting header 'int_md[1]'
[15:47:50.259] [bmv2] [D] [thread 358] [17.1] [cxt 0] Parser state 'parse_int_shim': key is 0800
[15:47:50.259] [bmv2] [T] [thread 358] [17.1] [cxt 0] Bytes parsed: 83
[15:47:50.259] [bmv2] [D] [thread 358] [17.1] [cxt 0] Parser 'parser' entering state 'parse_encapsulated_ipv4'
[15:47:50.259] [bmv2] [D] [thread 358] [17.1] [cxt 0] Extracting header 'ipv4_inner'
[15:47:50.259] [bmv2] [D] [thread 358] [17.1] [cxt 0] Parser state 'parse_encapsulated_ipv4': key is 84
[15:47:50.259] [bmv2] [T] [thread 358] [17.1] [cxt 0] Bytes parsed: 103
[15:47:50.259] [bmv2] [D] [thread 358] [17.1] [cxt 0] Parser 'parser' entering state 'parse_encapsulated_sctp_common'
[15:47:50.259] [bmv2] [D] [thread 358] [17.1] [cxt 0] Extracting header 'sctp'
[15:47:50.260] [bmv2] [D] [thread 358] [17.1] [cxt 0] Extracting header 'sctp_chunk'
[15:47:50.260] [bmv2] [D] [thread 358] [17.1] [cxt 0] Parser state 'parse_encapsulated_sctp_common': key is 01
[15:47:50.260] [bmv2] [T] [thread 358] [17.1] [cxt 0] Bytes parsed: 119
[15:47:50.260] [bmv2] [D] [thread 358] [17.1] [cxt 0] Parser 'parser': end
[15:47:50.260] [bmv2] [D] [thread 358] [17.0] [cxt 0] Cloning packet to egress port 9
[15:47:50.260] [bmv2] [D] [thread 358] [17.0] [cxt 0] Egress port is 1
[15:47:50.260] [bmv2] [D] [thread 360] [17.1] [cxt 0] Pipeline 'egress': start
[15:47:50.260] [bmv2] [T] [thread 360] [17.1] [cxt 0] int-gtp-destination.p4(402) Condition "hdr.int_shim.isValid()" (node_12) is true
[15:47:50.260] [bmv2] [T] [thread 360] [17.1] [cxt 0] Applying table 'tbl_update_int_metadata'
[15:47:50.260] [bmv2] [D] [thread 360] [17.1] [cxt 0] Looking up key:

[15:47:50.260] [bmv2] [D] [thread 360] [17.1] [cxt 0] Table 'tbl_update_int_metadata': miss
[15:47:50.260] [bmv2] [D] [thread 360] [17.1] [cxt 0] Action entry is MyEgress.update_int_metadata -
[15:47:50.260] [bmv2] [T] [thread 360] [17.1] [cxt 0] Action MyEgress.update_int_metadata
[15:47:50.260] [bmv2] [T] [thread 360] [17.1] [cxt 0] int-gtp-destination.p4(352) Primitive if
[15:47:50.260] [bmv2] [T] [thread 360] [17.1] [cxt 0] int-gtp-destination.p4(353) Primitive hdr.int_md[2].setValid()
[15:47:50.260] [bmv2] [T] [thread 360] [17.1] [cxt 0] int-gtp-destination.p4(354) Primitive hdr.int_md[2].padding_switch = 0
[15:47:50.260] [bmv2] [T] [thread 360] [17.1] [cxt 0] int-gtp-destination.p4(355) Primitive hdr.int_md[2].switch_id = (bit<16>)meta.switch_id
[15:47:50.260] [bmv2] [T] [thread 360] [17.1] [cxt 0] int-gtp-destination.p4(356) Primitive hdr.int_md[2].ingress_port_id = (bit<16>)meta.ingress_port
[15:47:50.260] [bmv2] [T] [thread 360] [17.1] [cxt 0] int-gtp-destination.p4(357) Primitive hdr.int_md[2].ingress_timestamp = meta.ingress_ts
[15:47:50.260] [bmv2] [T] [thread 360] [17.1] [cxt 0] int-gtp-destination.p4(362) Primitive hdr.int_md[2].congestion_notification = 0
[15:47:50.260] [bmv2] [T] [thread 360] [17.1] [cxt 0] int-gtp-destination.p4(363) Primitive hdr.int_md[2].reserved1 = 0
[15:47:50.260] [bmv2] [T] [thread 360] [17.1] [cxt 0] int-gtp-destination.p4(364) Primitive hdr.int_md[2].reserved2 = 0
[15:47:50.260] [bmv2] [T] [thread 360] [17.1] [cxt 0] int-gtp-destination.p4(368) Primitive hdr.int_md[2].egress_port_id = (bit<16>)standard_metadata.egress_port
[15:47:50.260] [bmv2] [T] [thread 360] [17.1] [cxt 0] int-gtp-destination.p4(369) Primitive hdr.int_md[2].egress_timestamp = (bit<32>)standard_metadata.egress_global_timestamp
[15:47:50.260] [bmv2] [T] [thread 360] [17.1] [cxt 0] int-gtp-destination.p4(370) Primitive hdr.int_md[2].hop_latency = hdr.int_md[2].egress_timestamp - hdr.int_md[2].ingress_timestamp
[15:47:50.260] [bmv2] [T] [thread 360] [17.1] [cxt 0] int-gtp-destination.p4(371) Primitive hdr.int_md[2].queue_occupancy = (bit<32>)standard_metadata.enq_qdepth
[15:47:50.260] [bmv2] [T] [thread 360] [17.1] [cxt 0] int-gtp-destination.p4(408) Condition "standard_metadata.instance_type == 1 || standard_metadata.egress_port == 9" (node_14) is true
[15:47:50.260] [bmv2] [D] [thread 360] [17.1] [cxt 0] Pipeline 'egress': end
[15:47:50.260] [bmv2] [D] [thread 360] [17.1] [cxt 0] Deparser 'deparser': start
[15:47:50.260] [bmv2] [D] [thread 360] [17.1] [cxt 0] Deparsing header 'ethernet'
[15:47:50.260] [bmv2] [D] [thread 360] [17.1] [cxt 0] Deparsing header 'int_shim'
[15:47:50.260] [bmv2] [D] [thread 360] [17.1] [cxt 0] Deparsing header 'int_header'
[15:47:50.260] [bmv2] [D] [thread 360] [17.1] [cxt 0] Deparsing header 'int_md[0]'
[15:47:50.260] [bmv2] [D] [thread 360] [17.1] [cxt 0] Deparsing header 'int_md[1]'
[15:47:50.260] [bmv2] [D] [thread 360] [17.1] [cxt 0] Deparsing header 'int_md[2]'
[15:47:50.260] [bmv2] [D] [thread 360] [17.1] [cxt 0] Deparsing header 'ipv4_inner'
[15:47:50.260] [bmv2] [D] [thread 360] [17.1] [cxt 0] Deparsing header 'sctp'
[15:47:50.260] [bmv2] [D] [thread 360] [17.1] [cxt 0] Deparsing header 'sctp_chunk'
[15:47:50.260] [bmv2] [D] [thread 360] [17.1] [cxt 0] Deparser 'deparser': end
[15:47:50.260] [bmv2] [D] [thread 360] [17.0] [cxt 0] Pipeline 'egress': start
[15:47:50.260] [bmv2] [T] [thread 360] [17.0] [cxt 0] int-gtp-destination.p4(402) Condition "hdr.int_shim.isValid()" (node_12) is true
[15:47:50.260] [bmv2] [T] [thread 360] [17.0] [cxt 0] Applying table 'tbl_update_int_metadata'
[15:47:50.260] [bmv2] [D] [thread 360] [17.0] [cxt 0] Looking up key:

[15:47:50.260] [bmv2] [D] [thread 360] [17.0] [cxt 0] Table 'tbl_update_int_metadata': miss
[15:47:50.260] [bmv2] [D] [thread 360] [17.0] [cxt 0] Action entry is MyEgress.update_int_metadata -
[15:47:50.260] [bmv2] [T] [thread 360] [17.0] [cxt 0] Action MyEgress.update_int_metadata
[15:47:50.260] [bmv2] [T] [thread 360] [17.0] [cxt 0] int-gtp-destination.p4(352) Primitive if
[15:47:50.261] [bmv2] [T] [thread 360] [17.0] [cxt 0] int-gtp-destination.p4(352) Primitive if
[15:47:50.261] [bmv2] [T] [thread 360] [17.0] [cxt 0] int-gtp-destination.p4(368) Primitive hdr.int_md[2].egress_port_id = (bit<16>)standard_metadata.egress_port
[15:47:50.261] [bmv2] [T] [thread 360] [17.0] [cxt 0] int-gtp-destination.p4(369) Primitive hdr.int_md[2].egress_timestamp = (bit<32>)standard_metadata.egress_global_timestamp
[15:47:50.261] [bmv2] [T] [thread 360] [17.0] [cxt 0] int-gtp-destination.p4(370) Primitive hdr.int_md[2].hop_latency = hdr.int_md[2].egress_timestamp - hdr.int_md[2].ingress_timestamp
[15:47:50.261] [bmv2] [T] [thread 360] [17.0] [cxt 0] int-gtp-destination.p4(371) Primitive hdr.int_md[2].queue_occupancy = (bit<32>)standard_metadata.enq_qdepth
[15:47:50.261] [bmv2] [T] [thread 360] [17.0] [cxt 0] int-gtp-destination.p4(408) Condition "standard_metadata.instance_type == 1 || standard_metadata.egress_port == 9" (node_14) is false
[15:47:50.261] [bmv2] [T] [thread 360] [17.0] [cxt 0] Applying table 'MyEgress.egress_control'
[15:47:50.261] [bmv2] [D] [thread 360] [17.0] [cxt 0] Looking up key:
* standard_metadata.egress_port: 0001

[15:47:50.261] [bmv2] [D] [thread 360] [17.0] [cxt 0] Table 'MyEgress.egress_control': hit with handle 0
[15:47:50.261] [bmv2] [D] [thread 360] [17.0] [cxt 0] Dumping entry 0
Match key:
* standard_metadata.egress_port: EXACT     0001
Action entry: MyEgress.strip_int_headers -

[15:47:50.261] [bmv2] [D] [thread 360] [17.0] [cxt 0] Action entry is MyEgress.strip_int_headers -
[15:47:50.261] [bmv2] [T] [thread 360] [17.0] [cxt 0] Action MyEgress.strip_int_headers
[15:47:50.261] [bmv2] [T] [thread 360] [17.0] [cxt 0] int-gtp-destination.p4(375) Primitive hdr.ethernet.etherType = hdr.int_shim.next_proto
[15:47:50.261] [bmv2] [T] [thread 360] [17.0] [cxt 0] int-gtp-destination.p4(376) Primitive hdr.int_shim.setInvalid()
[15:47:50.261] [bmv2] [T] [thread 360] [17.0] [cxt 0] int-gtp-destination.p4(377) Primitive hdr.int_header.setInvalid()
[15:47:50.261] [bmv2] [T] [thread 360] [17.0] [cxt 0] int-gtp-destination.p4(379) Primitive hdr.int_md[0].setInvalid()
[15:47:50.261] [bmv2] [T] [thread 360] [17.0] [cxt 0] int-gtp-destination.p4(380) Primitive hdr.int_md[1].setInvalid()
[15:47:50.261] [bmv2] [T] [thread 360] [17.0] [cxt 0] int-gtp-destination.p4(381) Primitive hdr.int_md[2].setInvalid()
[15:47:50.261] [bmv2] [T] [thread 360] [17.0] [cxt 0] int-gtp-destination.p4(382) Primitive hdr.int_md[3].setInvalid()
[15:47:50.261] [bmv2] [T] [thread 360] [17.0] [cxt 0] int-gtp-destination.p4(383) Primitive hdr.int_md[4].setInvalid()
[15:47:50.261] [bmv2] [T] [thread 360] [17.0] [cxt 0] int-gtp-destination.p4(384) Primitive hdr.int_md[5].setInvalid()
[15:47:50.261] [bmv2] [T] [thread 360] [17.0] [cxt 0] int-gtp-destination.p4(385) Primitive hdr.int_md[6].setInvalid()
[15:47:50.261] [bmv2] [T] [thread 360] [17.0] [cxt 0] int-gtp-destination.p4(386) Primitive hdr.int_md[7].setInvalid()
[15:47:50.261] [bmv2] [D] [thread 360] [17.0] [cxt 0] Pipeline 'egress': end
[15:47:50.261] [bmv2] [D] [thread 360] [17.0] [cxt 0] Deparser 'deparser': start
[15:47:50.261] [bmv2] [D] [thread 360] [17.0] [cxt 0] Deparsing header 'ethernet'
[15:47:50.261] [bmv2] [D] [thread 360] [17.0] [cxt 0] Deparsing header 'ipv4_inner'
[15:47:50.261] [bmv2] [D] [thread 360] [17.0] [cxt 0] Deparsing header 'sctp'
[15:47:50.261] [bmv2] [D] [thread 360] [17.0] [cxt 0] Deparsing header 'sctp_chunk'
[15:47:50.261] [bmv2] [D] [thread 360] [17.0] [cxt 0] Deparser 'deparser': end
[15:47:50.261] [bmv2] [D] [thread 363] [17.1] [cxt 0] Transmitting packet of size 179 out of port 9
[15:47:50.261] [bmv2] [D] [thread 363] [17.0] [cxt 0] Transmitting packet of size 82 out of port 1
[15:47:50.276] [bmv2] [D] [thread 358] [18.0] [cxt 0] Processing packet received on port 1
[15:47:50.277] [bmv2] [D] [thread 358] [18.0] [cxt 0] Parser 'parser': start
[15:47:50.277] [bmv2] [D] [thread 358] [18.0] [cxt 0] Parser 'parser' entering state 'start'
[15:47:50.277] [bmv2] [D] [thread 358] [18.0] [cxt 0] Extracting header 'ethernet'
[15:47:50.277] [bmv2] [D] [thread 358] [18.0] [cxt 0] Parser set: setting field 'scalars.metadata.ingress_port' from field 'standard_metadata.ingress_port' (1)
[15:47:50.277] [bmv2] [D] [thread 358] [18.0] [cxt 0] Parser set: setting field 'scalars.metadata.ingress_ts' from expression, new value is 150745385
[15:47:50.277] [bmv2] [D] [thread 358] [18.0] [cxt 0] Parser set: setting field 'scalars.metadata.md_blocks_extracted' to 0
[15:47:50.277] [bmv2] [D] [thread 358] [18.0] [cxt 0] Parser set: setting field 'scalars.metadata.is_int_packet' to 0
[15:47:50.277] [bmv2] [D] [thread 358] [18.0] [cxt 0] Parser state 'start': key is 0800
[15:47:50.277] [bmv2] [T] [thread 358] [18.0] [cxt 0] Bytes parsed: 14
[15:47:50.277] [bmv2] [D] [thread 358] [18.0] [cxt 0] Parser 'parser' entering state 'parse_ipv4'
[15:47:50.277] [bmv2] [D] [thread 358] [18.0] [cxt 0] Extracting header 'ipv4_inner'
[15:47:50.277] [bmv2] [D] [thread 358] [18.0] [cxt 0] Parser state 'parse_ipv4': key is 84
[15:47:50.277] [bmv2] [T] [thread 358] [18.0] [cxt 0] Bytes parsed: 34
[15:47:50.277] [bmv2] [D] [thread 358] [18.0] [cxt 0] Parser 'parser' entering state 'parse_sctp_common'
[15:47:50.277] [bmv2] [D] [thread 358] [18.0] [cxt 0] Extracting header 'sctp'
[15:47:50.277] [bmv2] [D] [thread 358] [18.0] [cxt 0] Extracting header 'sctp_chunk'
[15:47:50.277] [bmv2] [D] [thread 358] [18.0] [cxt 0] Parser state 'parse_sctp_common': key is 02
[15:47:50.277] [bmv2] [T] [thread 358] [18.0] [cxt 0] Bytes parsed: 50
[15:47:50.277] [bmv2] [D] [thread 358] [18.0] [cxt 0] Parser 'parser': end
[15:47:50.277] [bmv2] [D] [thread 358] [18.0] [cxt 0] Pipeline 'ingress': start
[15:47:50.277] [bmv2] [T] [thread 358] [18.0] [cxt 0] Applying table 'tbl_intgtpdestination311'
[15:47:50.277] [bmv2] [D] [thread 358] [18.0] [cxt 0] Looking up key:

[15:47:50.277] [bmv2] [D] [thread 358] [18.0] [cxt 0] Table 'tbl_intgtpdestination311': miss
[15:47:50.277] [bmv2] [D] [thread 358] [18.0] [cxt 0] Action entry is intgtpdestination311 -
[15:47:50.277] [bmv2] [T] [thread 358] [18.0] [cxt 0] Action intgtpdestination311
[15:47:50.277] [bmv2] [T] [thread 358] [18.0] [cxt 0] int-gtp-destination.p4(311) Primitive meta.switch_id = 3
[15:47:50.277] [bmv2] [T] [thread 358] [18.0] [cxt 0] int-gtp-destination.p4(313) Condition "hdr.ethernet.isValid()" (node_3) is true
[15:47:50.277] [bmv2] [T] [thread 358] [18.0] [cxt 0] int-gtp-destination.p4(314) Condition "hdr.int_shim.isValid()" (node_4) is false
[15:47:50.277] [bmv2] [T] [thread 358] [18.0] [cxt 0] int-gtp-destination.p4(339) Condition "hdr.ipv4_inner.isValid()" (node_8) is true
[15:47:50.277] [bmv2] [T] [thread 358] [18.0] [cxt 0] Applying table 'MyIngress.ipv4_lpm'
[15:47:50.277] [bmv2] [D] [thread 358] [18.0] [cxt 0] Looking up key:
* hdr.ipv4_inner.dstAddr: ac120a03

[15:47:50.277] [bmv2] [D] [thread 358] [18.0] [cxt 0] Table 'MyIngress.ipv4_lpm': hit with handle 2
[15:47:50.277] [bmv2] [D] [thread 358] [18.0] [cxt 0] Dumping entry 2
Match key:
* hdr.ipv4_inner.dstAddr: LPM       ac120a03/32
Action entry: MyIngress.forward_action - 2,

[15:47:50.277] [bmv2] [D] [thread 358] [18.0] [cxt 0] Action entry is MyIngress.forward_action - 2,
[15:47:50.277] [bmv2] [T] [thread 358] [18.0] [cxt 0] Action MyIngress.forward_action
[15:47:50.277] [bmv2] [T] [thread 358] [18.0] [cxt 0] int-gtp-destination.p4(283) Primitive standard_metadata.egress_spec = egress_port
[15:47:50.277] [bmv2] [D] [thread 358] [18.0] [cxt 0] Pipeline 'ingress': end
[15:47:50.277] [bmv2] [D] [thread 358] [18.0] [cxt 0] Egress port is 2
[15:47:50.278] [bmv2] [D] [thread 361] [18.0] [cxt 0] Pipeline 'egress': start
[15:47:50.278] [bmv2] [T] [thread 361] [18.0] [cxt 0] int-gtp-destination.p4(402) Condition "hdr.int_shim.isValid()" (node_12) is false
[15:47:50.278] [bmv2] [D] [thread 361] [18.0] [cxt 0] Pipeline 'egress': end
[15:47:50.278] [bmv2] [D] [thread 361] [18.0] [cxt 0] Deparser 'deparser': start
[15:47:50.278] [bmv2] [D] [thread 361] [18.0] [cxt 0] Deparsing header 'ethernet'
[15:47:50.278] [bmv2] [D] [thread 361] [18.0] [cxt 0] Deparsing header 'ipv4_inner'
[15:47:50.278] [bmv2] [D] [thread 361] [18.0] [cxt 0] Deparsing header 'sctp'
[15:47:50.278] [bmv2] [D] [thread 361] [18.0] [cxt 0] Deparsing header 'sctp_chunk'
[15:47:50.278] [bmv2] [D] [thread 361] [18.0] [cxt 0] Deparser 'deparser': end
[15:47:50.278] [bmv2] [D] [thread 363] [18.0] [cxt 0] Transmitting packet of size 306 out of port 2
[15:47:50.304] [bmv2] [D] [thread 358] [19.0] [cxt 0] Processing packet received on port 2
[15:47:50.304] [bmv2] [D] [thread 358] [19.0] [cxt 0] Parser 'parser': start
[15:47:50.304] [bmv2] [D] [thread 358] [19.0] [cxt 0] Parser 'parser' entering state 'start'
[15:47:50.304] [bmv2] [D] [thread 358] [19.0] [cxt 0] Extracting header 'ethernet'
[15:47:50.304] [bmv2] [D] [thread 358] [19.0] [cxt 0] Parser set: setting field 'scalars.metadata.ingress_port' from field 'standard_metadata.ingress_port' (2)
[15:47:50.304] [bmv2] [D] [thread 358] [19.0] [cxt 0] Parser set: setting field 'scalars.metadata.ingress_ts' from expression, new value is 150772846
[15:47:50.304] [bmv2] [D] [thread 358] [19.0] [cxt 0] Parser set: setting field 'scalars.metadata.md_blocks_extracted' to 0
[15:47:50.304] [bmv2] [D] [thread 358] [19.0] [cxt 0] Parser set: setting field 'scalars.metadata.is_int_packet' to 0
[15:47:50.304] [bmv2] [D] [thread 358] [19.0] [cxt 0] Parser state 'start': key is 00fa
[15:47:50.304] [bmv2] [T] [thread 358] [19.0] [cxt 0] Bytes parsed: 14
[15:47:50.304] [bmv2] [D] [thread 358] [19.0] [cxt 0] Parser 'parser' entering state 'parse_int_shim'
[15:47:50.304] [bmv2] [D] [thread 358] [19.0] [cxt 0] Extracting header 'int_shim'
[15:47:50.304] [bmv2] [D] [thread 358] [19.0] [cxt 0] Parser set: setting field 'scalars.metadata.is_int_packet' to 1
[15:47:50.304] [bmv2] [D] [thread 358] [19.0] [cxt 0] Extracting header 'int_header'
[15:47:50.304] [bmv2] [D] [thread 358] [19.0] [cxt 0] Parser set: setting field 'scalars.metadata.md_blocks_extracted' from expression, new value is 251
[15:47:50.304] [bmv2] [D] [thread 358] [19.0] [cxt 0] Extracting header 'int_md[0]'
[15:47:50.304] [bmv2] [D] [thread 358] [19.0] [cxt 0] Extracting header 'int_md[1]'
[15:47:50.304] [bmv2] [D] [thread 358] [19.0] [cxt 0] Parser state 'parse_int_shim': key is 0800
[15:47:50.304] [bmv2] [T] [thread 358] [19.0] [cxt 0] Bytes parsed: 83
[15:47:50.304] [bmv2] [D] [thread 358] [19.0] [cxt 0] Parser 'parser' entering state 'parse_encapsulated_ipv4'
[15:47:50.304] [bmv2] [D] [thread 358] [19.0] [cxt 0] Extracting header 'ipv4_inner'
[15:47:50.304] [bmv2] [D] [thread 358] [19.0] [cxt 0] Parser state 'parse_encapsulated_ipv4': key is 84
[15:47:50.304] [bmv2] [T] [thread 358] [19.0] [cxt 0] Bytes parsed: 103
[15:47:50.304] [bmv2] [D] [thread 358] [19.0] [cxt 0] Parser 'parser' entering state 'parse_encapsulated_sctp_common'
[15:47:50.304] [bmv2] [D] [thread 358] [19.0] [cxt 0] Extracting header 'sctp'
[15:47:50.304] [bmv2] [D] [thread 358] [19.0] [cxt 0] Extracting header 'sctp_chunk'
[15:47:50.304] [bmv2] [D] [thread 358] [19.0] [cxt 0] Parser state 'parse_encapsulated_sctp_common': key is 0a
[15:47:50.304] [bmv2] [T] [thread 358] [19.0] [cxt 0] Bytes parsed: 119
[15:47:50.304] [bmv2] [D] [thread 358] [19.0] [cxt 0] Parser 'parser': end
[15:47:50.304] [bmv2] [D] [thread 358] [19.0] [cxt 0] Pipeline 'ingress': start
[15:47:50.304] [bmv2] [T] [thread 358] [19.0] [cxt 0] Applying table 'tbl_intgtpdestination311'
[15:47:50.305] [bmv2] [D] [thread 358] [19.0] [cxt 0] Looking up key:

[15:47:50.305] [bmv2] [D] [thread 358] [19.0] [cxt 0] Table 'tbl_intgtpdestination311': miss
[15:47:50.305] [bmv2] [D] [thread 358] [19.0] [cxt 0] Action entry is intgtpdestination311 -
[15:47:50.305] [bmv2] [T] [thread 358] [19.0] [cxt 0] Action intgtpdestination311
[15:47:50.305] [bmv2] [T] [thread 358] [19.0] [cxt 0] int-gtp-destination.p4(311) Primitive meta.switch_id = 3
[15:47:50.305] [bmv2] [T] [thread 358] [19.0] [cxt 0] int-gtp-destination.p4(313) Condition "hdr.ethernet.isValid()" (node_3) is true
[15:47:50.305] [bmv2] [T] [thread 358] [19.0] [cxt 0] int-gtp-destination.p4(314) Condition "hdr.int_shim.isValid()" (node_4) is true
[15:47:50.305] [bmv2] [T] [thread 358] [19.0] [cxt 0] int-gtp-destination.p4(316) Condition "hdr.int_header.remaining_hop_cnt > 0" (node_5) is true
[15:47:50.305] [bmv2] [T] [thread 358] [19.0] [cxt 0] Applying table 'tbl_intgtpdestination317'
[15:47:50.305] [bmv2] [D] [thread 358] [19.0] [cxt 0] Looking up key:

[15:47:50.305] [bmv2] [D] [thread 358] [19.0] [cxt 0] Table 'tbl_intgtpdestination317': miss
[15:47:50.305] [bmv2] [D] [thread 358] [19.0] [cxt 0] Action entry is intgtpdestination317 -
[15:47:50.305] [bmv2] [T] [thread 358] [19.0] [cxt 0] Action intgtpdestination317
[15:47:50.305] [bmv2] [T] [thread 358] [19.0] [cxt 0] int-gtp-destination.p4(317) Primitive hdr.int_md[2].setValid()
[15:47:50.305] [bmv2] [T] [thread 358] [19.0] [cxt 0] int-gtp-destination.p4(318) Primitive hdr.int_md[2].padding_switch = 0
[15:47:50.305] [bmv2] [T] [thread 358] [19.0] [cxt 0] int-gtp-destination.p4(319) Primitive hdr.int_md[2].switch_id = (bit<16>)meta.switch_id
[15:47:50.305] [bmv2] [T] [thread 358] [19.0] [cxt 0] int-gtp-destination.p4(320) Primitive hdr.int_md[2].ingress_port_id = (bit<16>)meta.ingress_port
[15:47:50.305] [bmv2] [T] [thread 358] [19.0] [cxt 0] int-gtp-destination.p4(321) Primitive hdr.int_md[2].ingress_timestamp = meta.ingress_ts
[15:47:50.305] [bmv2] [T] [thread 358] [19.0] [cxt 0] int-gtp-destination.p4(322) Primitive hdr.int_md[2].egress_port_id = 0
[15:47:50.305] [bmv2] [T] [thread 358] [19.0] [cxt 0] int-gtp-destination.p4(323) Primitive hdr.int_md[2].hop_latency = 0
[15:47:50.305] [bmv2] [T] [thread 358] [19.0] [cxt 0] int-gtp-destination.p4(324) Primitive hdr.int_md[2].egress_timestamp = 0
[15:47:50.305] [bmv2] [T] [thread 358] [19.0] [cxt 0] int-gtp-destination.p4(325) Primitive hdr.int_md[2].queue_occupancy = 0
[15:47:50.305] [bmv2] [T] [thread 358] [19.0] [cxt 0] int-gtp-destination.p4(326) Primitive hdr.int_md[2].congestion_notification = 0
[15:47:50.305] [bmv2] [T] [thread 358] [19.0] [cxt 0] int-gtp-destination.p4(327) Primitive hdr.int_md[2].reserved1 = 0
[15:47:50.305] [bmv2] [T] [thread 358] [19.0] [cxt 0] int-gtp-destination.p4(328) Primitive hdr.int_md[2].reserved2 = 0
[15:47:50.305] [bmv2] [T] [thread 358] [19.0] [cxt 0] int-gtp-destination.p4(330) Primitive hdr.int_header.remaining_hop_cnt = hdr.int_header.remaining_hop_cnt - 1
[15:47:50.305] [bmv2] [T] [thread 358] [19.0] [cxt 0] int-gtp-destination.p4(331) Primitive hdr.int_shim.length = hdr.int_shim.length + 32
[15:47:50.305] [bmv2] [T] [thread 358] [19.0] [cxt 0] Applying table 'MyIngress.int_sink_table'
[15:47:50.305] [bmv2] [D] [thread 358] [19.0] [cxt 0] Looking up key:
* hdr.int_shim.$valid$: 01

[15:47:50.305] [bmv2] [D] [thread 358] [19.0] [cxt 0] Table 'MyIngress.int_sink_table': hit with handle 0
[15:47:50.305] [bmv2] [D] [thread 358] [19.0] [cxt 0] Dumping entry 0
Match key:
* hdr.int_shim.$valid$: EXACT     01
Action entry: MyIngress.int_sink_action -

[15:47:50.305] [bmv2] [D] [thread 358] [19.0] [cxt 0] Action entry is MyIngress.int_sink_action -
[15:47:50.305] [bmv2] [T] [thread 358] [19.0] [cxt 0] Action MyIngress.int_sink_action
[15:47:50.305] [bmv2] [T] [thread 358] [19.0] [cxt 0] int-gtp-destination.p4(278) Primitive meta.clone_port = 9
[15:47:50.305] [bmv2] [T] [thread 358] [19.0] [cxt 0] int-gtp-destination.p4(279) Primitive clone_preserving_field_list(CloneType.I2E, 99, 99)
[15:47:50.305] [bmv2] [T] [thread 358] [19.0] [cxt 0] int-gtp-destination.p4(339) Condition "hdr.ipv4_inner.isValid()" (node_8) is true
[15:47:50.305] [bmv2] [T] [thread 358] [19.0] [cxt 0] Applying table 'MyIngress.ipv4_lpm'
[15:47:50.305] [bmv2] [D] [thread 358] [19.0] [cxt 0] Looking up key:
* hdr.ipv4_inner.dstAddr: ac120014

[15:47:50.305] [bmv2] [D] [thread 358] [19.0] [cxt 0] Table 'MyIngress.ipv4_lpm': hit with handle 0
[15:47:50.305] [bmv2] [D] [thread 358] [19.0] [cxt 0] Dumping entry 0
Match key:
* hdr.ipv4_inner.dstAddr: LPM       ac120014/32
Action entry: MyIngress.forward_action - 1,

[15:47:50.305] [bmv2] [D] [thread 358] [19.0] [cxt 0] Action entry is MyIngress.forward_action - 1,
[15:47:50.305] [bmv2] [T] [thread 358] [19.0] [cxt 0] Action MyIngress.forward_action
[15:47:50.305] [bmv2] [T] [thread 358] [19.0] [cxt 0] int-gtp-destination.p4(283) Primitive standard_metadata.egress_spec = egress_port
[15:47:50.305] [bmv2] [D] [thread 358] [19.0] [cxt 0] Pipeline 'ingress': end
[15:47:50.305] [bmv2] [D] [thread 358] [19.0] [cxt 0] Cloning packet at ingress
[15:47:50.306] [bmv2] [D] [thread 358] [19.1] [cxt 0] Parser 'parser': start
[15:47:50.306] [bmv2] [D] [thread 358] [19.1] [cxt 0] Parser 'parser' entering state 'start'
[15:47:50.306] [bmv2] [D] [thread 358] [19.1] [cxt 0] Extracting header 'ethernet'
[15:47:50.306] [bmv2] [D] [thread 358] [19.1] [cxt 0] Parser set: setting field 'scalars.metadata.ingress_port' from field 'standard_metadata.ingress_port' (2)
[15:47:50.306] [bmv2] [D] [thread 358] [19.1] [cxt 0] Parser set: setting field 'scalars.metadata.ingress_ts' from expression, new value is 0
[15:47:50.306] [bmv2] [D] [thread 358] [19.1] [cxt 0] Parser set: setting field 'scalars.metadata.md_blocks_extracted' to 0
[15:47:50.306] [bmv2] [D] [thread 358] [19.1] [cxt 0] Parser set: setting field 'scalars.metadata.is_int_packet' to 0
[15:47:50.306] [bmv2] [D] [thread 358] [19.1] [cxt 0] Parser state 'start': key is 00fa
[15:47:50.306] [bmv2] [T] [thread 358] [19.1] [cxt 0] Bytes parsed: 14
[15:47:50.306] [bmv2] [D] [thread 358] [19.1] [cxt 0] Parser 'parser' entering state 'parse_int_shim'
[15:47:50.306] [bmv2] [D] [thread 358] [19.1] [cxt 0] Extracting header 'int_shim'
[15:47:50.306] [bmv2] [D] [thread 358] [19.1] [cxt 0] Parser set: setting field 'scalars.metadata.is_int_packet' to 1
[15:47:50.306] [bmv2] [D] [thread 358] [19.1] [cxt 0] Extracting header 'int_header'
[15:47:50.306] [bmv2] [D] [thread 358] [19.1] [cxt 0] Parser set: setting field 'scalars.metadata.md_blocks_extracted' from expression, new value is 251
[15:47:50.306] [bmv2] [D] [thread 358] [19.1] [cxt 0] Extracting header 'int_md[0]'
[15:47:50.306] [bmv2] [D] [thread 358] [19.1] [cxt 0] Extracting header 'int_md[1]'
[15:47:50.306] [bmv2] [D] [thread 358] [19.1] [cxt 0] Parser state 'parse_int_shim': key is 0800
[15:47:50.306] [bmv2] [T] [thread 358] [19.1] [cxt 0] Bytes parsed: 83
[15:47:50.306] [bmv2] [D] [thread 358] [19.1] [cxt 0] Parser 'parser' entering state 'parse_encapsulated_ipv4'
[15:47:50.306] [bmv2] [D] [thread 358] [19.1] [cxt 0] Extracting header 'ipv4_inner'
[15:47:50.306] [bmv2] [D] [thread 358] [19.1] [cxt 0] Parser state 'parse_encapsulated_ipv4': key is 84
[15:47:50.306] [bmv2] [T] [thread 358] [19.1] [cxt 0] Bytes parsed: 103
[15:47:50.306] [bmv2] [D] [thread 358] [19.1] [cxt 0] Parser 'parser' entering state 'parse_encapsulated_sctp_common'
[15:47:50.306] [bmv2] [D] [thread 358] [19.1] [cxt 0] Extracting header 'sctp'
[15:47:50.306] [bmv2] [D] [thread 358] [19.1] [cxt 0] Extracting header 'sctp_chunk'
[15:47:50.306] [bmv2] [D] [thread 358] [19.1] [cxt 0] Parser state 'parse_encapsulated_sctp_common': key is 0a
[15:47:50.306] [bmv2] [T] [thread 358] [19.1] [cxt 0] Bytes parsed: 119
[15:47:50.306] [bmv2] [D] [thread 358] [19.1] [cxt 0] Parser 'parser': end
[15:47:50.306] [bmv2] [D] [thread 358] [19.0] [cxt 0] Cloning packet to egress port 9
[15:47:50.306] [bmv2] [D] [thread 358] [19.0] [cxt 0] Egress port is 1
[15:47:50.306] [bmv2] [D] [thread 360] [19.1] [cxt 0] Pipeline 'egress': start
[15:47:50.306] [bmv2] [T] [thread 360] [19.1] [cxt 0] int-gtp-destination.p4(402) Condition "hdr.int_shim.isValid()" (node_12) is true
[15:47:50.306] [bmv2] [T] [thread 360] [19.1] [cxt 0] Applying table 'tbl_update_int_metadata'
[15:47:50.306] [bmv2] [D] [thread 360] [19.1] [cxt 0] Looking up key:

[15:47:50.306] [bmv2] [D] [thread 360] [19.1] [cxt 0] Table 'tbl_update_int_metadata': miss
[15:47:50.306] [bmv2] [D] [thread 360] [19.1] [cxt 0] Action entry is MyEgress.update_int_metadata -
[15:47:50.306] [bmv2] [T] [thread 360] [19.1] [cxt 0] Action MyEgress.update_int_metadata
[15:47:50.306] [bmv2] [T] [thread 360] [19.1] [cxt 0] int-gtp-destination.p4(352) Primitive if
[15:47:50.306] [bmv2] [T] [thread 360] [19.1] [cxt 0] int-gtp-destination.p4(353) Primitive hdr.int_md[2].setValid()
[15:47:50.306] [bmv2] [T] [thread 360] [19.1] [cxt 0] int-gtp-destination.p4(354) Primitive hdr.int_md[2].padding_switch = 0
[15:47:50.306] [bmv2] [T] [thread 360] [19.1] [cxt 0] int-gtp-destination.p4(355) Primitive hdr.int_md[2].switch_id = (bit<16>)meta.switch_id
[15:47:50.306] [bmv2] [T] [thread 360] [19.1] [cxt 0] int-gtp-destination.p4(356) Primitive hdr.int_md[2].ingress_port_id = (bit<16>)meta.ingress_port
[15:47:50.306] [bmv2] [T] [thread 360] [19.1] [cxt 0] int-gtp-destination.p4(357) Primitive hdr.int_md[2].ingress_timestamp = meta.ingress_ts
[15:47:50.306] [bmv2] [T] [thread 360] [19.1] [cxt 0] int-gtp-destination.p4(362) Primitive hdr.int_md[2].congestion_notification = 0
[15:47:50.306] [bmv2] [T] [thread 360] [19.1] [cxt 0] int-gtp-destination.p4(363) Primitive hdr.int_md[2].reserved1 = 0
[15:47:50.306] [bmv2] [T] [thread 360] [19.1] [cxt 0] int-gtp-destination.p4(364) Primitive hdr.int_md[2].reserved2 = 0
[15:47:50.306] [bmv2] [T] [thread 360] [19.1] [cxt 0] int-gtp-destination.p4(368) Primitive hdr.int_md[2].egress_port_id = (bit<16>)standard_metadata.egress_port
[15:47:50.306] [bmv2] [T] [thread 360] [19.1] [cxt 0] int-gtp-destination.p4(369) Primitive hdr.int_md[2].egress_timestamp = (bit<32>)standard_metadata.egress_global_timestamp
[15:47:50.306] [bmv2] [T] [thread 360] [19.1] [cxt 0] int-gtp-destination.p4(370) Primitive hdr.int_md[2].hop_latency = hdr.int_md[2].egress_timestamp - hdr.int_md[2].ingress_timestamp
[15:47:50.306] [bmv2] [T] [thread 360] [19.1] [cxt 0] int-gtp-destination.p4(371) Primitive hdr.int_md[2].queue_occupancy = (bit<32>)standard_metadata.enq_qdepth
[15:47:50.306] [bmv2] [T] [thread 360] [19.1] [cxt 0] int-gtp-destination.p4(408) Condition "standard_metadata.instance_type == 1 || standard_metadata.egress_port == 9" (node_14) is true
[15:47:50.306] [bmv2] [D] [thread 360] [19.1] [cxt 0] Pipeline 'egress': end
[15:47:50.306] [bmv2] [D] [thread 360] [19.1] [cxt 0] Deparser 'deparser': start
[15:47:50.306] [bmv2] [D] [thread 360] [19.1] [cxt 0] Deparsing header 'ethernet'
[15:47:50.306] [bmv2] [D] [thread 360] [19.1] [cxt 0] Deparsing header 'int_shim'
[15:47:50.306] [bmv2] [D] [thread 360] [19.1] [cxt 0] Deparsing header 'int_header'
[15:47:50.306] [bmv2] [D] [thread 360] [19.1] [cxt 0] Deparsing header 'int_md[0]'
[15:47:50.306] [bmv2] [D] [thread 360] [19.1] [cxt 0] Deparsing header 'int_md[1]'
[15:47:50.306] [bmv2] [D] [thread 360] [19.1] [cxt 0] Deparsing header 'int_md[2]'
[15:47:50.306] [bmv2] [D] [thread 360] [19.1] [cxt 0] Deparsing header 'ipv4_inner'
[15:47:50.306] [bmv2] [D] [thread 360] [19.1] [cxt 0] Deparsing header 'sctp'
[15:47:50.306] [bmv2] [D] [thread 360] [19.1] [cxt 0] Deparsing header 'sctp_chunk'
[15:47:50.306] [bmv2] [D] [thread 360] [19.1] [cxt 0] Deparser 'deparser': end
[15:47:50.306] [bmv2] [D] [thread 360] [19.0] [cxt 0] Pipeline 'egress': start
[15:47:50.306] [bmv2] [T] [thread 360] [19.0] [cxt 0] int-gtp-destination.p4(402) Condition "hdr.int_shim.isValid()" (node_12) is true
[15:47:50.306] [bmv2] [T] [thread 360] [19.0] [cxt 0] Applying table 'tbl_update_int_metadata'
[15:47:50.306] [bmv2] [D] [thread 360] [19.0] [cxt 0] Looking up key:

[15:47:50.306] [bmv2] [D] [thread 363] [19.1] [cxt 0] Transmitting packet of size 375 out of port 9
[15:47:50.307] [bmv2] [D] [thread 360] [19.0] [cxt 0] Table 'tbl_update_int_metadata': miss
[15:47:50.307] [bmv2] [D] [thread 360] [19.0] [cxt 0] Action entry is MyEgress.update_int_metadata -
[15:47:50.307] [bmv2] [T] [thread 360] [19.0] [cxt 0] Action MyEgress.update_int_metadata
[15:47:50.307] [bmv2] [T] [thread 360] [19.0] [cxt 0] int-gtp-destination.p4(352) Primitive if
[15:47:50.307] [bmv2] [T] [thread 360] [19.0] [cxt 0] int-gtp-destination.p4(352) Primitive if
[15:47:50.307] [bmv2] [T] [thread 360] [19.0] [cxt 0] int-gtp-destination.p4(368) Primitive hdr.int_md[2].egress_port_id = (bit<16>)standard_metadata.egress_port
[15:47:50.307] [bmv2] [T] [thread 360] [19.0] [cxt 0] int-gtp-destination.p4(369) Primitive hdr.int_md[2].egress_timestamp = (bit<32>)standard_metadata.egress_global_timestamp
[15:47:50.307] [bmv2] [T] [thread 360] [19.0] [cxt 0] int-gtp-destination.p4(370) Primitive hdr.int_md[2].hop_latency = hdr.int_md[2].egress_timestamp - hdr.int_md[2].ingress_timestamp
[15:47:50.307] [bmv2] [T] [thread 360] [19.0] [cxt 0] int-gtp-destination.p4(371) Primitive hdr.int_md[2].queue_occupancy = (bit<32>)standard_metadata.enq_qdepth
[15:47:50.307] [bmv2] [T] [thread 360] [19.0] [cxt 0] int-gtp-destination.p4(408) Condition "standard_metadata.instance_type == 1 || standard_metadata.egress_port == 9" (node_14) is false
[15:47:50.307] [bmv2] [T] [thread 360] [19.0] [cxt 0] Applying table 'MyEgress.egress_control'
[15:47:50.307] [bmv2] [D] [thread 360] [19.0] [cxt 0] Looking up key:
* standard_metadata.egress_port: 0001

[15:47:50.307] [bmv2] [D] [thread 360] [19.0] [cxt 0] Table 'MyEgress.egress_control': hit with handle 0
[15:47:50.307] [bmv2] [D] [thread 360] [19.0] [cxt 0] Dumping entry 0
Match key:
* standard_metadata.egress_port: EXACT     0001
Action entry: MyEgress.strip_int_headers -

[15:47:50.307] [bmv2] [D] [thread 360] [19.0] [cxt 0] Action entry is MyEgress.strip_int_headers -
[15:47:50.307] [bmv2] [T] [thread 360] [19.0] [cxt 0] Action MyEgress.strip_int_headers
[15:47:50.307] [bmv2] [T] [thread 360] [19.0] [cxt 0] int-gtp-destination.p4(375) Primitive hdr.ethernet.etherType = hdr.int_shim.next_proto
[15:47:50.307] [bmv2] [T] [thread 360] [19.0] [cxt 0] int-gtp-destination.p4(376) Primitive hdr.int_shim.setInvalid()
[15:47:50.307] [bmv2] [T] [thread 360] [19.0] [cxt 0] int-gtp-destination.p4(377) Primitive hdr.int_header.setInvalid()
[15:47:50.307] [bmv2] [T] [thread 360] [19.0] [cxt 0] int-gtp-destination.p4(379) Primitive hdr.int_md[0].setInvalid()
[15:47:50.307] [bmv2] [T] [thread 360] [19.0] [cxt 0] int-gtp-destination.p4(380) Primitive hdr.int_md[1].setInvalid()
[15:47:50.307] [bmv2] [T] [thread 360] [19.0] [cxt 0] int-gtp-destination.p4(381) Primitive hdr.int_md[2].setInvalid()
[15:47:50.307] [bmv2] [T] [thread 360] [19.0] [cxt 0] int-gtp-destination.p4(382) Primitive hdr.int_md[3].setInvalid()
[15:47:50.307] [bmv2] [T] [thread 360] [19.0] [cxt 0] int-gtp-destination.p4(383) Primitive hdr.int_md[4].setInvalid()
[15:47:50.307] [bmv2] [T] [thread 360] [19.0] [cxt 0] int-gtp-destination.p4(384) Primitive hdr.int_md[5].setInvalid()
[15:47:50.307] [bmv2] [T] [thread 360] [19.0] [cxt 0] int-gtp-destination.p4(385) Primitive hdr.int_md[6].setInvalid()
[15:47:50.307] [bmv2] [T] [thread 360] [19.0] [cxt 0] int-gtp-destination.p4(386) Primitive hdr.int_md[7].setInvalid()
[15:47:50.307] [bmv2] [D] [thread 360] [19.0] [cxt 0] Pipeline 'egress': end
[15:47:50.307] [bmv2] [D] [thread 360] [19.0] [cxt 0] Deparser 'deparser': start
[15:47:50.307] [bmv2] [D] [thread 360] [19.0] [cxt 0] Deparsing header 'ethernet'
[15:47:50.307] [bmv2] [D] [thread 360] [19.0] [cxt 0] Deparsing header 'ipv4_inner'
[15:47:50.307] [bmv2] [D] [thread 360] [19.0] [cxt 0] Deparsing header 'sctp'
[15:47:50.307] [bmv2] [D] [thread 360] [19.0] [cxt 0] Deparsing header 'sctp_chunk'
[15:47:50.307] [bmv2] [D] [thread 360] [19.0] [cxt 0] Deparser 'deparser': end
[15:47:50.307] [bmv2] [D] [thread 363] [19.0] [cxt 0] Transmitting packet of size 278 out of port 1
[15:47:50.328] [bmv2] [D] [thread 358] [20.0] [cxt 0] Processing packet received on port 1
[15:47:50.328] [bmv2] [D] [thread 358] [20.0] [cxt 0] Parser 'parser': start
[15:47:50.328] [bmv2] [D] [thread 358] [20.0] [cxt 0] Parser 'parser' entering state 'start'
[15:47:50.328] [bmv2] [D] [thread 358] [20.0] [cxt 0] Extracting header 'ethernet'
[15:47:50.328] [bmv2] [D] [thread 358] [20.0] [cxt 0] Parser set: setting field 'scalars.metadata.ingress_port' from field 'standard_metadata.ingress_port' (1)
[15:47:50.328] [bmv2] [D] [thread 358] [20.0] [cxt 0] Parser set: setting field 'scalars.metadata.ingress_ts' from expression, new value is 150797141
[15:47:50.328] [bmv2] [D] [thread 358] [20.0] [cxt 0] Parser set: setting field 'scalars.metadata.md_blocks_extracted' to 0
[15:47:50.328] [bmv2] [D] [thread 358] [20.0] [cxt 0] Parser set: setting field 'scalars.metadata.is_int_packet' to 0
[15:47:50.328] [bmv2] [D] [thread 358] [20.0] [cxt 0] Parser state 'start': key is 0800
[15:47:50.328] [bmv2] [T] [thread 358] [20.0] [cxt 0] Bytes parsed: 14
[15:47:50.328] [bmv2] [D] [thread 358] [20.0] [cxt 0] Parser 'parser' entering state 'parse_ipv4'
[15:47:50.328] [bmv2] [D] [thread 358] [20.0] [cxt 0] Extracting header 'ipv4_inner'
[15:47:50.328] [bmv2] [D] [thread 358] [20.0] [cxt 0] Parser state 'parse_ipv4': key is 84
[15:47:50.328] [bmv2] [T] [thread 358] [20.0] [cxt 0] Bytes parsed: 34
[15:47:50.328] [bmv2] [D] [thread 358] [20.0] [cxt 0] Parser 'parser' entering state 'parse_sctp_common'
[15:47:50.328] [bmv2] [D] [thread 358] [20.0] [cxt 0] Extracting header 'sctp'
[15:47:50.328] [bmv2] [D] [thread 358] [20.0] [cxt 0] Extracting header 'sctp_chunk'
[15:47:50.328] [bmv2] [D] [thread 358] [20.0] [cxt 0] Parser state 'parse_sctp_common': key is 0b
[15:47:50.328] [bmv2] [T] [thread 358] [20.0] [cxt 0] Bytes parsed: 50
[15:47:50.328] [bmv2] [D] [thread 358] [20.0] [cxt 0] Parser 'parser': end
[15:47:50.328] [bmv2] [D] [thread 358] [20.0] [cxt 0] Pipeline 'ingress': start
[15:47:50.328] [bmv2] [T] [thread 358] [20.0] [cxt 0] Applying table 'tbl_intgtpdestination311'
[15:47:50.328] [bmv2] [D] [thread 358] [20.0] [cxt 0] Looking up key:

[15:47:50.328] [bmv2] [D] [thread 358] [20.0] [cxt 0] Table 'tbl_intgtpdestination311': miss
[15:47:50.328] [bmv2] [D] [thread 358] [20.0] [cxt 0] Action entry is intgtpdestination311 -
[15:47:50.328] [bmv2] [T] [thread 358] [20.0] [cxt 0] Action intgtpdestination311
[15:47:50.328] [bmv2] [T] [thread 358] [20.0] [cxt 0] int-gtp-destination.p4(311) Primitive meta.switch_id = 3
[15:47:50.328] [bmv2] [T] [thread 358] [20.0] [cxt 0] int-gtp-destination.p4(313) Condition "hdr.ethernet.isValid()" (node_3) is true
[15:47:50.328] [bmv2] [T] [thread 358] [20.0] [cxt 0] int-gtp-destination.p4(314) Condition "hdr.int_shim.isValid()" (node_4) is false
[15:47:50.328] [bmv2] [T] [thread 358] [20.0] [cxt 0] int-gtp-destination.p4(339) Condition "hdr.ipv4_inner.isValid()" (node_8) is true
[15:47:50.328] [bmv2] [T] [thread 358] [20.0] [cxt 0] Applying table 'MyIngress.ipv4_lpm'
[15:47:50.328] [bmv2] [D] [thread 358] [20.0] [cxt 0] Looking up key:
* hdr.ipv4_inner.dstAddr: ac120a03

[15:47:50.329] [bmv2] [D] [thread 358] [20.0] [cxt 0] Table 'MyIngress.ipv4_lpm': hit with handle 2
[15:47:50.329] [bmv2] [D] [thread 358] [20.0] [cxt 0] Dumping entry 2
Match key:
* hdr.ipv4_inner.dstAddr: LPM       ac120a03/32
Action entry: MyIngress.forward_action - 2,

[15:47:50.329] [bmv2] [D] [thread 358] [20.0] [cxt 0] Action entry is MyIngress.forward_action - 2,
[15:47:50.329] [bmv2] [T] [thread 358] [20.0] [cxt 0] Action MyIngress.forward_action
[15:47:50.329] [bmv2] [T] [thread 358] [20.0] [cxt 0] int-gtp-destination.p4(283) Primitive standard_metadata.egress_spec = egress_port
[15:47:50.329] [bmv2] [D] [thread 358] [20.0] [cxt 0] Pipeline 'ingress': end
[15:47:50.329] [bmv2] [D] [thread 358] [20.0] [cxt 0] Egress port is 2
[15:47:50.329] [bmv2] [D] [thread 361] [20.0] [cxt 0] Pipeline 'egress': start
[15:47:50.329] [bmv2] [T] [thread 361] [20.0] [cxt 0] int-gtp-destination.p4(402) Condition "hdr.int_shim.isValid()" (node_12) is false
[15:47:50.329] [bmv2] [D] [thread 361] [20.0] [cxt 0] Pipeline 'egress': end
[15:47:50.329] [bmv2] [D] [thread 361] [20.0] [cxt 0] Deparser 'deparser': start
[15:47:50.329] [bmv2] [D] [thread 361] [20.0] [cxt 0] Deparsing header 'ethernet'
[15:47:50.329] [bmv2] [D] [thread 361] [20.0] [cxt 0] Deparsing header 'ipv4_inner'
[15:47:50.329] [bmv2] [D] [thread 361] [20.0] [cxt 0] Deparsing header 'sctp'
[15:47:50.329] [bmv2] [D] [thread 361] [20.0] [cxt 0] Deparsing header 'sctp_chunk'
[15:47:50.329] [bmv2] [D] [thread 361] [20.0] [cxt 0] Deparser 'deparser': end
[15:47:50.329] [bmv2] [D] [thread 363] [20.0] [cxt 0] Transmitting packet of size 50 out of port 2
[15:47:50.362] [bmv2] [D] [thread 358] [21.0] [cxt 0] Processing packet received on port 2
[15:47:50.362] [bmv2] [D] [thread 358] [21.0] [cxt 0] Parser 'parser': start
[15:47:50.364] [bmv2] [D] [thread 358] [21.0] [cxt 0] Parser 'parser' entering state 'start'
[15:47:50.364] [bmv2] [D] [thread 358] [21.0] [cxt 0] Extracting header 'ethernet'
[15:47:50.364] [bmv2] [D] [thread 358] [21.0] [cxt 0] Parser set: setting field 'scalars.metadata.ingress_port' from field 'standard_metadata.ingress_port' (2)
[15:47:50.364] [bmv2] [D] [thread 358] [21.0] [cxt 0] Parser set: setting field 'scalars.metadata.ingress_ts' from expression, new value is 150831233
[15:47:50.364] [bmv2] [D] [thread 358] [21.0] [cxt 0] Parser set: setting field 'scalars.metadata.md_blocks_extracted' to 0
[15:47:50.364] [bmv2] [D] [thread 358] [21.0] [cxt 0] Parser set: setting field 'scalars.metadata.is_int_packet' to 0
[15:47:50.364] [bmv2] [D] [thread 358] [21.0] [cxt 0] Parser state 'start': key is 00fa
[15:47:50.364] [bmv2] [T] [thread 358] [21.0] [cxt 0] Bytes parsed: 14
[15:47:50.364] [bmv2] [D] [thread 358] [21.0] [cxt 0] Parser 'parser' entering state 'parse_int_shim'
[15:47:50.364] [bmv2] [D] [thread 358] [21.0] [cxt 0] Extracting header 'int_shim'
[15:47:50.364] [bmv2] [D] [thread 358] [21.0] [cxt 0] Parser set: setting field 'scalars.metadata.is_int_packet' to 1
[15:47:50.364] [bmv2] [D] [thread 358] [21.0] [cxt 0] Extracting header 'int_header'
[15:47:50.364] [bmv2] [D] [thread 358] [21.0] [cxt 0] Parser set: setting field 'scalars.metadata.md_blocks_extracted' from expression, new value is 251
[15:47:50.364] [bmv2] [D] [thread 358] [21.0] [cxt 0] Extracting header 'int_md[0]'
[15:47:50.364] [bmv2] [D] [thread 358] [21.0] [cxt 0] Extracting header 'int_md[1]'
[15:47:50.364] [bmv2] [D] [thread 358] [21.0] [cxt 0] Parser state 'parse_int_shim': key is 0800
[15:47:50.364] [bmv2] [T] [thread 358] [21.0] [cxt 0] Bytes parsed: 83
[15:47:50.364] [bmv2] [D] [thread 358] [21.0] [cxt 0] Parser 'parser' entering state 'parse_encapsulated_ipv4'
[15:47:50.364] [bmv2] [D] [thread 358] [21.0] [cxt 0] Extracting header 'ipv4_inner'
[15:47:50.364] [bmv2] [D] [thread 358] [21.0] [cxt 0] Parser state 'parse_encapsulated_ipv4': key is 84
[15:47:50.364] [bmv2] [T] [thread 358] [21.0] [cxt 0] Bytes parsed: 103
[15:47:50.364] [bmv2] [D] [thread 358] [21.0] [cxt 0] Parser 'parser' entering state 'parse_encapsulated_sctp_common'
[15:47:50.364] [bmv2] [D] [thread 358] [21.0] [cxt 0] Extracting header 'sctp'
[15:47:50.364] [bmv2] [D] [thread 358] [21.0] [cxt 0] Extracting header 'sctp_chunk'
[15:47:50.364] [bmv2] [D] [thread 358] [21.0] [cxt 0] Parser state 'parse_encapsulated_sctp_common': key is 00
[15:47:50.364] [bmv2] [T] [thread 358] [21.0] [cxt 0] Bytes parsed: 119
[15:47:50.364] [bmv2] [D] [thread 358] [21.0] [cxt 0] Parser 'parser' entering state 'parse_encapsulated_sctp_data_chunk'
[15:47:50.364] [bmv2] [D] [thread 358] [21.0] [cxt 0] Extracting header 'sctp_data_chunk'
[15:47:50.364] [bmv2] [D] [thread 358] [21.0] [cxt 0] Parser state 'parse_encapsulated_sctp_data_chunk' has no switch, going to default next state
[15:47:50.364] [bmv2] [T] [thread 358] [21.0] [cxt 0] Bytes parsed: 131
[15:47:50.364] [bmv2] [D] [thread 358] [21.0] [cxt 0] Parser 'parser': end
[15:47:50.364] [bmv2] [D] [thread 358] [21.0] [cxt 0] Pipeline 'ingress': start
[15:47:50.364] [bmv2] [T] [thread 358] [21.0] [cxt 0] Applying table 'tbl_intgtpdestination311'
[15:47:50.364] [bmv2] [D] [thread 358] [21.0] [cxt 0] Looking up key:

[15:47:50.364] [bmv2] [D] [thread 358] [21.0] [cxt 0] Table 'tbl_intgtpdestination311': miss
[15:47:50.365] [bmv2] [D] [thread 358] [21.0] [cxt 0] Action entry is intgtpdestination311 -
[15:47:50.365] [bmv2] [T] [thread 358] [21.0] [cxt 0] Action intgtpdestination311
[15:47:50.365] [bmv2] [T] [thread 358] [21.0] [cxt 0] int-gtp-destination.p4(311) Primitive meta.switch_id = 3
[15:47:50.365] [bmv2] [T] [thread 358] [21.0] [cxt 0] int-gtp-destination.p4(313) Condition "hdr.ethernet.isValid()" (node_3) is true
[15:47:50.365] [bmv2] [T] [thread 358] [21.0] [cxt 0] int-gtp-destination.p4(314) Condition "hdr.int_shim.isValid()" (node_4) is true
[15:47:50.365] [bmv2] [T] [thread 358] [21.0] [cxt 0] int-gtp-destination.p4(316) Condition "hdr.int_header.remaining_hop_cnt > 0" (node_5) is true
[15:47:50.365] [bmv2] [T] [thread 358] [21.0] [cxt 0] Applying table 'tbl_intgtpdestination317'
[15:47:50.365] [bmv2] [D] [thread 358] [21.0] [cxt 0] Looking up key:

[15:47:50.365] [bmv2] [D] [thread 358] [21.0] [cxt 0] Table 'tbl_intgtpdestination317': miss
[15:47:50.365] [bmv2] [D] [thread 358] [21.0] [cxt 0] Action entry is intgtpdestination317 -
[15:47:50.365] [bmv2] [T] [thread 358] [21.0] [cxt 0] Action intgtpdestination317
[15:47:50.365] [bmv2] [T] [thread 358] [21.0] [cxt 0] int-gtp-destination.p4(317) Primitive hdr.int_md[2].setValid()
[15:47:50.365] [bmv2] [T] [thread 358] [21.0] [cxt 0] int-gtp-destination.p4(318) Primitive hdr.int_md[2].padding_switch = 0
[15:47:50.365] [bmv2] [T] [thread 358] [21.0] [cxt 0] int-gtp-destination.p4(319) Primitive hdr.int_md[2].switch_id = (bit<16>)meta.switch_id
[15:47:50.365] [bmv2] [T] [thread 358] [21.0] [cxt 0] int-gtp-destination.p4(320) Primitive hdr.int_md[2].ingress_port_id = (bit<16>)meta.ingress_port
[15:47:50.365] [bmv2] [T] [thread 358] [21.0] [cxt 0] int-gtp-destination.p4(321) Primitive hdr.int_md[2].ingress_timestamp = meta.ingress_ts
[15:47:50.365] [bmv2] [T] [thread 358] [21.0] [cxt 0] int-gtp-destination.p4(322) Primitive hdr.int_md[2].egress_port_id = 0
[15:47:50.365] [bmv2] [T] [thread 358] [21.0] [cxt 0] int-gtp-destination.p4(323) Primitive hdr.int_md[2].hop_latency = 0
[15:47:50.365] [bmv2] [T] [thread 358] [21.0] [cxt 0] int-gtp-destination.p4(324) Primitive hdr.int_md[2].egress_timestamp = 0
[15:47:50.365] [bmv2] [T] [thread 358] [21.0] [cxt 0] int-gtp-destination.p4(325) Primitive hdr.int_md[2].queue_occupancy = 0
[15:47:50.365] [bmv2] [T] [thread 358] [21.0] [cxt 0] int-gtp-destination.p4(326) Primitive hdr.int_md[2].congestion_notification = 0
[15:47:50.365] [bmv2] [T] [thread 358] [21.0] [cxt 0] int-gtp-destination.p4(327) Primitive hdr.int_md[2].reserved1 = 0
[15:47:50.365] [bmv2] [T] [thread 358] [21.0] [cxt 0] int-gtp-destination.p4(328) Primitive hdr.int_md[2].reserved2 = 0
[15:47:50.365] [bmv2] [T] [thread 358] [21.0] [cxt 0] int-gtp-destination.p4(330) Primitive hdr.int_header.remaining_hop_cnt = hdr.int_header.remaining_hop_cnt - 1
[15:47:50.365] [bmv2] [T] [thread 358] [21.0] [cxt 0] int-gtp-destination.p4(331) Primitive hdr.int_shim.length = hdr.int_shim.length + 32
[15:47:50.365] [bmv2] [T] [thread 358] [21.0] [cxt 0] Applying table 'MyIngress.int_sink_table'
[15:47:50.365] [bmv2] [D] [thread 358] [21.0] [cxt 0] Looking up key:
* hdr.int_shim.$valid$: 01

[15:47:50.365] [bmv2] [D] [thread 358] [21.0] [cxt 0] Table 'MyIngress.int_sink_table': hit with handle 0
[15:47:50.365] [bmv2] [D] [thread 358] [21.0] [cxt 0] Dumping entry 0
Match key:
* hdr.int_shim.$valid$: EXACT     01
Action entry: MyIngress.int_sink_action -

[15:47:50.365] [bmv2] [D] [thread 358] [21.0] [cxt 0] Action entry is MyIngress.int_sink_action -
[15:47:50.365] [bmv2] [T] [thread 358] [21.0] [cxt 0] Action MyIngress.int_sink_action
[15:47:50.365] [bmv2] [T] [thread 358] [21.0] [cxt 0] int-gtp-destination.p4(278) Primitive meta.clone_port = 9
[15:47:50.365] [bmv2] [T] [thread 358] [21.0] [cxt 0] int-gtp-destination.p4(279) Primitive clone_preserving_field_list(CloneType.I2E, 99, 99)
[15:47:50.365] [bmv2] [T] [thread 358] [21.0] [cxt 0] int-gtp-destination.p4(339) Condition "hdr.ipv4_inner.isValid()" (node_8) is true
[15:47:50.365] [bmv2] [T] [thread 358] [21.0] [cxt 0] Applying table 'MyIngress.ipv4_lpm'
[15:47:50.365] [bmv2] [D] [thread 358] [21.0] [cxt 0] Looking up key:
* hdr.ipv4_inner.dstAddr: ac120014

[15:47:50.365] [bmv2] [D] [thread 358] [21.0] [cxt 0] Table 'MyIngress.ipv4_lpm': hit with handle 0
[15:47:50.365] [bmv2] [D] [thread 358] [21.0] [cxt 0] Dumping entry 0
Match key:
* hdr.ipv4_inner.dstAddr: LPM       ac120014/32
Action entry: MyIngress.forward_action - 1,

[15:47:50.365] [bmv2] [D] [thread 358] [21.0] [cxt 0] Action entry is MyIngress.forward_action - 1,
[15:47:50.365] [bmv2] [T] [thread 358] [21.0] [cxt 0] Action MyIngress.forward_action
[15:47:50.365] [bmv2] [T] [thread 358] [21.0] [cxt 0] int-gtp-destination.p4(283) Primitive standard_metadata.egress_spec = egress_port
[15:47:50.365] [bmv2] [D] [thread 358] [21.0] [cxt 0] Pipeline 'ingress': end
[15:47:50.365] [bmv2] [D] [thread 358] [21.0] [cxt 0] Cloning packet at ingress
[15:47:50.365] [bmv2] [D] [thread 358] [21.1] [cxt 0] Parser 'parser': start
[15:47:50.365] [bmv2] [D] [thread 358] [21.1] [cxt 0] Parser 'parser' entering state 'start'
[15:47:50.365] [bmv2] [D] [thread 358] [21.1] [cxt 0] Extracting header 'ethernet'
[15:47:50.365] [bmv2] [D] [thread 358] [21.1] [cxt 0] Parser set: setting field 'scalars.metadata.ingress_port' from field 'standard_metadata.ingress_port' (2)
[15:47:50.365] [bmv2] [D] [thread 358] [21.1] [cxt 0] Parser set: setting field 'scalars.metadata.ingress_ts' from expression, new value is 0
[15:47:50.365] [bmv2] [D] [thread 358] [21.1] [cxt 0] Parser set: setting field 'scalars.metadata.md_blocks_extracted' to 0
[15:47:50.365] [bmv2] [D] [thread 358] [21.1] [cxt 0] Parser set: setting field 'scalars.metadata.is_int_packet' to 0
[15:47:50.365] [bmv2] [D] [thread 358] [21.1] [cxt 0] Parser state 'start': key is 00fa
[15:47:50.365] [bmv2] [T] [thread 358] [21.1] [cxt 0] Bytes parsed: 14
[15:47:50.365] [bmv2] [D] [thread 358] [21.1] [cxt 0] Parser 'parser' entering state 'parse_int_shim'
[15:47:50.365] [bmv2] [D] [thread 358] [21.1] [cxt 0] Extracting header 'int_shim'
[15:47:50.365] [bmv2] [D] [thread 358] [21.1] [cxt 0] Parser set: setting field 'scalars.metadata.is_int_packet' to 1
[15:47:50.365] [bmv2] [D] [thread 358] [21.1] [cxt 0] Extracting header 'int_header'
[15:47:50.365] [bmv2] [D] [thread 358] [21.1] [cxt 0] Parser set: setting field 'scalars.metadata.md_blocks_extracted' from expression, new value is 251
[15:47:50.365] [bmv2] [D] [thread 358] [21.1] [cxt 0] Extracting header 'int_md[0]'
[15:47:50.365] [bmv2] [D] [thread 358] [21.1] [cxt 0] Extracting header 'int_md[1]'
[15:47:50.365] [bmv2] [D] [thread 358] [21.1] [cxt 0] Parser state 'parse_int_shim': key is 0800
[15:47:50.365] [bmv2] [T] [thread 358] [21.1] [cxt 0] Bytes parsed: 83
[15:47:50.365] [bmv2] [D] [thread 358] [21.1] [cxt 0] Parser 'parser' entering state 'parse_encapsulated_ipv4'
[15:47:50.365] [bmv2] [D] [thread 358] [21.1] [cxt 0] Extracting header 'ipv4_inner'
[15:47:50.365] [bmv2] [D] [thread 358] [21.1] [cxt 0] Parser state 'parse_encapsulated_ipv4': key is 84
[15:47:50.365] [bmv2] [T] [thread 358] [21.1] [cxt 0] Bytes parsed: 103
[15:47:50.365] [bmv2] [D] [thread 358] [21.1] [cxt 0] Parser 'parser' entering state 'parse_encapsulated_sctp_common'
[15:47:50.366] [bmv2] [D] [thread 358] [21.1] [cxt 0] Extracting header 'sctp'
[15:47:50.366] [bmv2] [D] [thread 358] [21.1] [cxt 0] Extracting header 'sctp_chunk'
[15:47:50.366] [bmv2] [D] [thread 358] [21.1] [cxt 0] Parser state 'parse_encapsulated_sctp_common': key is 00
[15:47:50.366] [bmv2] [T] [thread 358] [21.1] [cxt 0] Bytes parsed: 119
[15:47:50.366] [bmv2] [D] [thread 358] [21.1] [cxt 0] Parser 'parser' entering state 'parse_encapsulated_sctp_data_chunk'
[15:47:50.366] [bmv2] [D] [thread 358] [21.1] [cxt 0] Extracting header 'sctp_data_chunk'
[15:47:50.366] [bmv2] [D] [thread 358] [21.1] [cxt 0] Parser state 'parse_encapsulated_sctp_data_chunk' has no switch, going to default next state
[15:47:50.366] [bmv2] [T] [thread 358] [21.1] [cxt 0] Bytes parsed: 131
[15:47:50.366] [bmv2] [D] [thread 358] [21.1] [cxt 0] Parser 'parser': end
[15:47:50.366] [bmv2] [D] [thread 358] [21.0] [cxt 0] Cloning packet to egress port 9
[15:47:50.366] [bmv2] [D] [thread 358] [21.0] [cxt 0] Egress port is 1
[15:47:50.366] [bmv2] [D] [thread 360] [21.1] [cxt 0] Pipeline 'egress': start
[15:47:50.366] [bmv2] [T] [thread 360] [21.1] [cxt 0] int-gtp-destination.p4(402) Condition "hdr.int_shim.isValid()" (node_12) is true
[15:47:50.366] [bmv2] [T] [thread 360] [21.1] [cxt 0] Applying table 'tbl_update_int_metadata'
[15:47:50.366] [bmv2] [D] [thread 360] [21.1] [cxt 0] Looking up key:

[15:47:50.366] [bmv2] [D] [thread 360] [21.1] [cxt 0] Table 'tbl_update_int_metadata': miss
[15:47:50.366] [bmv2] [D] [thread 360] [21.1] [cxt 0] Action entry is MyEgress.update_int_metadata -
[15:47:50.366] [bmv2] [T] [thread 360] [21.1] [cxt 0] Action MyEgress.update_int_metadata
[15:47:50.366] [bmv2] [T] [thread 360] [21.1] [cxt 0] int-gtp-destination.p4(352) Primitive if
[15:47:50.366] [bmv2] [T] [thread 360] [21.1] [cxt 0] int-gtp-destination.p4(353) Primitive hdr.int_md[2].setValid()
[15:47:50.366] [bmv2] [T] [thread 360] [21.1] [cxt 0] int-gtp-destination.p4(354) Primitive hdr.int_md[2].padding_switch = 0
[15:47:50.366] [bmv2] [T] [thread 360] [21.1] [cxt 0] int-gtp-destination.p4(355) Primitive hdr.int_md[2].switch_id = (bit<16>)meta.switch_id
[15:47:50.366] [bmv2] [T] [thread 360] [21.1] [cxt 0] int-gtp-destination.p4(356) Primitive hdr.int_md[2].ingress_port_id = (bit<16>)meta.ingress_port
[15:47:50.366] [bmv2] [T] [thread 360] [21.1] [cxt 0] int-gtp-destination.p4(357) Primitive hdr.int_md[2].ingress_timestamp = meta.ingress_ts
[15:47:50.366] [bmv2] [T] [thread 360] [21.1] [cxt 0] int-gtp-destination.p4(362) Primitive hdr.int_md[2].congestion_notification = 0
[15:47:50.366] [bmv2] [T] [thread 360] [21.1] [cxt 0] int-gtp-destination.p4(363) Primitive hdr.int_md[2].reserved1 = 0
[15:47:50.366] [bmv2] [T] [thread 360] [21.1] [cxt 0] int-gtp-destination.p4(364) Primitive hdr.int_md[2].reserved2 = 0
[15:47:50.366] [bmv2] [T] [thread 360] [21.1] [cxt 0] int-gtp-destination.p4(368) Primitive hdr.int_md[2].egress_port_id = (bit<16>)standard_metadata.egress_port
[15:47:50.366] [bmv2] [T] [thread 360] [21.1] [cxt 0] int-gtp-destination.p4(369) Primitive hdr.int_md[2].egress_timestamp = (bit<32>)standard_metadata.egress_global_timestamp
[15:47:50.366] [bmv2] [T] [thread 360] [21.1] [cxt 0] int-gtp-destination.p4(370) Primitive hdr.int_md[2].hop_latency = hdr.int_md[2].egress_timestamp - hdr.int_md[2].ingress_timestamp
[15:47:50.366] [bmv2] [T] [thread 360] [21.1] [cxt 0] int-gtp-destination.p4(371) Primitive hdr.int_md[2].queue_occupancy = (bit<32>)standard_metadata.enq_qdepth
[15:47:50.366] [bmv2] [T] [thread 360] [21.1] [cxt 0] int-gtp-destination.p4(408) Condition "standard_metadata.instance_type == 1 || standard_metadata.egress_port == 9" (node_14) is true
[15:47:50.366] [bmv2] [D] [thread 360] [21.1] [cxt 0] Pipeline 'egress': end
[15:47:50.366] [bmv2] [D] [thread 360] [21.1] [cxt 0] Deparser 'deparser': start
[15:47:50.366] [bmv2] [D] [thread 360] [21.1] [cxt 0] Deparsing header 'ethernet'
[15:47:50.366] [bmv2] [D] [thread 360] [21.1] [cxt 0] Deparsing header 'int_shim'
[15:47:50.366] [bmv2] [D] [thread 360] [21.1] [cxt 0] Deparsing header 'int_header'
[15:47:50.366] [bmv2] [D] [thread 360] [21.1] [cxt 0] Deparsing header 'int_md[0]'
[15:47:50.366] [bmv2] [D] [thread 360] [21.1] [cxt 0] Deparsing header 'int_md[1]'
[15:47:50.366] [bmv2] [D] [thread 360] [21.1] [cxt 0] Deparsing header 'int_md[2]'
[15:47:50.366] [bmv2] [D] [thread 360] [21.1] [cxt 0] Deparsing header 'ipv4_inner'
[15:47:50.366] [bmv2] [D] [thread 360] [21.1] [cxt 0] Deparsing header 'sctp'
[15:47:50.366] [bmv2] [D] [thread 360] [21.1] [cxt 0] Deparsing header 'sctp_chunk'
[15:47:50.366] [bmv2] [D] [thread 360] [21.1] [cxt 0] Deparsing header 'sctp_data_chunk'
[15:47:50.366] [bmv2] [D] [thread 360] [21.1] [cxt 0] Deparser 'deparser': end
[15:47:50.366] [bmv2] [D] [thread 360] [21.0] [cxt 0] Pipeline 'egress': start
[15:47:50.366] [bmv2] [D] [thread 363] [21.1] [cxt 0] Transmitting packet of size 239 out of port 9
[15:47:50.366] [bmv2] [T] [thread 360] [21.0] [cxt 0] int-gtp-destination.p4(402) Condition "hdr.int_shim.isValid()" (node_12) is true
[15:47:50.366] [bmv2] [T] [thread 360] [21.0] [cxt 0] Applying table 'tbl_update_int_metadata'
[15:47:50.366] [bmv2] [D] [thread 360] [21.0] [cxt 0] Looking up key:

[15:47:50.366] [bmv2] [D] [thread 360] [21.0] [cxt 0] Table 'tbl_update_int_metadata': miss
[15:47:50.366] [bmv2] [D] [thread 360] [21.0] [cxt 0] Action entry is MyEgress.update_int_metadata -
[15:47:50.366] [bmv2] [T] [thread 360] [21.0] [cxt 0] Action MyEgress.update_int_metadata
[15:47:50.366] [bmv2] [T] [thread 360] [21.0] [cxt 0] int-gtp-destination.p4(352) Primitive if
[15:47:50.366] [bmv2] [T] [thread 360] [21.0] [cxt 0] int-gtp-destination.p4(352) Primitive if
[15:47:50.366] [bmv2] [T] [thread 360] [21.0] [cxt 0] int-gtp-destination.p4(368) Primitive hdr.int_md[2].egress_port_id = (bit<16>)standard_metadata.egress_port
[15:47:50.366] [bmv2] [T] [thread 360] [21.0] [cxt 0] int-gtp-destination.p4(369) Primitive hdr.int_md[2].egress_timestamp = (bit<32>)standard_metadata.egress_global_timestamp
[15:47:50.366] [bmv2] [T] [thread 360] [21.0] [cxt 0] int-gtp-destination.p4(370) Primitive hdr.int_md[2].hop_latency = hdr.int_md[2].egress_timestamp - hdr.int_md[2].ingress_timestamp
[15:47:50.366] [bmv2] [T] [thread 360] [21.0] [cxt 0] int-gtp-destination.p4(371) Primitive hdr.int_md[2].queue_occupancy = (bit<32>)standard_metadata.enq_qdepth
[15:47:50.366] [bmv2] [T] [thread 360] [21.0] [cxt 0] int-gtp-destination.p4(408) Condition "standard_metadata.instance_type == 1 || standard_metadata.egress_port == 9" (node_14) is false
[15:47:50.366] [bmv2] [T] [thread 360] [21.0] [cxt 0] Applying table 'MyEgress.egress_control'
[15:47:50.366] [bmv2] [D] [thread 360] [21.0] [cxt 0] Looking up key:
* standard_metadata.egress_port: 0001

[15:47:50.366] [bmv2] [D] [thread 360] [21.0] [cxt 0] Table 'MyEgress.egress_control': hit with handle 0
[15:47:50.366] [bmv2] [D] [thread 360] [21.0] [cxt 0] Dumping entry 0
Match key:
* standard_metadata.egress_port: EXACT     0001
Action entry: MyEgress.strip_int_headers -

[15:47:50.366] [bmv2] [D] [thread 360] [21.0] [cxt 0] Action entry is MyEgress.strip_int_headers -
[15:47:50.366] [bmv2] [T] [thread 360] [21.0] [cxt 0] Action MyEgress.strip_int_headers
[15:47:50.366] [bmv2] [T] [thread 360] [21.0] [cxt 0] int-gtp-destination.p4(375) Primitive hdr.ethernet.etherType = hdr.int_shim.next_proto
[15:47:50.366] [bmv2] [T] [thread 360] [21.0] [cxt 0] int-gtp-destination.p4(376) Primitive hdr.int_shim.setInvalid()
[15:47:50.366] [bmv2] [T] [thread 360] [21.0] [cxt 0] int-gtp-destination.p4(377) Primitive hdr.int_header.setInvalid()
[15:47:50.366] [bmv2] [T] [thread 360] [21.0] [cxt 0] int-gtp-destination.p4(379) Primitive hdr.int_md[0].setInvalid()
[15:47:50.366] [bmv2] [T] [thread 360] [21.0] [cxt 0] int-gtp-destination.p4(380) Primitive hdr.int_md[1].setInvalid()
[15:47:50.366] [bmv2] [T] [thread 360] [21.0] [cxt 0] int-gtp-destination.p4(381) Primitive hdr.int_md[2].setInvalid()
[15:47:50.366] [bmv2] [T] [thread 360] [21.0] [cxt 0] int-gtp-destination.p4(382) Primitive hdr.int_md[3].setInvalid()
[15:47:50.366] [bmv2] [T] [thread 360] [21.0] [cxt 0] int-gtp-destination.p4(383) Primitive hdr.int_md[4].setInvalid()
[15:47:50.366] [bmv2] [T] [thread 360] [21.0] [cxt 0] int-gtp-destination.p4(384) Primitive hdr.int_md[5].setInvalid()
[15:47:50.366] [bmv2] [T] [thread 360] [21.0] [cxt 0] int-gtp-destination.p4(385) Primitive hdr.int_md[6].setInvalid()
[15:47:50.366] [bmv2] [T] [thread 360] [21.0] [cxt 0] int-gtp-destination.p4(386) Primitive hdr.int_md[7].setInvalid()
[15:47:50.366] [bmv2] [D] [thread 360] [21.0] [cxt 0] Pipeline 'egress': end
[15:47:50.366] [bmv2] [D] [thread 360] [21.0] [cxt 0] Deparser 'deparser': start
[15:47:50.366] [bmv2] [D] [thread 360] [21.0] [cxt 0] Deparsing header 'ethernet'
[15:47:50.366] [bmv2] [D] [thread 360] [21.0] [cxt 0] Deparsing header 'ipv4_inner'
[15:47:50.366] [bmv2] [D] [thread 360] [21.0] [cxt 0] Deparsing header 'sctp'
[15:47:50.366] [bmv2] [D] [thread 360] [21.0] [cxt 0] Deparsing header 'sctp_chunk'
[15:47:50.366] [bmv2] [D] [thread 360] [21.0] [cxt 0] Deparsing header 'sctp_data_chunk'
[15:47:50.366] [bmv2] [D] [thread 360] [21.0] [cxt 0] Deparser 'deparser': end
[15:47:50.367] [bmv2] [D] [thread 363] [21.0] [cxt 0] Transmitting packet of size 142 out of port 1
[15:47:50.392] [bmv2] [D] [thread 358] [22.0] [cxt 0] Processing packet received on port 1
[15:47:50.392] [bmv2] [D] [thread 358] [22.0] [cxt 0] Parser 'parser': start
[15:47:50.392] [bmv2] [D] [thread 358] [22.0] [cxt 0] Parser 'parser' entering state 'start'
[15:47:50.392] [bmv2] [D] [thread 358] [22.0] [cxt 0] Extracting header 'ethernet'
[15:47:50.392] [bmv2] [D] [thread 358] [22.0] [cxt 0] Parser set: setting field 'scalars.metadata.ingress_port' from field 'standard_metadata.ingress_port' (1)
[15:47:50.392] [bmv2] [D] [thread 358] [22.0] [cxt 0] Parser set: setting field 'scalars.metadata.ingress_ts' from expression, new value is 150861206
[15:47:50.392] [bmv2] [D] [thread 358] [22.0] [cxt 0] Parser set: setting field 'scalars.metadata.md_blocks_extracted' to 0
[15:47:50.392] [bmv2] [D] [thread 358] [22.0] [cxt 0] Parser set: setting field 'scalars.metadata.is_int_packet' to 0
[15:47:50.392] [bmv2] [D] [thread 358] [22.0] [cxt 0] Parser state 'start': key is 0800
[15:47:50.392] [bmv2] [T] [thread 358] [22.0] [cxt 0] Bytes parsed: 14
[15:47:50.392] [bmv2] [D] [thread 358] [22.0] [cxt 0] Parser 'parser' entering state 'parse_ipv4'
[15:47:50.392] [bmv2] [D] [thread 358] [22.0] [cxt 0] Extracting header 'ipv4_inner'
[15:47:50.392] [bmv2] [D] [thread 358] [22.0] [cxt 0] Parser state 'parse_ipv4': key is 84
[15:47:50.392] [bmv2] [T] [thread 358] [22.0] [cxt 0] Bytes parsed: 34
[15:47:50.392] [bmv2] [D] [thread 358] [22.0] [cxt 0] Parser 'parser' entering state 'parse_sctp_common'
[15:47:50.392] [bmv2] [D] [thread 358] [22.0] [cxt 0] Extracting header 'sctp'
[15:47:50.392] [bmv2] [D] [thread 358] [22.0] [cxt 0] Extracting header 'sctp_chunk'
[15:47:50.392] [bmv2] [D] [thread 358] [22.0] [cxt 0] Parser state 'parse_sctp_common': key is 03
[15:47:50.392] [bmv2] [T] [thread 358] [22.0] [cxt 0] Bytes parsed: 50
[15:47:50.392] [bmv2] [D] [thread 358] [22.0] [cxt 0] Parser 'parser': end
[15:47:50.392] [bmv2] [D] [thread 358] [22.0] [cxt 0] Pipeline 'ingress': start
[15:47:50.392] [bmv2] [T] [thread 358] [22.0] [cxt 0] Applying table 'tbl_intgtpdestination311'
[15:47:50.392] [bmv2] [D] [thread 358] [22.0] [cxt 0] Looking up key:

[15:47:50.392] [bmv2] [D] [thread 358] [22.0] [cxt 0] Table 'tbl_intgtpdestination311': miss
[15:47:50.392] [bmv2] [D] [thread 358] [22.0] [cxt 0] Action entry is intgtpdestination311 -
[15:47:50.392] [bmv2] [T] [thread 358] [22.0] [cxt 0] Action intgtpdestination311
[15:47:50.392] [bmv2] [T] [thread 358] [22.0] [cxt 0] int-gtp-destination.p4(311) Primitive meta.switch_id = 3
[15:47:50.392] [bmv2] [T] [thread 358] [22.0] [cxt 0] int-gtp-destination.p4(313) Condition "hdr.ethernet.isValid()" (node_3) is true
[15:47:50.392] [bmv2] [T] [thread 358] [22.0] [cxt 0] int-gtp-destination.p4(314) Condition "hdr.int_shim.isValid()" (node_4) is false
[15:47:50.392] [bmv2] [T] [thread 358] [22.0] [cxt 0] int-gtp-destination.p4(339) Condition "hdr.ipv4_inner.isValid()" (node_8) is true
[15:47:50.392] [bmv2] [T] [thread 358] [22.0] [cxt 0] Applying table 'MyIngress.ipv4_lpm'
[15:47:50.392] [bmv2] [D] [thread 358] [22.0] [cxt 0] Looking up key:
* hdr.ipv4_inner.dstAddr: ac120a03

[15:47:50.393] [bmv2] [D] [thread 358] [22.0] [cxt 0] Table 'MyIngress.ipv4_lpm': hit with handle 2
[15:47:50.393] [bmv2] [D] [thread 358] [22.0] [cxt 0] Dumping entry 2
Match key:
* hdr.ipv4_inner.dstAddr: LPM       ac120a03/32
Action entry: MyIngress.forward_action - 2,

[15:47:50.393] [bmv2] [D] [thread 358] [22.0] [cxt 0] Action entry is MyIngress.forward_action - 2,
[15:47:50.393] [bmv2] [T] [thread 358] [22.0] [cxt 0] Action MyIngress.forward_action
[15:47:50.393] [bmv2] [T] [thread 358] [22.0] [cxt 0] int-gtp-destination.p4(283) Primitive standard_metadata.egress_spec = egress_port
[15:47:50.393] [bmv2] [D] [thread 358] [22.0] [cxt 0] Pipeline 'ingress': end
[15:47:50.393] [bmv2] [D] [thread 358] [22.0] [cxt 0] Egress port is 2
[15:47:50.393] [bmv2] [D] [thread 358] [23.0] [cxt 0] Processing packet received on port 1
[15:47:50.393] [bmv2] [D] [thread 358] [23.0] [cxt 0] Parser 'parser': start
[15:47:50.393] [bmv2] [D] [thread 358] [23.0] [cxt 0] Parser 'parser' entering state 'start'
[15:47:50.393] [bmv2] [D] [thread 358] [23.0] [cxt 0] Extracting header 'ethernet'
[15:47:50.393] [bmv2] [D] [thread 358] [23.0] [cxt 0] Parser set: setting field 'scalars.metadata.ingress_port' from field 'standard_metadata.ingress_port' (1)
[15:47:50.393] [bmv2] [D] [thread 361] [22.0] [cxt 0] Pipeline 'egress': start
[15:47:50.393] [bmv2] [T] [thread 361] [22.0] [cxt 0] int-gtp-destination.p4(402) Condition "hdr.int_shim.isValid()" (node_12) is false
[15:47:50.393] [bmv2] [D] [thread 361] [22.0] [cxt 0] Pipeline 'egress': end
[15:47:50.393] [bmv2] [D] [thread 361] [22.0] [cxt 0] Deparser 'deparser': start
[15:47:50.393] [bmv2] [D] [thread 361] [22.0] [cxt 0] Deparsing header 'ethernet'
[15:47:50.393] [bmv2] [D] [thread 361] [22.0] [cxt 0] Deparsing header 'ipv4_inner'
[15:47:50.393] [bmv2] [D] [thread 361] [22.0] [cxt 0] Deparsing header 'sctp'
[15:47:50.393] [bmv2] [D] [thread 361] [22.0] [cxt 0] Deparsing header 'sctp_chunk'
[15:47:50.393] [bmv2] [D] [thread 361] [22.0] [cxt 0] Deparser 'deparser': end
[15:47:50.393] [bmv2] [D] [thread 358] [23.0] [cxt 0] Parser set: setting field 'scalars.metadata.ingress_ts' from expression, new value is 150861232
[15:47:50.393] [bmv2] [D] [thread 358] [23.0] [cxt 0] Parser set: setting field 'scalars.metadata.md_blocks_extracted' to 0
[15:47:50.393] [bmv2] [D] [thread 358] [23.0] [cxt 0] Parser set: setting field 'scalars.metadata.is_int_packet' to 0
[15:47:50.393] [bmv2] [D] [thread 363] [22.0] [cxt 0] Transmitting packet of size 62 out of port 2
[15:47:50.393] [bmv2] [D] [thread 358] [23.0] [cxt 0] Parser state 'start': key is 0800
[15:47:50.393] [bmv2] [T] [thread 358] [23.0] [cxt 0] Bytes parsed: 14
[15:47:50.393] [bmv2] [D] [thread 358] [23.0] [cxt 0] Parser 'parser' entering state 'parse_ipv4'
[15:47:50.393] [bmv2] [D] [thread 358] [23.0] [cxt 0] Extracting header 'ipv4_inner'
[15:47:50.393] [bmv2] [D] [thread 358] [23.0] [cxt 0] Parser state 'parse_ipv4': key is 84
[15:47:50.393] [bmv2] [T] [thread 358] [23.0] [cxt 0] Bytes parsed: 34
[15:47:50.393] [bmv2] [D] [thread 358] [23.0] [cxt 0] Parser 'parser' entering state 'parse_sctp_common'
[15:47:50.393] [bmv2] [D] [thread 358] [23.0] [cxt 0] Extracting header 'sctp'
[15:47:50.393] [bmv2] [D] [thread 358] [23.0] [cxt 0] Extracting header 'sctp_chunk'
[15:47:50.393] [bmv2] [D] [thread 358] [23.0] [cxt 0] Parser state 'parse_sctp_common': key is 00
[15:47:50.393] [bmv2] [T] [thread 358] [23.0] [cxt 0] Bytes parsed: 50
[15:47:50.393] [bmv2] [D] [thread 358] [23.0] [cxt 0] Parser 'parser' entering state 'parse_sctp_data_chunk'
[15:47:50.393] [bmv2] [D] [thread 358] [23.0] [cxt 0] Extracting header 'sctp_data_chunk'
[15:47:50.393] [bmv2] [D] [thread 358] [23.0] [cxt 0] Parser state 'parse_sctp_data_chunk' has no switch, going to default next state
[15:47:50.393] [bmv2] [T] [thread 358] [23.0] [cxt 0] Bytes parsed: 62
[15:47:50.393] [bmv2] [D] [thread 358] [23.0] [cxt 0] Parser 'parser': end
[15:47:50.393] [bmv2] [D] [thread 358] [23.0] [cxt 0] Pipeline 'ingress': start
[15:47:50.393] [bmv2] [T] [thread 358] [23.0] [cxt 0] Applying table 'tbl_intgtpdestination311'
[15:47:50.393] [bmv2] [D] [thread 358] [23.0] [cxt 0] Looking up key:

[15:47:50.393] [bmv2] [D] [thread 358] [23.0] [cxt 0] Table 'tbl_intgtpdestination311': miss
[15:47:50.393] [bmv2] [D] [thread 358] [23.0] [cxt 0] Action entry is intgtpdestination311 -
[15:47:50.393] [bmv2] [T] [thread 358] [23.0] [cxt 0] Action intgtpdestination311
[15:47:50.393] [bmv2] [T] [thread 358] [23.0] [cxt 0] int-gtp-destination.p4(311) Primitive meta.switch_id = 3
[15:47:50.393] [bmv2] [T] [thread 358] [23.0] [cxt 0] int-gtp-destination.p4(313) Condition "hdr.ethernet.isValid()" (node_3) is true
[15:47:50.393] [bmv2] [T] [thread 358] [23.0] [cxt 0] int-gtp-destination.p4(314) Condition "hdr.int_shim.isValid()" (node_4) is false
[15:47:50.393] [bmv2] [T] [thread 358] [23.0] [cxt 0] int-gtp-destination.p4(339) Condition "hdr.ipv4_inner.isValid()" (node_8) is true
[15:47:50.393] [bmv2] [T] [thread 358] [23.0] [cxt 0] Applying table 'MyIngress.ipv4_lpm'
[15:47:50.393] [bmv2] [D] [thread 358] [23.0] [cxt 0] Looking up key:
* hdr.ipv4_inner.dstAddr: ac120a03

[15:47:50.393] [bmv2] [D] [thread 358] [23.0] [cxt 0] Table 'MyIngress.ipv4_lpm': hit with handle 2
[15:47:50.393] [bmv2] [D] [thread 358] [23.0] [cxt 0] Dumping entry 2
Match key:
* hdr.ipv4_inner.dstAddr: LPM       ac120a03/32
Action entry: MyIngress.forward_action - 2,

[15:47:50.393] [bmv2] [D] [thread 358] [23.0] [cxt 0] Action entry is MyIngress.forward_action - 2,
[15:47:50.393] [bmv2] [T] [thread 358] [23.0] [cxt 0] Action MyIngress.forward_action
[15:47:50.393] [bmv2] [T] [thread 358] [23.0] [cxt 0] int-gtp-destination.p4(283) Primitive standard_metadata.egress_spec = egress_port
[15:47:50.393] [bmv2] [D] [thread 358] [23.0] [cxt 0] Pipeline 'ingress': end
[15:47:50.393] [bmv2] [D] [thread 358] [23.0] [cxt 0] Egress port is 2
[15:47:50.393] [bmv2] [D] [thread 361] [23.0] [cxt 0] Pipeline 'egress': start
[15:47:50.393] [bmv2] [T] [thread 361] [23.0] [cxt 0] int-gtp-destination.p4(402) Condition "hdr.int_shim.isValid()" (node_12) is false
[15:47:50.393] [bmv2] [D] [thread 361] [23.0] [cxt 0] Pipeline 'egress': end
[15:47:50.393] [bmv2] [D] [thread 361] [23.0] [cxt 0] Deparser 'deparser': start
[15:47:50.393] [bmv2] [D] [thread 361] [23.0] [cxt 0] Deparsing header 'ethernet'
[15:47:50.393] [bmv2] [D] [thread 361] [23.0] [cxt 0] Deparsing header 'ipv4_inner'
[15:47:50.393] [bmv2] [D] [thread 361] [23.0] [cxt 0] Deparsing header 'sctp'
[15:47:50.393] [bmv2] [D] [thread 361] [23.0] [cxt 0] Deparsing header 'sctp_chunk'
[15:47:50.393] [bmv2] [D] [thread 361] [23.0] [cxt 0] Deparsing header 'sctp_data_chunk'
[15:47:50.393] [bmv2] [D] [thread 361] [23.0] [cxt 0] Deparser 'deparser': end
[15:47:50.393] [bmv2] [D] [thread 363] [23.0] [cxt 0] Transmitting packet of size 118 out of port 2
[15:47:50.411] [bmv2] [D] [thread 358] [24.0] [cxt 0] Processing packet received on port 2
[15:47:50.411] [bmv2] [D] [thread 358] [24.0] [cxt 0] Parser 'parser': start
[15:47:50.411] [bmv2] [D] [thread 358] [24.0] [cxt 0] Parser 'parser' entering state 'start'
[15:47:50.411] [bmv2] [D] [thread 358] [24.0] [cxt 0] Extracting header 'ethernet'
[15:47:50.411] [bmv2] [D] [thread 358] [24.0] [cxt 0] Parser set: setting field 'scalars.metadata.ingress_port' from field 'standard_metadata.ingress_port' (2)
[15:47:50.411] [bmv2] [D] [thread 358] [24.0] [cxt 0] Parser set: setting field 'scalars.metadata.ingress_ts' from expression, new value is 150880128
[15:47:50.411] [bmv2] [D] [thread 358] [24.0] [cxt 0] Parser set: setting field 'scalars.metadata.md_blocks_extracted' to 0
[15:47:50.411] [bmv2] [D] [thread 358] [24.0] [cxt 0] Parser set: setting field 'scalars.metadata.is_int_packet' to 0
[15:47:50.411] [bmv2] [D] [thread 358] [24.0] [cxt 0] Parser state 'start': key is 00fa
[15:47:50.411] [bmv2] [T] [thread 358] [24.0] [cxt 0] Bytes parsed: 14
[15:47:50.411] [bmv2] [D] [thread 358] [24.0] [cxt 0] Parser 'parser' entering state 'parse_int_shim'
[15:47:50.411] [bmv2] [D] [thread 358] [24.0] [cxt 0] Extracting header 'int_shim'
[15:47:50.411] [bmv2] [D] [thread 358] [24.0] [cxt 0] Parser set: setting field 'scalars.metadata.is_int_packet' to 1
[15:47:50.411] [bmv2] [D] [thread 358] [24.0] [cxt 0] Extracting header 'int_header'
[15:47:50.411] [bmv2] [D] [thread 358] [24.0] [cxt 0] Parser set: setting field 'scalars.metadata.md_blocks_extracted' from expression, new value is 251
[15:47:50.411] [bmv2] [D] [thread 358] [24.0] [cxt 0] Extracting header 'int_md[0]'
[15:47:50.411] [bmv2] [D] [thread 358] [24.0] [cxt 0] Extracting header 'int_md[1]'
[15:47:50.411] [bmv2] [D] [thread 358] [24.0] [cxt 0] Parser state 'parse_int_shim': key is 0800
[15:47:50.411] [bmv2] [T] [thread 358] [24.0] [cxt 0] Bytes parsed: 83
[15:47:50.411] [bmv2] [D] [thread 358] [24.0] [cxt 0] Parser 'parser' entering state 'parse_encapsulated_ipv4'
[15:47:50.411] [bmv2] [D] [thread 358] [24.0] [cxt 0] Extracting header 'ipv4_inner'
[15:47:50.411] [bmv2] [D] [thread 358] [24.0] [cxt 0] Parser state 'parse_encapsulated_ipv4': key is 84
[15:47:50.411] [bmv2] [T] [thread 358] [24.0] [cxt 0] Bytes parsed: 103
[15:47:50.411] [bmv2] [D] [thread 358] [24.0] [cxt 0] Parser 'parser' entering state 'parse_encapsulated_sctp_common'
[15:47:50.411] [bmv2] [D] [thread 358] [24.0] [cxt 0] Extracting header 'sctp'
[15:47:50.411] [bmv2] [D] [thread 358] [24.0] [cxt 0] Extracting header 'sctp_chunk'
[15:47:50.411] [bmv2] [D] [thread 358] [24.0] [cxt 0] Parser state 'parse_encapsulated_sctp_common': key is 03
[15:47:50.411] [bmv2] [T] [thread 358] [24.0] [cxt 0] Bytes parsed: 119
[15:47:50.412] [bmv2] [D] [thread 358] [24.0] [cxt 0] Parser 'parser': end
[15:47:50.412] [bmv2] [D] [thread 358] [24.0] [cxt 0] Pipeline 'ingress': start
[15:47:50.412] [bmv2] [T] [thread 358] [24.0] [cxt 0] Applying table 'tbl_intgtpdestination311'
[15:47:50.412] [bmv2] [D] [thread 358] [24.0] [cxt 0] Looking up key:

[15:47:50.412] [bmv2] [D] [thread 358] [24.0] [cxt 0] Table 'tbl_intgtpdestination311': miss
[15:47:50.412] [bmv2] [D] [thread 358] [24.0] [cxt 0] Action entry is intgtpdestination311 -
[15:47:50.412] [bmv2] [T] [thread 358] [24.0] [cxt 0] Action intgtpdestination311
[15:47:50.412] [bmv2] [T] [thread 358] [24.0] [cxt 0] int-gtp-destination.p4(311) Primitive meta.switch_id = 3
[15:47:50.412] [bmv2] [T] [thread 358] [24.0] [cxt 0] int-gtp-destination.p4(313) Condition "hdr.ethernet.isValid()" (node_3) is true
[15:47:50.412] [bmv2] [T] [thread 358] [24.0] [cxt 0] int-gtp-destination.p4(314) Condition "hdr.int_shim.isValid()" (node_4) is true
[15:47:50.412] [bmv2] [T] [thread 358] [24.0] [cxt 0] int-gtp-destination.p4(316) Condition "hdr.int_header.remaining_hop_cnt > 0" (node_5) is true
[15:47:50.412] [bmv2] [T] [thread 358] [24.0] [cxt 0] Applying table 'tbl_intgtpdestination317'
[15:47:50.412] [bmv2] [D] [thread 358] [24.0] [cxt 0] Looking up key:

[15:47:50.412] [bmv2] [D] [thread 358] [24.0] [cxt 0] Table 'tbl_intgtpdestination317': miss
[15:47:50.412] [bmv2] [D] [thread 358] [24.0] [cxt 0] Action entry is intgtpdestination317 -
[15:47:50.412] [bmv2] [T] [thread 358] [24.0] [cxt 0] Action intgtpdestination317
[15:47:50.412] [bmv2] [T] [thread 358] [24.0] [cxt 0] int-gtp-destination.p4(317) Primitive hdr.int_md[2].setValid()
[15:47:50.412] [bmv2] [T] [thread 358] [24.0] [cxt 0] int-gtp-destination.p4(318) Primitive hdr.int_md[2].padding_switch = 0
[15:47:50.412] [bmv2] [T] [thread 358] [24.0] [cxt 0] int-gtp-destination.p4(319) Primitive hdr.int_md[2].switch_id = (bit<16>)meta.switch_id
[15:47:50.412] [bmv2] [T] [thread 358] [24.0] [cxt 0] int-gtp-destination.p4(320) Primitive hdr.int_md[2].ingress_port_id = (bit<16>)meta.ingress_port
[15:47:50.412] [bmv2] [T] [thread 358] [24.0] [cxt 0] int-gtp-destination.p4(321) Primitive hdr.int_md[2].ingress_timestamp = meta.ingress_ts
[15:47:50.412] [bmv2] [T] [thread 358] [24.0] [cxt 0] int-gtp-destination.p4(322) Primitive hdr.int_md[2].egress_port_id = 0
[15:47:50.412] [bmv2] [T] [thread 358] [24.0] [cxt 0] int-gtp-destination.p4(323) Primitive hdr.int_md[2].hop_latency = 0
[15:47:50.412] [bmv2] [T] [thread 358] [24.0] [cxt 0] int-gtp-destination.p4(324) Primitive hdr.int_md[2].egress_timestamp = 0
[15:47:50.412] [bmv2] [T] [thread 358] [24.0] [cxt 0] int-gtp-destination.p4(325) Primitive hdr.int_md[2].queue_occupancy = 0
[15:47:50.412] [bmv2] [T] [thread 358] [24.0] [cxt 0] int-gtp-destination.p4(326) Primitive hdr.int_md[2].congestion_notification = 0
[15:47:50.412] [bmv2] [T] [thread 358] [24.0] [cxt 0] int-gtp-destination.p4(327) Primitive hdr.int_md[2].reserved1 = 0
[15:47:50.412] [bmv2] [T] [thread 358] [24.0] [cxt 0] int-gtp-destination.p4(328) Primitive hdr.int_md[2].reserved2 = 0
[15:47:50.412] [bmv2] [T] [thread 358] [24.0] [cxt 0] int-gtp-destination.p4(330) Primitive hdr.int_header.remaining_hop_cnt = hdr.int_header.remaining_hop_cnt - 1
[15:47:50.412] [bmv2] [T] [thread 358] [24.0] [cxt 0] int-gtp-destination.p4(331) Primitive hdr.int_shim.length = hdr.int_shim.length + 32
[15:47:50.412] [bmv2] [T] [thread 358] [24.0] [cxt 0] Applying table 'MyIngress.int_sink_table'
[15:47:50.412] [bmv2] [D] [thread 358] [24.0] [cxt 0] Looking up key:
* hdr.int_shim.$valid$: 01

[15:47:50.412] [bmv2] [D] [thread 358] [24.0] [cxt 0] Table 'MyIngress.int_sink_table': hit with handle 0
[15:47:50.412] [bmv2] [D] [thread 358] [24.0] [cxt 0] Dumping entry 0
Match key:
* hdr.int_shim.$valid$: EXACT     01
Action entry: MyIngress.int_sink_action -

[15:47:50.413] [bmv2] [D] [thread 358] [24.0] [cxt 0] Action entry is MyIngress.int_sink_action -
[15:47:50.413] [bmv2] [T] [thread 358] [24.0] [cxt 0] Action MyIngress.int_sink_action
[15:47:50.413] [bmv2] [T] [thread 358] [24.0] [cxt 0] int-gtp-destination.p4(278) Primitive meta.clone_port = 9
[15:47:50.413] [bmv2] [T] [thread 358] [24.0] [cxt 0] int-gtp-destination.p4(279) Primitive clone_preserving_field_list(CloneType.I2E, 99, 99)
[15:47:50.413] [bmv2] [T] [thread 358] [24.0] [cxt 0] int-gtp-destination.p4(339) Condition "hdr.ipv4_inner.isValid()" (node_8) is true
[15:47:50.413] [bmv2] [T] [thread 358] [24.0] [cxt 0] Applying table 'MyIngress.ipv4_lpm'
[15:47:50.413] [bmv2] [D] [thread 358] [24.0] [cxt 0] Looking up key:
* hdr.ipv4_inner.dstAddr: ac120014

[15:47:50.413] [bmv2] [D] [thread 358] [24.0] [cxt 0] Table 'MyIngress.ipv4_lpm': hit with handle 0
[15:47:50.413] [bmv2] [D] [thread 358] [24.0] [cxt 0] Dumping entry 0
Match key:
* hdr.ipv4_inner.dstAddr: LPM       ac120014/32
Action entry: MyIngress.forward_action - 1,

[15:47:50.413] [bmv2] [D] [thread 358] [24.0] [cxt 0] Action entry is MyIngress.forward_action - 1,
[15:47:50.413] [bmv2] [T] [thread 358] [24.0] [cxt 0] Action MyIngress.forward_action
[15:47:50.413] [bmv2] [T] [thread 358] [24.0] [cxt 0] int-gtp-destination.p4(283) Primitive standard_metadata.egress_spec = egress_port
[15:47:50.413] [bmv2] [D] [thread 358] [24.0] [cxt 0] Pipeline 'ingress': end
[15:47:50.413] [bmv2] [D] [thread 358] [24.0] [cxt 0] Cloning packet at ingress
[15:47:50.413] [bmv2] [D] [thread 358] [24.1] [cxt 0] Parser 'parser': start
[15:47:50.413] [bmv2] [D] [thread 358] [24.1] [cxt 0] Parser 'parser' entering state 'start'
[15:47:50.413] [bmv2] [D] [thread 358] [24.1] [cxt 0] Extracting header 'ethernet'
[15:47:50.413] [bmv2] [D] [thread 358] [24.1] [cxt 0] Parser set: setting field 'scalars.metadata.ingress_port' from field 'standard_metadata.ingress_port' (2)
[15:47:50.413] [bmv2] [D] [thread 358] [24.1] [cxt 0] Parser set: setting field 'scalars.metadata.ingress_ts' from expression, new value is 150861206
[15:47:50.413] [bmv2] [D] [thread 358] [24.1] [cxt 0] Parser set: setting field 'scalars.metadata.md_blocks_extracted' to 0
[15:47:50.413] [bmv2] [D] [thread 358] [24.1] [cxt 0] Parser set: setting field 'scalars.metadata.is_int_packet' to 0
[15:47:50.413] [bmv2] [D] [thread 358] [24.1] [cxt 0] Parser state 'start': key is 00fa
[15:47:50.413] [bmv2] [T] [thread 358] [24.1] [cxt 0] Bytes parsed: 14
[15:47:50.413] [bmv2] [D] [thread 358] [24.1] [cxt 0] Parser 'parser' entering state 'parse_int_shim'
[15:47:50.413] [bmv2] [D] [thread 358] [24.1] [cxt 0] Extracting header 'int_shim'
[15:47:50.413] [bmv2] [D] [thread 358] [24.1] [cxt 0] Parser set: setting field 'scalars.metadata.is_int_packet' to 1
[15:47:50.413] [bmv2] [D] [thread 358] [24.1] [cxt 0] Extracting header 'int_header'
[15:47:50.413] [bmv2] [D] [thread 358] [24.1] [cxt 0] Parser set: setting field 'scalars.metadata.md_blocks_extracted' from expression, new value is 251
[15:47:50.413] [bmv2] [D] [thread 358] [24.1] [cxt 0] Extracting header 'int_md[0]'
[15:47:50.413] [bmv2] [D] [thread 358] [24.1] [cxt 0] Extracting header 'int_md[1]'
[15:47:50.413] [bmv2] [D] [thread 358] [24.1] [cxt 0] Parser state 'parse_int_shim': key is 0800
[15:47:50.413] [bmv2] [T] [thread 358] [24.1] [cxt 0] Bytes parsed: 83
[15:47:50.413] [bmv2] [D] [thread 358] [24.1] [cxt 0] Parser 'parser' entering state 'parse_encapsulated_ipv4'
[15:47:50.413] [bmv2] [D] [thread 358] [24.1] [cxt 0] Extracting header 'ipv4_inner'
[15:47:50.413] [bmv2] [D] [thread 358] [24.1] [cxt 0] Parser state 'parse_encapsulated_ipv4': key is 84
[15:47:50.413] [bmv2] [T] [thread 358] [24.1] [cxt 0] Bytes parsed: 103
[15:47:50.413] [bmv2] [D] [thread 358] [24.1] [cxt 0] Parser 'parser' entering state 'parse_encapsulated_sctp_common'
[15:47:50.413] [bmv2] [D] [thread 358] [24.1] [cxt 0] Extracting header 'sctp'
[15:47:50.413] [bmv2] [D] [thread 358] [24.1] [cxt 0] Extracting header 'sctp_chunk'
[15:47:50.413] [bmv2] [D] [thread 358] [24.1] [cxt 0] Parser state 'parse_encapsulated_sctp_common': key is 03
[15:47:50.414] [bmv2] [T] [thread 358] [24.1] [cxt 0] Bytes parsed: 119
[15:47:50.414] [bmv2] [D] [thread 358] [24.1] [cxt 0] Parser 'parser': end
[15:47:50.414] [bmv2] [D] [thread 358] [24.0] [cxt 0] Cloning packet to egress port 9
[15:47:50.414] [bmv2] [D] [thread 358] [24.0] [cxt 0] Egress port is 1
[15:47:50.414] [bmv2] [D] [thread 360] [24.1] [cxt 0] Pipeline 'egress': start
[15:47:50.414] [bmv2] [T] [thread 360] [24.1] [cxt 0] int-gtp-destination.p4(402) Condition "hdr.int_shim.isValid()" (node_12) is true
[15:47:50.414] [bmv2] [T] [thread 360] [24.1] [cxt 0] Applying table 'tbl_update_int_metadata'
[15:47:50.414] [bmv2] [D] [thread 360] [24.1] [cxt 0] Looking up key:

[15:47:50.414] [bmv2] [D] [thread 360] [24.1] [cxt 0] Table 'tbl_update_int_metadata': miss
[15:47:50.414] [bmv2] [D] [thread 360] [24.1] [cxt 0] Action entry is MyEgress.update_int_metadata -
[15:47:50.414] [bmv2] [T] [thread 360] [24.1] [cxt 0] Action MyEgress.update_int_metadata
[15:47:50.414] [bmv2] [T] [thread 360] [24.1] [cxt 0] int-gtp-destination.p4(352) Primitive if
[15:47:50.414] [bmv2] [T] [thread 360] [24.1] [cxt 0] int-gtp-destination.p4(353) Primitive hdr.int_md[2].setValid()
[15:47:50.414] [bmv2] [T] [thread 360] [24.1] [cxt 0] int-gtp-destination.p4(354) Primitive hdr.int_md[2].padding_switch = 0
[15:47:50.414] [bmv2] [T] [thread 360] [24.1] [cxt 0] int-gtp-destination.p4(355) Primitive hdr.int_md[2].switch_id = (bit<16>)meta.switch_id
[15:47:50.414] [bmv2] [T] [thread 360] [24.1] [cxt 0] int-gtp-destination.p4(356) Primitive hdr.int_md[2].ingress_port_id = (bit<16>)meta.ingress_port
[15:47:50.414] [bmv2] [T] [thread 360] [24.1] [cxt 0] int-gtp-destination.p4(357) Primitive hdr.int_md[2].ingress_timestamp = meta.ingress_ts
[15:47:50.414] [bmv2] [T] [thread 360] [24.1] [cxt 0] int-gtp-destination.p4(362) Primitive hdr.int_md[2].congestion_notification = 0
[15:47:50.414] [bmv2] [T] [thread 360] [24.1] [cxt 0] int-gtp-destination.p4(363) Primitive hdr.int_md[2].reserved1 = 0
[15:47:50.414] [bmv2] [T] [thread 360] [24.1] [cxt 0] int-gtp-destination.p4(364) Primitive hdr.int_md[2].reserved2 = 0
[15:47:50.414] [bmv2] [T] [thread 360] [24.1] [cxt 0] int-gtp-destination.p4(368) Primitive hdr.int_md[2].egress_port_id = (bit<16>)standard_metadata.egress_port
[15:47:50.414] [bmv2] [T] [thread 360] [24.1] [cxt 0] int-gtp-destination.p4(369) Primitive hdr.int_md[2].egress_timestamp = (bit<32>)standard_metadata.egress_global_timestamp
[15:47:50.414] [bmv2] [T] [thread 360] [24.1] [cxt 0] int-gtp-destination.p4(370) Primitive hdr.int_md[2].hop_latency = hdr.int_md[2].egress_timestamp - hdr.int_md[2].ingress_timestamp
[15:47:50.414] [bmv2] [T] [thread 360] [24.1] [cxt 0] int-gtp-destination.p4(371) Primitive hdr.int_md[2].queue_occupancy = (bit<32>)standard_metadata.enq_qdepth
[15:47:50.414] [bmv2] [T] [thread 360] [24.1] [cxt 0] int-gtp-destination.p4(408) Condition "standard_metadata.instance_type == 1 || standard_metadata.egress_port == 9" (node_14) is true
[15:47:50.414] [bmv2] [D] [thread 360] [24.1] [cxt 0] Pipeline 'egress': end
[15:47:50.414] [bmv2] [D] [thread 360] [24.1] [cxt 0] Deparser 'deparser': start
[15:47:50.414] [bmv2] [D] [thread 360] [24.1] [cxt 0] Deparsing header 'ethernet'
[15:47:50.414] [bmv2] [D] [thread 360] [24.1] [cxt 0] Deparsing header 'int_shim'
[15:47:50.414] [bmv2] [D] [thread 360] [24.1] [cxt 0] Deparsing header 'int_header'
[15:47:50.414] [bmv2] [D] [thread 360] [24.1] [cxt 0] Deparsing header 'int_md[0]'
[15:47:50.414] [bmv2] [D] [thread 360] [24.1] [cxt 0] Deparsing header 'int_md[1]'
[15:47:50.414] [bmv2] [D] [thread 360] [24.1] [cxt 0] Deparsing header 'int_md[2]'
[15:47:50.414] [bmv2] [D] [thread 360] [24.1] [cxt 0] Deparsing header 'ipv4_inner'
[15:47:50.414] [bmv2] [D] [thread 360] [24.1] [cxt 0] Deparsing header 'sctp'
[15:47:50.414] [bmv2] [D] [thread 360] [24.1] [cxt 0] Deparsing header 'sctp_chunk'
[15:47:50.414] [bmv2] [D] [thread 360] [24.1] [cxt 0] Deparser 'deparser': end
[15:47:50.414] [bmv2] [D] [thread 360] [24.0] [cxt 0] Pipeline 'egress': start
[15:47:50.414] [bmv2] [D] [thread 363] [24.1] [cxt 0] Transmitting packet of size 159 out of port 9
[15:47:50.415] [bmv2] [T] [thread 360] [24.0] [cxt 0] int-gtp-destination.p4(402) Condition "hdr.int_shim.isValid()" (node_12) is true
[15:47:50.415] [bmv2] [T] [thread 360] [24.0] [cxt 0] Applying table 'tbl_update_int_metadata'
[15:47:50.415] [bmv2] [D] [thread 360] [24.0] [cxt 0] Looking up key:

[15:47:50.415] [bmv2] [D] [thread 360] [24.0] [cxt 0] Table 'tbl_update_int_metadata': miss
[15:47:50.415] [bmv2] [D] [thread 360] [24.0] [cxt 0] Action entry is MyEgress.update_int_metadata -
[15:47:50.415] [bmv2] [T] [thread 360] [24.0] [cxt 0] Action MyEgress.update_int_metadata
[15:47:50.415] [bmv2] [T] [thread 360] [24.0] [cxt 0] int-gtp-destination.p4(352) Primitive if
[15:47:50.416] [bmv2] [T] [thread 360] [24.0] [cxt 0] int-gtp-destination.p4(352) Primitive if
[15:47:50.416] [bmv2] [T] [thread 360] [24.0] [cxt 0] int-gtp-destination.p4(368) Primitive hdr.int_md[2].egress_port_id = (bit<16>)standard_metadata.egress_port
[15:47:50.416] [bmv2] [T] [thread 360] [24.0] [cxt 0] int-gtp-destination.p4(369) Primitive hdr.int_md[2].egress_timestamp = (bit<32>)standard_metadata.egress_global_timestamp
[15:47:50.416] [bmv2] [T] [thread 360] [24.0] [cxt 0] int-gtp-destination.p4(370) Primitive hdr.int_md[2].hop_latency = hdr.int_md[2].egress_timestamp - hdr.int_md[2].ingress_timestamp
[15:47:50.416] [bmv2] [T] [thread 360] [24.0] [cxt 0] int-gtp-destination.p4(371) Primitive hdr.int_md[2].queue_occupancy = (bit<32>)standard_metadata.enq_qdepth
[15:47:50.416] [bmv2] [T] [thread 360] [24.0] [cxt 0] int-gtp-destination.p4(408) Condition "standard_metadata.instance_type == 1 || standard_metadata.egress_port == 9" (node_14) is false
[15:47:50.416] [bmv2] [T] [thread 360] [24.0] [cxt 0] Applying table 'MyEgress.egress_control'
[15:47:50.416] [bmv2] [D] [thread 360] [24.0] [cxt 0] Looking up key:
* standard_metadata.egress_port: 0001

[15:47:50.416] [bmv2] [D] [thread 360] [24.0] [cxt 0] Table 'MyEgress.egress_control': hit with handle 0
[15:47:50.416] [bmv2] [D] [thread 360] [24.0] [cxt 0] Dumping entry 0
Match key:
* standard_metadata.egress_port: EXACT     0001
Action entry: MyEgress.strip_int_headers -

[15:47:50.416] [bmv2] [D] [thread 360] [24.0] [cxt 0] Action entry is MyEgress.strip_int_headers -
[15:47:50.416] [bmv2] [T] [thread 360] [24.0] [cxt 0] Action MyEgress.strip_int_headers
[15:47:50.416] [bmv2] [T] [thread 360] [24.0] [cxt 0] int-gtp-destination.p4(375) Primitive hdr.ethernet.etherType = hdr.int_shim.next_proto
[15:47:50.416] [bmv2] [T] [thread 360] [24.0] [cxt 0] int-gtp-destination.p4(376) Primitive hdr.int_shim.setInvalid()
[15:47:50.416] [bmv2] [T] [thread 360] [24.0] [cxt 0] int-gtp-destination.p4(377) Primitive hdr.int_header.setInvalid()
[15:47:50.416] [bmv2] [T] [thread 360] [24.0] [cxt 0] int-gtp-destination.p4(379) Primitive hdr.int_md[0].setInvalid()
[15:47:50.416] [bmv2] [T] [thread 360] [24.0] [cxt 0] int-gtp-destination.p4(380) Primitive hdr.int_md[1].setInvalid()
[15:47:50.416] [bmv2] [T] [thread 360] [24.0] [cxt 0] int-gtp-destination.p4(381) Primitive hdr.int_md[2].setInvalid()
[15:47:50.416] [bmv2] [T] [thread 360] [24.0] [cxt 0] int-gtp-destination.p4(382) Primitive hdr.int_md[3].setInvalid()
[15:47:50.416] [bmv2] [T] [thread 360] [24.0] [cxt 0] int-gtp-destination.p4(383) Primitive hdr.int_md[4].setInvalid()
[15:47:50.416] [bmv2] [T] [thread 360] [24.0] [cxt 0] int-gtp-destination.p4(384) Primitive hdr.int_md[5].setInvalid()
[15:47:50.416] [bmv2] [T] [thread 360] [24.0] [cxt 0] int-gtp-destination.p4(385) Primitive hdr.int_md[6].setInvalid()
[15:47:50.416] [bmv2] [T] [thread 360] [24.0] [cxt 0] int-gtp-destination.p4(386) Primitive hdr.int_md[7].setInvalid()
[15:47:50.416] [bmv2] [D] [thread 360] [24.0] [cxt 0] Pipeline 'egress': end
[15:47:50.416] [bmv2] [D] [thread 360] [24.0] [cxt 0] Deparser 'deparser': start
[15:47:50.416] [bmv2] [D] [thread 360] [24.0] [cxt 0] Deparsing header 'ethernet'
[15:47:50.416] [bmv2] [D] [thread 360] [24.0] [cxt 0] Deparsing header 'ipv4_inner'
[15:47:50.416] [bmv2] [D] [thread 360] [24.0] [cxt 0] Deparsing header 'sctp'
[15:47:50.416] [bmv2] [D] [thread 360] [24.0] [cxt 0] Deparsing header 'sctp_chunk'
[15:47:50.416] [bmv2] [D] [thread 360] [24.0] [cxt 0] Deparser 'deparser': end
[15:47:50.416] [bmv2] [D] [thread 363] [24.0] [cxt 0] Transmitting packet of size 62 out of port 1
[15:47:51.275] [bmv2] [D] [thread 358] [25.0] [cxt 0] Processing packet received on port 1
[15:47:51.275] [bmv2] [D] [thread 358] [25.0] [cxt 0] Parser 'parser': start
[15:47:51.275] [bmv2] [D] [thread 358] [25.0] [cxt 0] Parser 'parser' entering state 'start'
[15:47:51.275] [bmv2] [D] [thread 358] [25.0] [cxt 0] Extracting header 'ethernet'
[15:47:51.275] [bmv2] [D] [thread 358] [25.0] [cxt 0] Parser set: setting field 'scalars.metadata.ingress_port' from field 'standard_metadata.ingress_port' (1)
[15:47:51.275] [bmv2] [D] [thread 358] [25.0] [cxt 0] Parser set: setting field 'scalars.metadata.ingress_ts' from expression, new value is 151743608
[15:47:51.275] [bmv2] [D] [thread 358] [25.0] [cxt 0] Parser set: setting field 'scalars.metadata.md_blocks_extracted' to 0
[15:47:51.275] [bmv2] [D] [thread 358] [25.0] [cxt 0] Parser set: setting field 'scalars.metadata.is_int_packet' to 0
[15:47:51.275] [bmv2] [D] [thread 358] [25.0] [cxt 0] Parser state 'start': key is 9000
[15:47:51.275] [bmv2] [T] [thread 358] [25.0] [cxt 0] Bytes parsed: 14
[15:47:51.275] [bmv2] [D] [thread 358] [25.0] [cxt 0] Parser 'parser': end
[15:47:51.275] [bmv2] [D] [thread 358] [25.0] [cxt 0] Pipeline 'ingress': start
[15:47:51.275] [bmv2] [T] [thread 358] [25.0] [cxt 0] Applying table 'tbl_intgtpdestination311'
[15:47:51.275] [bmv2] [D] [thread 358] [25.0] [cxt 0] Looking up key:

[15:47:51.275] [bmv2] [D] [thread 358] [25.0] [cxt 0] Table 'tbl_intgtpdestination311': miss
[15:47:51.275] [bmv2] [D] [thread 358] [25.0] [cxt 0] Action entry is intgtpdestination311 -
[15:47:51.275] [bmv2] [T] [thread 358] [25.0] [cxt 0] Action intgtpdestination311
[15:47:51.275] [bmv2] [T] [thread 358] [25.0] [cxt 0] int-gtp-destination.p4(311) Primitive meta.switch_id = 3
[15:47:51.275] [bmv2] [T] [thread 358] [25.0] [cxt 0] int-gtp-destination.p4(313) Condition "hdr.ethernet.isValid()" (node_3) is true
[15:47:51.275] [bmv2] [T] [thread 358] [25.0] [cxt 0] int-gtp-destination.p4(314) Condition "hdr.int_shim.isValid()" (node_4) is false
[15:47:51.275] [bmv2] [T] [thread 358] [25.0] [cxt 0] int-gtp-destination.p4(339) Condition "hdr.ipv4_inner.isValid()" (node_8) is false
[15:47:51.275] [bmv2] [D] [thread 358] [25.0] [cxt 0] Pipeline 'ingress': end
[15:47:51.275] [bmv2] [D] [thread 358] [25.0] [cxt 0] Egress port is 0
[15:47:51.275] [bmv2] [D] [thread 359] [25.0] [cxt 0] Pipeline 'egress': start
[15:47:51.275] [bmv2] [T] [thread 359] [25.0] [cxt 0] int-gtp-destination.p4(402) Condition "hdr.int_shim.isValid()" (node_12) is false
[15:47:51.275] [bmv2] [D] [thread 359] [25.0] [cxt 0] Pipeline 'egress': end
[15:47:51.275] [bmv2] [D] [thread 359] [25.0] [cxt 0] Deparser 'deparser': start
[15:47:51.275] [bmv2] [D] [thread 359] [25.0] [cxt 0] Deparsing header 'ethernet'
[15:47:51.275] [bmv2] [D] [thread 359] [25.0] [cxt 0] Deparser 'deparser': end
[15:47:51.275] [bmv2] [D] [thread 363] [25.0] [cxt 0] Transmitting packet of size 60 out of port 0
[15:48:01.270] [bmv2] [D] [thread 358] [26.0] [cxt 0] Processing packet received on port 1
[15:48:01.270] [bmv2] [D] [thread 358] [26.0] [cxt 0] Parser 'parser': start
[15:48:01.270] [bmv2] [D] [thread 358] [26.0] [cxt 0] Parser 'parser' entering state 'start'
[15:48:01.270] [bmv2] [D] [thread 358] [26.0] [cxt 0] Extracting header 'ethernet'
[15:48:01.270] [bmv2] [D] [thread 358] [26.0] [cxt 0] Parser set: setting field 'scalars.metadata.ingress_port' from field 'standard_metadata.ingress_port' (1)
[15:48:01.270] [bmv2] [D] [thread 358] [26.0] [cxt 0] Parser set: setting field 'scalars.metadata.ingress_ts' from expression, new value is 161738667
[15:48:01.270] [bmv2] [D] [thread 358] [26.0] [cxt 0] Parser set: setting field 'scalars.metadata.md_blocks_extracted' to 0
[15:48:01.270] [bmv2] [D] [thread 358] [26.0] [cxt 0] Parser set: setting field 'scalars.metadata.is_int_packet' to 0
[15:48:01.270] [bmv2] [D] [thread 358] [26.0] [cxt 0] Parser state 'start': key is 9000
[15:48:01.270] [bmv2] [T] [thread 358] [26.0] [cxt 0] Bytes parsed: 14
[15:48:01.270] [bmv2] [D] [thread 358] [26.0] [cxt 0] Parser 'parser': end
[15:48:01.270] [bmv2] [D] [thread 358] [26.0] [cxt 0] Pipeline 'ingress': start
[15:48:01.270] [bmv2] [T] [thread 358] [26.0] [cxt 0] Applying table 'tbl_intgtpdestination311'
[15:48:01.270] [bmv2] [D] [thread 358] [26.0] [cxt 0] Looking up key:

[15:48:01.270] [bmv2] [D] [thread 358] [26.0] [cxt 0] Table 'tbl_intgtpdestination311': miss
[15:48:01.270] [bmv2] [D] [thread 358] [26.0] [cxt 0] Action entry is intgtpdestination311 -
[15:48:01.270] [bmv2] [T] [thread 358] [26.0] [cxt 0] Action intgtpdestination311
[15:48:01.270] [bmv2] [T] [thread 358] [26.0] [cxt 0] int-gtp-destination.p4(311) Primitive meta.switch_id = 3
[15:48:01.270] [bmv2] [T] [thread 358] [26.0] [cxt 0] int-gtp-destination.p4(313) Condition "hdr.ethernet.isValid()" (node_3) is true
[15:48:01.270] [bmv2] [T] [thread 358] [26.0] [cxt 0] int-gtp-destination.p4(314) Condition "hdr.int_shim.isValid()" (node_4) is false
[15:48:01.270] [bmv2] [T] [thread 358] [26.0] [cxt 0] int-gtp-destination.p4(339) Condition "hdr.ipv4_inner.isValid()" (node_8) is false
[15:48:01.270] [bmv2] [D] [thread 358] [26.0] [cxt 0] Pipeline 'ingress': end
[15:48:01.270] [bmv2] [D] [thread 358] [26.0] [cxt 0] Egress port is 0
[15:48:01.270] [bmv2] [D] [thread 359] [26.0] [cxt 0] Pipeline 'egress': start
[15:48:01.270] [bmv2] [T] [thread 359] [26.0] [cxt 0] int-gtp-destination.p4(402) Condition "hdr.int_shim.isValid()" (node_12) is false
[15:48:01.270] [bmv2] [D] [thread 359] [26.0] [cxt 0] Pipeline 'egress': end
[15:48:01.270] [bmv2] [D] [thread 359] [26.0] [cxt 0] Deparser 'deparser': start
[15:48:01.270] [bmv2] [D] [thread 359] [26.0] [cxt 0] Deparsing header 'ethernet'
[15:48:01.270] [bmv2] [D] [thread 359] [26.0] [cxt 0] Deparser 'deparser': end
[15:48:01.270] [bmv2] [D] [thread 363] [26.0] [cxt 0] Transmitting packet of size 60 out of port 0
[15:48:07.868] [bmv2] [D] [thread 358] [27.0] [cxt 0] Processing packet received on port 2
[15:48:07.868] [bmv2] [D] [thread 358] [27.0] [cxt 0] Parser 'parser': start
[15:48:07.868] [bmv2] [D] [thread 358] [27.0] [cxt 0] Parser 'parser' entering state 'start'
[15:48:07.868] [bmv2] [D] [thread 358] [27.0] [cxt 0] Extracting header 'ethernet'
[15:48:07.868] [bmv2] [D] [thread 358] [27.0] [cxt 0] Parser set: setting field 'scalars.metadata.ingress_port' from field 'standard_metadata.ingress_port' (2)
[15:48:07.868] [bmv2] [D] [thread 358] [27.0] [cxt 0] Parser set: setting field 'scalars.metadata.ingress_ts' from expression, new value is 168336603
[15:48:07.868] [bmv2] [D] [thread 358] [27.0] [cxt 0] Parser set: setting field 'scalars.metadata.md_blocks_extracted' to 0
[15:48:07.868] [bmv2] [D] [thread 358] [27.0] [cxt 0] Parser set: setting field 'scalars.metadata.is_int_packet' to 0
[15:48:07.868] [bmv2] [D] [thread 358] [27.0] [cxt 0] Parser state 'start': key is 00fa
[15:48:07.868] [bmv2] [T] [thread 358] [27.0] [cxt 0] Bytes parsed: 14
[15:48:07.868] [bmv2] [D] [thread 358] [27.0] [cxt 0] Parser 'parser' entering state 'parse_int_shim'
[15:48:07.868] [bmv2] [D] [thread 358] [27.0] [cxt 0] Extracting header 'int_shim'
[15:48:07.868] [bmv2] [D] [thread 358] [27.0] [cxt 0] Parser set: setting field 'scalars.metadata.is_int_packet' to 1
[15:48:07.868] [bmv2] [D] [thread 358] [27.0] [cxt 0] Extracting header 'int_header'
[15:48:07.868] [bmv2] [D] [thread 358] [27.0] [cxt 0] Parser set: setting field 'scalars.metadata.md_blocks_extracted' from expression, new value is 251
[15:48:07.868] [bmv2] [D] [thread 358] [27.0] [cxt 0] Extracting header 'int_md[0]'
[15:48:07.868] [bmv2] [D] [thread 358] [27.0] [cxt 0] Extracting header 'int_md[1]'
[15:48:07.868] [bmv2] [D] [thread 358] [27.0] [cxt 0] Parser state 'parse_int_shim': key is 0800
[15:48:07.868] [bmv2] [T] [thread 358] [27.0] [cxt 0] Bytes parsed: 83
[15:48:07.868] [bmv2] [D] [thread 358] [27.0] [cxt 0] Parser 'parser' entering state 'parse_encapsulated_ipv4'
[15:48:07.868] [bmv2] [D] [thread 358] [27.0] [cxt 0] Extracting header 'ipv4_inner'
[15:48:07.868] [bmv2] [D] [thread 358] [27.0] [cxt 0] Parser state 'parse_encapsulated_ipv4': key is 84
[15:48:07.868] [bmv2] [T] [thread 358] [27.0] [cxt 0] Bytes parsed: 103
[15:48:07.868] [bmv2] [D] [thread 358] [27.0] [cxt 0] Parser 'parser' entering state 'parse_encapsulated_sctp_common'
[15:48:07.868] [bmv2] [D] [thread 358] [27.0] [cxt 0] Extracting header 'sctp'
[15:48:07.868] [bmv2] [D] [thread 358] [27.0] [cxt 0] Extracting header 'sctp_chunk'
[15:48:07.868] [bmv2] [D] [thread 358] [27.0] [cxt 0] Parser state 'parse_encapsulated_sctp_common': key is 00
[15:48:07.868] [bmv2] [T] [thread 358] [27.0] [cxt 0] Bytes parsed: 119
[15:48:07.868] [bmv2] [D] [thread 358] [27.0] [cxt 0] Parser 'parser' entering state 'parse_encapsulated_sctp_data_chunk'
[15:48:07.868] [bmv2] [D] [thread 358] [27.0] [cxt 0] Extracting header 'sctp_data_chunk'
[15:48:07.868] [bmv2] [D] [thread 358] [27.0] [cxt 0] Parser state 'parse_encapsulated_sctp_data_chunk' has no switch, going to default next state
[15:48:07.868] [bmv2] [T] [thread 358] [27.0] [cxt 0] Bytes parsed: 131
[15:48:07.868] [bmv2] [D] [thread 358] [27.0] [cxt 0] Parser 'parser': end
[15:48:07.868] [bmv2] [D] [thread 358] [27.0] [cxt 0] Pipeline 'ingress': start
[15:48:07.868] [bmv2] [T] [thread 358] [27.0] [cxt 0] Applying table 'tbl_intgtpdestination311'
[15:48:07.868] [bmv2] [D] [thread 358] [27.0] [cxt 0] Looking up key:

[15:48:07.868] [bmv2] [D] [thread 358] [27.0] [cxt 0] Table 'tbl_intgtpdestination311': miss
[15:48:07.868] [bmv2] [D] [thread 358] [27.0] [cxt 0] Action entry is intgtpdestination311 -
[15:48:07.868] [bmv2] [T] [thread 358] [27.0] [cxt 0] Action intgtpdestination311
[15:48:07.868] [bmv2] [T] [thread 358] [27.0] [cxt 0] int-gtp-destination.p4(311) Primitive meta.switch_id = 3
[15:48:07.868] [bmv2] [T] [thread 358] [27.0] [cxt 0] int-gtp-destination.p4(313) Condition "hdr.ethernet.isValid()" (node_3) is true
[15:48:07.868] [bmv2] [T] [thread 358] [27.0] [cxt 0] int-gtp-destination.p4(314) Condition "hdr.int_shim.isValid()" (node_4) is true
[15:48:07.868] [bmv2] [T] [thread 358] [27.0] [cxt 0] int-gtp-destination.p4(316) Condition "hdr.int_header.remaining_hop_cnt > 0" (node_5) is true
[15:48:07.868] [bmv2] [T] [thread 358] [27.0] [cxt 0] Applying table 'tbl_intgtpdestination317'
[15:48:07.868] [bmv2] [D] [thread 358] [27.0] [cxt 0] Looking up key:

[15:48:07.868] [bmv2] [D] [thread 358] [27.0] [cxt 0] Table 'tbl_intgtpdestination317': miss
[15:48:07.868] [bmv2] [D] [thread 358] [27.0] [cxt 0] Action entry is intgtpdestination317 -
[15:48:07.868] [bmv2] [T] [thread 358] [27.0] [cxt 0] Action intgtpdestination317
[15:48:07.868] [bmv2] [T] [thread 358] [27.0] [cxt 0] int-gtp-destination.p4(317) Primitive hdr.int_md[2].setValid()
[15:48:07.868] [bmv2] [T] [thread 358] [27.0] [cxt 0] int-gtp-destination.p4(318) Primitive hdr.int_md[2].padding_switch = 0
[15:48:07.868] [bmv2] [T] [thread 358] [27.0] [cxt 0] int-gtp-destination.p4(319) Primitive hdr.int_md[2].switch_id = (bit<16>)meta.switch_id
[15:48:07.868] [bmv2] [T] [thread 358] [27.0] [cxt 0] int-gtp-destination.p4(320) Primitive hdr.int_md[2].ingress_port_id = (bit<16>)meta.ingress_port
[15:48:07.868] [bmv2] [T] [thread 358] [27.0] [cxt 0] int-gtp-destination.p4(321) Primitive hdr.int_md[2].ingress_timestamp = meta.ingress_ts
[15:48:07.868] [bmv2] [T] [thread 358] [27.0] [cxt 0] int-gtp-destination.p4(322) Primitive hdr.int_md[2].egress_port_id = 0
[15:48:07.868] [bmv2] [T] [thread 358] [27.0] [cxt 0] int-gtp-destination.p4(323) Primitive hdr.int_md[2].hop_latency = 0
[15:48:07.868] [bmv2] [T] [thread 358] [27.0] [cxt 0] int-gtp-destination.p4(324) Primitive hdr.int_md[2].egress_timestamp = 0
[15:48:07.868] [bmv2] [T] [thread 358] [27.0] [cxt 0] int-gtp-destination.p4(325) Primitive hdr.int_md[2].queue_occupancy = 0
[15:48:07.868] [bmv2] [T] [thread 358] [27.0] [cxt 0] int-gtp-destination.p4(326) Primitive hdr.int_md[2].congestion_notification = 0
[15:48:07.868] [bmv2] [T] [thread 358] [27.0] [cxt 0] int-gtp-destination.p4(327) Primitive hdr.int_md[2].reserved1 = 0
[15:48:07.868] [bmv2] [T] [thread 358] [27.0] [cxt 0] int-gtp-destination.p4(328) Primitive hdr.int_md[2].reserved2 = 0
[15:48:07.868] [bmv2] [T] [thread 358] [27.0] [cxt 0] int-gtp-destination.p4(330) Primitive hdr.int_header.remaining_hop_cnt = hdr.int_header.remaining_hop_cnt - 1
[15:48:07.868] [bmv2] [T] [thread 358] [27.0] [cxt 0] int-gtp-destination.p4(331) Primitive hdr.int_shim.length = hdr.int_shim.length + 32
[15:48:07.868] [bmv2] [T] [thread 358] [27.0] [cxt 0] Applying table 'MyIngress.int_sink_table'
[15:48:07.868] [bmv2] [D] [thread 358] [27.0] [cxt 0] Looking up key:
* hdr.int_shim.$valid$: 01

[15:48:07.868] [bmv2] [D] [thread 358] [27.0] [cxt 0] Table 'MyIngress.int_sink_table': hit with handle 0
[15:48:07.868] [bmv2] [D] [thread 358] [27.0] [cxt 0] Dumping entry 0
Match key:
* hdr.int_shim.$valid$: EXACT     01
Action entry: MyIngress.int_sink_action -

[15:48:07.868] [bmv2] [D] [thread 358] [27.0] [cxt 0] Action entry is MyIngress.int_sink_action -
[15:48:07.868] [bmv2] [T] [thread 358] [27.0] [cxt 0] Action MyIngress.int_sink_action
[15:48:07.868] [bmv2] [T] [thread 358] [27.0] [cxt 0] int-gtp-destination.p4(278) Primitive meta.clone_port = 9
[15:48:07.868] [bmv2] [T] [thread 358] [27.0] [cxt 0] int-gtp-destination.p4(279) Primitive clone_preserving_field_list(CloneType.I2E, 99, 99)
[15:48:07.868] [bmv2] [T] [thread 358] [27.0] [cxt 0] int-gtp-destination.p4(339) Condition "hdr.ipv4_inner.isValid()" (node_8) is true
[15:48:07.868] [bmv2] [T] [thread 358] [27.0] [cxt 0] Applying table 'MyIngress.ipv4_lpm'
[15:48:07.868] [bmv2] [D] [thread 358] [27.0] [cxt 0] Looking up key:
* hdr.ipv4_inner.dstAddr: ac120014

[15:48:07.868] [bmv2] [D] [thread 358] [27.0] [cxt 0] Table 'MyIngress.ipv4_lpm': hit with handle 0
[15:48:07.868] [bmv2] [D] [thread 358] [27.0] [cxt 0] Dumping entry 0
Match key:
* hdr.ipv4_inner.dstAddr: LPM       ac120014/32
Action entry: MyIngress.forward_action - 1,

[15:48:07.868] [bmv2] [D] [thread 358] [27.0] [cxt 0] Action entry is MyIngress.forward_action - 1,
[15:48:07.868] [bmv2] [T] [thread 358] [27.0] [cxt 0] Action MyIngress.forward_action
[15:48:07.868] [bmv2] [T] [thread 358] [27.0] [cxt 0] int-gtp-destination.p4(283) Primitive standard_metadata.egress_spec = egress_port
[15:48:07.868] [bmv2] [D] [thread 358] [27.0] [cxt 0] Pipeline 'ingress': end
[15:48:07.868] [bmv2] [D] [thread 358] [27.0] [cxt 0] Cloning packet at ingress
[15:48:07.868] [bmv2] [D] [thread 358] [27.1] [cxt 0] Parser 'parser': start
[15:48:07.868] [bmv2] [D] [thread 358] [27.1] [cxt 0] Parser 'parser' entering state 'start'
[15:48:07.868] [bmv2] [D] [thread 358] [27.1] [cxt 0] Extracting header 'ethernet'
[15:48:07.868] [bmv2] [D] [thread 358] [27.1] [cxt 0] Parser set: setting field 'scalars.metadata.ingress_port' from field 'standard_metadata.ingress_port' (2)
[15:48:07.868] [bmv2] [D] [thread 358] [27.1] [cxt 0] Parser set: setting field 'scalars.metadata.ingress_ts' from expression, new value is 0
[15:48:07.868] [bmv2] [D] [thread 358] [27.1] [cxt 0] Parser set: setting field 'scalars.metadata.md_blocks_extracted' to 0
[15:48:07.868] [bmv2] [D] [thread 358] [27.1] [cxt 0] Parser set: setting field 'scalars.metadata.is_int_packet' to 0
[15:48:07.868] [bmv2] [D] [thread 358] [27.1] [cxt 0] Parser state 'start': key is 00fa
[15:48:07.868] [bmv2] [T] [thread 358] [27.1] [cxt 0] Bytes parsed: 14
[15:48:07.868] [bmv2] [D] [thread 358] [27.1] [cxt 0] Parser 'parser' entering state 'parse_int_shim'
[15:48:07.868] [bmv2] [D] [thread 358] [27.1] [cxt 0] Extracting header 'int_shim'
[15:48:07.868] [bmv2] [D] [thread 358] [27.1] [cxt 0] Parser set: setting field 'scalars.metadata.is_int_packet' to 1
[15:48:07.868] [bmv2] [D] [thread 358] [27.1] [cxt 0] Extracting header 'int_header'
[15:48:07.868] [bmv2] [D] [thread 358] [27.1] [cxt 0] Parser set: setting field 'scalars.metadata.md_blocks_extracted' from expression, new value is 251
[15:48:07.868] [bmv2] [D] [thread 358] [27.1] [cxt 0] Extracting header 'int_md[0]'
[15:48:07.868] [bmv2] [D] [thread 358] [27.1] [cxt 0] Extracting header 'int_md[1]'
[15:48:07.868] [bmv2] [D] [thread 358] [27.1] [cxt 0] Parser state 'parse_int_shim': key is 0800
[15:48:07.868] [bmv2] [T] [thread 358] [27.1] [cxt 0] Bytes parsed: 83
[15:48:07.868] [bmv2] [D] [thread 358] [27.1] [cxt 0] Parser 'parser' entering state 'parse_encapsulated_ipv4'
[15:48:07.868] [bmv2] [D] [thread 358] [27.1] [cxt 0] Extracting header 'ipv4_inner'
[15:48:07.868] [bmv2] [D] [thread 358] [27.1] [cxt 0] Parser state 'parse_encapsulated_ipv4': key is 84
[15:48:07.868] [bmv2] [T] [thread 358] [27.1] [cxt 0] Bytes parsed: 103
[15:48:07.868] [bmv2] [D] [thread 358] [27.1] [cxt 0] Parser 'parser' entering state 'parse_encapsulated_sctp_common'
[15:48:07.868] [bmv2] [D] [thread 358] [27.1] [cxt 0] Extracting header 'sctp'
[15:48:07.868] [bmv2] [D] [thread 358] [27.1] [cxt 0] Extracting header 'sctp_chunk'
[15:48:07.868] [bmv2] [D] [thread 358] [27.1] [cxt 0] Parser state 'parse_encapsulated_sctp_common': key is 00
[15:48:07.868] [bmv2] [T] [thread 358] [27.1] [cxt 0] Bytes parsed: 119
[15:48:07.868] [bmv2] [D] [thread 358] [27.1] [cxt 0] Parser 'parser' entering state 'parse_encapsulated_sctp_data_chunk'
[15:48:07.868] [bmv2] [D] [thread 358] [27.1] [cxt 0] Extracting header 'sctp_data_chunk'
[15:48:07.868] [bmv2] [D] [thread 358] [27.1] [cxt 0] Parser state 'parse_encapsulated_sctp_data_chunk' has no switch, going to default next state
[15:48:07.868] [bmv2] [T] [thread 358] [27.1] [cxt 0] Bytes parsed: 131
[15:48:07.868] [bmv2] [D] [thread 358] [27.1] [cxt 0] Parser 'parser': end
[15:48:07.868] [bmv2] [D] [thread 358] [27.0] [cxt 0] Cloning packet to egress port 9
[15:48:07.868] [bmv2] [D] [thread 360] [27.1] [cxt 0] Pipeline 'egress': start
[15:48:07.868] [bmv2] [T] [thread 360] [27.1] [cxt 0] int-gtp-destination.p4(402) Condition "hdr.int_shim.isValid()" (node_12) is true
[15:48:07.868] [bmv2] [T] [thread 360] [27.1] [cxt 0] Applying table 'tbl_update_int_metadata'
[15:48:07.869] [bmv2] [D] [thread 360] [27.1] [cxt 0] Looking up key:

[15:48:07.869] [bmv2] [D] [thread 360] [27.1] [cxt 0] Table 'tbl_update_int_metadata': miss
[15:48:07.869] [bmv2] [D] [thread 360] [27.1] [cxt 0] Action entry is MyEgress.update_int_metadata -
[15:48:07.869] [bmv2] [T] [thread 360] [27.1] [cxt 0] Action MyEgress.update_int_metadata
[15:48:07.869] [bmv2] [T] [thread 360] [27.1] [cxt 0] int-gtp-destination.p4(352) Primitive if
[15:48:07.869] [bmv2] [T] [thread 360] [27.1] [cxt 0] int-gtp-destination.p4(353) Primitive hdr.int_md[2].setValid()
[15:48:07.869] [bmv2] [T] [thread 360] [27.1] [cxt 0] int-gtp-destination.p4(354) Primitive hdr.int_md[2].padding_switch = 0
[15:48:07.869] [bmv2] [T] [thread 360] [27.1] [cxt 0] int-gtp-destination.p4(355) Primitive hdr.int_md[2].switch_id = (bit<16>)meta.switch_id
[15:48:07.869] [bmv2] [T] [thread 360] [27.1] [cxt 0] int-gtp-destination.p4(356) Primitive hdr.int_md[2].ingress_port_id = (bit<16>)meta.ingress_port
[15:48:07.869] [bmv2] [T] [thread 360] [27.1] [cxt 0] int-gtp-destination.p4(357) Primitive hdr.int_md[2].ingress_timestamp = meta.ingress_ts
[15:48:07.869] [bmv2] [T] [thread 360] [27.1] [cxt 0] int-gtp-destination.p4(362) Primitive hdr.int_md[2].congestion_notification = 0
[15:48:07.869] [bmv2] [T] [thread 360] [27.1] [cxt 0] int-gtp-destination.p4(363) Primitive hdr.int_md[2].reserved1 = 0
[15:48:07.869] [bmv2] [T] [thread 360] [27.1] [cxt 0] int-gtp-destination.p4(364) Primitive hdr.int_md[2].reserved2 = 0
[15:48:07.869] [bmv2] [T] [thread 360] [27.1] [cxt 0] int-gtp-destination.p4(368) Primitive hdr.int_md[2].egress_port_id = (bit<16>)standard_metadata.egress_port
[15:48:07.869] [bmv2] [T] [thread 360] [27.1] [cxt 0] int-gtp-destination.p4(369) Primitive hdr.int_md[2].egress_timestamp = (bit<32>)standard_metadata.egress_global_timestamp
[15:48:07.869] [bmv2] [T] [thread 360] [27.1] [cxt 0] int-gtp-destination.p4(370) Primitive hdr.int_md[2].hop_latency = hdr.int_md[2].egress_timestamp - hdr.int_md[2].ingress_timestamp
[15:48:07.869] [bmv2] [T] [thread 360] [27.1] [cxt 0] int-gtp-destination.p4(371) Primitive hdr.int_md[2].queue_occupancy = (bit<32>)standard_metadata.enq_qdepth
[15:48:07.869] [bmv2] [T] [thread 360] [27.1] [cxt 0] int-gtp-destination.p4(408) Condition "standard_metadata.instance_type == 1 || standard_metadata.egress_port == 9" (node_14) is true
[15:48:07.869] [bmv2] [D] [thread 360] [27.1] [cxt 0] Pipeline 'egress': end
[15:48:07.869] [bmv2] [D] [thread 360] [27.1] [cxt 0] Deparser 'deparser': start
[15:48:07.869] [bmv2] [D] [thread 360] [27.1] [cxt 0] Deparsing header 'ethernet'
[15:48:07.869] [bmv2] [D] [thread 360] [27.1] [cxt 0] Deparsing header 'int_shim'
[15:48:07.869] [bmv2] [D] [thread 360] [27.1] [cxt 0] Deparsing header 'int_header'
[15:48:07.869] [bmv2] [D] [thread 360] [27.1] [cxt 0] Deparsing header 'int_md[0]'
[15:48:07.869] [bmv2] [D] [thread 360] [27.1] [cxt 0] Deparsing header 'int_md[1]'
[15:48:07.869] [bmv2] [D] [thread 360] [27.1] [cxt 0] Deparsing header 'int_md[2]'
[15:48:07.869] [bmv2] [D] [thread 360] [27.1] [cxt 0] Deparsing header 'ipv4_inner'
[15:48:07.869] [bmv2] [D] [thread 360] [27.1] [cxt 0] Deparsing header 'sctp'
[15:48:07.869] [bmv2] [D] [thread 360] [27.1] [cxt 0] Deparsing header 'sctp_chunk'
[15:48:07.869] [bmv2] [D] [thread 360] [27.1] [cxt 0] Deparsing header 'sctp_data_chunk'
[15:48:07.869] [bmv2] [D] [thread 360] [27.1] [cxt 0] Deparser 'deparser': end
[15:48:07.869] [bmv2] [D] [thread 358] [27.0] [cxt 0] Egress port is 1
[15:48:07.869] [bmv2] [D] [thread 360] [27.0] [cxt 0] Pipeline 'egress': start
[15:48:07.869] [bmv2] [T] [thread 360] [27.0] [cxt 0] int-gtp-destination.p4(402) Condition "hdr.int_shim.isValid()" (node_12) is true
[15:48:07.869] [bmv2] [T] [thread 360] [27.0] [cxt 0] Applying table 'tbl_update_int_metadata'
[15:48:07.869] [bmv2] [D] [thread 360] [27.0] [cxt 0] Looking up key:

[15:48:07.869] [bmv2] [D] [thread 360] [27.0] [cxt 0] Table 'tbl_update_int_metadata': miss
[15:48:07.869] [bmv2] [D] [thread 363] [27.1] [cxt 0] Transmitting packet of size 235 out of port 9
[15:48:07.869] [bmv2] [D] [thread 360] [27.0] [cxt 0] Action entry is MyEgress.update_int_metadata -
[15:48:07.869] [bmv2] [T] [thread 360] [27.0] [cxt 0] Action MyEgress.update_int_metadata
[15:48:07.869] [bmv2] [T] [thread 360] [27.0] [cxt 0] int-gtp-destination.p4(352) Primitive if
[15:48:07.869] [bmv2] [T] [thread 360] [27.0] [cxt 0] int-gtp-destination.p4(352) Primitive if
[15:48:07.869] [bmv2] [T] [thread 360] [27.0] [cxt 0] int-gtp-destination.p4(368) Primitive hdr.int_md[2].egress_port_id = (bit<16>)standard_metadata.egress_port
[15:48:07.869] [bmv2] [T] [thread 360] [27.0] [cxt 0] int-gtp-destination.p4(369) Primitive hdr.int_md[2].egress_timestamp = (bit<32>)standard_metadata.egress_global_timestamp
[15:48:07.869] [bmv2] [T] [thread 360] [27.0] [cxt 0] int-gtp-destination.p4(370) Primitive hdr.int_md[2].hop_latency = hdr.int_md[2].egress_timestamp - hdr.int_md[2].ingress_timestamp
[15:48:07.869] [bmv2] [T] [thread 360] [27.0] [cxt 0] int-gtp-destination.p4(371) Primitive hdr.int_md[2].queue_occupancy = (bit<32>)standard_metadata.enq_qdepth
[15:48:07.869] [bmv2] [T] [thread 360] [27.0] [cxt 0] int-gtp-destination.p4(408) Condition "standard_metadata.instance_type == 1 || standard_metadata.egress_port == 9" (node_14) is false
[15:48:07.869] [bmv2] [T] [thread 360] [27.0] [cxt 0] Applying table 'MyEgress.egress_control'
[15:48:07.869] [bmv2] [D] [thread 360] [27.0] [cxt 0] Looking up key:
* standard_metadata.egress_port: 0001

[15:48:07.869] [bmv2] [D] [thread 360] [27.0] [cxt 0] Table 'MyEgress.egress_control': hit with handle 0
[15:48:07.869] [bmv2] [D] [thread 360] [27.0] [cxt 0] Dumping entry 0
Match key:
* standard_metadata.egress_port: EXACT     0001
Action entry: MyEgress.strip_int_headers -

[15:48:07.869] [bmv2] [D] [thread 360] [27.0] [cxt 0] Action entry is MyEgress.strip_int_headers -
[15:48:07.869] [bmv2] [T] [thread 360] [27.0] [cxt 0] Action MyEgress.strip_int_headers
[15:48:07.869] [bmv2] [T] [thread 360] [27.0] [cxt 0] int-gtp-destination.p4(375) Primitive hdr.ethernet.etherType = hdr.int_shim.next_proto
[15:48:07.869] [bmv2] [T] [thread 360] [27.0] [cxt 0] int-gtp-destination.p4(376) Primitive hdr.int_shim.setInvalid()
[15:48:07.869] [bmv2] [T] [thread 360] [27.0] [cxt 0] int-gtp-destination.p4(377) Primitive hdr.int_header.setInvalid()
[15:48:07.869] [bmv2] [T] [thread 360] [27.0] [cxt 0] int-gtp-destination.p4(379) Primitive hdr.int_md[0].setInvalid()
[15:48:07.869] [bmv2] [T] [thread 360] [27.0] [cxt 0] int-gtp-destination.p4(380) Primitive hdr.int_md[1].setInvalid()
[15:48:07.869] [bmv2] [T] [thread 360] [27.0] [cxt 0] int-gtp-destination.p4(381) Primitive hdr.int_md[2].setInvalid()
[15:48:07.869] [bmv2] [T] [thread 360] [27.0] [cxt 0] int-gtp-destination.p4(382) Primitive hdr.int_md[3].setInvalid()
[15:48:07.869] [bmv2] [T] [thread 360] [27.0] [cxt 0] int-gtp-destination.p4(383) Primitive hdr.int_md[4].setInvalid()
[15:48:07.869] [bmv2] [T] [thread 360] [27.0] [cxt 0] int-gtp-destination.p4(384) Primitive hdr.int_md[5].setInvalid()
[15:48:07.869] [bmv2] [T] [thread 360] [27.0] [cxt 0] int-gtp-destination.p4(385) Primitive hdr.int_md[6].setInvalid()
[15:48:07.869] [bmv2] [T] [thread 360] [27.0] [cxt 0] int-gtp-destination.p4(386) Primitive hdr.int_md[7].setInvalid()
[15:48:07.869] [bmv2] [D] [thread 360] [27.0] [cxt 0] Pipeline 'egress': end
[15:48:07.869] [bmv2] [D] [thread 360] [27.0] [cxt 0] Deparser 'deparser': start
[15:48:07.869] [bmv2] [D] [thread 360] [27.0] [cxt 0] Deparsing header 'ethernet'
[15:48:07.869] [bmv2] [D] [thread 360] [27.0] [cxt 0] Deparsing header 'ipv4_inner'
[15:48:07.869] [bmv2] [D] [thread 360] [27.0] [cxt 0] Deparsing header 'sctp'
[15:48:07.869] [bmv2] [D] [thread 360] [27.0] [cxt 0] Deparsing header 'sctp_chunk'
[15:48:07.869] [bmv2] [D] [thread 360] [27.0] [cxt 0] Deparsing header 'sctp_data_chunk'
[15:48:07.869] [bmv2] [D] [thread 360] [27.0] [cxt 0] Deparser 'deparser': end
[15:48:07.869] [bmv2] [D] [thread 363] [27.0] [cxt 0] Transmitting packet of size 138 out of port 1
[15:48:08.090] [bmv2] [D] [thread 358] [28.0] [cxt 0] Processing packet received on port 1
[15:48:08.090] [bmv2] [D] [thread 358] [28.0] [cxt 0] Parser 'parser': start
[15:48:08.090] [bmv2] [D] [thread 358] [28.0] [cxt 0] Parser 'parser' entering state 'start'
[15:48:08.090] [bmv2] [D] [thread 358] [28.0] [cxt 0] Extracting header 'ethernet'
[15:48:08.090] [bmv2] [D] [thread 358] [28.0] [cxt 0] Parser set: setting field 'scalars.metadata.ingress_port' from field 'standard_metadata.ingress_port' (1)
[15:48:08.090] [bmv2] [D] [thread 358] [28.0] [cxt 0] Parser set: setting field 'scalars.metadata.ingress_ts' from expression, new value is 168559090
[15:48:08.090] [bmv2] [D] [thread 358] [28.0] [cxt 0] Parser set: setting field 'scalars.metadata.md_blocks_extracted' to 0
[15:48:08.090] [bmv2] [D] [thread 358] [28.0] [cxt 0] Parser set: setting field 'scalars.metadata.is_int_packet' to 0
[15:48:08.090] [bmv2] [D] [thread 358] [28.0] [cxt 0] Parser state 'start': key is 0800
[15:48:08.090] [bmv2] [T] [thread 358] [28.0] [cxt 0] Bytes parsed: 14
[15:48:08.090] [bmv2] [D] [thread 358] [28.0] [cxt 0] Parser 'parser' entering state 'parse_ipv4'
[15:48:08.090] [bmv2] [D] [thread 358] [28.0] [cxt 0] Extracting header 'ipv4_inner'
[15:48:08.090] [bmv2] [D] [thread 358] [28.0] [cxt 0] Parser state 'parse_ipv4': key is 84
[15:48:08.090] [bmv2] [T] [thread 358] [28.0] [cxt 0] Bytes parsed: 34
[15:48:08.090] [bmv2] [D] [thread 358] [28.0] [cxt 0] Parser 'parser' entering state 'parse_sctp_common'
[15:48:08.090] [bmv2] [D] [thread 358] [28.0] [cxt 0] Extracting header 'sctp'
[15:48:08.090] [bmv2] [D] [thread 358] [28.0] [cxt 0] Extracting header 'sctp_chunk'
[15:48:08.090] [bmv2] [D] [thread 358] [28.0] [cxt 0] Parser state 'parse_sctp_common': key is 03
[15:48:08.090] [bmv2] [T] [thread 358] [28.0] [cxt 0] Bytes parsed: 50
[15:48:08.090] [bmv2] [D] [thread 358] [28.0] [cxt 0] Parser 'parser': end
[15:48:08.090] [bmv2] [D] [thread 358] [28.0] [cxt 0] Pipeline 'ingress': start
[15:48:08.090] [bmv2] [T] [thread 358] [28.0] [cxt 0] Applying table 'tbl_intgtpdestination311'
[15:48:08.090] [bmv2] [D] [thread 358] [28.0] [cxt 0] Looking up key:

[15:48:08.090] [bmv2] [D] [thread 358] [28.0] [cxt 0] Table 'tbl_intgtpdestination311': miss
[15:48:08.090] [bmv2] [D] [thread 358] [28.0] [cxt 0] Action entry is intgtpdestination311 -
[15:48:08.090] [bmv2] [T] [thread 358] [28.0] [cxt 0] Action intgtpdestination311
[15:48:08.090] [bmv2] [T] [thread 358] [28.0] [cxt 0] int-gtp-destination.p4(311) Primitive meta.switch_id = 3
[15:48:08.090] [bmv2] [T] [thread 358] [28.0] [cxt 0] int-gtp-destination.p4(313) Condition "hdr.ethernet.isValid()" (node_3) is true
[15:48:08.090] [bmv2] [T] [thread 358] [28.0] [cxt 0] int-gtp-destination.p4(314) Condition "hdr.int_shim.isValid()" (node_4) is false
[15:48:08.090] [bmv2] [T] [thread 358] [28.0] [cxt 0] int-gtp-destination.p4(339) Condition "hdr.ipv4_inner.isValid()" (node_8) is true
[15:48:08.090] [bmv2] [T] [thread 358] [28.0] [cxt 0] Applying table 'MyIngress.ipv4_lpm'
[15:48:08.090] [bmv2] [D] [thread 358] [28.0] [cxt 0] Looking up key:
* hdr.ipv4_inner.dstAddr: ac120a03

[15:48:08.091] [bmv2] [D] [thread 358] [28.0] [cxt 0] Table 'MyIngress.ipv4_lpm': hit with handle 2
[15:48:08.091] [bmv2] [D] [thread 358] [28.0] [cxt 0] Dumping entry 2
Match key:
* hdr.ipv4_inner.dstAddr: LPM       ac120a03/32
Action entry: MyIngress.forward_action - 2,

[15:48:08.091] [bmv2] [D] [thread 358] [28.0] [cxt 0] Action entry is MyIngress.forward_action - 2,
[15:48:08.091] [bmv2] [T] [thread 358] [28.0] [cxt 0] Action MyIngress.forward_action
[15:48:08.091] [bmv2] [T] [thread 358] [28.0] [cxt 0] int-gtp-destination.p4(283) Primitive standard_metadata.egress_spec = egress_port
[15:48:08.091] [bmv2] [D] [thread 358] [28.0] [cxt 0] Pipeline 'ingress': end
[15:48:08.091] [bmv2] [D] [thread 358] [28.0] [cxt 0] Egress port is 2
[15:48:08.091] [bmv2] [D] [thread 361] [28.0] [cxt 0] Pipeline 'egress': start
[15:48:08.091] [bmv2] [T] [thread 361] [28.0] [cxt 0] int-gtp-destination.p4(402) Condition "hdr.int_shim.isValid()" (node_12) is false
[15:48:08.091] [bmv2] [D] [thread 361] [28.0] [cxt 0] Pipeline 'egress': end
[15:48:08.091] [bmv2] [D] [thread 358] [29.0] [cxt 0] Processing packet received on port 1
[15:48:08.091] [bmv2] [D] [thread 358] [29.0] [cxt 0] Parser 'parser': start
[15:48:08.091] [bmv2] [D] [thread 358] [29.0] [cxt 0] Parser 'parser' entering state 'start'
[15:48:08.091] [bmv2] [D] [thread 358] [29.0] [cxt 0] Extracting header 'ethernet'
[15:48:08.091] [bmv2] [D] [thread 358] [29.0] [cxt 0] Parser set: setting field 'scalars.metadata.ingress_port' from field 'standard_metadata.ingress_port' (1)
[15:48:08.091] [bmv2] [D] [thread 358] [29.0] [cxt 0] Parser set: setting field 'scalars.metadata.ingress_ts' from expression, new value is 168559731
[15:48:08.091] [bmv2] [D] [thread 358] [29.0] [cxt 0] Parser set: setting field 'scalars.metadata.md_blocks_extracted' to 0
[15:48:08.091] [bmv2] [D] [thread 358] [29.0] [cxt 0] Parser set: setting field 'scalars.metadata.is_int_packet' to 0
[15:48:08.091] [bmv2] [D] [thread 361] [28.0] [cxt 0] Deparser 'deparser': start
[15:48:08.091] [bmv2] [D] [thread 361] [28.0] [cxt 0] Deparsing header 'ethernet'
[15:48:08.091] [bmv2] [D] [thread 361] [28.0] [cxt 0] Deparsing header 'ipv4_inner'
[15:48:08.091] [bmv2] [D] [thread 361] [28.0] [cxt 0] Deparsing header 'sctp'
[15:48:08.091] [bmv2] [D] [thread 361] [28.0] [cxt 0] Deparsing header 'sctp_chunk'
[15:48:08.091] [bmv2] [D] [thread 361] [28.0] [cxt 0] Deparser 'deparser': end
[15:48:08.091] [bmv2] [D] [thread 358] [29.0] [cxt 0] Parser state 'start': key is 0800
[15:48:08.091] [bmv2] [D] [thread 363] [28.0] [cxt 0] Transmitting packet of size 62 out of port 2
[15:48:08.091] [bmv2] [T] [thread 358] [29.0] [cxt 0] Bytes parsed: 14
[15:48:08.091] [bmv2] [D] [thread 358] [29.0] [cxt 0] Parser 'parser' entering state 'parse_ipv4'
[15:48:08.091] [bmv2] [D] [thread 358] [29.0] [cxt 0] Extracting header 'ipv4_inner'
[15:48:08.091] [bmv2] [D] [thread 358] [29.0] [cxt 0] Parser state 'parse_ipv4': key is 84
[15:48:08.091] [bmv2] [T] [thread 358] [29.0] [cxt 0] Bytes parsed: 34
[15:48:08.091] [bmv2] [D] [thread 358] [29.0] [cxt 0] Parser 'parser' entering state 'parse_sctp_common'
[15:48:08.091] [bmv2] [D] [thread 358] [29.0] [cxt 0] Extracting header 'sctp'
[15:48:08.091] [bmv2] [D] [thread 358] [29.0] [cxt 0] Extracting header 'sctp_chunk'
[15:48:08.091] [bmv2] [D] [thread 358] [29.0] [cxt 0] Parser state 'parse_sctp_common': key is 00
[15:48:08.091] [bmv2] [T] [thread 358] [29.0] [cxt 0] Bytes parsed: 50
[15:48:08.091] [bmv2] [D] [thread 358] [29.0] [cxt 0] Parser 'parser' entering state 'parse_sctp_data_chunk'
[15:48:08.091] [bmv2] [D] [thread 358] [29.0] [cxt 0] Extracting header 'sctp_data_chunk'
[15:48:08.091] [bmv2] [D] [thread 358] [29.0] [cxt 0] Parser state 'parse_sctp_data_chunk' has no switch, going to default next state
[15:48:08.091] [bmv2] [T] [thread 358] [29.0] [cxt 0] Bytes parsed: 62
[15:48:08.091] [bmv2] [D] [thread 358] [29.0] [cxt 0] Parser 'parser': end
[15:48:08.091] [bmv2] [D] [thread 358] [29.0] [cxt 0] Pipeline 'ingress': start
[15:48:08.091] [bmv2] [T] [thread 358] [29.0] [cxt 0] Applying table 'tbl_intgtpdestination311'
[15:48:08.091] [bmv2] [D] [thread 358] [29.0] [cxt 0] Looking up key:

[15:48:08.091] [bmv2] [D] [thread 358] [29.0] [cxt 0] Table 'tbl_intgtpdestination311': miss
[15:48:08.091] [bmv2] [D] [thread 358] [29.0] [cxt 0] Action entry is intgtpdestination311 -
[15:48:08.091] [bmv2] [T] [thread 358] [29.0] [cxt 0] Action intgtpdestination311
[15:48:08.091] [bmv2] [T] [thread 358] [29.0] [cxt 0] int-gtp-destination.p4(311) Primitive meta.switch_id = 3
[15:48:08.091] [bmv2] [T] [thread 358] [29.0] [cxt 0] int-gtp-destination.p4(313) Condition "hdr.ethernet.isValid()" (node_3) is true
[15:48:08.091] [bmv2] [T] [thread 358] [29.0] [cxt 0] int-gtp-destination.p4(314) Condition "hdr.int_shim.isValid()" (node_4) is false
[15:48:08.091] [bmv2] [T] [thread 358] [29.0] [cxt 0] int-gtp-destination.p4(339) Condition "hdr.ipv4_inner.isValid()" (node_8) is true
[15:48:08.091] [bmv2] [T] [thread 358] [29.0] [cxt 0] Applying table 'MyIngress.ipv4_lpm'
[15:48:08.091] [bmv2] [D] [thread 358] [29.0] [cxt 0] Looking up key:
* hdr.ipv4_inner.dstAddr: ac120a03

[15:48:08.091] [bmv2] [D] [thread 358] [29.0] [cxt 0] Table 'MyIngress.ipv4_lpm': hit with handle 2
[15:48:08.091] [bmv2] [D] [thread 358] [29.0] [cxt 0] Dumping entry 2
Match key:
* hdr.ipv4_inner.dstAddr: LPM       ac120a03/32
Action entry: MyIngress.forward_action - 2,

[15:48:08.091] [bmv2] [D] [thread 358] [29.0] [cxt 0] Action entry is MyIngress.forward_action - 2,
[15:48:08.091] [bmv2] [T] [thread 358] [29.0] [cxt 0] Action MyIngress.forward_action
[15:48:08.091] [bmv2] [T] [thread 358] [29.0] [cxt 0] int-gtp-destination.p4(283) Primitive standard_metadata.egress_spec = egress_port
[15:48:08.091] [bmv2] [D] [thread 358] [29.0] [cxt 0] Pipeline 'ingress': end
[15:48:08.091] [bmv2] [D] [thread 358] [29.0] [cxt 0] Egress port is 2
[15:48:08.091] [bmv2] [D] [thread 361] [29.0] [cxt 0] Pipeline 'egress': start
[15:48:08.091] [bmv2] [T] [thread 361] [29.0] [cxt 0] int-gtp-destination.p4(402) Condition "hdr.int_shim.isValid()" (node_12) is false
[15:48:08.091] [bmv2] [D] [thread 361] [29.0] [cxt 0] Pipeline 'egress': end
[15:48:08.091] [bmv2] [D] [thread 361] [29.0] [cxt 0] Deparser 'deparser': start
[15:48:08.091] [bmv2] [D] [thread 361] [29.0] [cxt 0] Deparsing header 'ethernet'
[15:48:08.091] [bmv2] [D] [thread 361] [29.0] [cxt 0] Deparsing header 'ipv4_inner'
[15:48:08.092] [bmv2] [D] [thread 361] [29.0] [cxt 0] Deparsing header 'sctp'
[15:48:08.092] [bmv2] [D] [thread 361] [29.0] [cxt 0] Deparsing header 'sctp_chunk'
[15:48:08.092] [bmv2] [D] [thread 361] [29.0] [cxt 0] Deparsing header 'sctp_data_chunk'
[15:48:08.092] [bmv2] [D] [thread 361] [29.0] [cxt 0] Deparser 'deparser': end
[15:48:08.092] [bmv2] [D] [thread 363] [29.0] [cxt 0] Transmitting packet of size 130 out of port 2
[15:48:08.120] [bmv2] [D] [thread 358] [30.0] [cxt 0] Processing packet received on port 2
[15:48:08.120] [bmv2] [D] [thread 358] [30.0] [cxt 0] Parser 'parser': start
[15:48:08.120] [bmv2] [D] [thread 358] [30.0] [cxt 0] Parser 'parser' entering state 'start'
[15:48:08.120] [bmv2] [D] [thread 358] [30.0] [cxt 0] Extracting header 'ethernet'
[15:48:08.120] [bmv2] [D] [thread 358] [30.0] [cxt 0] Parser set: setting field 'scalars.metadata.ingress_port' from field 'standard_metadata.ingress_port' (2)
[15:48:08.120] [bmv2] [D] [thread 358] [30.0] [cxt 0] Parser set: setting field 'scalars.metadata.ingress_ts' from expression, new value is 168589353
[15:48:08.120] [bmv2] [D] [thread 358] [30.0] [cxt 0] Parser set: setting field 'scalars.metadata.md_blocks_extracted' to 0
[15:48:08.120] [bmv2] [D] [thread 358] [30.0] [cxt 0] Parser set: setting field 'scalars.metadata.is_int_packet' to 0
[15:48:08.120] [bmv2] [D] [thread 358] [30.0] [cxt 0] Parser state 'start': key is 00fa
[15:48:08.120] [bmv2] [T] [thread 358] [30.0] [cxt 0] Bytes parsed: 14
[15:48:08.120] [bmv2] [D] [thread 358] [30.0] [cxt 0] Parser 'parser' entering state 'parse_int_shim'
[15:48:08.120] [bmv2] [D] [thread 358] [30.0] [cxt 0] Extracting header 'int_shim'
[15:48:08.120] [bmv2] [D] [thread 358] [30.0] [cxt 0] Parser set: setting field 'scalars.metadata.is_int_packet' to 1
[15:48:08.120] [bmv2] [D] [thread 358] [30.0] [cxt 0] Extracting header 'int_header'
[15:48:08.120] [bmv2] [D] [thread 358] [30.0] [cxt 0] Parser set: setting field 'scalars.metadata.md_blocks_extracted' from expression, new value is 251
[15:48:08.120] [bmv2] [D] [thread 358] [30.0] [cxt 0] Extracting header 'int_md[0]'
[15:48:08.120] [bmv2] [D] [thread 358] [30.0] [cxt 0] Extracting header 'int_md[1]'
[15:48:08.120] [bmv2] [D] [thread 358] [30.0] [cxt 0] Parser state 'parse_int_shim': key is 0800
[15:48:08.120] [bmv2] [T] [thread 358] [30.0] [cxt 0] Bytes parsed: 83
[15:48:08.120] [bmv2] [D] [thread 358] [30.0] [cxt 0] Parser 'parser' entering state 'parse_encapsulated_ipv4'
[15:48:08.120] [bmv2] [D] [thread 358] [30.0] [cxt 0] Extracting header 'ipv4_inner'
[15:48:08.121] [bmv2] [D] [thread 358] [30.0] [cxt 0] Parser state 'parse_encapsulated_ipv4': key is 84
[15:48:08.121] [bmv2] [T] [thread 358] [30.0] [cxt 0] Bytes parsed: 103
[15:48:08.121] [bmv2] [D] [thread 358] [30.0] [cxt 0] Parser 'parser' entering state 'parse_encapsulated_sctp_common'
[15:48:08.121] [bmv2] [D] [thread 358] [30.0] [cxt 0] Extracting header 'sctp'
[15:48:08.121] [bmv2] [D] [thread 358] [30.0] [cxt 0] Extracting header 'sctp_chunk'
[15:48:08.121] [bmv2] [D] [thread 358] [30.0] [cxt 0] Parser state 'parse_encapsulated_sctp_common': key is 03
[15:48:08.121] [bmv2] [T] [thread 358] [30.0] [cxt 0] Bytes parsed: 119
[15:48:08.121] [bmv2] [D] [thread 358] [30.0] [cxt 0] Parser 'parser': end
[15:48:08.121] [bmv2] [D] [thread 358] [30.0] [cxt 0] Pipeline 'ingress': start
[15:48:08.121] [bmv2] [T] [thread 358] [30.0] [cxt 0] Applying table 'tbl_intgtpdestination311'
[15:48:08.121] [bmv2] [D] [thread 358] [30.0] [cxt 0] Looking up key:

[15:48:08.121] [bmv2] [D] [thread 358] [30.0] [cxt 0] Table 'tbl_intgtpdestination311': miss
[15:48:08.121] [bmv2] [D] [thread 358] [30.0] [cxt 0] Action entry is intgtpdestination311 -
[15:48:08.121] [bmv2] [T] [thread 358] [30.0] [cxt 0] Action intgtpdestination311
[15:48:08.121] [bmv2] [T] [thread 358] [30.0] [cxt 0] int-gtp-destination.p4(311) Primitive meta.switch_id = 3
[15:48:08.121] [bmv2] [T] [thread 358] [30.0] [cxt 0] int-gtp-destination.p4(313) Condition "hdr.ethernet.isValid()" (node_3) is true
[15:48:08.121] [bmv2] [T] [thread 358] [30.0] [cxt 0] int-gtp-destination.p4(314) Condition "hdr.int_shim.isValid()" (node_4) is true
[15:48:08.121] [bmv2] [T] [thread 358] [30.0] [cxt 0] int-gtp-destination.p4(316) Condition "hdr.int_header.remaining_hop_cnt > 0" (node_5) is true
[15:48:08.121] [bmv2] [T] [thread 358] [30.0] [cxt 0] Applying table 'tbl_intgtpdestination317'
[15:48:08.121] [bmv2] [D] [thread 358] [30.0] [cxt 0] Looking up key:

[15:48:08.121] [bmv2] [D] [thread 358] [30.0] [cxt 0] Table 'tbl_intgtpdestination317': miss
[15:48:08.121] [bmv2] [D] [thread 358] [30.0] [cxt 0] Action entry is intgtpdestination317 -
[15:48:08.121] [bmv2] [T] [thread 358] [30.0] [cxt 0] Action intgtpdestination317
[15:48:08.121] [bmv2] [T] [thread 358] [30.0] [cxt 0] int-gtp-destination.p4(317) Primitive hdr.int_md[2].setValid()
[15:48:08.121] [bmv2] [T] [thread 358] [30.0] [cxt 0] int-gtp-destination.p4(318) Primitive hdr.int_md[2].padding_switch = 0
[15:48:08.121] [bmv2] [T] [thread 358] [30.0] [cxt 0] int-gtp-destination.p4(319) Primitive hdr.int_md[2].switch_id = (bit<16>)meta.switch_id
[15:48:08.121] [bmv2] [T] [thread 358] [30.0] [cxt 0] int-gtp-destination.p4(320) Primitive hdr.int_md[2].ingress_port_id = (bit<16>)meta.ingress_port
[15:48:08.121] [bmv2] [T] [thread 358] [30.0] [cxt 0] int-gtp-destination.p4(321) Primitive hdr.int_md[2].ingress_timestamp = meta.ingress_ts
[15:48:08.121] [bmv2] [T] [thread 358] [30.0] [cxt 0] int-gtp-destination.p4(322) Primitive hdr.int_md[2].egress_port_id = 0
[15:48:08.121] [bmv2] [T] [thread 358] [30.0] [cxt 0] int-gtp-destination.p4(323) Primitive hdr.int_md[2].hop_latency = 0
[15:48:08.121] [bmv2] [T] [thread 358] [30.0] [cxt 0] int-gtp-destination.p4(324) Primitive hdr.int_md[2].egress_timestamp = 0
[15:48:08.121] [bmv2] [T] [thread 358] [30.0] [cxt 0] int-gtp-destination.p4(325) Primitive hdr.int_md[2].queue_occupancy = 0
[15:48:08.121] [bmv2] [T] [thread 358] [30.0] [cxt 0] int-gtp-destination.p4(326) Primitive hdr.int_md[2].congestion_notification = 0
[15:48:08.121] [bmv2] [T] [thread 358] [30.0] [cxt 0] int-gtp-destination.p4(327) Primitive hdr.int_md[2].reserved1 = 0
[15:48:08.121] [bmv2] [T] [thread 358] [30.0] [cxt 0] int-gtp-destination.p4(328) Primitive hdr.int_md[2].reserved2 = 0
[15:48:08.121] [bmv2] [T] [thread 358] [30.0] [cxt 0] int-gtp-destination.p4(330) Primitive hdr.int_header.remaining_hop_cnt = hdr.int_header.remaining_hop_cnt - 1
[15:48:08.121] [bmv2] [T] [thread 358] [30.0] [cxt 0] int-gtp-destination.p4(331) Primitive hdr.int_shim.length = hdr.int_shim.length + 32
[15:48:08.121] [bmv2] [T] [thread 358] [30.0] [cxt 0] Applying table 'MyIngress.int_sink_table'
[15:48:08.121] [bmv2] [D] [thread 358] [30.0] [cxt 0] Looking up key:
* hdr.int_shim.$valid$: 01

[15:48:08.121] [bmv2] [D] [thread 358] [30.0] [cxt 0] Table 'MyIngress.int_sink_table': hit with handle 0
[15:48:08.121] [bmv2] [D] [thread 358] [30.0] [cxt 0] Dumping entry 0
Match key:
* hdr.int_shim.$valid$: EXACT     01
Action entry: MyIngress.int_sink_action -

[15:48:08.121] [bmv2] [D] [thread 358] [30.0] [cxt 0] Action entry is MyIngress.int_sink_action -
[15:48:08.121] [bmv2] [T] [thread 358] [30.0] [cxt 0] Action MyIngress.int_sink_action
[15:48:08.121] [bmv2] [T] [thread 358] [30.0] [cxt 0] int-gtp-destination.p4(278) Primitive meta.clone_port = 9
[15:48:08.121] [bmv2] [T] [thread 358] [30.0] [cxt 0] int-gtp-destination.p4(279) Primitive clone_preserving_field_list(CloneType.I2E, 99, 99)
[15:48:08.121] [bmv2] [T] [thread 358] [30.0] [cxt 0] int-gtp-destination.p4(339) Condition "hdr.ipv4_inner.isValid()" (node_8) is true
[15:48:08.121] [bmv2] [T] [thread 358] [30.0] [cxt 0] Applying table 'MyIngress.ipv4_lpm'
[15:48:08.121] [bmv2] [D] [thread 358] [30.0] [cxt 0] Looking up key:
* hdr.ipv4_inner.dstAddr: ac120014

[15:48:08.121] [bmv2] [D] [thread 358] [30.0] [cxt 0] Table 'MyIngress.ipv4_lpm': hit with handle 0
[15:48:08.121] [bmv2] [D] [thread 358] [30.0] [cxt 0] Dumping entry 0
Match key:
* hdr.ipv4_inner.dstAddr: LPM       ac120014/32
Action entry: MyIngress.forward_action - 1,

[15:48:08.121] [bmv2] [D] [thread 358] [30.0] [cxt 0] Action entry is MyIngress.forward_action - 1,
[15:48:08.121] [bmv2] [T] [thread 358] [30.0] [cxt 0] Action MyIngress.forward_action
[15:48:08.121] [bmv2] [T] [thread 358] [30.0] [cxt 0] int-gtp-destination.p4(283) Primitive standard_metadata.egress_spec = egress_port
[15:48:08.121] [bmv2] [D] [thread 358] [30.0] [cxt 0] Pipeline 'ingress': end
[15:48:08.121] [bmv2] [D] [thread 358] [30.0] [cxt 0] Cloning packet at ingress
[15:48:08.121] [bmv2] [D] [thread 358] [30.1] [cxt 0] Parser 'parser': start
[15:48:08.121] [bmv2] [D] [thread 358] [30.1] [cxt 0] Parser 'parser' entering state 'start'
[15:48:08.121] [bmv2] [D] [thread 358] [30.1] [cxt 0] Extracting header 'ethernet'
[15:48:08.121] [bmv2] [D] [thread 358] [30.1] [cxt 0] Parser set: setting field 'scalars.metadata.ingress_port' from field 'standard_metadata.ingress_port' (2)
[15:48:08.121] [bmv2] [D] [thread 358] [30.1] [cxt 0] Parser set: setting field 'scalars.metadata.ingress_ts' from expression, new value is 168559090
[15:48:08.121] [bmv2] [D] [thread 358] [30.1] [cxt 0] Parser set: setting field 'scalars.metadata.md_blocks_extracted' to 0
[15:48:08.121] [bmv2] [D] [thread 358] [30.1] [cxt 0] Parser set: setting field 'scalars.metadata.is_int_packet' to 0
[15:48:08.121] [bmv2] [D] [thread 358] [30.1] [cxt 0] Parser state 'start': key is 00fa
[15:48:08.121] [bmv2] [T] [thread 358] [30.1] [cxt 0] Bytes parsed: 14
[15:48:08.121] [bmv2] [D] [thread 358] [30.1] [cxt 0] Parser 'parser' entering state 'parse_int_shim'
[15:48:08.121] [bmv2] [D] [thread 358] [30.1] [cxt 0] Extracting header 'int_shim'
[15:48:08.121] [bmv2] [D] [thread 358] [30.1] [cxt 0] Parser set: setting field 'scalars.metadata.is_int_packet' to 1
[15:48:08.121] [bmv2] [D] [thread 358] [30.1] [cxt 0] Extracting header 'int_header'
[15:48:08.121] [bmv2] [D] [thread 358] [30.1] [cxt 0] Parser set: setting field 'scalars.metadata.md_blocks_extracted' from expression, new value is 251
[15:48:08.121] [bmv2] [D] [thread 358] [30.1] [cxt 0] Extracting header 'int_md[0]'
[15:48:08.121] [bmv2] [D] [thread 358] [30.1] [cxt 0] Extracting header 'int_md[1]'
[15:48:08.121] [bmv2] [D] [thread 358] [30.1] [cxt 0] Parser state 'parse_int_shim': key is 0800
[15:48:08.121] [bmv2] [T] [thread 358] [30.1] [cxt 0] Bytes parsed: 83
[15:48:08.121] [bmv2] [D] [thread 358] [30.1] [cxt 0] Parser 'parser' entering state 'parse_encapsulated_ipv4'
[15:48:08.121] [bmv2] [D] [thread 358] [30.1] [cxt 0] Extracting header 'ipv4_inner'
[15:48:08.121] [bmv2] [D] [thread 358] [30.1] [cxt 0] Parser state 'parse_encapsulated_ipv4': key is 84
[15:48:08.121] [bmv2] [T] [thread 358] [30.1] [cxt 0] Bytes parsed: 103
[15:48:08.121] [bmv2] [D] [thread 358] [30.1] [cxt 0] Parser 'parser' entering state 'parse_encapsulated_sctp_common'
[15:48:08.121] [bmv2] [D] [thread 358] [30.1] [cxt 0] Extracting header 'sctp'
[15:48:08.121] [bmv2] [D] [thread 358] [30.1] [cxt 0] Extracting header 'sctp_chunk'
[15:48:08.121] [bmv2] [D] [thread 358] [30.1] [cxt 0] Parser state 'parse_encapsulated_sctp_common': key is 03
[15:48:08.121] [bmv2] [T] [thread 358] [30.1] [cxt 0] Bytes parsed: 119
[15:48:08.121] [bmv2] [D] [thread 358] [30.1] [cxt 0] Parser 'parser': end
[15:48:08.121] [bmv2] [D] [thread 358] [30.0] [cxt 0] Cloning packet to egress port 9
[15:48:08.121] [bmv2] [D] [thread 358] [30.0] [cxt 0] Egress port is 1
[15:48:08.121] [bmv2] [D] [thread 360] [30.1] [cxt 0] Pipeline 'egress': start
[15:48:08.122] [bmv2] [T] [thread 360] [30.1] [cxt 0] int-gtp-destination.p4(402) Condition "hdr.int_shim.isValid()" (node_12) is true
[15:48:08.122] [bmv2] [T] [thread 360] [30.1] [cxt 0] Applying table 'tbl_update_int_metadata'
[15:48:08.122] [bmv2] [D] [thread 360] [30.1] [cxt 0] Looking up key:

[15:48:08.122] [bmv2] [D] [thread 360] [30.1] [cxt 0] Table 'tbl_update_int_metadata': miss
[15:48:08.122] [bmv2] [D] [thread 360] [30.1] [cxt 0] Action entry is MyEgress.update_int_metadata -
[15:48:08.122] [bmv2] [T] [thread 360] [30.1] [cxt 0] Action MyEgress.update_int_metadata
[15:48:08.122] [bmv2] [T] [thread 360] [30.1] [cxt 0] int-gtp-destination.p4(352) Primitive if
[15:48:08.122] [bmv2] [T] [thread 360] [30.1] [cxt 0] int-gtp-destination.p4(353) Primitive hdr.int_md[2].setValid()
[15:48:08.122] [bmv2] [T] [thread 360] [30.1] [cxt 0] int-gtp-destination.p4(354) Primitive hdr.int_md[2].padding_switch = 0
[15:48:08.122] [bmv2] [T] [thread 360] [30.1] [cxt 0] int-gtp-destination.p4(355) Primitive hdr.int_md[2].switch_id = (bit<16>)meta.switch_id
[15:48:08.122] [bmv2] [T] [thread 360] [30.1] [cxt 0] int-gtp-destination.p4(356) Primitive hdr.int_md[2].ingress_port_id = (bit<16>)meta.ingress_port
[15:48:08.122] [bmv2] [T] [thread 360] [30.1] [cxt 0] int-gtp-destination.p4(357) Primitive hdr.int_md[2].ingress_timestamp = meta.ingress_ts
[15:48:08.122] [bmv2] [T] [thread 360] [30.1] [cxt 0] int-gtp-destination.p4(362) Primitive hdr.int_md[2].congestion_notification = 0
[15:48:08.122] [bmv2] [T] [thread 360] [30.1] [cxt 0] int-gtp-destination.p4(363) Primitive hdr.int_md[2].reserved1 = 0
[15:48:08.122] [bmv2] [T] [thread 360] [30.1] [cxt 0] int-gtp-destination.p4(364) Primitive hdr.int_md[2].reserved2 = 0
[15:48:08.122] [bmv2] [T] [thread 360] [30.1] [cxt 0] int-gtp-destination.p4(368) Primitive hdr.int_md[2].egress_port_id = (bit<16>)standard_metadata.egress_port
[15:48:08.122] [bmv2] [T] [thread 360] [30.1] [cxt 0] int-gtp-destination.p4(369) Primitive hdr.int_md[2].egress_timestamp = (bit<32>)standard_metadata.egress_global_timestamp
[15:48:08.122] [bmv2] [T] [thread 360] [30.1] [cxt 0] int-gtp-destination.p4(370) Primitive hdr.int_md[2].hop_latency = hdr.int_md[2].egress_timestamp - hdr.int_md[2].ingress_timestamp
[15:48:08.122] [bmv2] [T] [thread 360] [30.1] [cxt 0] int-gtp-destination.p4(371) Primitive hdr.int_md[2].queue_occupancy = (bit<32>)standard_metadata.enq_qdepth
[15:48:08.122] [bmv2] [T] [thread 360] [30.1] [cxt 0] int-gtp-destination.p4(408) Condition "standard_metadata.instance_type == 1 || standard_metadata.egress_port == 9" (node_14) is true
[15:48:08.122] [bmv2] [D] [thread 360] [30.1] [cxt 0] Pipeline 'egress': end
[15:48:08.122] [bmv2] [D] [thread 360] [30.1] [cxt 0] Deparser 'deparser': start
[15:48:08.122] [bmv2] [D] [thread 360] [30.1] [cxt 0] Deparsing header 'ethernet'
[15:48:08.122] [bmv2] [D] [thread 360] [30.1] [cxt 0] Deparsing header 'int_shim'
[15:48:08.122] [bmv2] [D] [thread 360] [30.1] [cxt 0] Deparsing header 'int_header'
[15:48:08.122] [bmv2] [D] [thread 360] [30.1] [cxt 0] Deparsing header 'int_md[0]'
[15:48:08.122] [bmv2] [D] [thread 360] [30.1] [cxt 0] Deparsing header 'int_md[1]'
[15:48:08.122] [bmv2] [D] [thread 360] [30.1] [cxt 0] Deparsing header 'int_md[2]'
[15:48:08.122] [bmv2] [D] [thread 360] [30.1] [cxt 0] Deparsing header 'ipv4_inner'
[15:48:08.122] [bmv2] [D] [thread 360] [30.1] [cxt 0] Deparsing header 'sctp'
[15:48:08.122] [bmv2] [D] [thread 360] [30.1] [cxt 0] Deparsing header 'sctp_chunk'
[15:48:08.122] [bmv2] [D] [thread 360] [30.1] [cxt 0] Deparser 'deparser': end
[15:48:08.123] [bmv2] [D] [thread 363] [30.1] [cxt 0] Transmitting packet of size 243 out of port 9
[15:48:08.123] [bmv2] [D] [thread 360] [30.0] [cxt 0] Pipeline 'egress': start
[15:48:08.123] [bmv2] [T] [thread 360] [30.0] [cxt 0] int-gtp-destination.p4(402) Condition "hdr.int_shim.isValid()" (node_12) is true
[15:48:08.123] [bmv2] [T] [thread 360] [30.0] [cxt 0] Applying table 'tbl_update_int_metadata'
[15:48:08.123] [bmv2] [D] [thread 360] [30.0] [cxt 0] Looking up key:

[15:48:08.123] [bmv2] [D] [thread 360] [30.0] [cxt 0] Table 'tbl_update_int_metadata': miss
[15:48:08.123] [bmv2] [D] [thread 360] [30.0] [cxt 0] Action entry is MyEgress.update_int_metadata -
[15:48:08.123] [bmv2] [T] [thread 360] [30.0] [cxt 0] Action MyEgress.update_int_metadata
[15:48:08.123] [bmv2] [T] [thread 360] [30.0] [cxt 0] int-gtp-destination.p4(352) Primitive if
[15:48:08.123] [bmv2] [T] [thread 360] [30.0] [cxt 0] int-gtp-destination.p4(352) Primitive if
[15:48:08.123] [bmv2] [T] [thread 360] [30.0] [cxt 0] int-gtp-destination.p4(368) Primitive hdr.int_md[2].egress_port_id = (bit<16>)standard_metadata.egress_port
[15:48:08.123] [bmv2] [T] [thread 360] [30.0] [cxt 0] int-gtp-destination.p4(369) Primitive hdr.int_md[2].egress_timestamp = (bit<32>)standard_metadata.egress_global_timestamp
[15:48:08.123] [bmv2] [T] [thread 360] [30.0] [cxt 0] int-gtp-destination.p4(370) Primitive hdr.int_md[2].hop_latency = hdr.int_md[2].egress_timestamp - hdr.int_md[2].ingress_timestamp
[15:48:08.123] [bmv2] [T] [thread 360] [30.0] [cxt 0] int-gtp-destination.p4(371) Primitive hdr.int_md[2].queue_occupancy = (bit<32>)standard_metadata.enq_qdepth
[15:48:08.123] [bmv2] [T] [thread 360] [30.0] [cxt 0] int-gtp-destination.p4(408) Condition "standard_metadata.instance_type == 1 || standard_metadata.egress_port == 9" (node_14) is false
[15:48:08.123] [bmv2] [T] [thread 360] [30.0] [cxt 0] Applying table 'MyEgress.egress_control'
[15:48:08.123] [bmv2] [D] [thread 360] [30.0] [cxt 0] Looking up key:
* standard_metadata.egress_port: 0001

[15:48:08.123] [bmv2] [D] [thread 360] [30.0] [cxt 0] Table 'MyEgress.egress_control': hit with handle 0
[15:48:08.123] [bmv2] [D] [thread 360] [30.0] [cxt 0] Dumping entry 0
Match key:
* standard_metadata.egress_port: EXACT     0001
Action entry: MyEgress.strip_int_headers -

[15:48:08.123] [bmv2] [D] [thread 360] [30.0] [cxt 0] Action entry is MyEgress.strip_int_headers -
[15:48:08.123] [bmv2] [T] [thread 360] [30.0] [cxt 0] Action MyEgress.strip_int_headers
[15:48:08.123] [bmv2] [T] [thread 360] [30.0] [cxt 0] int-gtp-destination.p4(375) Primitive hdr.ethernet.etherType = hdr.int_shim.next_proto
[15:48:08.123] [bmv2] [T] [thread 360] [30.0] [cxt 0] int-gtp-destination.p4(376) Primitive hdr.int_shim.setInvalid()
[15:48:08.123] [bmv2] [T] [thread 360] [30.0] [cxt 0] int-gtp-destination.p4(377) Primitive hdr.int_header.setInvalid()
[15:48:08.123] [bmv2] [T] [thread 360] [30.0] [cxt 0] int-gtp-destination.p4(379) Primitive hdr.int_md[0].setInvalid()
[15:48:08.123] [bmv2] [T] [thread 360] [30.0] [cxt 0] int-gtp-destination.p4(380) Primitive hdr.int_md[1].setInvalid()
[15:48:08.123] [bmv2] [T] [thread 360] [30.0] [cxt 0] int-gtp-destination.p4(381) Primitive hdr.int_md[2].setInvalid()
[15:48:08.123] [bmv2] [T] [thread 360] [30.0] [cxt 0] int-gtp-destination.p4(382) Primitive hdr.int_md[3].setInvalid()
[15:48:08.123] [bmv2] [T] [thread 360] [30.0] [cxt 0] int-gtp-destination.p4(383) Primitive hdr.int_md[4].setInvalid()
[15:48:08.123] [bmv2] [T] [thread 360] [30.0] [cxt 0] int-gtp-destination.p4(384) Primitive hdr.int_md[5].setInvalid()
[15:48:08.123] [bmv2] [T] [thread 360] [30.0] [cxt 0] int-gtp-destination.p4(385) Primitive hdr.int_md[6].setInvalid()
[15:48:08.123] [bmv2] [T] [thread 360] [30.0] [cxt 0] int-gtp-destination.p4(386) Primitive hdr.int_md[7].setInvalid()
[15:48:08.123] [bmv2] [D] [thread 360] [30.0] [cxt 0] Pipeline 'egress': end
[15:48:08.123] [bmv2] [D] [thread 360] [30.0] [cxt 0] Deparser 'deparser': start
[15:48:08.123] [bmv2] [D] [thread 360] [30.0] [cxt 0] Deparsing header 'ethernet'
[15:48:08.123] [bmv2] [D] [thread 360] [30.0] [cxt 0] Deparsing header 'ipv4_inner'
[15:48:08.123] [bmv2] [D] [thread 360] [30.0] [cxt 0] Deparsing header 'sctp'
[15:48:08.123] [bmv2] [D] [thread 360] [30.0] [cxt 0] Deparsing header 'sctp_chunk'
[15:48:08.123] [bmv2] [D] [thread 360] [30.0] [cxt 0] Deparser 'deparser': end
[15:48:08.123] [bmv2] [D] [thread 363] [30.0] [cxt 0] Transmitting packet of size 146 out of port 1
[15:48:08.259] [bmv2] [D] [thread 358] [31.0] [cxt 0] Processing packet received on port 1
[15:48:08.259] [bmv2] [D] [thread 358] [31.0] [cxt 0] Parser 'parser': start
[15:48:08.259] [bmv2] [D] [thread 358] [31.0] [cxt 0] Parser 'parser' entering state 'start'
[15:48:08.259] [bmv2] [D] [thread 358] [31.0] [cxt 0] Extracting header 'ethernet'
[15:48:08.259] [bmv2] [D] [thread 358] [31.0] [cxt 0] Parser set: setting field 'scalars.metadata.ingress_port' from field 'standard_metadata.ingress_port' (1)
[15:48:08.259] [bmv2] [D] [thread 358] [31.0] [cxt 0] Parser set: setting field 'scalars.metadata.ingress_ts' from expression, new value is 168727867
[15:48:08.259] [bmv2] [D] [thread 358] [31.0] [cxt 0] Parser set: setting field 'scalars.metadata.md_blocks_extracted' to 0
[15:48:08.259] [bmv2] [D] [thread 358] [31.0] [cxt 0] Parser set: setting field 'scalars.metadata.is_int_packet' to 0
[15:48:08.259] [bmv2] [D] [thread 358] [31.0] [cxt 0] Parser state 'start': key is 0800
[15:48:08.259] [bmv2] [T] [thread 358] [31.0] [cxt 0] Bytes parsed: 14
[15:48:08.259] [bmv2] [D] [thread 358] [31.0] [cxt 0] Parser 'parser' entering state 'parse_ipv4'
[15:48:08.259] [bmv2] [D] [thread 358] [31.0] [cxt 0] Extracting header 'ipv4_inner'
[15:48:08.259] [bmv2] [D] [thread 358] [31.0] [cxt 0] Parser state 'parse_ipv4': key is 84
[15:48:08.259] [bmv2] [T] [thread 358] [31.0] [cxt 0] Bytes parsed: 34
[15:48:08.259] [bmv2] [D] [thread 358] [31.0] [cxt 0] Parser 'parser' entering state 'parse_sctp_common'
[15:48:08.259] [bmv2] [D] [thread 358] [31.0] [cxt 0] Extracting header 'sctp'
[15:48:08.259] [bmv2] [D] [thread 358] [31.0] [cxt 0] Extracting header 'sctp_chunk'
[15:48:08.259] [bmv2] [D] [thread 358] [31.0] [cxt 0] Parser state 'parse_sctp_common': key is 03
[15:48:08.259] [bmv2] [T] [thread 358] [31.0] [cxt 0] Bytes parsed: 50
[15:48:08.259] [bmv2] [D] [thread 358] [31.0] [cxt 0] Parser 'parser': end
[15:48:08.259] [bmv2] [D] [thread 358] [31.0] [cxt 0] Pipeline 'ingress': start
[15:48:08.259] [bmv2] [T] [thread 358] [31.0] [cxt 0] Applying table 'tbl_intgtpdestination311'
[15:48:08.259] [bmv2] [D] [thread 358] [31.0] [cxt 0] Looking up key:

[15:48:08.259] [bmv2] [D] [thread 358] [31.0] [cxt 0] Table 'tbl_intgtpdestination311': miss
[15:48:08.259] [bmv2] [D] [thread 358] [31.0] [cxt 0] Action entry is intgtpdestination311 -
[15:48:08.259] [bmv2] [T] [thread 358] [31.0] [cxt 0] Action intgtpdestination311
[15:48:08.259] [bmv2] [T] [thread 358] [31.0] [cxt 0] int-gtp-destination.p4(311) Primitive meta.switch_id = 3
[15:48:08.259] [bmv2] [T] [thread 358] [31.0] [cxt 0] int-gtp-destination.p4(313) Condition "hdr.ethernet.isValid()" (node_3) is true
[15:48:08.259] [bmv2] [T] [thread 358] [31.0] [cxt 0] int-gtp-destination.p4(314) Condition "hdr.int_shim.isValid()" (node_4) is false
[15:48:08.259] [bmv2] [T] [thread 358] [31.0] [cxt 0] int-gtp-destination.p4(339) Condition "hdr.ipv4_inner.isValid()" (node_8) is true
[15:48:08.259] [bmv2] [T] [thread 358] [31.0] [cxt 0] Applying table 'MyIngress.ipv4_lpm'
[15:48:08.259] [bmv2] [D] [thread 358] [31.0] [cxt 0] Looking up key:
* hdr.ipv4_inner.dstAddr: ac120a03

[15:48:08.259] [bmv2] [D] [thread 358] [31.0] [cxt 0] Table 'MyIngress.ipv4_lpm': hit with handle 2
[15:48:08.259] [bmv2] [D] [thread 358] [31.0] [cxt 0] Dumping entry 2
Match key:
* hdr.ipv4_inner.dstAddr: LPM       ac120a03/32
Action entry: MyIngress.forward_action - 2,

[15:48:08.260] [bmv2] [D] [thread 358] [31.0] [cxt 0] Action entry is MyIngress.forward_action - 2,
[15:48:08.260] [bmv2] [T] [thread 358] [31.0] [cxt 0] Action MyIngress.forward_action
[15:48:08.260] [bmv2] [T] [thread 358] [31.0] [cxt 0] int-gtp-destination.p4(283) Primitive standard_metadata.egress_spec = egress_port
[15:48:08.260] [bmv2] [D] [thread 358] [31.0] [cxt 0] Pipeline 'ingress': end
[15:48:08.260] [bmv2] [D] [thread 358] [31.0] [cxt 0] Egress port is 2
[15:48:08.260] [bmv2] [D] [thread 361] [31.0] [cxt 0] Pipeline 'egress': start
[15:48:08.260] [bmv2] [T] [thread 361] [31.0] [cxt 0] int-gtp-destination.p4(402) Condition "hdr.int_shim.isValid()" (node_12) is false
[15:48:08.260] [bmv2] [D] [thread 361] [31.0] [cxt 0] Pipeline 'egress': end
[15:48:08.260] [bmv2] [D] [thread 361] [31.0] [cxt 0] Deparser 'deparser': start
[15:48:08.260] [bmv2] [D] [thread 361] [31.0] [cxt 0] Deparsing header 'ethernet'
[15:48:08.260] [bmv2] [D] [thread 361] [31.0] [cxt 0] Deparsing header 'ipv4_inner'
[15:48:08.260] [bmv2] [D] [thread 361] [31.0] [cxt 0] Deparsing header 'sctp'
[15:48:08.260] [bmv2] [D] [thread 361] [31.0] [cxt 0] Deparsing header 'sctp_chunk'
[15:48:08.260] [bmv2] [D] [thread 361] [31.0] [cxt 0] Deparser 'deparser': end
[15:48:08.260] [bmv2] [D] [thread 363] [31.0] [cxt 0] Transmitting packet of size 126 out of port 2
[15:48:08.284] [bmv2] [D] [thread 358] [32.0] [cxt 0] Processing packet received on port 2
[15:48:08.284] [bmv2] [D] [thread 358] [32.0] [cxt 0] Parser 'parser': start
[15:48:08.284] [bmv2] [D] [thread 358] [32.0] [cxt 0] Parser 'parser' entering state 'start'
[15:48:08.284] [bmv2] [D] [thread 358] [32.0] [cxt 0] Extracting header 'ethernet'
[15:48:08.284] [bmv2] [D] [thread 358] [32.0] [cxt 0] Parser set: setting field 'scalars.metadata.ingress_port' from field 'standard_metadata.ingress_port' (2)
[15:48:08.284] [bmv2] [D] [thread 358] [32.0] [cxt 0] Parser set: setting field 'scalars.metadata.ingress_ts' from expression, new value is 168753217
[15:48:08.284] [bmv2] [D] [thread 358] [32.0] [cxt 0] Parser set: setting field 'scalars.metadata.md_blocks_extracted' to 0
[15:48:08.284] [bmv2] [D] [thread 358] [32.0] [cxt 0] Parser set: setting field 'scalars.metadata.is_int_packet' to 0
[15:48:08.284] [bmv2] [D] [thread 358] [32.0] [cxt 0] Parser state 'start': key is 00fa
[15:48:08.284] [bmv2] [T] [thread 358] [32.0] [cxt 0] Bytes parsed: 14
[15:48:08.284] [bmv2] [D] [thread 358] [32.0] [cxt 0] Parser 'parser' entering state 'parse_int_shim'
[15:48:08.284] [bmv2] [D] [thread 358] [32.0] [cxt 0] Extracting header 'int_shim'
[15:48:08.284] [bmv2] [D] [thread 358] [32.0] [cxt 0] Parser set: setting field 'scalars.metadata.is_int_packet' to 1
[15:48:08.284] [bmv2] [D] [thread 358] [32.0] [cxt 0] Extracting header 'int_header'
[15:48:08.284] [bmv2] [D] [thread 358] [32.0] [cxt 0] Parser set: setting field 'scalars.metadata.md_blocks_extracted' from expression, new value is 251
[15:48:08.284] [bmv2] [D] [thread 358] [32.0] [cxt 0] Extracting header 'int_md[0]'
[15:48:08.284] [bmv2] [D] [thread 358] [32.0] [cxt 0] Extracting header 'int_md[1]'
[15:48:08.284] [bmv2] [D] [thread 358] [32.0] [cxt 0] Parser state 'parse_int_shim': key is 0800
[15:48:08.284] [bmv2] [T] [thread 358] [32.0] [cxt 0] Bytes parsed: 83
[15:48:08.284] [bmv2] [D] [thread 358] [32.0] [cxt 0] Parser 'parser' entering state 'parse_encapsulated_ipv4'
[15:48:08.284] [bmv2] [D] [thread 358] [32.0] [cxt 0] Extracting header 'ipv4_inner'
[15:48:08.284] [bmv2] [D] [thread 358] [32.0] [cxt 0] Parser state 'parse_encapsulated_ipv4': key is 84
[15:48:08.284] [bmv2] [T] [thread 358] [32.0] [cxt 0] Bytes parsed: 103
[15:48:08.284] [bmv2] [D] [thread 358] [32.0] [cxt 0] Parser 'parser' entering state 'parse_encapsulated_sctp_common'
[15:48:08.284] [bmv2] [D] [thread 358] [32.0] [cxt 0] Extracting header 'sctp'
[15:48:08.284] [bmv2] [D] [thread 358] [32.0] [cxt 0] Extracting header 'sctp_chunk'
[15:48:08.284] [bmv2] [D] [thread 358] [32.0] [cxt 0] Parser state 'parse_encapsulated_sctp_common': key is 03
[15:48:08.284] [bmv2] [T] [thread 358] [32.0] [cxt 0] Bytes parsed: 119
[15:48:08.284] [bmv2] [D] [thread 358] [32.0] [cxt 0] Parser 'parser': end
[15:48:08.284] [bmv2] [D] [thread 358] [32.0] [cxt 0] Pipeline 'ingress': start
[15:48:08.284] [bmv2] [T] [thread 358] [32.0] [cxt 0] Applying table 'tbl_intgtpdestination311'
[15:48:08.285] [bmv2] [D] [thread 358] [32.0] [cxt 0] Looking up key:

[15:48:08.285] [bmv2] [D] [thread 358] [32.0] [cxt 0] Table 'tbl_intgtpdestination311': miss
[15:48:08.285] [bmv2] [D] [thread 358] [32.0] [cxt 0] Action entry is intgtpdestination311 -
[15:48:08.285] [bmv2] [T] [thread 358] [32.0] [cxt 0] Action intgtpdestination311
[15:48:08.285] [bmv2] [T] [thread 358] [32.0] [cxt 0] int-gtp-destination.p4(311) Primitive meta.switch_id = 3
[15:48:08.285] [bmv2] [T] [thread 358] [32.0] [cxt 0] int-gtp-destination.p4(313) Condition "hdr.ethernet.isValid()" (node_3) is true
[15:48:08.285] [bmv2] [T] [thread 358] [32.0] [cxt 0] int-gtp-destination.p4(314) Condition "hdr.int_shim.isValid()" (node_4) is true
[15:48:08.285] [bmv2] [T] [thread 358] [32.0] [cxt 0] int-gtp-destination.p4(316) Condition "hdr.int_header.remaining_hop_cnt > 0" (node_5) is true
[15:48:08.285] [bmv2] [T] [thread 358] [32.0] [cxt 0] Applying table 'tbl_intgtpdestination317'
[15:48:08.285] [bmv2] [D] [thread 358] [32.0] [cxt 0] Looking up key:

[15:48:08.285] [bmv2] [D] [thread 358] [32.0] [cxt 0] Table 'tbl_intgtpdestination317': miss
[15:48:08.285] [bmv2] [D] [thread 358] [32.0] [cxt 0] Action entry is intgtpdestination317 -
[15:48:08.285] [bmv2] [T] [thread 358] [32.0] [cxt 0] Action intgtpdestination317
[15:48:08.285] [bmv2] [T] [thread 358] [32.0] [cxt 0] int-gtp-destination.p4(317) Primitive hdr.int_md[2].setValid()
[15:48:08.285] [bmv2] [T] [thread 358] [32.0] [cxt 0] int-gtp-destination.p4(318) Primitive hdr.int_md[2].padding_switch = 0
[15:48:08.285] [bmv2] [T] [thread 358] [32.0] [cxt 0] int-gtp-destination.p4(319) Primitive hdr.int_md[2].switch_id = (bit<16>)meta.switch_id
[15:48:08.285] [bmv2] [T] [thread 358] [32.0] [cxt 0] int-gtp-destination.p4(320) Primitive hdr.int_md[2].ingress_port_id = (bit<16>)meta.ingress_port
[15:48:08.285] [bmv2] [T] [thread 358] [32.0] [cxt 0] int-gtp-destination.p4(321) Primitive hdr.int_md[2].ingress_timestamp = meta.ingress_ts
[15:48:08.285] [bmv2] [T] [thread 358] [32.0] [cxt 0] int-gtp-destination.p4(322) Primitive hdr.int_md[2].egress_port_id = 0
[15:48:08.285] [bmv2] [T] [thread 358] [32.0] [cxt 0] int-gtp-destination.p4(323) Primitive hdr.int_md[2].hop_latency = 0
[15:48:08.285] [bmv2] [T] [thread 358] [32.0] [cxt 0] int-gtp-destination.p4(324) Primitive hdr.int_md[2].egress_timestamp = 0
[15:48:08.285] [bmv2] [T] [thread 358] [32.0] [cxt 0] int-gtp-destination.p4(325) Primitive hdr.int_md[2].queue_occupancy = 0
[15:48:08.285] [bmv2] [T] [thread 358] [32.0] [cxt 0] int-gtp-destination.p4(326) Primitive hdr.int_md[2].congestion_notification = 0
[15:48:08.285] [bmv2] [T] [thread 358] [32.0] [cxt 0] int-gtp-destination.p4(327) Primitive hdr.int_md[2].reserved1 = 0
[15:48:08.285] [bmv2] [T] [thread 358] [32.0] [cxt 0] int-gtp-destination.p4(328) Primitive hdr.int_md[2].reserved2 = 0
[15:48:08.285] [bmv2] [T] [thread 358] [32.0] [cxt 0] int-gtp-destination.p4(330) Primitive hdr.int_header.remaining_hop_cnt = hdr.int_header.remaining_hop_cnt - 1
[15:48:08.285] [bmv2] [T] [thread 358] [32.0] [cxt 0] int-gtp-destination.p4(331) Primitive hdr.int_shim.length = hdr.int_shim.length + 32
[15:48:08.285] [bmv2] [T] [thread 358] [32.0] [cxt 0] Applying table 'MyIngress.int_sink_table'
[15:48:08.285] [bmv2] [D] [thread 358] [32.0] [cxt 0] Looking up key:
* hdr.int_shim.$valid$: 01

[15:48:08.285] [bmv2] [D] [thread 358] [32.0] [cxt 0] Table 'MyIngress.int_sink_table': hit with handle 0
[15:48:08.285] [bmv2] [D] [thread 358] [32.0] [cxt 0] Dumping entry 0
Match key:
* hdr.int_shim.$valid$: EXACT     01
Action entry: MyIngress.int_sink_action -

[15:48:08.285] [bmv2] [D] [thread 358] [32.0] [cxt 0] Action entry is MyIngress.int_sink_action -
[15:48:08.285] [bmv2] [T] [thread 358] [32.0] [cxt 0] Action MyIngress.int_sink_action
[15:48:08.285] [bmv2] [T] [thread 358] [32.0] [cxt 0] int-gtp-destination.p4(278) Primitive meta.clone_port = 9
[15:48:08.285] [bmv2] [T] [thread 358] [32.0] [cxt 0] int-gtp-destination.p4(279) Primitive clone_preserving_field_list(CloneType.I2E, 99, 99)
[15:48:08.285] [bmv2] [T] [thread 358] [32.0] [cxt 0] int-gtp-destination.p4(339) Condition "hdr.ipv4_inner.isValid()" (node_8) is true
[15:48:08.285] [bmv2] [T] [thread 358] [32.0] [cxt 0] Applying table 'MyIngress.ipv4_lpm'
[15:48:08.285] [bmv2] [D] [thread 358] [32.0] [cxt 0] Looking up key:
* hdr.ipv4_inner.dstAddr: ac120014

[15:48:08.285] [bmv2] [D] [thread 358] [32.0] [cxt 0] Table 'MyIngress.ipv4_lpm': hit with handle 0
[15:48:08.285] [bmv2] [D] [thread 358] [32.0] [cxt 0] Dumping entry 0
Match key:
* hdr.ipv4_inner.dstAddr: LPM       ac120014/32
Action entry: MyIngress.forward_action - 1,

[15:48:08.285] [bmv2] [D] [thread 358] [32.0] [cxt 0] Action entry is MyIngress.forward_action - 1,
[15:48:08.285] [bmv2] [T] [thread 358] [32.0] [cxt 0] Action MyIngress.forward_action
[15:48:08.285] [bmv2] [T] [thread 358] [32.0] [cxt 0] int-gtp-destination.p4(283) Primitive standard_metadata.egress_spec = egress_port
[15:48:08.285] [bmv2] [D] [thread 358] [32.0] [cxt 0] Pipeline 'ingress': end
[15:48:08.285] [bmv2] [D] [thread 358] [32.0] [cxt 0] Cloning packet at ingress
[15:48:08.285] [bmv2] [D] [thread 358] [32.1] [cxt 0] Parser 'parser': start
[15:48:08.285] [bmv2] [D] [thread 358] [32.1] [cxt 0] Parser 'parser' entering state 'start'
[15:48:08.285] [bmv2] [D] [thread 358] [32.1] [cxt 0] Extracting header 'ethernet'
[15:48:08.285] [bmv2] [D] [thread 358] [32.1] [cxt 0] Parser set: setting field 'scalars.metadata.ingress_port' from field 'standard_metadata.ingress_port' (2)
[15:48:08.285] [bmv2] [D] [thread 358] [32.1] [cxt 0] Parser set: setting field 'scalars.metadata.ingress_ts' from expression, new value is 0
[15:48:08.285] [bmv2] [D] [thread 358] [32.1] [cxt 0] Parser set: setting field 'scalars.metadata.md_blocks_extracted' to 0
[15:48:08.285] [bmv2] [D] [thread 358] [32.1] [cxt 0] Parser set: setting field 'scalars.metadata.is_int_packet' to 0
[15:48:08.285] [bmv2] [D] [thread 358] [32.1] [cxt 0] Parser state 'start': key is 00fa
[15:48:08.285] [bmv2] [T] [thread 358] [32.1] [cxt 0] Bytes parsed: 14
[15:48:08.285] [bmv2] [D] [thread 358] [32.1] [cxt 0] Parser 'parser' entering state 'parse_int_shim'
[15:48:08.285] [bmv2] [D] [thread 358] [32.1] [cxt 0] Extracting header 'int_shim'
[15:48:08.285] [bmv2] [D] [thread 358] [32.1] [cxt 0] Parser set: setting field 'scalars.metadata.is_int_packet' to 1
[15:48:08.285] [bmv2] [D] [thread 358] [32.1] [cxt 0] Extracting header 'int_header'
[15:48:08.285] [bmv2] [D] [thread 358] [32.1] [cxt 0] Parser set: setting field 'scalars.metadata.md_blocks_extracted' from expression, new value is 251
[15:48:08.285] [bmv2] [D] [thread 358] [32.1] [cxt 0] Extracting header 'int_md[0]'
[15:48:08.285] [bmv2] [D] [thread 358] [32.1] [cxt 0] Extracting header 'int_md[1]'
[15:48:08.285] [bmv2] [D] [thread 358] [32.1] [cxt 0] Parser state 'parse_int_shim': key is 0800
[15:48:08.285] [bmv2] [T] [thread 358] [32.1] [cxt 0] Bytes parsed: 83
[15:48:08.285] [bmv2] [D] [thread 358] [32.1] [cxt 0] Parser 'parser' entering state 'parse_encapsulated_ipv4'
[15:48:08.285] [bmv2] [D] [thread 358] [32.1] [cxt 0] Extracting header 'ipv4_inner'
[15:48:08.285] [bmv2] [D] [thread 358] [32.1] [cxt 0] Parser state 'parse_encapsulated_ipv4': key is 84
[15:48:08.285] [bmv2] [T] [thread 358] [32.1] [cxt 0] Bytes parsed: 103
[15:48:08.285] [bmv2] [D] [thread 358] [32.1] [cxt 0] Parser 'parser' entering state 'parse_encapsulated_sctp_common'
[15:48:08.285] [bmv2] [D] [thread 358] [32.1] [cxt 0] Extracting header 'sctp'
[15:48:08.285] [bmv2] [D] [thread 358] [32.1] [cxt 0] Extracting header 'sctp_chunk'
[15:48:08.285] [bmv2] [D] [thread 358] [32.1] [cxt 0] Parser state 'parse_encapsulated_sctp_common': key is 03
[15:48:08.285] [bmv2] [T] [thread 358] [32.1] [cxt 0] Bytes parsed: 119
[15:48:08.285] [bmv2] [D] [thread 358] [32.1] [cxt 0] Parser 'parser': end
[15:48:08.285] [bmv2] [D] [thread 358] [32.0] [cxt 0] Cloning packet to egress port 9
[15:48:08.285] [bmv2] [D] [thread 358] [32.0] [cxt 0] Egress port is 1
[15:48:08.285] [bmv2] [D] [thread 360] [32.1] [cxt 0] Pipeline 'egress': start
[15:48:08.285] [bmv2] [T] [thread 360] [32.1] [cxt 0] int-gtp-destination.p4(402) Condition "hdr.int_shim.isValid()" (node_12) is true
[15:48:08.285] [bmv2] [T] [thread 360] [32.1] [cxt 0] Applying table 'tbl_update_int_metadata'
[15:48:08.285] [bmv2] [D] [thread 360] [32.1] [cxt 0] Looking up key:

[15:48:08.285] [bmv2] [D] [thread 360] [32.1] [cxt 0] Table 'tbl_update_int_metadata': miss
[15:48:08.285] [bmv2] [D] [thread 360] [32.1] [cxt 0] Action entry is MyEgress.update_int_metadata -
[15:48:08.285] [bmv2] [T] [thread 360] [32.1] [cxt 0] Action MyEgress.update_int_metadata
[15:48:08.285] [bmv2] [T] [thread 360] [32.1] [cxt 0] int-gtp-destination.p4(352) Primitive if
[15:48:08.285] [bmv2] [T] [thread 360] [32.1] [cxt 0] int-gtp-destination.p4(353) Primitive hdr.int_md[2].setValid()
[15:48:08.285] [bmv2] [T] [thread 360] [32.1] [cxt 0] int-gtp-destination.p4(354) Primitive hdr.int_md[2].padding_switch = 0
[15:48:08.285] [bmv2] [T] [thread 360] [32.1] [cxt 0] int-gtp-destination.p4(355) Primitive hdr.int_md[2].switch_id = (bit<16>)meta.switch_id
[15:48:08.285] [bmv2] [T] [thread 360] [32.1] [cxt 0] int-gtp-destination.p4(356) Primitive hdr.int_md[2].ingress_port_id = (bit<16>)meta.ingress_port
[15:48:08.285] [bmv2] [T] [thread 360] [32.1] [cxt 0] int-gtp-destination.p4(357) Primitive hdr.int_md[2].ingress_timestamp = meta.ingress_ts
[15:48:08.285] [bmv2] [T] [thread 360] [32.1] [cxt 0] int-gtp-destination.p4(362) Primitive hdr.int_md[2].congestion_notification = 0
[15:48:08.285] [bmv2] [T] [thread 360] [32.1] [cxt 0] int-gtp-destination.p4(363) Primitive hdr.int_md[2].reserved1 = 0
[15:48:08.285] [bmv2] [T] [thread 360] [32.1] [cxt 0] int-gtp-destination.p4(364) Primitive hdr.int_md[2].reserved2 = 0
[15:48:08.285] [bmv2] [T] [thread 360] [32.1] [cxt 0] int-gtp-destination.p4(368) Primitive hdr.int_md[2].egress_port_id = (bit<16>)standard_metadata.egress_port
[15:48:08.286] [bmv2] [T] [thread 360] [32.1] [cxt 0] int-gtp-destination.p4(369) Primitive hdr.int_md[2].egress_timestamp = (bit<32>)standard_metadata.egress_global_timestamp
[15:48:08.286] [bmv2] [T] [thread 360] [32.1] [cxt 0] int-gtp-destination.p4(370) Primitive hdr.int_md[2].hop_latency = hdr.int_md[2].egress_timestamp - hdr.int_md[2].ingress_timestamp
[15:48:08.286] [bmv2] [T] [thread 360] [32.1] [cxt 0] int-gtp-destination.p4(371) Primitive hdr.int_md[2].queue_occupancy = (bit<32>)standard_metadata.enq_qdepth
[15:48:08.286] [bmv2] [T] [thread 360] [32.1] [cxt 0] int-gtp-destination.p4(408) Condition "standard_metadata.instance_type == 1 || standard_metadata.egress_port == 9" (node_14) is true
[15:48:08.286] [bmv2] [D] [thread 360] [32.1] [cxt 0] Pipeline 'egress': end
[15:48:08.286] [bmv2] [D] [thread 360] [32.1] [cxt 0] Deparser 'deparser': start
[15:48:08.286] [bmv2] [D] [thread 360] [32.1] [cxt 0] Deparsing header 'ethernet'
[15:48:08.286] [bmv2] [D] [thread 360] [32.1] [cxt 0] Deparsing header 'int_shim'
[15:48:08.286] [bmv2] [D] [thread 360] [32.1] [cxt 0] Deparsing header 'int_header'
[15:48:08.286] [bmv2] [D] [thread 360] [32.1] [cxt 0] Deparsing header 'int_md[0]'
[15:48:08.286] [bmv2] [D] [thread 360] [32.1] [cxt 0] Deparsing header 'int_md[1]'
[15:48:08.286] [bmv2] [D] [thread 360] [32.1] [cxt 0] Deparsing header 'int_md[2]'
[15:48:08.286] [bmv2] [D] [thread 360] [32.1] [cxt 0] Deparsing header 'ipv4_inner'
[15:48:08.286] [bmv2] [D] [thread 360] [32.1] [cxt 0] Deparsing header 'sctp'
[15:48:08.286] [bmv2] [D] [thread 360] [32.1] [cxt 0] Deparsing header 'sctp_chunk'
[15:48:08.286] [bmv2] [D] [thread 360] [32.1] [cxt 0] Deparser 'deparser': end
[15:48:08.286] [bmv2] [D] [thread 360] [32.0] [cxt 0] Pipeline 'egress': start
[15:48:08.286] [bmv2] [T] [thread 360] [32.0] [cxt 0] int-gtp-destination.p4(402) Condition "hdr.int_shim.isValid()" (node_12) is true
[15:48:08.286] [bmv2] [T] [thread 360] [32.0] [cxt 0] Applying table 'tbl_update_int_metadata'
[15:48:08.286] [bmv2] [D] [thread 360] [32.0] [cxt 0] Looking up key:

[15:48:08.286] [bmv2] [D] [thread 360] [32.0] [cxt 0] Table 'tbl_update_int_metadata': miss
[15:48:08.286] [bmv2] [D] [thread 360] [32.0] [cxt 0] Action entry is MyEgress.update_int_metadata -
[15:48:08.286] [bmv2] [T] [thread 360] [32.0] [cxt 0] Action MyEgress.update_int_metadata
[15:48:08.286] [bmv2] [T] [thread 360] [32.0] [cxt 0] int-gtp-destination.p4(352) Primitive if
[15:48:08.286] [bmv2] [T] [thread 360] [32.0] [cxt 0] int-gtp-destination.p4(352) Primitive if
[15:48:08.286] [bmv2] [T] [thread 360] [32.0] [cxt 0] int-gtp-destination.p4(368) Primitive hdr.int_md[2].egress_port_id = (bit<16>)standard_metadata.egress_port
[15:48:08.286] [bmv2] [T] [thread 360] [32.0] [cxt 0] int-gtp-destination.p4(369) Primitive hdr.int_md[2].egress_timestamp = (bit<32>)standard_metadata.egress_global_timestamp
[15:48:08.286] [bmv2] [T] [thread 360] [32.0] [cxt 0] int-gtp-destination.p4(370) Primitive hdr.int_md[2].hop_latency = hdr.int_md[2].egress_timestamp - hdr.int_md[2].ingress_timestamp
[15:48:08.286] [bmv2] [T] [thread 360] [32.0] [cxt 0] int-gtp-destination.p4(371) Primitive hdr.int_md[2].queue_occupancy = (bit<32>)standard_metadata.enq_qdepth
[15:48:08.286] [bmv2] [T] [thread 360] [32.0] [cxt 0] int-gtp-destination.p4(408) Condition "standard_metadata.instance_type == 1 || standard_metadata.egress_port == 9" (node_14) is false
[15:48:08.286] [bmv2] [T] [thread 360] [32.0] [cxt 0] Applying table 'MyEgress.egress_control'
[15:48:08.286] [bmv2] [D] [thread 360] [32.0] [cxt 0] Looking up key:
* standard_metadata.egress_port: 0001

[15:48:08.286] [bmv2] [D] [thread 360] [32.0] [cxt 0] Table 'MyEgress.egress_control': hit with handle 0
[15:48:08.286] [bmv2] [D] [thread 360] [32.0] [cxt 0] Dumping entry 0
Match key:
* standard_metadata.egress_port: EXACT     0001
Action entry: MyEgress.strip_int_headers -

[15:48:08.286] [bmv2] [D] [thread 363] [32.1] [cxt 0] Transmitting packet of size 279 out of port 9
[15:48:08.286] [bmv2] [D] [thread 360] [32.0] [cxt 0] Action entry is MyEgress.strip_int_headers -
[15:48:08.286] [bmv2] [T] [thread 360] [32.0] [cxt 0] Action MyEgress.strip_int_headers
[15:48:08.286] [bmv2] [T] [thread 360] [32.0] [cxt 0] int-gtp-destination.p4(375) Primitive hdr.ethernet.etherType = hdr.int_shim.next_proto
[15:48:08.286] [bmv2] [T] [thread 360] [32.0] [cxt 0] int-gtp-destination.p4(376) Primitive hdr.int_shim.setInvalid()
[15:48:08.286] [bmv2] [T] [thread 360] [32.0] [cxt 0] int-gtp-destination.p4(377) Primitive hdr.int_header.setInvalid()
[15:48:08.286] [bmv2] [T] [thread 360] [32.0] [cxt 0] int-gtp-destination.p4(379) Primitive hdr.int_md[0].setInvalid()
[15:48:08.286] [bmv2] [T] [thread 360] [32.0] [cxt 0] int-gtp-destination.p4(380) Primitive hdr.int_md[1].setInvalid()
[15:48:08.286] [bmv2] [T] [thread 360] [32.0] [cxt 0] int-gtp-destination.p4(381) Primitive hdr.int_md[2].setInvalid()
[15:48:08.286] [bmv2] [T] [thread 360] [32.0] [cxt 0] int-gtp-destination.p4(382) Primitive hdr.int_md[3].setInvalid()
[15:48:08.286] [bmv2] [T] [thread 360] [32.0] [cxt 0] int-gtp-destination.p4(383) Primitive hdr.int_md[4].setInvalid()
[15:48:08.286] [bmv2] [T] [thread 360] [32.0] [cxt 0] int-gtp-destination.p4(384) Primitive hdr.int_md[5].setInvalid()
[15:48:08.286] [bmv2] [T] [thread 360] [32.0] [cxt 0] int-gtp-destination.p4(385) Primitive hdr.int_md[6].setInvalid()
[15:48:08.286] [bmv2] [T] [thread 360] [32.0] [cxt 0] int-gtp-destination.p4(386) Primitive hdr.int_md[7].setInvalid()
[15:48:08.286] [bmv2] [D] [thread 360] [32.0] [cxt 0] Pipeline 'egress': end
[15:48:08.286] [bmv2] [D] [thread 360] [32.0] [cxt 0] Deparser 'deparser': start
[15:48:08.286] [bmv2] [D] [thread 360] [32.0] [cxt 0] Deparsing header 'ethernet'
[15:48:08.286] [bmv2] [D] [thread 360] [32.0] [cxt 0] Deparsing header 'ipv4_inner'
[15:48:08.286] [bmv2] [D] [thread 360] [32.0] [cxt 0] Deparsing header 'sctp'
[15:48:08.286] [bmv2] [D] [thread 360] [32.0] [cxt 0] Deparsing header 'sctp_chunk'
[15:48:08.286] [bmv2] [D] [thread 360] [32.0] [cxt 0] Deparser 'deparser': end
[15:48:08.286] [bmv2] [D] [thread 363] [32.0] [cxt 0] Transmitting packet of size 182 out of port 1
[15:48:08.467] [bmv2] [D] [thread 358] [33.0] [cxt 0] Processing packet received on port 1
[15:48:08.467] [bmv2] [D] [thread 358] [33.0] [cxt 0] Parser 'parser': start
[15:48:08.467] [bmv2] [D] [thread 358] [33.0] [cxt 0] Parser 'parser' entering state 'start'
[15:48:08.467] [bmv2] [D] [thread 358] [33.0] [cxt 0] Extracting header 'ethernet'
[15:48:08.467] [bmv2] [D] [thread 358] [33.0] [cxt 0] Parser set: setting field 'scalars.metadata.ingress_port' from field 'standard_metadata.ingress_port' (1)
[15:48:08.467] [bmv2] [D] [thread 358] [33.0] [cxt 0] Parser set: setting field 'scalars.metadata.ingress_ts' from expression, new value is 168935965
[15:48:08.467] [bmv2] [D] [thread 358] [33.0] [cxt 0] Parser set: setting field 'scalars.metadata.md_blocks_extracted' to 0
[15:48:08.467] [bmv2] [D] [thread 358] [33.0] [cxt 0] Parser set: setting field 'scalars.metadata.is_int_packet' to 0
[15:48:08.467] [bmv2] [D] [thread 358] [33.0] [cxt 0] Parser state 'start': key is 0800
[15:48:08.467] [bmv2] [T] [thread 358] [33.0] [cxt 0] Bytes parsed: 14
[15:48:08.467] [bmv2] [D] [thread 358] [33.0] [cxt 0] Parser 'parser' entering state 'parse_ipv4'
[15:48:08.467] [bmv2] [D] [thread 358] [33.0] [cxt 0] Extracting header 'ipv4_inner'
[15:48:08.467] [bmv2] [D] [thread 358] [33.0] [cxt 0] Parser state 'parse_ipv4': key is 84
[15:48:08.467] [bmv2] [T] [thread 358] [33.0] [cxt 0] Bytes parsed: 34
[15:48:08.467] [bmv2] [D] [thread 358] [33.0] [cxt 0] Parser 'parser' entering state 'parse_sctp_common'
[15:48:08.467] [bmv2] [D] [thread 358] [33.0] [cxt 0] Extracting header 'sctp'
[15:48:08.467] [bmv2] [D] [thread 358] [33.0] [cxt 0] Extracting header 'sctp_chunk'
[15:48:08.467] [bmv2] [D] [thread 358] [33.0] [cxt 0] Parser state 'parse_sctp_common': key is 03
[15:48:08.467] [bmv2] [T] [thread 358] [33.0] [cxt 0] Bytes parsed: 50
[15:48:08.467] [bmv2] [D] [thread 358] [33.0] [cxt 0] Parser 'parser': end
[15:48:08.467] [bmv2] [D] [thread 358] [33.0] [cxt 0] Pipeline 'ingress': start
[15:48:08.467] [bmv2] [T] [thread 358] [33.0] [cxt 0] Applying table 'tbl_intgtpdestination311'
[15:48:08.467] [bmv2] [D] [thread 358] [33.0] [cxt 0] Looking up key:

[15:48:08.468] [bmv2] [D] [thread 358] [33.0] [cxt 0] Table 'tbl_intgtpdestination311': miss
[15:48:08.468] [bmv2] [D] [thread 358] [33.0] [cxt 0] Action entry is intgtpdestination311 -
[15:48:08.468] [bmv2] [T] [thread 358] [33.0] [cxt 0] Action intgtpdestination311
[15:48:08.468] [bmv2] [T] [thread 358] [33.0] [cxt 0] int-gtp-destination.p4(311) Primitive meta.switch_id = 3
[15:48:08.468] [bmv2] [T] [thread 358] [33.0] [cxt 0] int-gtp-destination.p4(313) Condition "hdr.ethernet.isValid()" (node_3) is true
[15:48:08.468] [bmv2] [T] [thread 358] [33.0] [cxt 0] int-gtp-destination.p4(314) Condition "hdr.int_shim.isValid()" (node_4) is false
[15:48:08.468] [bmv2] [T] [thread 358] [33.0] [cxt 0] int-gtp-destination.p4(339) Condition "hdr.ipv4_inner.isValid()" (node_8) is true
[15:48:08.468] [bmv2] [T] [thread 358] [33.0] [cxt 0] Applying table 'MyIngress.ipv4_lpm'
[15:48:08.468] [bmv2] [D] [thread 358] [33.0] [cxt 0] Looking up key:
* hdr.ipv4_inner.dstAddr: ac120a03

[15:48:08.468] [bmv2] [D] [thread 358] [33.0] [cxt 0] Table 'MyIngress.ipv4_lpm': hit with handle 2
[15:48:08.468] [bmv2] [D] [thread 358] [33.0] [cxt 0] Dumping entry 2
Match key:
* hdr.ipv4_inner.dstAddr: LPM       ac120a03/32
Action entry: MyIngress.forward_action - 2,

[15:48:08.468] [bmv2] [D] [thread 358] [33.0] [cxt 0] Action entry is MyIngress.forward_action - 2,
[15:48:08.468] [bmv2] [T] [thread 358] [33.0] [cxt 0] Action MyIngress.forward_action
[15:48:08.468] [bmv2] [T] [thread 358] [33.0] [cxt 0] int-gtp-destination.p4(283) Primitive standard_metadata.egress_spec = egress_port
[15:48:08.468] [bmv2] [D] [thread 358] [33.0] [cxt 0] Pipeline 'ingress': end
[15:48:08.468] [bmv2] [D] [thread 358] [33.0] [cxt 0] Egress port is 2
[15:48:08.468] [bmv2] [D] [thread 361] [33.0] [cxt 0] Pipeline 'egress': start
[15:48:08.468] [bmv2] [T] [thread 361] [33.0] [cxt 0] int-gtp-destination.p4(402) Condition "hdr.int_shim.isValid()" (node_12) is false
[15:48:08.468] [bmv2] [D] [thread 361] [33.0] [cxt 0] Pipeline 'egress': end
[15:48:08.468] [bmv2] [D] [thread 361] [33.0] [cxt 0] Deparser 'deparser': start
[15:48:08.468] [bmv2] [D] [thread 361] [33.0] [cxt 0] Deparsing header 'ethernet'
[15:48:08.468] [bmv2] [D] [thread 361] [33.0] [cxt 0] Deparsing header 'ipv4_inner'
[15:48:08.468] [bmv2] [D] [thread 361] [33.0] [cxt 0] Deparsing header 'sctp'
[15:48:08.468] [bmv2] [D] [thread 361] [33.0] [cxt 0] Deparsing header 'sctp_chunk'
[15:48:08.468] [bmv2] [D] [thread 361] [33.0] [cxt 0] Deparser 'deparser': end
[15:48:08.468] [bmv2] [D] [thread 363] [33.0] [cxt 0] Transmitting packet of size 254 out of port 2
[15:48:08.498] [bmv2] [D] [thread 358] [34.0] [cxt 0] Processing packet received on port 2
[15:48:08.498] [bmv2] [D] [thread 358] [34.0] [cxt 0] Parser 'parser': start
[15:48:08.498] [bmv2] [D] [thread 358] [34.0] [cxt 0] Parser 'parser' entering state 'start'
[15:48:08.498] [bmv2] [D] [thread 358] [34.0] [cxt 0] Extracting header 'ethernet'
[15:48:08.498] [bmv2] [D] [thread 358] [34.0] [cxt 0] Parser set: setting field 'scalars.metadata.ingress_port' from field 'standard_metadata.ingress_port' (2)
[15:48:08.498] [bmv2] [D] [thread 358] [34.0] [cxt 0] Parser set: setting field 'scalars.metadata.ingress_ts' from expression, new value is 168967134
[15:48:08.498] [bmv2] [D] [thread 358] [34.0] [cxt 0] Parser set: setting field 'scalars.metadata.md_blocks_extracted' to 0
[15:48:08.498] [bmv2] [D] [thread 358] [34.0] [cxt 0] Parser set: setting field 'scalars.metadata.is_int_packet' to 0
[15:48:08.498] [bmv2] [D] [thread 358] [34.0] [cxt 0] Parser state 'start': key is 00fa
[15:48:08.498] [bmv2] [T] [thread 358] [34.0] [cxt 0] Bytes parsed: 14
[15:48:08.498] [bmv2] [D] [thread 358] [34.0] [cxt 0] Parser 'parser' entering state 'parse_int_shim'
[15:48:08.498] [bmv2] [D] [thread 358] [34.0] [cxt 0] Extracting header 'int_shim'
[15:48:08.498] [bmv2] [D] [thread 358] [34.0] [cxt 0] Parser set: setting field 'scalars.metadata.is_int_packet' to 1
[15:48:08.498] [bmv2] [D] [thread 358] [34.0] [cxt 0] Extracting header 'int_header'
[15:48:08.498] [bmv2] [D] [thread 358] [34.0] [cxt 0] Parser set: setting field 'scalars.metadata.md_blocks_extracted' from expression, new value is 251
[15:48:08.498] [bmv2] [D] [thread 358] [34.0] [cxt 0] Extracting header 'int_md[0]'
[15:48:08.498] [bmv2] [D] [thread 358] [34.0] [cxt 0] Extracting header 'int_md[1]'
[15:48:08.498] [bmv2] [D] [thread 358] [34.0] [cxt 0] Parser state 'parse_int_shim': key is 0800
[15:48:08.498] [bmv2] [T] [thread 358] [34.0] [cxt 0] Bytes parsed: 83
[15:48:08.498] [bmv2] [D] [thread 358] [34.0] [cxt 0] Parser 'parser' entering state 'parse_encapsulated_ipv4'
[15:48:08.498] [bmv2] [D] [thread 358] [34.0] [cxt 0] Extracting header 'ipv4_inner'
[15:48:08.498] [bmv2] [D] [thread 358] [34.0] [cxt 0] Parser state 'parse_encapsulated_ipv4': key is 84
[15:48:08.498] [bmv2] [T] [thread 358] [34.0] [cxt 0] Bytes parsed: 103
[15:48:08.498] [bmv2] [D] [thread 358] [34.0] [cxt 0] Parser 'parser' entering state 'parse_encapsulated_sctp_common'
[15:48:08.498] [bmv2] [D] [thread 358] [34.0] [cxt 0] Extracting header 'sctp'
[15:48:08.498] [bmv2] [D] [thread 358] [34.0] [cxt 0] Extracting header 'sctp_chunk'
[15:48:08.498] [bmv2] [D] [thread 358] [34.0] [cxt 0] Parser state 'parse_encapsulated_sctp_common': key is 03
[15:48:08.498] [bmv2] [T] [thread 358] [34.0] [cxt 0] Bytes parsed: 119
[15:48:08.498] [bmv2] [D] [thread 358] [34.0] [cxt 0] Parser 'parser': end
[15:48:08.498] [bmv2] [D] [thread 358] [34.0] [cxt 0] Pipeline 'ingress': start
[15:48:08.499] [bmv2] [T] [thread 358] [34.0] [cxt 0] Applying table 'tbl_intgtpdestination311'
[15:48:08.499] [bmv2] [D] [thread 358] [34.0] [cxt 0] Looking up key:

[15:48:08.499] [bmv2] [D] [thread 358] [34.0] [cxt 0] Table 'tbl_intgtpdestination311': miss
[15:48:08.499] [bmv2] [D] [thread 358] [34.0] [cxt 0] Action entry is intgtpdestination311 -
[15:48:08.499] [bmv2] [T] [thread 358] [34.0] [cxt 0] Action intgtpdestination311
[15:48:08.499] [bmv2] [T] [thread 358] [34.0] [cxt 0] int-gtp-destination.p4(311) Primitive meta.switch_id = 3
[15:48:08.499] [bmv2] [T] [thread 358] [34.0] [cxt 0] int-gtp-destination.p4(313) Condition "hdr.ethernet.isValid()" (node_3) is true
[15:48:08.499] [bmv2] [T] [thread 358] [34.0] [cxt 0] int-gtp-destination.p4(314) Condition "hdr.int_shim.isValid()" (node_4) is true
[15:48:08.499] [bmv2] [T] [thread 358] [34.0] [cxt 0] int-gtp-destination.p4(316) Condition "hdr.int_header.remaining_hop_cnt > 0" (node_5) is true
[15:48:08.499] [bmv2] [T] [thread 358] [34.0] [cxt 0] Applying table 'tbl_intgtpdestination317'
[15:48:08.499] [bmv2] [D] [thread 358] [34.0] [cxt 0] Looking up key:

[15:48:08.499] [bmv2] [D] [thread 358] [34.0] [cxt 0] Table 'tbl_intgtpdestination317': miss
[15:48:08.499] [bmv2] [D] [thread 358] [34.0] [cxt 0] Action entry is intgtpdestination317 -
[15:48:08.499] [bmv2] [T] [thread 358] [34.0] [cxt 0] Action intgtpdestination317
[15:48:08.499] [bmv2] [T] [thread 358] [34.0] [cxt 0] int-gtp-destination.p4(317) Primitive hdr.int_md[2].setValid()
[15:48:08.499] [bmv2] [T] [thread 358] [34.0] [cxt 0] int-gtp-destination.p4(318) Primitive hdr.int_md[2].padding_switch = 0
[15:48:08.499] [bmv2] [T] [thread 358] [34.0] [cxt 0] int-gtp-destination.p4(319) Primitive hdr.int_md[2].switch_id = (bit<16>)meta.switch_id
[15:48:08.499] [bmv2] [T] [thread 358] [34.0] [cxt 0] int-gtp-destination.p4(320) Primitive hdr.int_md[2].ingress_port_id = (bit<16>)meta.ingress_port
[15:48:08.499] [bmv2] [T] [thread 358] [34.0] [cxt 0] int-gtp-destination.p4(321) Primitive hdr.int_md[2].ingress_timestamp = meta.ingress_ts
[15:48:08.499] [bmv2] [T] [thread 358] [34.0] [cxt 0] int-gtp-destination.p4(322) Primitive hdr.int_md[2].egress_port_id = 0
[15:48:08.499] [bmv2] [T] [thread 358] [34.0] [cxt 0] int-gtp-destination.p4(323) Primitive hdr.int_md[2].hop_latency = 0
[15:48:08.499] [bmv2] [T] [thread 358] [34.0] [cxt 0] int-gtp-destination.p4(324) Primitive hdr.int_md[2].egress_timestamp = 0
[15:48:08.499] [bmv2] [T] [thread 358] [34.0] [cxt 0] int-gtp-destination.p4(325) Primitive hdr.int_md[2].queue_occupancy = 0
[15:48:08.499] [bmv2] [T] [thread 358] [34.0] [cxt 0] int-gtp-destination.p4(326) Primitive hdr.int_md[2].congestion_notification = 0
[15:48:08.499] [bmv2] [T] [thread 358] [34.0] [cxt 0] int-gtp-destination.p4(327) Primitive hdr.int_md[2].reserved1 = 0
[15:48:08.499] [bmv2] [T] [thread 358] [34.0] [cxt 0] int-gtp-destination.p4(328) Primitive hdr.int_md[2].reserved2 = 0
[15:48:08.499] [bmv2] [T] [thread 358] [34.0] [cxt 0] int-gtp-destination.p4(330) Primitive hdr.int_header.remaining_hop_cnt = hdr.int_header.remaining_hop_cnt - 1
[15:48:08.499] [bmv2] [T] [thread 358] [34.0] [cxt 0] int-gtp-destination.p4(331) Primitive hdr.int_shim.length = hdr.int_shim.length + 32
[15:48:08.499] [bmv2] [T] [thread 358] [34.0] [cxt 0] Applying table 'MyIngress.int_sink_table'
[15:48:08.499] [bmv2] [D] [thread 358] [34.0] [cxt 0] Looking up key:
* hdr.int_shim.$valid$: 01

[15:48:08.499] [bmv2] [D] [thread 358] [34.0] [cxt 0] Table 'MyIngress.int_sink_table': hit with handle 0
[15:48:08.499] [bmv2] [D] [thread 358] [34.0] [cxt 0] Dumping entry 0
Match key:
* hdr.int_shim.$valid$: EXACT     01
Action entry: MyIngress.int_sink_action -

[15:48:08.499] [bmv2] [D] [thread 358] [34.0] [cxt 0] Action entry is MyIngress.int_sink_action -
[15:48:08.499] [bmv2] [T] [thread 358] [34.0] [cxt 0] Action MyIngress.int_sink_action
[15:48:08.499] [bmv2] [T] [thread 358] [34.0] [cxt 0] int-gtp-destination.p4(278) Primitive meta.clone_port = 9
[15:48:08.499] [bmv2] [T] [thread 358] [34.0] [cxt 0] int-gtp-destination.p4(279) Primitive clone_preserving_field_list(CloneType.I2E, 99, 99)
[15:48:08.499] [bmv2] [T] [thread 358] [34.0] [cxt 0] int-gtp-destination.p4(339) Condition "hdr.ipv4_inner.isValid()" (node_8) is true
[15:48:08.499] [bmv2] [T] [thread 358] [34.0] [cxt 0] Applying table 'MyIngress.ipv4_lpm'
[15:48:08.499] [bmv2] [D] [thread 358] [34.0] [cxt 0] Looking up key:
* hdr.ipv4_inner.dstAddr: ac120014

[15:48:08.499] [bmv2] [D] [thread 358] [34.0] [cxt 0] Table 'MyIngress.ipv4_lpm': hit with handle 0
[15:48:08.499] [bmv2] [D] [thread 358] [34.0] [cxt 0] Dumping entry 0
Match key:
* hdr.ipv4_inner.dstAddr: LPM       ac120014/32
Action entry: MyIngress.forward_action - 1,

[15:48:08.499] [bmv2] [D] [thread 358] [34.0] [cxt 0] Action entry is MyIngress.forward_action - 1,
[15:48:08.499] [bmv2] [T] [thread 358] [34.0] [cxt 0] Action MyIngress.forward_action
[15:48:08.499] [bmv2] [T] [thread 358] [34.0] [cxt 0] int-gtp-destination.p4(283) Primitive standard_metadata.egress_spec = egress_port
[15:48:08.499] [bmv2] [D] [thread 358] [34.0] [cxt 0] Pipeline 'ingress': end
[15:48:08.499] [bmv2] [D] [thread 358] [34.0] [cxt 0] Cloning packet at ingress
[15:48:08.499] [bmv2] [D] [thread 358] [34.1] [cxt 0] Parser 'parser': start
[15:48:08.499] [bmv2] [D] [thread 358] [34.1] [cxt 0] Parser 'parser' entering state 'start'
[15:48:08.499] [bmv2] [D] [thread 358] [34.1] [cxt 0] Extracting header 'ethernet'
[15:48:08.499] [bmv2] [D] [thread 358] [34.1] [cxt 0] Parser set: setting field 'scalars.metadata.ingress_port' from field 'standard_metadata.ingress_port' (2)
[15:48:08.499] [bmv2] [D] [thread 358] [34.1] [cxt 0] Parser set: setting field 'scalars.metadata.ingress_ts' from expression, new value is 0
[15:48:08.499] [bmv2] [D] [thread 358] [34.1] [cxt 0] Parser set: setting field 'scalars.metadata.md_blocks_extracted' to 0
[15:48:08.499] [bmv2] [D] [thread 358] [34.1] [cxt 0] Parser set: setting field 'scalars.metadata.is_int_packet' to 0
[15:48:08.499] [bmv2] [D] [thread 358] [34.1] [cxt 0] Parser state 'start': key is 00fa
[15:48:08.499] [bmv2] [T] [thread 358] [34.1] [cxt 0] Bytes parsed: 14
[15:48:08.499] [bmv2] [D] [thread 358] [34.1] [cxt 0] Parser 'parser' entering state 'parse_int_shim'
[15:48:08.499] [bmv2] [D] [thread 358] [34.1] [cxt 0] Extracting header 'int_shim'
[15:48:08.499] [bmv2] [D] [thread 358] [34.1] [cxt 0] Parser set: setting field 'scalars.metadata.is_int_packet' to 1
[15:48:08.499] [bmv2] [D] [thread 358] [34.1] [cxt 0] Extracting header 'int_header'
[15:48:08.499] [bmv2] [D] [thread 358] [34.1] [cxt 0] Parser set: setting field 'scalars.metadata.md_blocks_extracted' from expression, new value is 251
[15:48:08.499] [bmv2] [D] [thread 358] [34.1] [cxt 0] Extracting header 'int_md[0]'
[15:48:08.499] [bmv2] [D] [thread 358] [34.1] [cxt 0] Extracting header 'int_md[1]'
[15:48:08.499] [bmv2] [D] [thread 358] [34.1] [cxt 0] Parser state 'parse_int_shim': key is 0800
[15:48:08.499] [bmv2] [T] [thread 358] [34.1] [cxt 0] Bytes parsed: 83
[15:48:08.499] [bmv2] [D] [thread 358] [34.1] [cxt 0] Parser 'parser' entering state 'parse_encapsulated_ipv4'
[15:48:08.499] [bmv2] [D] [thread 358] [34.1] [cxt 0] Extracting header 'ipv4_inner'
[15:48:08.499] [bmv2] [D] [thread 358] [34.1] [cxt 0] Parser state 'parse_encapsulated_ipv4': key is 84
[15:48:08.499] [bmv2] [T] [thread 358] [34.1] [cxt 0] Bytes parsed: 103
[15:48:08.499] [bmv2] [D] [thread 358] [34.1] [cxt 0] Parser 'parser' entering state 'parse_encapsulated_sctp_common'
[15:48:08.499] [bmv2] [D] [thread 358] [34.1] [cxt 0] Extracting header 'sctp'
[15:48:08.500] [bmv2] [D] [thread 358] [34.1] [cxt 0] Extracting header 'sctp_chunk'
[15:48:08.500] [bmv2] [D] [thread 358] [34.1] [cxt 0] Parser state 'parse_encapsulated_sctp_common': key is 03
[15:48:08.500] [bmv2] [T] [thread 358] [34.1] [cxt 0] Bytes parsed: 119
[15:48:08.500] [bmv2] [D] [thread 358] [34.1] [cxt 0] Parser 'parser': end
[15:48:08.500] [bmv2] [D] [thread 358] [34.0] [cxt 0] Cloning packet to egress port 9
[15:48:08.500] [bmv2] [D] [thread 358] [34.0] [cxt 0] Egress port is 1
[15:48:08.500] [bmv2] [D] [thread 360] [34.1] [cxt 0] Pipeline 'egress': start
[15:48:08.500] [bmv2] [T] [thread 360] [34.1] [cxt 0] int-gtp-destination.p4(402) Condition "hdr.int_shim.isValid()" (node_12) is true
[15:48:08.500] [bmv2] [T] [thread 360] [34.1] [cxt 0] Applying table 'tbl_update_int_metadata'
[15:48:08.500] [bmv2] [D] [thread 360] [34.1] [cxt 0] Looking up key:

[15:48:08.500] [bmv2] [D] [thread 360] [34.1] [cxt 0] Table 'tbl_update_int_metadata': miss
[15:48:08.500] [bmv2] [D] [thread 360] [34.1] [cxt 0] Action entry is MyEgress.update_int_metadata -
[15:48:08.500] [bmv2] [T] [thread 360] [34.1] [cxt 0] Action MyEgress.update_int_metadata
[15:48:08.500] [bmv2] [T] [thread 360] [34.1] [cxt 0] int-gtp-destination.p4(352) Primitive if
[15:48:08.500] [bmv2] [T] [thread 360] [34.1] [cxt 0] int-gtp-destination.p4(353) Primitive hdr.int_md[2].setValid()
[15:48:08.500] [bmv2] [T] [thread 360] [34.1] [cxt 0] int-gtp-destination.p4(354) Primitive hdr.int_md[2].padding_switch = 0
[15:48:08.500] [bmv2] [T] [thread 360] [34.1] [cxt 0] int-gtp-destination.p4(355) Primitive hdr.int_md[2].switch_id = (bit<16>)meta.switch_id
[15:48:08.500] [bmv2] [T] [thread 360] [34.1] [cxt 0] int-gtp-destination.p4(356) Primitive hdr.int_md[2].ingress_port_id = (bit<16>)meta.ingress_port
[15:48:08.500] [bmv2] [T] [thread 360] [34.1] [cxt 0] int-gtp-destination.p4(357) Primitive hdr.int_md[2].ingress_timestamp = meta.ingress_ts
[15:48:08.500] [bmv2] [T] [thread 360] [34.1] [cxt 0] int-gtp-destination.p4(362) Primitive hdr.int_md[2].congestion_notification = 0
[15:48:08.500] [bmv2] [T] [thread 360] [34.1] [cxt 0] int-gtp-destination.p4(363) Primitive hdr.int_md[2].reserved1 = 0
[15:48:08.500] [bmv2] [T] [thread 360] [34.1] [cxt 0] int-gtp-destination.p4(364) Primitive hdr.int_md[2].reserved2 = 0
[15:48:08.500] [bmv2] [T] [thread 360] [34.1] [cxt 0] int-gtp-destination.p4(368) Primitive hdr.int_md[2].egress_port_id = (bit<16>)standard_metadata.egress_port
[15:48:08.500] [bmv2] [T] [thread 360] [34.1] [cxt 0] int-gtp-destination.p4(369) Primitive hdr.int_md[2].egress_timestamp = (bit<32>)standard_metadata.egress_global_timestamp
[15:48:08.500] [bmv2] [T] [thread 360] [34.1] [cxt 0] int-gtp-destination.p4(370) Primitive hdr.int_md[2].hop_latency = hdr.int_md[2].egress_timestamp - hdr.int_md[2].ingress_timestamp
[15:48:08.500] [bmv2] [T] [thread 360] [34.1] [cxt 0] int-gtp-destination.p4(371) Primitive hdr.int_md[2].queue_occupancy = (bit<32>)standard_metadata.enq_qdepth
[15:48:08.500] [bmv2] [T] [thread 360] [34.1] [cxt 0] int-gtp-destination.p4(408) Condition "standard_metadata.instance_type == 1 || standard_metadata.egress_port == 9" (node_14) is true
[15:48:08.500] [bmv2] [D] [thread 360] [34.1] [cxt 0] Pipeline 'egress': end
[15:48:08.500] [bmv2] [D] [thread 360] [34.1] [cxt 0] Deparser 'deparser': start
[15:48:08.500] [bmv2] [D] [thread 360] [34.1] [cxt 0] Deparsing header 'ethernet'
[15:48:08.500] [bmv2] [D] [thread 360] [34.1] [cxt 0] Deparsing header 'int_shim'
[15:48:08.500] [bmv2] [D] [thread 360] [34.1] [cxt 0] Deparsing header 'int_header'
[15:48:08.500] [bmv2] [D] [thread 360] [34.1] [cxt 0] Deparsing header 'int_md[0]'
[15:48:08.500] [bmv2] [D] [thread 360] [34.1] [cxt 0] Deparsing header 'int_md[1]'
[15:48:08.500] [bmv2] [D] [thread 360] [34.1] [cxt 0] Deparsing header 'int_md[2]'
[15:48:08.500] [bmv2] [D] [thread 360] [34.1] [cxt 0] Deparsing header 'ipv4_inner'
[15:48:08.500] [bmv2] [D] [thread 360] [34.1] [cxt 0] Deparsing header 'sctp'
[15:48:08.500] [bmv2] [D] [thread 360] [34.1] [cxt 0] Deparsing header 'sctp_chunk'
[15:48:08.500] [bmv2] [D] [thread 360] [34.1] [cxt 0] Deparser 'deparser': end
[15:48:08.500] [bmv2] [D] [thread 360] [34.0] [cxt 0] Pipeline 'egress': start
[15:48:08.500] [bmv2] [T] [thread 360] [34.0] [cxt 0] int-gtp-destination.p4(402) Condition "hdr.int_shim.isValid()" (node_12) is true
[15:48:08.500] [bmv2] [T] [thread 360] [34.0] [cxt 0] Applying table 'tbl_update_int_metadata'
[15:48:08.500] [bmv2] [D] [thread 360] [34.0] [cxt 0] Looking up key:

[15:48:08.500] [bmv2] [D] [thread 360] [34.0] [cxt 0] Table 'tbl_update_int_metadata': miss
[15:48:08.500] [bmv2] [D] [thread 360] [34.0] [cxt 0] Action entry is MyEgress.update_int_metadata -
[15:48:08.500] [bmv2] [T] [thread 360] [34.0] [cxt 0] Action MyEgress.update_int_metadata
[15:48:08.500] [bmv2] [T] [thread 360] [34.0] [cxt 0] int-gtp-destination.p4(352) Primitive if
[15:48:08.500] [bmv2] [T] [thread 360] [34.0] [cxt 0] int-gtp-destination.p4(352) Primitive if
[15:48:08.500] [bmv2] [T] [thread 360] [34.0] [cxt 0] int-gtp-destination.p4(368) Primitive hdr.int_md[2].egress_port_id = (bit<16>)standard_metadata.egress_port
[15:48:08.500] [bmv2] [T] [thread 360] [34.0] [cxt 0] int-gtp-destination.p4(369) Primitive hdr.int_md[2].egress_timestamp = (bit<32>)standard_metadata.egress_global_timestamp
[15:48:08.500] [bmv2] [T] [thread 360] [34.0] [cxt 0] int-gtp-destination.p4(370) Primitive hdr.int_md[2].hop_latency = hdr.int_md[2].egress_timestamp - hdr.int_md[2].ingress_timestamp
[15:48:08.501] [bmv2] [T] [thread 360] [34.0] [cxt 0] int-gtp-destination.p4(371) Primitive hdr.int_md[2].queue_occupancy = (bit<32>)standard_metadata.enq_qdepth
[15:48:08.501] [bmv2] [T] [thread 360] [34.0] [cxt 0] int-gtp-destination.p4(408) Condition "standard_metadata.instance_type == 1 || standard_metadata.egress_port == 9" (node_14) is false
[15:48:08.501] [bmv2] [T] [thread 360] [34.0] [cxt 0] Applying table 'MyEgress.egress_control'
[15:48:08.501] [bmv2] [D] [thread 360] [34.0] [cxt 0] Looking up key:
* standard_metadata.egress_port: 0001

[15:48:08.501] [bmv2] [D] [thread 360] [34.0] [cxt 0] Table 'MyEgress.egress_control': hit with handle 0
[15:48:08.501] [bmv2] [D] [thread 360] [34.0] [cxt 0] Dumping entry 0
Match key:
* standard_metadata.egress_port: EXACT     0001
Action entry: MyEgress.strip_int_headers -

[15:48:08.501] [bmv2] [D] [thread 360] [34.0] [cxt 0] Action entry is MyEgress.strip_int_headers -
[15:48:08.501] [bmv2] [T] [thread 360] [34.0] [cxt 0] Action MyEgress.strip_int_headers
[15:48:08.501] [bmv2] [T] [thread 360] [34.0] [cxt 0] int-gtp-destination.p4(375) Primitive hdr.ethernet.etherType = hdr.int_shim.next_proto
[15:48:08.500] [bmv2] [D] [thread 363] [34.1] [cxt 0] Transmitting packet of size 195 out of port 9
[15:48:08.501] [bmv2] [T] [thread 360] [34.0] [cxt 0] int-gtp-destination.p4(376) Primitive hdr.int_shim.setInvalid()
[15:48:08.501] [bmv2] [T] [thread 360] [34.0] [cxt 0] int-gtp-destination.p4(377) Primitive hdr.int_header.setInvalid()
[15:48:08.501] [bmv2] [T] [thread 360] [34.0] [cxt 0] int-gtp-destination.p4(379) Primitive hdr.int_md[0].setInvalid()
[15:48:08.501] [bmv2] [T] [thread 360] [34.0] [cxt 0] int-gtp-destination.p4(380) Primitive hdr.int_md[1].setInvalid()
[15:48:08.501] [bmv2] [T] [thread 360] [34.0] [cxt 0] int-gtp-destination.p4(381) Primitive hdr.int_md[2].setInvalid()
[15:48:08.501] [bmv2] [T] [thread 360] [34.0] [cxt 0] int-gtp-destination.p4(382) Primitive hdr.int_md[3].setInvalid()
[15:48:08.501] [bmv2] [T] [thread 360] [34.0] [cxt 0] int-gtp-destination.p4(383) Primitive hdr.int_md[4].setInvalid()
[15:48:08.501] [bmv2] [T] [thread 360] [34.0] [cxt 0] int-gtp-destination.p4(384) Primitive hdr.int_md[5].setInvalid()
[15:48:08.501] [bmv2] [T] [thread 360] [34.0] [cxt 0] int-gtp-destination.p4(385) Primitive hdr.int_md[6].setInvalid()
[15:48:08.501] [bmv2] [T] [thread 360] [34.0] [cxt 0] int-gtp-destination.p4(386) Primitive hdr.int_md[7].setInvalid()
[15:48:08.501] [bmv2] [D] [thread 360] [34.0] [cxt 0] Pipeline 'egress': end
[15:48:08.501] [bmv2] [D] [thread 360] [34.0] [cxt 0] Deparser 'deparser': start
[15:48:08.501] [bmv2] [D] [thread 360] [34.0] [cxt 0] Deparsing header 'ethernet'
[15:48:08.501] [bmv2] [D] [thread 360] [34.0] [cxt 0] Deparsing header 'ipv4_inner'
[15:48:08.501] [bmv2] [D] [thread 360] [34.0] [cxt 0] Deparsing header 'sctp'
[15:48:08.501] [bmv2] [D] [thread 360] [34.0] [cxt 0] Deparsing header 'sctp_chunk'
[15:48:08.501] [bmv2] [D] [thread 360] [34.0] [cxt 0] Deparser 'deparser': end
[15:48:08.501] [bmv2] [D] [thread 363] [34.0] [cxt 0] Transmitting packet of size 98 out of port 1
[15:48:08.736] [bmv2] [D] [thread 358] [35.0] [cxt 0] Processing packet received on port 1
[15:48:08.736] [bmv2] [D] [thread 358] [35.0] [cxt 0] Parser 'parser': start
[15:48:08.736] [bmv2] [D] [thread 358] [35.0] [cxt 0] Parser 'parser' entering state 'start'
[15:48:08.736] [bmv2] [D] [thread 358] [35.0] [cxt 0] Extracting header 'ethernet'
[15:48:08.736] [bmv2] [D] [thread 358] [35.0] [cxt 0] Parser set: setting field 'scalars.metadata.ingress_port' from field 'standard_metadata.ingress_port' (1)
[15:48:08.736] [bmv2] [D] [thread 358] [35.0] [cxt 0] Parser set: setting field 'scalars.metadata.ingress_ts' from expression, new value is 169205217
[15:48:08.736] [bmv2] [D] [thread 358] [35.0] [cxt 0] Parser set: setting field 'scalars.metadata.md_blocks_extracted' to 0
[15:48:08.736] [bmv2] [D] [thread 358] [35.0] [cxt 0] Parser set: setting field 'scalars.metadata.is_int_packet' to 0
[15:48:08.736] [bmv2] [D] [thread 358] [35.0] [cxt 0] Parser state 'start': key is 0800
[15:48:08.736] [bmv2] [T] [thread 358] [35.0] [cxt 0] Bytes parsed: 14
[15:48:08.736] [bmv2] [D] [thread 358] [35.0] [cxt 0] Parser 'parser' entering state 'parse_ipv4'
[15:48:08.736] [bmv2] [D] [thread 358] [35.0] [cxt 0] Extracting header 'ipv4_inner'
[15:48:08.736] [bmv2] [D] [thread 358] [35.0] [cxt 0] Parser state 'parse_ipv4': key is 84
[15:48:08.736] [bmv2] [T] [thread 358] [35.0] [cxt 0] Bytes parsed: 34
[15:48:08.736] [bmv2] [D] [thread 358] [35.0] [cxt 0] Parser 'parser' entering state 'parse_sctp_common'
[15:48:08.736] [bmv2] [D] [thread 358] [35.0] [cxt 0] Extracting header 'sctp'
[15:48:08.736] [bmv2] [D] [thread 358] [35.0] [cxt 0] Extracting header 'sctp_chunk'
[15:48:08.736] [bmv2] [D] [thread 358] [35.0] [cxt 0] Parser state 'parse_sctp_common': key is 03
[15:48:08.736] [bmv2] [T] [thread 358] [35.0] [cxt 0] Bytes parsed: 50
[15:48:08.736] [bmv2] [D] [thread 358] [35.0] [cxt 0] Parser 'parser': end
[15:48:08.736] [bmv2] [D] [thread 358] [35.0] [cxt 0] Pipeline 'ingress': start
[15:48:08.736] [bmv2] [T] [thread 358] [35.0] [cxt 0] Applying table 'tbl_intgtpdestination311'
[15:48:08.736] [bmv2] [D] [thread 358] [35.0] [cxt 0] Looking up key:

[15:48:08.736] [bmv2] [D] [thread 358] [35.0] [cxt 0] Table 'tbl_intgtpdestination311': miss
[15:48:08.736] [bmv2] [D] [thread 358] [35.0] [cxt 0] Action entry is intgtpdestination311 -
[15:48:08.736] [bmv2] [T] [thread 358] [35.0] [cxt 0] Action intgtpdestination311
[15:48:08.736] [bmv2] [T] [thread 358] [35.0] [cxt 0] int-gtp-destination.p4(311) Primitive meta.switch_id = 3
[15:48:08.737] [bmv2] [T] [thread 358] [35.0] [cxt 0] int-gtp-destination.p4(313) Condition "hdr.ethernet.isValid()" (node_3) is true
[15:48:08.737] [bmv2] [T] [thread 358] [35.0] [cxt 0] int-gtp-destination.p4(314) Condition "hdr.int_shim.isValid()" (node_4) is false
[15:48:08.737] [bmv2] [T] [thread 358] [35.0] [cxt 0] int-gtp-destination.p4(339) Condition "hdr.ipv4_inner.isValid()" (node_8) is true
[15:48:08.737] [bmv2] [T] [thread 358] [35.0] [cxt 0] Applying table 'MyIngress.ipv4_lpm'
[15:48:08.737] [bmv2] [D] [thread 358] [35.0] [cxt 0] Looking up key:
* hdr.ipv4_inner.dstAddr: ac120a03

[15:48:08.737] [bmv2] [D] [thread 358] [35.0] [cxt 0] Table 'MyIngress.ipv4_lpm': hit with handle 2
[15:48:08.737] [bmv2] [D] [thread 358] [35.0] [cxt 0] Dumping entry 2
Match key:
* hdr.ipv4_inner.dstAddr: LPM       ac120a03/32
Action entry: MyIngress.forward_action - 2,

[15:48:08.737] [bmv2] [D] [thread 358] [35.0] [cxt 0] Action entry is MyIngress.forward_action - 2,
[15:48:08.737] [bmv2] [T] [thread 358] [35.0] [cxt 0] Action MyIngress.forward_action
[15:48:08.737] [bmv2] [T] [thread 358] [35.0] [cxt 0] int-gtp-destination.p4(283) Primitive standard_metadata.egress_spec = egress_port
[15:48:08.737] [bmv2] [D] [thread 358] [35.0] [cxt 0] Pipeline 'ingress': end
[15:48:08.737] [bmv2] [D] [thread 358] [35.0] [cxt 0] Egress port is 2
[15:48:08.737] [bmv2] [D] [thread 361] [35.0] [cxt 0] Pipeline 'egress': start
[15:48:08.737] [bmv2] [T] [thread 361] [35.0] [cxt 0] int-gtp-destination.p4(402) Condition "hdr.int_shim.isValid()" (node_12) is false
[15:48:08.737] [bmv2] [D] [thread 361] [35.0] [cxt 0] Pipeline 'egress': end
[15:48:08.737] [bmv2] [D] [thread 361] [35.0] [cxt 0] Deparser 'deparser': start
[15:48:08.737] [bmv2] [D] [thread 361] [35.0] [cxt 0] Deparsing header 'ethernet'
[15:48:08.737] [bmv2] [D] [thread 361] [35.0] [cxt 0] Deparsing header 'ipv4_inner'
[15:48:08.737] [bmv2] [D] [thread 361] [35.0] [cxt 0] Deparsing header 'sctp'
[15:48:08.737] [bmv2] [D] [thread 361] [35.0] [cxt 0] Deparsing header 'sctp_chunk'
[15:48:08.737] [bmv2] [D] [thread 361] [35.0] [cxt 0] Deparser 'deparser': end
[15:48:08.737] [bmv2] [D] [thread 363] [35.0] [cxt 0] Transmitting packet of size 62 out of port 2
[15:48:08.757] [bmv2] [D] [thread 358] [36.0] [cxt 0] Processing packet received on port 2
[15:48:08.757] [bmv2] [D] [thread 358] [36.0] [cxt 0] Parser 'parser': start
[15:48:08.757] [bmv2] [D] [thread 358] [36.0] [cxt 0] Parser 'parser' entering state 'start'
[15:48:08.757] [bmv2] [D] [thread 358] [36.0] [cxt 0] Extracting header 'ethernet'
[15:48:08.757] [bmv2] [D] [thread 358] [36.0] [cxt 0] Parser set: setting field 'scalars.metadata.ingress_port' from field 'standard_metadata.ingress_port' (2)
[15:48:08.757] [bmv2] [D] [thread 358] [36.0] [cxt 0] Parser set: setting field 'scalars.metadata.ingress_ts' from expression, new value is 169225776
[15:48:08.757] [bmv2] [D] [thread 358] [36.0] [cxt 0] Parser set: setting field 'scalars.metadata.md_blocks_extracted' to 0
[15:48:08.757] [bmv2] [D] [thread 358] [36.0] [cxt 0] Parser set: setting field 'scalars.metadata.is_int_packet' to 0
[15:48:08.757] [bmv2] [D] [thread 358] [36.0] [cxt 0] Parser state 'start': key is 00fa
[15:48:08.757] [bmv2] [T] [thread 358] [36.0] [cxt 0] Bytes parsed: 14
[15:48:08.757] [bmv2] [D] [thread 358] [36.0] [cxt 0] Parser 'parser' entering state 'parse_int_shim'
[15:48:08.757] [bmv2] [D] [thread 358] [36.0] [cxt 0] Extracting header 'int_shim'
[15:48:08.757] [bmv2] [D] [thread 358] [36.0] [cxt 0] Parser set: setting field 'scalars.metadata.is_int_packet' to 1
[15:48:08.757] [bmv2] [D] [thread 358] [36.0] [cxt 0] Extracting header 'int_header'
[15:48:08.757] [bmv2] [D] [thread 358] [36.0] [cxt 0] Parser set: setting field 'scalars.metadata.md_blocks_extracted' from expression, new value is 251
[15:48:08.757] [bmv2] [D] [thread 358] [36.0] [cxt 0] Extracting header 'int_md[0]'
[15:48:08.757] [bmv2] [D] [thread 358] [36.0] [cxt 0] Extracting header 'int_md[1]'
[15:48:08.757] [bmv2] [D] [thread 358] [36.0] [cxt 0] Parser state 'parse_int_shim': key is 0800
[15:48:08.757] [bmv2] [T] [thread 358] [36.0] [cxt 0] Bytes parsed: 83
[15:48:08.757] [bmv2] [D] [thread 358] [36.0] [cxt 0] Parser 'parser' entering state 'parse_encapsulated_ipv4'
[15:48:08.757] [bmv2] [D] [thread 358] [36.0] [cxt 0] Extracting header 'ipv4_inner'
[15:48:08.757] [bmv2] [D] [thread 358] [36.0] [cxt 0] Parser state 'parse_encapsulated_ipv4': key is 84
[15:48:08.757] [bmv2] [T] [thread 358] [36.0] [cxt 0] Bytes parsed: 103
[15:48:08.757] [bmv2] [D] [thread 358] [36.0] [cxt 0] Parser 'parser' entering state 'parse_encapsulated_sctp_common'
[15:48:08.757] [bmv2] [D] [thread 358] [36.0] [cxt 0] Extracting header 'sctp'
[15:48:08.757] [bmv2] [D] [thread 358] [36.0] [cxt 0] Extracting header 'sctp_chunk'
[15:48:08.757] [bmv2] [D] [thread 358] [36.0] [cxt 0] Parser state 'parse_encapsulated_sctp_common': key is 00
[15:48:08.757] [bmv2] [T] [thread 358] [36.0] [cxt 0] Bytes parsed: 119
[15:48:08.757] [bmv2] [D] [thread 358] [36.0] [cxt 0] Parser 'parser' entering state 'parse_encapsulated_sctp_data_chunk'
[15:48:08.757] [bmv2] [D] [thread 358] [36.0] [cxt 0] Extracting header 'sctp_data_chunk'
[15:48:08.757] [bmv2] [D] [thread 358] [36.0] [cxt 0] Parser state 'parse_encapsulated_sctp_data_chunk' has no switch, going to default next state
[15:48:08.757] [bmv2] [T] [thread 358] [36.0] [cxt 0] Bytes parsed: 131
[15:48:08.757] [bmv2] [D] [thread 358] [36.0] [cxt 0] Parser 'parser': end
[15:48:08.757] [bmv2] [D] [thread 358] [36.0] [cxt 0] Pipeline 'ingress': start
[15:48:08.757] [bmv2] [T] [thread 358] [36.0] [cxt 0] Applying table 'tbl_intgtpdestination311'
[15:48:08.757] [bmv2] [D] [thread 358] [36.0] [cxt 0] Looking up key:

[15:48:08.757] [bmv2] [D] [thread 358] [36.0] [cxt 0] Table 'tbl_intgtpdestination311': miss
[15:48:08.757] [bmv2] [D] [thread 358] [36.0] [cxt 0] Action entry is intgtpdestination311 -
[15:48:08.757] [bmv2] [T] [thread 358] [36.0] [cxt 0] Action intgtpdestination311
[15:48:08.757] [bmv2] [T] [thread 358] [36.0] [cxt 0] int-gtp-destination.p4(311) Primitive meta.switch_id = 3
[15:48:08.757] [bmv2] [T] [thread 358] [36.0] [cxt 0] int-gtp-destination.p4(313) Condition "hdr.ethernet.isValid()" (node_3) is true
[15:48:08.757] [bmv2] [T] [thread 358] [36.0] [cxt 0] int-gtp-destination.p4(314) Condition "hdr.int_shim.isValid()" (node_4) is true
[15:48:08.757] [bmv2] [T] [thread 358] [36.0] [cxt 0] int-gtp-destination.p4(316) Condition "hdr.int_header.remaining_hop_cnt > 0" (node_5) is true
[15:48:08.757] [bmv2] [T] [thread 358] [36.0] [cxt 0] Applying table 'tbl_intgtpdestination317'
[15:48:08.757] [bmv2] [D] [thread 358] [36.0] [cxt 0] Looking up key:

[15:48:08.757] [bmv2] [D] [thread 358] [36.0] [cxt 0] Table 'tbl_intgtpdestination317': miss
[15:48:08.757] [bmv2] [D] [thread 358] [36.0] [cxt 0] Action entry is intgtpdestination317 -
[15:48:08.757] [bmv2] [T] [thread 358] [36.0] [cxt 0] Action intgtpdestination317
[15:48:08.757] [bmv2] [T] [thread 358] [36.0] [cxt 0] int-gtp-destination.p4(317) Primitive hdr.int_md[2].setValid()
[15:48:08.757] [bmv2] [T] [thread 358] [36.0] [cxt 0] int-gtp-destination.p4(318) Primitive hdr.int_md[2].padding_switch = 0
[15:48:08.757] [bmv2] [T] [thread 358] [36.0] [cxt 0] int-gtp-destination.p4(319) Primitive hdr.int_md[2].switch_id = (bit<16>)meta.switch_id
[15:48:08.757] [bmv2] [T] [thread 358] [36.0] [cxt 0] int-gtp-destination.p4(320) Primitive hdr.int_md[2].ingress_port_id = (bit<16>)meta.ingress_port
[15:48:08.757] [bmv2] [T] [thread 358] [36.0] [cxt 0] int-gtp-destination.p4(321) Primitive hdr.int_md[2].ingress_timestamp = meta.ingress_ts
[15:48:08.757] [bmv2] [T] [thread 358] [36.0] [cxt 0] int-gtp-destination.p4(322) Primitive hdr.int_md[2].egress_port_id = 0
[15:48:08.757] [bmv2] [T] [thread 358] [36.0] [cxt 0] int-gtp-destination.p4(323) Primitive hdr.int_md[2].hop_latency = 0
[15:48:08.757] [bmv2] [T] [thread 358] [36.0] [cxt 0] int-gtp-destination.p4(324) Primitive hdr.int_md[2].egress_timestamp = 0
[15:48:08.757] [bmv2] [T] [thread 358] [36.0] [cxt 0] int-gtp-destination.p4(325) Primitive hdr.int_md[2].queue_occupancy = 0
[15:48:08.757] [bmv2] [T] [thread 358] [36.0] [cxt 0] int-gtp-destination.p4(326) Primitive hdr.int_md[2].congestion_notification = 0
[15:48:08.757] [bmv2] [T] [thread 358] [36.0] [cxt 0] int-gtp-destination.p4(327) Primitive hdr.int_md[2].reserved1 = 0
[15:48:08.757] [bmv2] [T] [thread 358] [36.0] [cxt 0] int-gtp-destination.p4(328) Primitive hdr.int_md[2].reserved2 = 0
[15:48:08.757] [bmv2] [T] [thread 358] [36.0] [cxt 0] int-gtp-destination.p4(330) Primitive hdr.int_header.remaining_hop_cnt = hdr.int_header.remaining_hop_cnt - 1
[15:48:08.757] [bmv2] [T] [thread 358] [36.0] [cxt 0] int-gtp-destination.p4(331) Primitive hdr.int_shim.length = hdr.int_shim.length + 32
[15:48:08.757] [bmv2] [T] [thread 358] [36.0] [cxt 0] Applying table 'MyIngress.int_sink_table'
[15:48:08.757] [bmv2] [D] [thread 358] [36.0] [cxt 0] Looking up key:
* hdr.int_shim.$valid$: 01

[15:48:08.757] [bmv2] [D] [thread 358] [36.0] [cxt 0] Table 'MyIngress.int_sink_table': hit with handle 0
[15:48:08.757] [bmv2] [D] [thread 358] [36.0] [cxt 0] Dumping entry 0
Match key:
* hdr.int_shim.$valid$: EXACT     01
Action entry: MyIngress.int_sink_action -

[15:48:08.757] [bmv2] [D] [thread 358] [36.0] [cxt 0] Action entry is MyIngress.int_sink_action -
[15:48:08.757] [bmv2] [T] [thread 358] [36.0] [cxt 0] Action MyIngress.int_sink_action
[15:48:08.757] [bmv2] [T] [thread 358] [36.0] [cxt 0] int-gtp-destination.p4(278) Primitive meta.clone_port = 9
[15:48:08.757] [bmv2] [T] [thread 358] [36.0] [cxt 0] int-gtp-destination.p4(279) Primitive clone_preserving_field_list(CloneType.I2E, 99, 99)
[15:48:08.757] [bmv2] [T] [thread 358] [36.0] [cxt 0] int-gtp-destination.p4(339) Condition "hdr.ipv4_inner.isValid()" (node_8) is true
[15:48:08.757] [bmv2] [T] [thread 358] [36.0] [cxt 0] Applying table 'MyIngress.ipv4_lpm'
[15:48:08.757] [bmv2] [D] [thread 358] [36.0] [cxt 0] Looking up key:
* hdr.ipv4_inner.dstAddr: ac120014

[15:48:08.757] [bmv2] [D] [thread 358] [36.0] [cxt 0] Table 'MyIngress.ipv4_lpm': hit with handle 0
[15:48:08.757] [bmv2] [D] [thread 358] [36.0] [cxt 0] Dumping entry 0
Match key:
* hdr.ipv4_inner.dstAddr: LPM       ac120014/32
Action entry: MyIngress.forward_action - 1,

[15:48:08.757] [bmv2] [D] [thread 358] [36.0] [cxt 0] Action entry is MyIngress.forward_action - 1,
[15:48:08.757] [bmv2] [T] [thread 358] [36.0] [cxt 0] Action MyIngress.forward_action
[15:48:08.757] [bmv2] [T] [thread 358] [36.0] [cxt 0] int-gtp-destination.p4(283) Primitive standard_metadata.egress_spec = egress_port
[15:48:08.757] [bmv2] [D] [thread 358] [36.0] [cxt 0] Pipeline 'ingress': end
[15:48:08.757] [bmv2] [D] [thread 358] [36.0] [cxt 0] Cloning packet at ingress
[15:48:08.757] [bmv2] [D] [thread 358] [36.1] [cxt 0] Parser 'parser': start
[15:48:08.758] [bmv2] [D] [thread 358] [36.1] [cxt 0] Parser 'parser' entering state 'start'
[15:48:08.758] [bmv2] [D] [thread 358] [36.1] [cxt 0] Extracting header 'ethernet'
[15:48:08.758] [bmv2] [D] [thread 358] [36.1] [cxt 0] Parser set: setting field 'scalars.metadata.ingress_port' from field 'standard_metadata.ingress_port' (2)
[15:48:08.758] [bmv2] [D] [thread 358] [36.1] [cxt 0] Parser set: setting field 'scalars.metadata.ingress_ts' from expression, new value is 0
[15:48:08.758] [bmv2] [D] [thread 358] [36.1] [cxt 0] Parser set: setting field 'scalars.metadata.md_blocks_extracted' to 0
[15:48:08.758] [bmv2] [D] [thread 358] [36.1] [cxt 0] Parser set: setting field 'scalars.metadata.is_int_packet' to 0
[15:48:08.758] [bmv2] [D] [thread 358] [36.1] [cxt 0] Parser state 'start': key is 00fa
[15:48:08.758] [bmv2] [T] [thread 358] [36.1] [cxt 0] Bytes parsed: 14
[15:48:08.758] [bmv2] [D] [thread 358] [36.1] [cxt 0] Parser 'parser' entering state 'parse_int_shim'
[15:48:08.758] [bmv2] [D] [thread 358] [36.1] [cxt 0] Extracting header 'int_shim'
[15:48:08.758] [bmv2] [D] [thread 358] [36.1] [cxt 0] Parser set: setting field 'scalars.metadata.is_int_packet' to 1
[15:48:08.758] [bmv2] [D] [thread 358] [36.1] [cxt 0] Extracting header 'int_header'
[15:48:08.758] [bmv2] [D] [thread 358] [36.1] [cxt 0] Parser set: setting field 'scalars.metadata.md_blocks_extracted' from expression, new value is 251
[15:48:08.758] [bmv2] [D] [thread 358] [36.1] [cxt 0] Extracting header 'int_md[0]'
[15:48:08.758] [bmv2] [D] [thread 358] [36.1] [cxt 0] Extracting header 'int_md[1]'
[15:48:08.758] [bmv2] [D] [thread 358] [36.1] [cxt 0] Parser state 'parse_int_shim': key is 0800
[15:48:08.758] [bmv2] [T] [thread 358] [36.1] [cxt 0] Bytes parsed: 83
[15:48:08.758] [bmv2] [D] [thread 358] [36.1] [cxt 0] Parser 'parser' entering state 'parse_encapsulated_ipv4'
[15:48:08.758] [bmv2] [D] [thread 358] [36.1] [cxt 0] Extracting header 'ipv4_inner'
[15:48:08.758] [bmv2] [D] [thread 358] [36.1] [cxt 0] Parser state 'parse_encapsulated_ipv4': key is 84
[15:48:08.758] [bmv2] [T] [thread 358] [36.1] [cxt 0] Bytes parsed: 103
[15:48:08.758] [bmv2] [D] [thread 358] [36.1] [cxt 0] Parser 'parser' entering state 'parse_encapsulated_sctp_common'
[15:48:08.758] [bmv2] [D] [thread 358] [36.1] [cxt 0] Extracting header 'sctp'
[15:48:08.758] [bmv2] [D] [thread 358] [36.1] [cxt 0] Extracting header 'sctp_chunk'
[15:48:08.758] [bmv2] [D] [thread 358] [36.1] [cxt 0] Parser state 'parse_encapsulated_sctp_common': key is 00
[15:48:08.758] [bmv2] [T] [thread 358] [36.1] [cxt 0] Bytes parsed: 119
[15:48:08.758] [bmv2] [D] [thread 358] [36.1] [cxt 0] Parser 'parser' entering state 'parse_encapsulated_sctp_data_chunk'
[15:48:08.758] [bmv2] [D] [thread 358] [36.1] [cxt 0] Extracting header 'sctp_data_chunk'
[15:48:08.758] [bmv2] [D] [thread 358] [36.1] [cxt 0] Parser state 'parse_encapsulated_sctp_data_chunk' has no switch, going to default next state
[15:48:08.758] [bmv2] [T] [thread 358] [36.1] [cxt 0] Bytes parsed: 131
[15:48:08.758] [bmv2] [D] [thread 358] [36.1] [cxt 0] Parser 'parser': end
[15:48:08.758] [bmv2] [D] [thread 358] [36.0] [cxt 0] Cloning packet to egress port 9
[15:48:08.758] [bmv2] [D] [thread 358] [36.0] [cxt 0] Egress port is 1
[15:48:08.758] [bmv2] [D] [thread 360] [36.1] [cxt 0] Pipeline 'egress': start
[15:48:08.758] [bmv2] [T] [thread 360] [36.1] [cxt 0] int-gtp-destination.p4(402) Condition "hdr.int_shim.isValid()" (node_12) is true
[15:48:08.758] [bmv2] [T] [thread 360] [36.1] [cxt 0] Applying table 'tbl_update_int_metadata'
[15:48:08.758] [bmv2] [D] [thread 360] [36.1] [cxt 0] Looking up key:

[15:48:08.758] [bmv2] [D] [thread 360] [36.1] [cxt 0] Table 'tbl_update_int_metadata': miss
[15:48:08.758] [bmv2] [D] [thread 360] [36.1] [cxt 0] Action entry is MyEgress.update_int_metadata -
[15:48:08.758] [bmv2] [T] [thread 360] [36.1] [cxt 0] Action MyEgress.update_int_metadata
[15:48:08.758] [bmv2] [T] [thread 360] [36.1] [cxt 0] int-gtp-destination.p4(352) Primitive if
[15:48:08.758] [bmv2] [T] [thread 360] [36.1] [cxt 0] int-gtp-destination.p4(353) Primitive hdr.int_md[2].setValid()
[15:48:08.758] [bmv2] [T] [thread 360] [36.1] [cxt 0] int-gtp-destination.p4(354) Primitive hdr.int_md[2].padding_switch = 0
[15:48:08.758] [bmv2] [T] [thread 360] [36.1] [cxt 0] int-gtp-destination.p4(355) Primitive hdr.int_md[2].switch_id = (bit<16>)meta.switch_id
[15:48:08.758] [bmv2] [T] [thread 360] [36.1] [cxt 0] int-gtp-destination.p4(356) Primitive hdr.int_md[2].ingress_port_id = (bit<16>)meta.ingress_port
[15:48:08.758] [bmv2] [T] [thread 360] [36.1] [cxt 0] int-gtp-destination.p4(357) Primitive hdr.int_md[2].ingress_timestamp = meta.ingress_ts
[15:48:08.758] [bmv2] [T] [thread 360] [36.1] [cxt 0] int-gtp-destination.p4(362) Primitive hdr.int_md[2].congestion_notification = 0
[15:48:08.758] [bmv2] [T] [thread 360] [36.1] [cxt 0] int-gtp-destination.p4(363) Primitive hdr.int_md[2].reserved1 = 0
[15:48:08.758] [bmv2] [T] [thread 360] [36.1] [cxt 0] int-gtp-destination.p4(364) Primitive hdr.int_md[2].reserved2 = 0
[15:48:08.759] [bmv2] [T] [thread 360] [36.1] [cxt 0] int-gtp-destination.p4(368) Primitive hdr.int_md[2].egress_port_id = (bit<16>)standard_metadata.egress_port
[15:48:08.759] [bmv2] [T] [thread 360] [36.1] [cxt 0] int-gtp-destination.p4(369) Primitive hdr.int_md[2].egress_timestamp = (bit<32>)standard_metadata.egress_global_timestamp
[15:48:08.759] [bmv2] [T] [thread 360] [36.1] [cxt 0] int-gtp-destination.p4(370) Primitive hdr.int_md[2].hop_latency = hdr.int_md[2].egress_timestamp - hdr.int_md[2].ingress_timestamp
[15:48:08.759] [bmv2] [T] [thread 360] [36.1] [cxt 0] int-gtp-destination.p4(371) Primitive hdr.int_md[2].queue_occupancy = (bit<32>)standard_metadata.enq_qdepth
[15:48:08.759] [bmv2] [T] [thread 360] [36.1] [cxt 0] int-gtp-destination.p4(408) Condition "standard_metadata.instance_type == 1 || standard_metadata.egress_port == 9" (node_14) is true
[15:48:08.759] [bmv2] [D] [thread 360] [36.1] [cxt 0] Pipeline 'egress': end
[15:48:08.759] [bmv2] [D] [thread 360] [36.1] [cxt 0] Deparser 'deparser': start
[15:48:08.759] [bmv2] [D] [thread 360] [36.1] [cxt 0] Deparsing header 'ethernet'
[15:48:08.759] [bmv2] [D] [thread 360] [36.1] [cxt 0] Deparsing header 'int_shim'
[15:48:08.759] [bmv2] [D] [thread 360] [36.1] [cxt 0] Deparsing header 'int_header'
[15:48:08.759] [bmv2] [D] [thread 360] [36.1] [cxt 0] Deparsing header 'int_md[0]'
[15:48:08.759] [bmv2] [D] [thread 360] [36.1] [cxt 0] Deparsing header 'int_md[1]'
[15:48:08.759] [bmv2] [D] [thread 360] [36.1] [cxt 0] Deparsing header 'int_md[2]'
[15:48:08.759] [bmv2] [D] [thread 360] [36.1] [cxt 0] Deparsing header 'ipv4_inner'
[15:48:08.759] [bmv2] [D] [thread 360] [36.1] [cxt 0] Deparsing header 'sctp'
[15:48:08.759] [bmv2] [D] [thread 360] [36.1] [cxt 0] Deparsing header 'sctp_chunk'
[15:48:08.759] [bmv2] [D] [thread 360] [36.1] [cxt 0] Deparsing header 'sctp_data_chunk'
[15:48:08.759] [bmv2] [D] [thread 360] [36.1] [cxt 0] Deparser 'deparser': end
[15:48:08.759] [bmv2] [D] [thread 360] [36.0] [cxt 0] Pipeline 'egress': start
[15:48:08.759] [bmv2] [T] [thread 360] [36.0] [cxt 0] int-gtp-destination.p4(402) Condition "hdr.int_shim.isValid()" (node_12) is true
[15:48:08.759] [bmv2] [T] [thread 360] [36.0] [cxt 0] Applying table 'tbl_update_int_metadata'
[15:48:08.759] [bmv2] [D] [thread 360] [36.0] [cxt 0] Looking up key:

[15:48:08.759] [bmv2] [D] [thread 360] [36.0] [cxt 0] Table 'tbl_update_int_metadata': miss
[15:48:08.759] [bmv2] [D] [thread 360] [36.0] [cxt 0] Action entry is MyEgress.update_int_metadata -
[15:48:08.759] [bmv2] [T] [thread 360] [36.0] [cxt 0] Action MyEgress.update_int_metadata
[15:48:08.759] [bmv2] [T] [thread 360] [36.0] [cxt 0] int-gtp-destination.p4(352) Primitive if
[15:48:08.759] [bmv2] [T] [thread 360] [36.0] [cxt 0] int-gtp-destination.p4(352) Primitive if
[15:48:08.759] [bmv2] [T] [thread 360] [36.0] [cxt 0] int-gtp-destination.p4(368) Primitive hdr.int_md[2].egress_port_id = (bit<16>)standard_metadata.egress_port
[15:48:08.759] [bmv2] [T] [thread 360] [36.0] [cxt 0] int-gtp-destination.p4(369) Primitive hdr.int_md[2].egress_timestamp = (bit<32>)standard_metadata.egress_global_timestamp
[15:48:08.759] [bmv2] [T] [thread 360] [36.0] [cxt 0] int-gtp-destination.p4(370) Primitive hdr.int_md[2].hop_latency = hdr.int_md[2].egress_timestamp - hdr.int_md[2].ingress_timestamp
[15:48:08.759] [bmv2] [T] [thread 360] [36.0] [cxt 0] int-gtp-destination.p4(371) Primitive hdr.int_md[2].queue_occupancy = (bit<32>)standard_metadata.enq_qdepth
[15:48:08.759] [bmv2] [T] [thread 360] [36.0] [cxt 0] int-gtp-destination.p4(408) Condition "standard_metadata.instance_type == 1 || standard_metadata.egress_port == 9" (node_14) is false
[15:48:08.759] [bmv2] [T] [thread 360] [36.0] [cxt 0] Applying table 'MyEgress.egress_control'
[15:48:08.759] [bmv2] [D] [thread 360] [36.0] [cxt 0] Looking up key:
* standard_metadata.egress_port: 0001

[15:48:08.759] [bmv2] [D] [thread 360] [36.0] [cxt 0] Table 'MyEgress.egress_control': hit with handle 0
[15:48:08.759] [bmv2] [D] [thread 360] [36.0] [cxt 0] Dumping entry 0
Match key:
* standard_metadata.egress_port: EXACT     0001
Action entry: MyEgress.strip_int_headers -

[15:48:08.759] [bmv2] [D] [thread 360] [36.0] [cxt 0] Action entry is MyEgress.strip_int_headers -
[15:48:08.759] [bmv2] [T] [thread 360] [36.0] [cxt 0] Action MyEgress.strip_int_headers
[15:48:08.759] [bmv2] [T] [thread 360] [36.0] [cxt 0] int-gtp-destination.p4(375) Primitive hdr.ethernet.etherType = hdr.int_shim.next_proto
[15:48:08.759] [bmv2] [T] [thread 360] [36.0] [cxt 0] int-gtp-destination.p4(376) Primitive hdr.int_shim.setInvalid()
[15:48:08.759] [bmv2] [T] [thread 360] [36.0] [cxt 0] int-gtp-destination.p4(377) Primitive hdr.int_header.setInvalid()
[15:48:08.759] [bmv2] [T] [thread 360] [36.0] [cxt 0] int-gtp-destination.p4(379) Primitive hdr.int_md[0].setInvalid()
[15:48:08.759] [bmv2] [T] [thread 360] [36.0] [cxt 0] int-gtp-destination.p4(380) Primitive hdr.int_md[1].setInvalid()
[15:48:08.759] [bmv2] [T] [thread 360] [36.0] [cxt 0] int-gtp-destination.p4(381) Primitive hdr.int_md[2].setInvalid()
[15:48:08.759] [bmv2] [T] [thread 360] [36.0] [cxt 0] int-gtp-destination.p4(382) Primitive hdr.int_md[3].setInvalid()
[15:48:08.759] [bmv2] [T] [thread 360] [36.0] [cxt 0] int-gtp-destination.p4(383) Primitive hdr.int_md[4].setInvalid()
[15:48:08.759] [bmv2] [T] [thread 360] [36.0] [cxt 0] int-gtp-destination.p4(384) Primitive hdr.int_md[5].setInvalid()
[15:48:08.759] [bmv2] [T] [thread 360] [36.0] [cxt 0] int-gtp-destination.p4(385) Primitive hdr.int_md[6].setInvalid()
[15:48:08.759] [bmv2] [T] [thread 360] [36.0] [cxt 0] int-gtp-destination.p4(386) Primitive hdr.int_md[7].setInvalid()
[15:48:08.759] [bmv2] [D] [thread 360] [36.0] [cxt 0] Pipeline 'egress': end
[15:48:08.759] [bmv2] [D] [thread 360] [36.0] [cxt 0] Deparser 'deparser': start
[15:48:08.759] [bmv2] [D] [thread 360] [36.0] [cxt 0] Deparsing header 'ethernet'
[15:48:08.760] [bmv2] [D] [thread 360] [36.0] [cxt 0] Deparsing header 'ipv4_inner'
[15:48:08.760] [bmv2] [D] [thread 360] [36.0] [cxt 0] Deparsing header 'sctp'
[15:48:08.760] [bmv2] [D] [thread 360] [36.0] [cxt 0] Deparsing header 'sctp_chunk'
[15:48:08.760] [bmv2] [D] [thread 360] [36.0] [cxt 0] Deparsing header 'sctp_data_chunk'
[15:48:08.760] [bmv2] [D] [thread 360] [36.0] [cxt 0] Deparser 'deparser': end
[15:48:08.760] [bmv2] [D] [thread 363] [36.1] [cxt 0] Transmitting packet of size 459 out of port 9
[15:48:08.761] [bmv2] [D] [thread 363] [36.0] [cxt 0] Transmitting packet of size 362 out of port 1
[15:48:08.978] [bmv2] [D] [thread 358] [37.0] [cxt 0] Processing packet received on port 1
[15:48:08.978] [bmv2] [D] [thread 358] [37.0] [cxt 0] Parser 'parser': start
[15:48:08.978] [bmv2] [D] [thread 358] [37.0] [cxt 0] Parser 'parser' entering state 'start'
[15:48:08.978] [bmv2] [D] [thread 358] [37.0] [cxt 0] Extracting header 'ethernet'
[15:48:08.978] [bmv2] [D] [thread 358] [37.0] [cxt 0] Parser set: setting field 'scalars.metadata.ingress_port' from field 'standard_metadata.ingress_port' (1)
[15:48:08.978] [bmv2] [D] [thread 358] [37.0] [cxt 0] Parser set: setting field 'scalars.metadata.ingress_ts' from expression, new value is 169446844
[15:48:08.978] [bmv2] [D] [thread 358] [37.0] [cxt 0] Parser set: setting field 'scalars.metadata.md_blocks_extracted' to 0
[15:48:08.978] [bmv2] [D] [thread 358] [37.0] [cxt 0] Parser set: setting field 'scalars.metadata.is_int_packet' to 0
[15:48:08.978] [bmv2] [D] [thread 358] [37.0] [cxt 0] Parser state 'start': key is 0800
[15:48:08.978] [bmv2] [T] [thread 358] [37.0] [cxt 0] Bytes parsed: 14
[15:48:08.978] [bmv2] [D] [thread 358] [37.0] [cxt 0] Parser 'parser' entering state 'parse_ipv4'
[15:48:08.978] [bmv2] [D] [thread 358] [37.0] [cxt 0] Extracting header 'ipv4_inner'
[15:48:08.978] [bmv2] [D] [thread 358] [37.0] [cxt 0] Parser state 'parse_ipv4': key is 84
[15:48:08.978] [bmv2] [T] [thread 358] [37.0] [cxt 0] Bytes parsed: 34
[15:48:08.978] [bmv2] [D] [thread 358] [37.0] [cxt 0] Parser 'parser' entering state 'parse_sctp_common'
[15:48:08.978] [bmv2] [D] [thread 358] [37.0] [cxt 0] Extracting header 'sctp'
[15:48:08.978] [bmv2] [D] [thread 358] [37.0] [cxt 0] Extracting header 'sctp_chunk'
[15:48:08.978] [bmv2] [D] [thread 358] [37.0] [cxt 0] Parser state 'parse_sctp_common': key is 03
[15:48:08.978] [bmv2] [T] [thread 358] [37.0] [cxt 0] Bytes parsed: 50
[15:48:08.978] [bmv2] [D] [thread 358] [37.0] [cxt 0] Parser 'parser': end
[15:48:08.978] [bmv2] [D] [thread 358] [37.0] [cxt 0] Pipeline 'ingress': start
[15:48:08.978] [bmv2] [T] [thread 358] [37.0] [cxt 0] Applying table 'tbl_intgtpdestination311'
[15:48:08.978] [bmv2] [D] [thread 358] [37.0] [cxt 0] Looking up key:

[15:48:08.978] [bmv2] [D] [thread 358] [37.0] [cxt 0] Table 'tbl_intgtpdestination311': miss
[15:48:08.978] [bmv2] [D] [thread 358] [37.0] [cxt 0] Action entry is intgtpdestination311 -
[15:48:08.978] [bmv2] [T] [thread 358] [37.0] [cxt 0] Action intgtpdestination311
[15:48:08.978] [bmv2] [T] [thread 358] [37.0] [cxt 0] int-gtp-destination.p4(311) Primitive meta.switch_id = 3
[15:48:08.978] [bmv2] [T] [thread 358] [37.0] [cxt 0] int-gtp-destination.p4(313) Condition "hdr.ethernet.isValid()" (node_3) is true
[15:48:08.978] [bmv2] [T] [thread 358] [37.0] [cxt 0] int-gtp-destination.p4(314) Condition "hdr.int_shim.isValid()" (node_4) is false
[15:48:08.978] [bmv2] [T] [thread 358] [37.0] [cxt 0] int-gtp-destination.p4(339) Condition "hdr.ipv4_inner.isValid()" (node_8) is true
[15:48:08.978] [bmv2] [T] [thread 358] [37.0] [cxt 0] Applying table 'MyIngress.ipv4_lpm'
[15:48:08.978] [bmv2] [D] [thread 358] [37.0] [cxt 0] Looking up key:
* hdr.ipv4_inner.dstAddr: ac120a03

[15:48:08.978] [bmv2] [D] [thread 358] [37.0] [cxt 0] Table 'MyIngress.ipv4_lpm': hit with handle 2
[15:48:08.978] [bmv2] [D] [thread 358] [37.0] [cxt 0] Dumping entry 2
Match key:
* hdr.ipv4_inner.dstAddr: LPM       ac120a03/32
Action entry: MyIngress.forward_action - 2,

[15:48:08.978] [bmv2] [D] [thread 358] [37.0] [cxt 0] Action entry is MyIngress.forward_action - 2,
[15:48:08.978] [bmv2] [T] [thread 358] [37.0] [cxt 0] Action MyIngress.forward_action
[15:48:08.978] [bmv2] [T] [thread 358] [37.0] [cxt 0] int-gtp-destination.p4(283) Primitive standard_metadata.egress_spec = egress_port
[15:48:08.978] [bmv2] [D] [thread 358] [37.0] [cxt 0] Pipeline 'ingress': end
[15:48:08.978] [bmv2] [D] [thread 358] [37.0] [cxt 0] Egress port is 2
[15:48:08.978] [bmv2] [D] [thread 361] [37.0] [cxt 0] Pipeline 'egress': start
[15:48:08.978] [bmv2] [T] [thread 361] [37.0] [cxt 0] int-gtp-destination.p4(402) Condition "hdr.int_shim.isValid()" (node_12) is false
[15:48:08.978] [bmv2] [D] [thread 361] [37.0] [cxt 0] Pipeline 'egress': end
[15:48:08.978] [bmv2] [D] [thread 361] [37.0] [cxt 0] Deparser 'deparser': start
[15:48:08.978] [bmv2] [D] [thread 361] [37.0] [cxt 0] Deparsing header 'ethernet'
[15:48:08.978] [bmv2] [D] [thread 361] [37.0] [cxt 0] Deparsing header 'ipv4_inner'
[15:48:08.978] [bmv2] [D] [thread 361] [37.0] [cxt 0] Deparsing header 'sctp'
[15:48:08.978] [bmv2] [D] [thread 361] [37.0] [cxt 0] Deparsing header 'sctp_chunk'
[15:48:08.978] [bmv2] [D] [thread 361] [37.0] [cxt 0] Deparser 'deparser': end
[15:48:08.978] [bmv2] [D] [thread 363] [37.0] [cxt 0] Transmitting packet of size 62 out of port 2
[15:48:09.209] [bmv2] [D] [thread 358] [38.0] [cxt 0] Processing packet received on port 1
[15:48:09.209] [bmv2] [D] [thread 358] [38.0] [cxt 0] Parser 'parser': start
[15:48:09.209] [bmv2] [D] [thread 358] [38.0] [cxt 0] Parser 'parser' entering state 'start'
[15:48:09.209] [bmv2] [D] [thread 358] [38.0] [cxt 0] Extracting header 'ethernet'
[15:48:09.209] [bmv2] [D] [thread 358] [38.0] [cxt 0] Parser set: setting field 'scalars.metadata.ingress_port' from field 'standard_metadata.ingress_port' (1)
[15:48:09.209] [bmv2] [D] [thread 358] [38.0] [cxt 0] Parser set: setting field 'scalars.metadata.ingress_ts' from expression, new value is 169677536
[15:48:09.209] [bmv2] [D] [thread 358] [38.0] [cxt 0] Parser set: setting field 'scalars.metadata.md_blocks_extracted' to 0
[15:48:09.209] [bmv2] [D] [thread 358] [38.0] [cxt 0] Parser set: setting field 'scalars.metadata.is_int_packet' to 0
[15:48:09.209] [bmv2] [D] [thread 358] [38.0] [cxt 0] Parser state 'start': key is 0800
[15:48:09.209] [bmv2] [T] [thread 358] [38.0] [cxt 0] Bytes parsed: 14
[15:48:09.209] [bmv2] [D] [thread 358] [38.0] [cxt 0] Parser 'parser' entering state 'parse_ipv4'
[15:48:09.209] [bmv2] [D] [thread 358] [38.0] [cxt 0] Extracting header 'ipv4_inner'
[15:48:09.209] [bmv2] [D] [thread 358] [38.0] [cxt 0] Parser state 'parse_ipv4': key is 84
[15:48:09.209] [bmv2] [T] [thread 358] [38.0] [cxt 0] Bytes parsed: 34
[15:48:09.209] [bmv2] [D] [thread 358] [38.0] [cxt 0] Parser 'parser' entering state 'parse_sctp_common'
[15:48:09.209] [bmv2] [D] [thread 358] [38.0] [cxt 0] Extracting header 'sctp'
[15:48:09.209] [bmv2] [D] [thread 358] [38.0] [cxt 0] Extracting header 'sctp_chunk'
[15:48:09.209] [bmv2] [D] [thread 358] [38.0] [cxt 0] Parser state 'parse_sctp_common': key is 00
[15:48:09.209] [bmv2] [T] [thread 358] [38.0] [cxt 0] Bytes parsed: 50
[15:48:09.209] [bmv2] [D] [thread 358] [38.0] [cxt 0] Parser 'parser' entering state 'parse_sctp_data_chunk'
[15:48:09.209] [bmv2] [D] [thread 358] [38.0] [cxt 0] Extracting header 'sctp_data_chunk'
[15:48:09.209] [bmv2] [D] [thread 358] [38.0] [cxt 0] Parser state 'parse_sctp_data_chunk' has no switch, going to default next state
[15:48:09.209] [bmv2] [T] [thread 358] [38.0] [cxt 0] Bytes parsed: 62
[15:48:09.209] [bmv2] [D] [thread 358] [38.0] [cxt 0] Parser 'parser': end
[15:48:09.209] [bmv2] [D] [thread 358] [38.0] [cxt 0] Pipeline 'ingress': start
[15:48:09.209] [bmv2] [T] [thread 358] [38.0] [cxt 0] Applying table 'tbl_intgtpdestination311'
[15:48:09.209] [bmv2] [D] [thread 358] [38.0] [cxt 0] Looking up key:

[15:48:09.209] [bmv2] [D] [thread 358] [38.0] [cxt 0] Table 'tbl_intgtpdestination311': miss
[15:48:09.209] [bmv2] [D] [thread 358] [38.0] [cxt 0] Action entry is intgtpdestination311 -
[15:48:09.209] [bmv2] [T] [thread 358] [38.0] [cxt 0] Action intgtpdestination311
[15:48:09.209] [bmv2] [T] [thread 358] [38.0] [cxt 0] int-gtp-destination.p4(311) Primitive meta.switch_id = 3
[15:48:09.209] [bmv2] [T] [thread 358] [38.0] [cxt 0] int-gtp-destination.p4(313) Condition "hdr.ethernet.isValid()" (node_3) is true
[15:48:09.209] [bmv2] [T] [thread 358] [38.0] [cxt 0] int-gtp-destination.p4(314) Condition "hdr.int_shim.isValid()" (node_4) is false
[15:48:09.209] [bmv2] [T] [thread 358] [38.0] [cxt 0] int-gtp-destination.p4(339) Condition "hdr.ipv4_inner.isValid()" (node_8) is true
[15:48:09.209] [bmv2] [T] [thread 358] [38.0] [cxt 0] Applying table 'MyIngress.ipv4_lpm'
[15:48:09.209] [bmv2] [D] [thread 358] [38.0] [cxt 0] Looking up key:
* hdr.ipv4_inner.dstAddr: ac120a03

[15:48:09.209] [bmv2] [D] [thread 358] [38.0] [cxt 0] Table 'MyIngress.ipv4_lpm': hit with handle 2
[15:48:09.209] [bmv2] [D] [thread 358] [38.0] [cxt 0] Dumping entry 2
Match key:
* hdr.ipv4_inner.dstAddr: LPM       ac120a03/32
Action entry: MyIngress.forward_action - 2,

[15:48:09.209] [bmv2] [D] [thread 358] [38.0] [cxt 0] Action entry is MyIngress.forward_action - 2,
[15:48:09.209] [bmv2] [T] [thread 358] [38.0] [cxt 0] Action MyIngress.forward_action
[15:48:09.209] [bmv2] [T] [thread 358] [38.0] [cxt 0] int-gtp-destination.p4(283) Primitive standard_metadata.egress_spec = egress_port
[15:48:09.209] [bmv2] [D] [thread 358] [38.0] [cxt 0] Pipeline 'ingress': end
[15:48:09.209] [bmv2] [D] [thread 358] [38.0] [cxt 0] Egress port is 2
[15:48:09.209] [bmv2] [D] [thread 361] [38.0] [cxt 0] Pipeline 'egress': start
[15:48:09.209] [bmv2] [T] [thread 361] [38.0] [cxt 0] int-gtp-destination.p4(402) Condition "hdr.int_shim.isValid()" (node_12) is false
[15:48:09.209] [bmv2] [D] [thread 361] [38.0] [cxt 0] Pipeline 'egress': end
[15:48:09.209] [bmv2] [D] [thread 361] [38.0] [cxt 0] Deparser 'deparser': start
[15:48:09.209] [bmv2] [D] [thread 361] [38.0] [cxt 0] Deparsing header 'ethernet'
[15:48:09.209] [bmv2] [D] [thread 361] [38.0] [cxt 0] Deparsing header 'ipv4_inner'
[15:48:09.209] [bmv2] [D] [thread 361] [38.0] [cxt 0] Deparsing header 'sctp'
[15:48:09.210] [bmv2] [D] [thread 361] [38.0] [cxt 0] Deparsing header 'sctp_chunk'
[15:48:09.210] [bmv2] [D] [thread 361] [38.0] [cxt 0] Deparsing header 'sctp_data_chunk'
[15:48:09.210] [bmv2] [D] [thread 361] [38.0] [cxt 0] Deparser 'deparser': end
[15:48:09.210] [bmv2] [D] [thread 363] [38.0] [cxt 0] Transmitting packet of size 130 out of port 2
[15:48:09.323] [bmv2] [D] [thread 358] [39.0] [cxt 0] Processing packet received on port 1
[15:48:09.323] [bmv2] [D] [thread 358] [39.0] [cxt 0] Parser 'parser': start
[15:48:09.323] [bmv2] [D] [thread 358] [39.0] [cxt 0] Parser 'parser' entering state 'start'
[15:48:09.323] [bmv2] [D] [thread 358] [39.0] [cxt 0] Extracting header 'ethernet'
[15:48:09.323] [bmv2] [D] [thread 358] [39.0] [cxt 0] Parser set: setting field 'scalars.metadata.ingress_port' from field 'standard_metadata.ingress_port' (1)
[15:48:09.323] [bmv2] [D] [thread 358] [39.0] [cxt 0] Parser set: setting field 'scalars.metadata.ingress_ts' from expression, new value is 169792112
[15:48:09.323] [bmv2] [D] [thread 358] [39.0] [cxt 0] Parser set: setting field 'scalars.metadata.md_blocks_extracted' to 0
[15:48:09.323] [bmv2] [D] [thread 358] [39.0] [cxt 0] Parser set: setting field 'scalars.metadata.is_int_packet' to 0
[15:48:09.323] [bmv2] [D] [thread 358] [39.0] [cxt 0] Parser state 'start': key is 0800
[15:48:09.323] [bmv2] [T] [thread 358] [39.0] [cxt 0] Bytes parsed: 14
[15:48:09.323] [bmv2] [D] [thread 358] [39.0] [cxt 0] Parser 'parser' entering state 'parse_ipv4'
[15:48:09.323] [bmv2] [D] [thread 358] [39.0] [cxt 0] Extracting header 'ipv4_inner'
[15:48:09.323] [bmv2] [D] [thread 358] [39.0] [cxt 0] Parser state 'parse_ipv4': key is 84
[15:48:09.323] [bmv2] [T] [thread 358] [39.0] [cxt 0] Bytes parsed: 34
[15:48:09.323] [bmv2] [D] [thread 358] [39.0] [cxt 0] Parser 'parser' entering state 'parse_sctp_common'
[15:48:09.323] [bmv2] [D] [thread 358] [39.0] [cxt 0] Extracting header 'sctp'
[15:48:09.323] [bmv2] [D] [thread 358] [39.0] [cxt 0] Extracting header 'sctp_chunk'
[15:48:09.323] [bmv2] [D] [thread 358] [39.0] [cxt 0] Parser state 'parse_sctp_common': key is 00
[15:48:09.323] [bmv2] [T] [thread 358] [39.0] [cxt 0] Bytes parsed: 50
[15:48:09.323] [bmv2] [D] [thread 358] [39.0] [cxt 0] Parser 'parser' entering state 'parse_sctp_data_chunk'
[15:48:09.323] [bmv2] [D] [thread 358] [39.0] [cxt 0] Extracting header 'sctp_data_chunk'
[15:48:09.323] [bmv2] [D] [thread 358] [39.0] [cxt 0] Parser state 'parse_sctp_data_chunk' has no switch, going to default next state
[15:48:09.323] [bmv2] [T] [thread 358] [39.0] [cxt 0] Bytes parsed: 62
[15:48:09.323] [bmv2] [D] [thread 358] [39.0] [cxt 0] Parser 'parser': end
[15:48:09.323] [bmv2] [D] [thread 358] [39.0] [cxt 0] Pipeline 'ingress': start
[15:48:09.323] [bmv2] [T] [thread 358] [39.0] [cxt 0] Applying table 'tbl_intgtpdestination311'
[15:48:09.323] [bmv2] [D] [thread 358] [39.0] [cxt 0] Looking up key:

[15:48:09.323] [bmv2] [D] [thread 358] [39.0] [cxt 0] Table 'tbl_intgtpdestination311': miss
[15:48:09.323] [bmv2] [D] [thread 358] [39.0] [cxt 0] Action entry is intgtpdestination311 -
[15:48:09.323] [bmv2] [T] [thread 358] [39.0] [cxt 0] Action intgtpdestination311
[15:48:09.324] [bmv2] [T] [thread 358] [39.0] [cxt 0] int-gtp-destination.p4(311) Primitive meta.switch_id = 3
[15:48:09.324] [bmv2] [T] [thread 358] [39.0] [cxt 0] int-gtp-destination.p4(313) Condition "hdr.ethernet.isValid()" (node_3) is true
[15:48:09.324] [bmv2] [T] [thread 358] [39.0] [cxt 0] int-gtp-destination.p4(314) Condition "hdr.int_shim.isValid()" (node_4) is false
[15:48:09.324] [bmv2] [T] [thread 358] [39.0] [cxt 0] int-gtp-destination.p4(339) Condition "hdr.ipv4_inner.isValid()" (node_8) is true
[15:48:09.324] [bmv2] [T] [thread 358] [39.0] [cxt 0] Applying table 'MyIngress.ipv4_lpm'
[15:48:09.324] [bmv2] [D] [thread 358] [39.0] [cxt 0] Looking up key:
* hdr.ipv4_inner.dstAddr: ac120a03

[15:48:09.324] [bmv2] [D] [thread 358] [39.0] [cxt 0] Table 'MyIngress.ipv4_lpm': hit with handle 2
[15:48:09.324] [bmv2] [D] [thread 358] [39.0] [cxt 0] Dumping entry 2
Match key:
* hdr.ipv4_inner.dstAddr: LPM       ac120a03/32
Action entry: MyIngress.forward_action - 2,

[15:48:09.324] [bmv2] [D] [thread 358] [39.0] [cxt 0] Action entry is MyIngress.forward_action - 2,
[15:48:09.324] [bmv2] [T] [thread 358] [39.0] [cxt 0] Action MyIngress.forward_action
[15:48:09.324] [bmv2] [T] [thread 358] [39.0] [cxt 0] int-gtp-destination.p4(283) Primitive standard_metadata.egress_spec = egress_port
[15:48:09.324] [bmv2] [D] [thread 358] [39.0] [cxt 0] Pipeline 'ingress': end
[15:48:09.324] [bmv2] [D] [thread 358] [39.0] [cxt 0] Egress port is 2
[15:48:09.324] [bmv2] [D] [thread 361] [39.0] [cxt 0] Pipeline 'egress': start
[15:48:09.324] [bmv2] [T] [thread 361] [39.0] [cxt 0] int-gtp-destination.p4(402) Condition "hdr.int_shim.isValid()" (node_12) is false
[15:48:09.324] [bmv2] [D] [thread 361] [39.0] [cxt 0] Pipeline 'egress': end
[15:48:09.324] [bmv2] [D] [thread 361] [39.0] [cxt 0] Deparser 'deparser': start
[15:48:09.324] [bmv2] [D] [thread 361] [39.0] [cxt 0] Deparsing header 'ethernet'
[15:48:09.324] [bmv2] [D] [thread 361] [39.0] [cxt 0] Deparsing header 'ipv4_inner'
[15:48:09.324] [bmv2] [D] [thread 361] [39.0] [cxt 0] Deparsing header 'sctp'
[15:48:09.324] [bmv2] [D] [thread 361] [39.0] [cxt 0] Deparsing header 'sctp_chunk'
[15:48:09.324] [bmv2] [D] [thread 361] [39.0] [cxt 0] Deparsing header 'sctp_data_chunk'
[15:48:09.324] [bmv2] [D] [thread 361] [39.0] [cxt 0] Deparser 'deparser': end
[15:48:09.324] [bmv2] [D] [thread 363] [39.0] [cxt 0] Transmitting packet of size 130 out of port 2
[15:48:09.352] [bmv2] [D] [thread 358] [40.0] [cxt 0] Processing packet received on port 2
[15:48:09.352] [bmv2] [D] [thread 358] [40.0] [cxt 0] Parser 'parser': start
[15:48:09.352] [bmv2] [D] [thread 358] [40.0] [cxt 0] Parser 'parser' entering state 'start'
[15:48:09.352] [bmv2] [D] [thread 358] [40.0] [cxt 0] Extracting header 'ethernet'
[15:48:09.352] [bmv2] [D] [thread 358] [40.0] [cxt 0] Parser set: setting field 'scalars.metadata.ingress_port' from field 'standard_metadata.ingress_port' (2)
[15:48:09.352] [bmv2] [D] [thread 358] [40.0] [cxt 0] Parser set: setting field 'scalars.metadata.ingress_ts' from expression, new value is 169821310
[15:48:09.352] [bmv2] [D] [thread 358] [40.0] [cxt 0] Parser set: setting field 'scalars.metadata.md_blocks_extracted' to 0
[15:48:09.352] [bmv2] [D] [thread 358] [40.0] [cxt 0] Parser set: setting field 'scalars.metadata.is_int_packet' to 0
[15:48:09.352] [bmv2] [D] [thread 358] [40.0] [cxt 0] Parser state 'start': key is 00fa
[15:48:09.352] [bmv2] [T] [thread 358] [40.0] [cxt 0] Bytes parsed: 14
[15:48:09.352] [bmv2] [D] [thread 358] [40.0] [cxt 0] Parser 'parser' entering state 'parse_int_shim'
[15:48:09.352] [bmv2] [D] [thread 358] [40.0] [cxt 0] Extracting header 'int_shim'
[15:48:09.352] [bmv2] [D] [thread 358] [40.0] [cxt 0] Parser set: setting field 'scalars.metadata.is_int_packet' to 1
[15:48:09.353] [bmv2] [D] [thread 358] [40.0] [cxt 0] Extracting header 'int_header'
[15:48:09.353] [bmv2] [D] [thread 358] [40.0] [cxt 0] Parser set: setting field 'scalars.metadata.md_blocks_extracted' from expression, new value is 251
[15:48:09.353] [bmv2] [D] [thread 358] [40.0] [cxt 0] Extracting header 'int_md[0]'
[15:48:09.353] [bmv2] [D] [thread 358] [40.0] [cxt 0] Extracting header 'int_md[1]'
[15:48:09.353] [bmv2] [D] [thread 358] [40.0] [cxt 0] Parser state 'parse_int_shim': key is 0800
[15:48:09.353] [bmv2] [T] [thread 358] [40.0] [cxt 0] Bytes parsed: 83
[15:48:09.353] [bmv2] [D] [thread 358] [40.0] [cxt 0] Parser 'parser' entering state 'parse_encapsulated_ipv4'
[15:48:09.353] [bmv2] [D] [thread 358] [40.0] [cxt 0] Extracting header 'ipv4_inner'
[15:48:09.353] [bmv2] [D] [thread 358] [40.0] [cxt 0] Parser state 'parse_encapsulated_ipv4': key is 84
[15:48:09.353] [bmv2] [T] [thread 358] [40.0] [cxt 0] Bytes parsed: 103
[15:48:09.353] [bmv2] [D] [thread 358] [40.0] [cxt 0] Parser 'parser' entering state 'parse_encapsulated_sctp_common'
[15:48:09.353] [bmv2] [D] [thread 358] [40.0] [cxt 0] Extracting header 'sctp'
[15:48:09.353] [bmv2] [D] [thread 358] [40.0] [cxt 0] Extracting header 'sctp_chunk'
[15:48:09.353] [bmv2] [D] [thread 358] [40.0] [cxt 0] Parser state 'parse_encapsulated_sctp_common': key is 03
[15:48:09.353] [bmv2] [T] [thread 358] [40.0] [cxt 0] Bytes parsed: 119
[15:48:09.353] [bmv2] [D] [thread 358] [40.0] [cxt 0] Parser 'parser': end
[15:48:09.353] [bmv2] [D] [thread 358] [40.0] [cxt 0] Pipeline 'ingress': start
[15:48:09.353] [bmv2] [T] [thread 358] [40.0] [cxt 0] Applying table 'tbl_intgtpdestination311'
[15:48:09.353] [bmv2] [D] [thread 358] [40.0] [cxt 0] Looking up key:

[15:48:09.353] [bmv2] [D] [thread 358] [40.0] [cxt 0] Table 'tbl_intgtpdestination311': miss
[15:48:09.353] [bmv2] [D] [thread 358] [40.0] [cxt 0] Action entry is intgtpdestination311 -
[15:48:09.353] [bmv2] [T] [thread 358] [40.0] [cxt 0] Action intgtpdestination311
[15:48:09.353] [bmv2] [T] [thread 358] [40.0] [cxt 0] int-gtp-destination.p4(311) Primitive meta.switch_id = 3
[15:48:09.353] [bmv2] [T] [thread 358] [40.0] [cxt 0] int-gtp-destination.p4(313) Condition "hdr.ethernet.isValid()" (node_3) is true
[15:48:09.353] [bmv2] [T] [thread 358] [40.0] [cxt 0] int-gtp-destination.p4(314) Condition "hdr.int_shim.isValid()" (node_4) is true
[15:48:09.353] [bmv2] [T] [thread 358] [40.0] [cxt 0] int-gtp-destination.p4(316) Condition "hdr.int_header.remaining_hop_cnt > 0" (node_5) is true
[15:48:09.353] [bmv2] [T] [thread 358] [40.0] [cxt 0] Applying table 'tbl_intgtpdestination317'
[15:48:09.353] [bmv2] [D] [thread 358] [40.0] [cxt 0] Looking up key:

[15:48:09.353] [bmv2] [D] [thread 358] [40.0] [cxt 0] Table 'tbl_intgtpdestination317': miss
[15:48:09.353] [bmv2] [D] [thread 358] [40.0] [cxt 0] Action entry is intgtpdestination317 -
[15:48:09.353] [bmv2] [T] [thread 358] [40.0] [cxt 0] Action intgtpdestination317
[15:48:09.353] [bmv2] [T] [thread 358] [40.0] [cxt 0] int-gtp-destination.p4(317) Primitive hdr.int_md[2].setValid()
[15:48:09.353] [bmv2] [T] [thread 358] [40.0] [cxt 0] int-gtp-destination.p4(318) Primitive hdr.int_md[2].padding_switch = 0
[15:48:09.353] [bmv2] [T] [thread 358] [40.0] [cxt 0] int-gtp-destination.p4(319) Primitive hdr.int_md[2].switch_id = (bit<16>)meta.switch_id
[15:48:09.353] [bmv2] [T] [thread 358] [40.0] [cxt 0] int-gtp-destination.p4(320) Primitive hdr.int_md[2].ingress_port_id = (bit<16>)meta.ingress_port
[15:48:09.353] [bmv2] [T] [thread 358] [40.0] [cxt 0] int-gtp-destination.p4(321) Primitive hdr.int_md[2].ingress_timestamp = meta.ingress_ts
[15:48:09.353] [bmv2] [T] [thread 358] [40.0] [cxt 0] int-gtp-destination.p4(322) Primitive hdr.int_md[2].egress_port_id = 0
[15:48:09.353] [bmv2] [T] [thread 358] [40.0] [cxt 0] int-gtp-destination.p4(323) Primitive hdr.int_md[2].hop_latency = 0
[15:48:09.353] [bmv2] [T] [thread 358] [40.0] [cxt 0] int-gtp-destination.p4(324) Primitive hdr.int_md[2].egress_timestamp = 0
[15:48:09.353] [bmv2] [T] [thread 358] [40.0] [cxt 0] int-gtp-destination.p4(325) Primitive hdr.int_md[2].queue_occupancy = 0
[15:48:09.353] [bmv2] [T] [thread 358] [40.0] [cxt 0] int-gtp-destination.p4(326) Primitive hdr.int_md[2].congestion_notification = 0
[15:48:09.353] [bmv2] [T] [thread 358] [40.0] [cxt 0] int-gtp-destination.p4(327) Primitive hdr.int_md[2].reserved1 = 0
[15:48:09.353] [bmv2] [T] [thread 358] [40.0] [cxt 0] int-gtp-destination.p4(328) Primitive hdr.int_md[2].reserved2 = 0
[15:48:09.353] [bmv2] [T] [thread 358] [40.0] [cxt 0] int-gtp-destination.p4(330) Primitive hdr.int_header.remaining_hop_cnt = hdr.int_header.remaining_hop_cnt - 1
[15:48:09.353] [bmv2] [T] [thread 358] [40.0] [cxt 0] int-gtp-destination.p4(331) Primitive hdr.int_shim.length = hdr.int_shim.length + 32
[15:48:09.353] [bmv2] [T] [thread 358] [40.0] [cxt 0] Applying table 'MyIngress.int_sink_table'
[15:48:09.353] [bmv2] [D] [thread 358] [40.0] [cxt 0] Looking up key:
* hdr.int_shim.$valid$: 01

[15:48:09.353] [bmv2] [D] [thread 358] [40.0] [cxt 0] Table 'MyIngress.int_sink_table': hit with handle 0
[15:48:09.353] [bmv2] [D] [thread 358] [40.0] [cxt 0] Dumping entry 0
Match key:
* hdr.int_shim.$valid$: EXACT     01
Action entry: MyIngress.int_sink_action -

[15:48:09.353] [bmv2] [D] [thread 358] [40.0] [cxt 0] Action entry is MyIngress.int_sink_action -
[15:48:09.353] [bmv2] [T] [thread 358] [40.0] [cxt 0] Action MyIngress.int_sink_action
[15:48:09.353] [bmv2] [T] [thread 358] [40.0] [cxt 0] int-gtp-destination.p4(278) Primitive meta.clone_port = 9
[15:48:09.353] [bmv2] [T] [thread 358] [40.0] [cxt 0] int-gtp-destination.p4(279) Primitive clone_preserving_field_list(CloneType.I2E, 99, 99)
[15:48:09.353] [bmv2] [T] [thread 358] [40.0] [cxt 0] int-gtp-destination.p4(339) Condition "hdr.ipv4_inner.isValid()" (node_8) is true
[15:48:09.353] [bmv2] [T] [thread 358] [40.0] [cxt 0] Applying table 'MyIngress.ipv4_lpm'
[15:48:09.354] [bmv2] [D] [thread 358] [40.0] [cxt 0] Looking up key:
* hdr.ipv4_inner.dstAddr: ac120014

[15:48:09.354] [bmv2] [D] [thread 358] [40.0] [cxt 0] Table 'MyIngress.ipv4_lpm': hit with handle 0
[15:48:09.354] [bmv2] [D] [thread 358] [40.0] [cxt 0] Dumping entry 0
Match key:
* hdr.ipv4_inner.dstAddr: LPM       ac120014/32
Action entry: MyIngress.forward_action - 1,

[15:48:09.354] [bmv2] [D] [thread 358] [40.0] [cxt 0] Action entry is MyIngress.forward_action - 1,
[15:48:09.354] [bmv2] [T] [thread 358] [40.0] [cxt 0] Action MyIngress.forward_action
[15:48:09.354] [bmv2] [T] [thread 358] [40.0] [cxt 0] int-gtp-destination.p4(283) Primitive standard_metadata.egress_spec = egress_port
[15:48:09.354] [bmv2] [D] [thread 358] [40.0] [cxt 0] Pipeline 'ingress': end
[15:48:09.354] [bmv2] [D] [thread 358] [40.0] [cxt 0] Cloning packet at ingress
[15:48:09.354] [bmv2] [D] [thread 358] [40.1] [cxt 0] Parser 'parser': start
[15:48:09.354] [bmv2] [D] [thread 358] [40.1] [cxt 0] Parser 'parser' entering state 'start'
[15:48:09.354] [bmv2] [D] [thread 358] [40.1] [cxt 0] Extracting header 'ethernet'
[15:48:09.354] [bmv2] [D] [thread 358] [40.1] [cxt 0] Parser set: setting field 'scalars.metadata.ingress_port' from field 'standard_metadata.ingress_port' (2)
[15:48:09.354] [bmv2] [D] [thread 358] [40.1] [cxt 0] Parser set: setting field 'scalars.metadata.ingress_ts' from expression, new value is 0
[15:48:09.354] [bmv2] [D] [thread 358] [40.1] [cxt 0] Parser set: setting field 'scalars.metadata.md_blocks_extracted' to 0
[15:48:09.354] [bmv2] [D] [thread 358] [40.1] [cxt 0] Parser set: setting field 'scalars.metadata.is_int_packet' to 0
[15:48:09.354] [bmv2] [D] [thread 358] [40.1] [cxt 0] Parser state 'start': key is 00fa
[15:48:09.354] [bmv2] [T] [thread 358] [40.1] [cxt 0] Bytes parsed: 14
[15:48:09.354] [bmv2] [D] [thread 358] [40.1] [cxt 0] Parser 'parser' entering state 'parse_int_shim'
[15:48:09.354] [bmv2] [D] [thread 358] [40.1] [cxt 0] Extracting header 'int_shim'
[15:48:09.354] [bmv2] [D] [thread 358] [40.1] [cxt 0] Parser set: setting field 'scalars.metadata.is_int_packet' to 1
[15:48:09.354] [bmv2] [D] [thread 358] [40.1] [cxt 0] Extracting header 'int_header'
[15:48:09.354] [bmv2] [D] [thread 358] [40.1] [cxt 0] Parser set: setting field 'scalars.metadata.md_blocks_extracted' from expression, new value is 251
[15:48:09.355] [bmv2] [D] [thread 358] [40.1] [cxt 0] Extracting header 'int_md[0]'
[15:48:09.355] [bmv2] [D] [thread 358] [40.1] [cxt 0] Extracting header 'int_md[1]'
[15:48:09.355] [bmv2] [D] [thread 358] [40.1] [cxt 0] Parser state 'parse_int_shim': key is 0800
[15:48:09.355] [bmv2] [T] [thread 358] [40.1] [cxt 0] Bytes parsed: 83
[15:48:09.355] [bmv2] [D] [thread 358] [40.1] [cxt 0] Parser 'parser' entering state 'parse_encapsulated_ipv4'
[15:48:09.355] [bmv2] [D] [thread 358] [40.1] [cxt 0] Extracting header 'ipv4_inner'
[15:48:09.355] [bmv2] [D] [thread 358] [40.1] [cxt 0] Parser state 'parse_encapsulated_ipv4': key is 84
[15:48:09.355] [bmv2] [T] [thread 358] [40.1] [cxt 0] Bytes parsed: 103
[15:48:09.355] [bmv2] [D] [thread 358] [40.1] [cxt 0] Parser 'parser' entering state 'parse_encapsulated_sctp_common'
[15:48:09.355] [bmv2] [D] [thread 358] [40.1] [cxt 0] Extracting header 'sctp'
[15:48:09.355] [bmv2] [D] [thread 358] [40.1] [cxt 0] Extracting header 'sctp_chunk'
[15:48:09.355] [bmv2] [D] [thread 358] [40.1] [cxt 0] Parser state 'parse_encapsulated_sctp_common': key is 03
[15:48:09.355] [bmv2] [T] [thread 358] [40.1] [cxt 0] Bytes parsed: 119
[15:48:09.355] [bmv2] [D] [thread 358] [40.1] [cxt 0] Parser 'parser': end
[15:48:09.355] [bmv2] [D] [thread 358] [40.0] [cxt 0] Cloning packet to egress port 9
[15:48:09.355] [bmv2] [D] [thread 360] [40.1] [cxt 0] Pipeline 'egress': start
[15:48:09.355] [bmv2] [T] [thread 360] [40.1] [cxt 0] int-gtp-destination.p4(402) Condition "hdr.int_shim.isValid()" (node_12) is true
[15:48:09.355] [bmv2] [T] [thread 360] [40.1] [cxt 0] Applying table 'tbl_update_int_metadata'
[15:48:09.355] [bmv2] [D] [thread 360] [40.1] [cxt 0] Looking up key:

[15:48:09.355] [bmv2] [D] [thread 360] [40.1] [cxt 0] Table 'tbl_update_int_metadata': miss
[15:48:09.355] [bmv2] [D] [thread 360] [40.1] [cxt 0] Action entry is MyEgress.update_int_metadata -
[15:48:09.355] [bmv2] [T] [thread 360] [40.1] [cxt 0] Action MyEgress.update_int_metadata
[15:48:09.355] [bmv2] [T] [thread 360] [40.1] [cxt 0] int-gtp-destination.p4(352) Primitive if
[15:48:09.355] [bmv2] [T] [thread 360] [40.1] [cxt 0] int-gtp-destination.p4(353) Primitive hdr.int_md[2].setValid()
[15:48:09.355] [bmv2] [T] [thread 360] [40.1] [cxt 0] int-gtp-destination.p4(354) Primitive hdr.int_md[2].padding_switch = 0
[15:48:09.355] [bmv2] [T] [thread 360] [40.1] [cxt 0] int-gtp-destination.p4(355) Primitive hdr.int_md[2].switch_id = (bit<16>)meta.switch_id
[15:48:09.355] [bmv2] [T] [thread 360] [40.1] [cxt 0] int-gtp-destination.p4(356) Primitive hdr.int_md[2].ingress_port_id = (bit<16>)meta.ingress_port
[15:48:09.355] [bmv2] [T] [thread 360] [40.1] [cxt 0] int-gtp-destination.p4(357) Primitive hdr.int_md[2].ingress_timestamp = meta.ingress_ts
[15:48:09.355] [bmv2] [T] [thread 360] [40.1] [cxt 0] int-gtp-destination.p4(362) Primitive hdr.int_md[2].congestion_notification = 0
[15:48:09.355] [bmv2] [T] [thread 360] [40.1] [cxt 0] int-gtp-destination.p4(363) Primitive hdr.int_md[2].reserved1 = 0
[15:48:09.355] [bmv2] [T] [thread 360] [40.1] [cxt 0] int-gtp-destination.p4(364) Primitive hdr.int_md[2].reserved2 = 0
[15:48:09.355] [bmv2] [T] [thread 360] [40.1] [cxt 0] int-gtp-destination.p4(368) Primitive hdr.int_md[2].egress_port_id = (bit<16>)standard_metadata.egress_port
[15:48:09.355] [bmv2] [T] [thread 360] [40.1] [cxt 0] int-gtp-destination.p4(369) Primitive hdr.int_md[2].egress_timestamp = (bit<32>)standard_metadata.egress_global_timestamp
[15:48:09.355] [bmv2] [T] [thread 360] [40.1] [cxt 0] int-gtp-destination.p4(370) Primitive hdr.int_md[2].hop_latency = hdr.int_md[2].egress_timestamp - hdr.int_md[2].ingress_timestamp
[15:48:09.355] [bmv2] [T] [thread 360] [40.1] [cxt 0] int-gtp-destination.p4(371) Primitive hdr.int_md[2].queue_occupancy = (bit<32>)standard_metadata.enq_qdepth
[15:48:09.355] [bmv2] [T] [thread 360] [40.1] [cxt 0] int-gtp-destination.p4(408) Condition "standard_metadata.instance_type == 1 || standard_metadata.egress_port == 9" (node_14) is true
[15:48:09.355] [bmv2] [D] [thread 360] [40.1] [cxt 0] Pipeline 'egress': end
[15:48:09.356] [bmv2] [D] [thread 360] [40.1] [cxt 0] Deparser 'deparser': start
[15:48:09.356] [bmv2] [D] [thread 360] [40.1] [cxt 0] Deparsing header 'ethernet'
[15:48:09.356] [bmv2] [D] [thread 360] [40.1] [cxt 0] Deparsing header 'int_shim'
[15:48:09.356] [bmv2] [D] [thread 360] [40.1] [cxt 0] Deparsing header 'int_header'
[15:48:09.356] [bmv2] [D] [thread 360] [40.1] [cxt 0] Deparsing header 'int_md[0]'
[15:48:09.356] [bmv2] [D] [thread 360] [40.1] [cxt 0] Deparsing header 'int_md[1]'
[15:48:09.356] [bmv2] [D] [thread 360] [40.1] [cxt 0] Deparsing header 'int_md[2]'
[15:48:09.356] [bmv2] [D] [thread 360] [40.1] [cxt 0] Deparsing header 'ipv4_inner'
[15:48:09.356] [bmv2] [D] [thread 360] [40.1] [cxt 0] Deparsing header 'sctp'
[15:48:09.356] [bmv2] [D] [thread 360] [40.1] [cxt 0] Deparsing header 'sctp_chunk'
[15:48:09.356] [bmv2] [D] [thread 360] [40.1] [cxt 0] Deparser 'deparser': end
[15:48:09.356] [bmv2] [D] [thread 363] [40.1] [cxt 0] Transmitting packet of size 163 out of port 9
[15:48:09.356] [bmv2] [D] [thread 358] [40.0] [cxt 0] Egress port is 1
[15:48:09.356] [bmv2] [D] [thread 360] [40.0] [cxt 0] Pipeline 'egress': start
[15:48:09.356] [bmv2] [T] [thread 360] [40.0] [cxt 0] int-gtp-destination.p4(402) Condition "hdr.int_shim.isValid()" (node_12) is true
[15:48:09.356] [bmv2] [T] [thread 360] [40.0] [cxt 0] Applying table 'tbl_update_int_metadata'
[15:48:09.356] [bmv2] [D] [thread 360] [40.0] [cxt 0] Looking up key:

[15:48:09.356] [bmv2] [D] [thread 360] [40.0] [cxt 0] Table 'tbl_update_int_metadata': miss
[15:48:09.356] [bmv2] [D] [thread 360] [40.0] [cxt 0] Action entry is MyEgress.update_int_metadata -
[15:48:09.356] [bmv2] [T] [thread 360] [40.0] [cxt 0] Action MyEgress.update_int_metadata
[15:48:09.356] [bmv2] [T] [thread 360] [40.0] [cxt 0] int-gtp-destination.p4(352) Primitive if
[15:48:09.356] [bmv2] [T] [thread 360] [40.0] [cxt 0] int-gtp-destination.p4(352) Primitive if
[15:48:09.356] [bmv2] [T] [thread 360] [40.0] [cxt 0] int-gtp-destination.p4(368) Primitive hdr.int_md[2].egress_port_id = (bit<16>)standard_metadata.egress_port
[15:48:09.356] [bmv2] [T] [thread 360] [40.0] [cxt 0] int-gtp-destination.p4(369) Primitive hdr.int_md[2].egress_timestamp = (bit<32>)standard_metadata.egress_global_timestamp
[15:48:09.356] [bmv2] [T] [thread 360] [40.0] [cxt 0] int-gtp-destination.p4(370) Primitive hdr.int_md[2].hop_latency = hdr.int_md[2].egress_timestamp - hdr.int_md[2].ingress_timestamp
[15:48:09.356] [bmv2] [T] [thread 360] [40.0] [cxt 0] int-gtp-destination.p4(371) Primitive hdr.int_md[2].queue_occupancy = (bit<32>)standard_metadata.enq_qdepth
[15:48:09.356] [bmv2] [T] [thread 360] [40.0] [cxt 0] int-gtp-destination.p4(408) Condition "standard_metadata.instance_type == 1 || standard_metadata.egress_port == 9" (node_14) is false
[15:48:09.356] [bmv2] [T] [thread 360] [40.0] [cxt 0] Applying table 'MyEgress.egress_control'
[15:48:09.356] [bmv2] [D] [thread 360] [40.0] [cxt 0] Looking up key:
* standard_metadata.egress_port: 0001

[15:48:09.356] [bmv2] [D] [thread 360] [40.0] [cxt 0] Table 'MyEgress.egress_control': hit with handle 0
[15:48:09.356] [bmv2] [D] [thread 360] [40.0] [cxt 0] Dumping entry 0
Match key:
* standard_metadata.egress_port: EXACT     0001
Action entry: MyEgress.strip_int_headers -

[15:48:09.356] [bmv2] [D] [thread 360] [40.0] [cxt 0] Action entry is MyEgress.strip_int_headers -
[15:48:09.356] [bmv2] [T] [thread 360] [40.0] [cxt 0] Action MyEgress.strip_int_headers
[15:48:09.356] [bmv2] [T] [thread 360] [40.0] [cxt 0] int-gtp-destination.p4(375) Primitive hdr.ethernet.etherType = hdr.int_shim.next_proto
[15:48:09.356] [bmv2] [T] [thread 360] [40.0] [cxt 0] int-gtp-destination.p4(376) Primitive hdr.int_shim.setInvalid()
[15:48:09.356] [bmv2] [T] [thread 360] [40.0] [cxt 0] int-gtp-destination.p4(377) Primitive hdr.int_header.setInvalid()
[15:48:09.356] [bmv2] [T] [thread 360] [40.0] [cxt 0] int-gtp-destination.p4(379) Primitive hdr.int_md[0].setInvalid()
[15:48:09.356] [bmv2] [T] [thread 360] [40.0] [cxt 0] int-gtp-destination.p4(380) Primitive hdr.int_md[1].setInvalid()
[15:48:09.356] [bmv2] [T] [thread 360] [40.0] [cxt 0] int-gtp-destination.p4(381) Primitive hdr.int_md[2].setInvalid()
[15:48:09.356] [bmv2] [T] [thread 360] [40.0] [cxt 0] int-gtp-destination.p4(382) Primitive hdr.int_md[3].setInvalid()
[15:48:09.356] [bmv2] [T] [thread 360] [40.0] [cxt 0] int-gtp-destination.p4(383) Primitive hdr.int_md[4].setInvalid()
[15:48:09.356] [bmv2] [T] [thread 360] [40.0] [cxt 0] int-gtp-destination.p4(384) Primitive hdr.int_md[5].setInvalid()
[15:48:09.357] [bmv2] [T] [thread 360] [40.0] [cxt 0] int-gtp-destination.p4(385) Primitive hdr.int_md[6].setInvalid()
[15:48:09.357] [bmv2] [T] [thread 360] [40.0] [cxt 0] int-gtp-destination.p4(386) Primitive hdr.int_md[7].setInvalid()
[15:48:09.357] [bmv2] [D] [thread 360] [40.0] [cxt 0] Pipeline 'egress': end
[15:48:09.357] [bmv2] [D] [thread 360] [40.0] [cxt 0] Deparser 'deparser': start
[15:48:09.357] [bmv2] [D] [thread 360] [40.0] [cxt 0] Deparsing header 'ethernet'
[15:48:09.357] [bmv2] [D] [thread 360] [40.0] [cxt 0] Deparsing header 'ipv4_inner'
[15:48:09.357] [bmv2] [D] [thread 360] [40.0] [cxt 0] Deparsing header 'sctp'
[15:48:09.357] [bmv2] [D] [thread 360] [40.0] [cxt 0] Deparsing header 'sctp_chunk'
[15:48:09.357] [bmv2] [D] [thread 360] [40.0] [cxt 0] Deparser 'deparser': end
[15:48:09.357] [bmv2] [D] [thread 363] [40.0] [cxt 0] Transmitting packet of size 66 out of port 1
[15:48:09.542] [bmv2] [D] [thread 358] [41.0] [cxt 0] Processing packet received on port 1
[15:48:09.542] [bmv2] [D] [thread 358] [41.0] [cxt 0] Parser 'parser': start
[15:48:09.542] [bmv2] [D] [thread 358] [41.0] [cxt 0] Parser 'parser' entering state 'start'
[15:48:09.542] [bmv2] [D] [thread 358] [41.0] [cxt 0] Extracting header 'ethernet'
[15:48:09.542] [bmv2] [D] [thread 358] [41.0] [cxt 0] Parser set: setting field 'scalars.metadata.ingress_port' from field 'standard_metadata.ingress_port' (1)
[15:48:09.542] [bmv2] [D] [thread 358] [41.0] [cxt 0] Parser set: setting field 'scalars.metadata.ingress_ts' from expression, new value is 170011264
[15:48:09.542] [bmv2] [D] [thread 358] [41.0] [cxt 0] Parser set: setting field 'scalars.metadata.md_blocks_extracted' to 0
[15:48:09.542] [bmv2] [D] [thread 358] [41.0] [cxt 0] Parser set: setting field 'scalars.metadata.is_int_packet' to 0
[15:48:09.542] [bmv2] [D] [thread 358] [41.0] [cxt 0] Parser state 'start': key is 0800
[15:48:09.542] [bmv2] [T] [thread 358] [41.0] [cxt 0] Bytes parsed: 14
[15:48:09.542] [bmv2] [D] [thread 358] [41.0] [cxt 0] Parser 'parser' entering state 'parse_ipv4'
[15:48:09.542] [bmv2] [D] [thread 358] [41.0] [cxt 0] Extracting header 'ipv4_inner'
[15:48:09.542] [bmv2] [D] [thread 358] [41.0] [cxt 0] Parser state 'parse_ipv4': key is 84
[15:48:09.542] [bmv2] [T] [thread 358] [41.0] [cxt 0] Bytes parsed: 34
[15:48:09.542] [bmv2] [D] [thread 358] [41.0] [cxt 0] Parser 'parser' entering state 'parse_sctp_common'
[15:48:09.542] [bmv2] [D] [thread 358] [41.0] [cxt 0] Extracting header 'sctp'
[15:48:09.542] [bmv2] [D] [thread 358] [41.0] [cxt 0] Extracting header 'sctp_chunk'
[15:48:09.542] [bmv2] [D] [thread 358] [41.0] [cxt 0] Parser state 'parse_sctp_common': key is 04
[15:48:09.542] [bmv2] [T] [thread 358] [41.0] [cxt 0] Bytes parsed: 50
[15:48:09.542] [bmv2] [D] [thread 358] [41.0] [cxt 0] Parser 'parser': end
[15:48:09.542] [bmv2] [D] [thread 358] [41.0] [cxt 0] Pipeline 'ingress': start
[15:48:09.542] [bmv2] [T] [thread 358] [41.0] [cxt 0] Applying table 'tbl_intgtpdestination311'
[15:48:09.542] [bmv2] [D] [thread 358] [41.0] [cxt 0] Looking up key:

[15:48:09.542] [bmv2] [D] [thread 358] [41.0] [cxt 0] Table 'tbl_intgtpdestination311': miss
[15:48:09.542] [bmv2] [D] [thread 358] [41.0] [cxt 0] Action entry is intgtpdestination311 -
[15:48:09.543] [bmv2] [T] [thread 358] [41.0] [cxt 0] Action intgtpdestination311
[15:48:09.543] [bmv2] [T] [thread 358] [41.0] [cxt 0] int-gtp-destination.p4(311) Primitive meta.switch_id = 3
[15:48:09.543] [bmv2] [T] [thread 358] [41.0] [cxt 0] int-gtp-destination.p4(313) Condition "hdr.ethernet.isValid()" (node_3) is true
[15:48:09.543] [bmv2] [T] [thread 358] [41.0] [cxt 0] int-gtp-destination.p4(314) Condition "hdr.int_shim.isValid()" (node_4) is false
[15:48:09.543] [bmv2] [T] [thread 358] [41.0] [cxt 0] int-gtp-destination.p4(339) Condition "hdr.ipv4_inner.isValid()" (node_8) is true
[15:48:09.543] [bmv2] [T] [thread 358] [41.0] [cxt 0] Applying table 'MyIngress.ipv4_lpm'
[15:48:09.543] [bmv2] [D] [thread 358] [41.0] [cxt 0] Looking up key:
* hdr.ipv4_inner.dstAddr: ac120a03

[15:48:09.543] [bmv2] [D] [thread 358] [41.0] [cxt 0] Table 'MyIngress.ipv4_lpm': hit with handle 2
[15:48:09.543] [bmv2] [D] [thread 358] [41.0] [cxt 0] Dumping entry 2
Match key:
* hdr.ipv4_inner.dstAddr: LPM       ac120a03/32
Action entry: MyIngress.forward_action - 2,

[15:48:09.543] [bmv2] [D] [thread 358] [41.0] [cxt 0] Action entry is MyIngress.forward_action - 2,
[15:48:09.543] [bmv2] [T] [thread 358] [41.0] [cxt 0] Action MyIngress.forward_action
[15:48:09.543] [bmv2] [T] [thread 358] [41.0] [cxt 0] int-gtp-destination.p4(283) Primitive standard_metadata.egress_spec = egress_port
[15:48:09.543] [bmv2] [D] [thread 358] [41.0] [cxt 0] Pipeline 'ingress': end
[15:48:09.543] [bmv2] [D] [thread 358] [41.0] [cxt 0] Egress port is 2
[15:48:09.543] [bmv2] [D] [thread 361] [41.0] [cxt 0] Pipeline 'egress': start
[15:48:09.543] [bmv2] [T] [thread 361] [41.0] [cxt 0] int-gtp-destination.p4(402) Condition "hdr.int_shim.isValid()" (node_12) is false
[15:48:09.543] [bmv2] [D] [thread 361] [41.0] [cxt 0] Pipeline 'egress': end
[15:48:09.543] [bmv2] [D] [thread 361] [41.0] [cxt 0] Deparser 'deparser': start
[15:48:09.543] [bmv2] [D] [thread 361] [41.0] [cxt 0] Deparsing header 'ethernet'
[15:48:09.543] [bmv2] [D] [thread 361] [41.0] [cxt 0] Deparsing header 'ipv4_inner'
[15:48:09.543] [bmv2] [D] [thread 361] [41.0] [cxt 0] Deparsing header 'sctp'
[15:48:09.543] [bmv2] [D] [thread 361] [41.0] [cxt 0] Deparsing header 'sctp_chunk'
[15:48:09.543] [bmv2] [D] [thread 361] [41.0] [cxt 0] Deparser 'deparser': end
[15:48:09.543] [bmv2] [D] [thread 363] [41.0] [cxt 0] Transmitting packet of size 106 out of port 2
[15:48:09.569] [bmv2] [D] [thread 358] [42.0] [cxt 0] Processing packet received on port 2
[15:48:09.569] [bmv2] [D] [thread 358] [42.0] [cxt 0] Parser 'parser': start
[15:48:09.569] [bmv2] [D] [thread 358] [42.0] [cxt 0] Parser 'parser' entering state 'start'
[15:48:09.569] [bmv2] [D] [thread 358] [42.0] [cxt 0] Extracting header 'ethernet'
[15:48:09.569] [bmv2] [D] [thread 358] [42.0] [cxt 0] Parser set: setting field 'scalars.metadata.ingress_port' from field 'standard_metadata.ingress_port' (2)
[15:48:09.569] [bmv2] [D] [thread 358] [42.0] [cxt 0] Parser set: setting field 'scalars.metadata.ingress_ts' from expression, new value is 170037815
[15:48:09.569] [bmv2] [D] [thread 358] [42.0] [cxt 0] Parser set: setting field 'scalars.metadata.md_blocks_extracted' to 0
[15:48:09.569] [bmv2] [D] [thread 358] [42.0] [cxt 0] Parser set: setting field 'scalars.metadata.is_int_packet' to 0
[15:48:09.569] [bmv2] [D] [thread 358] [42.0] [cxt 0] Parser state 'start': key is 00fa
[15:48:09.569] [bmv2] [T] [thread 358] [42.0] [cxt 0] Bytes parsed: 14
[15:48:09.569] [bmv2] [D] [thread 358] [42.0] [cxt 0] Parser 'parser' entering state 'parse_int_shim'
[15:48:09.569] [bmv2] [D] [thread 358] [42.0] [cxt 0] Extracting header 'int_shim'
[15:48:09.569] [bmv2] [D] [thread 358] [42.0] [cxt 0] Parser set: setting field 'scalars.metadata.is_int_packet' to 1
[15:48:09.569] [bmv2] [D] [thread 358] [42.0] [cxt 0] Extracting header 'int_header'
[15:48:09.569] [bmv2] [D] [thread 358] [42.0] [cxt 0] Parser set: setting field 'scalars.metadata.md_blocks_extracted' from expression, new value is 251
[15:48:09.569] [bmv2] [D] [thread 358] [42.0] [cxt 0] Extracting header 'int_md[0]'
[15:48:09.569] [bmv2] [D] [thread 358] [42.0] [cxt 0] Extracting header 'int_md[1]'
[15:48:09.569] [bmv2] [D] [thread 358] [42.0] [cxt 0] Parser state 'parse_int_shim': key is 0800
[15:48:09.569] [bmv2] [T] [thread 358] [42.0] [cxt 0] Bytes parsed: 83
[15:48:09.569] [bmv2] [D] [thread 358] [42.0] [cxt 0] Parser 'parser' entering state 'parse_encapsulated_ipv4'
[15:48:09.569] [bmv2] [D] [thread 358] [42.0] [cxt 0] Extracting header 'ipv4_inner'
[15:48:09.569] [bmv2] [D] [thread 358] [42.0] [cxt 0] Parser state 'parse_encapsulated_ipv4': key is 84
[15:48:09.569] [bmv2] [T] [thread 358] [42.0] [cxt 0] Bytes parsed: 103
[15:48:09.569] [bmv2] [D] [thread 358] [42.0] [cxt 0] Parser 'parser' entering state 'parse_encapsulated_sctp_common'
[15:48:09.569] [bmv2] [D] [thread 358] [42.0] [cxt 0] Extracting header 'sctp'
[15:48:09.569] [bmv2] [D] [thread 358] [42.0] [cxt 0] Extracting header 'sctp_chunk'
[15:48:09.569] [bmv2] [D] [thread 358] [42.0] [cxt 0] Parser state 'parse_encapsulated_sctp_common': key is 05
[15:48:09.569] [bmv2] [T] [thread 358] [42.0] [cxt 0] Bytes parsed: 119
[15:48:09.569] [bmv2] [D] [thread 358] [42.0] [cxt 0] Parser 'parser': end
[15:48:09.569] [bmv2] [D] [thread 358] [42.0] [cxt 0] Pipeline 'ingress': start
[15:48:09.569] [bmv2] [T] [thread 358] [42.0] [cxt 0] Applying table 'tbl_intgtpdestination311'
[15:48:09.569] [bmv2] [D] [thread 358] [42.0] [cxt 0] Looking up key:

[15:48:09.569] [bmv2] [D] [thread 358] [42.0] [cxt 0] Table 'tbl_intgtpdestination311': miss
[15:48:09.569] [bmv2] [D] [thread 358] [42.0] [cxt 0] Action entry is intgtpdestination311 -
[15:48:09.569] [bmv2] [T] [thread 358] [42.0] [cxt 0] Action intgtpdestination311
[15:48:09.569] [bmv2] [T] [thread 358] [42.0] [cxt 0] int-gtp-destination.p4(311) Primitive meta.switch_id = 3
[15:48:09.569] [bmv2] [T] [thread 358] [42.0] [cxt 0] int-gtp-destination.p4(313) Condition "hdr.ethernet.isValid()" (node_3) is true
[15:48:09.569] [bmv2] [T] [thread 358] [42.0] [cxt 0] int-gtp-destination.p4(314) Condition "hdr.int_shim.isValid()" (node_4) is true
[15:48:09.569] [bmv2] [T] [thread 358] [42.0] [cxt 0] int-gtp-destination.p4(316) Condition "hdr.int_header.remaining_hop_cnt > 0" (node_5) is true
[15:48:09.569] [bmv2] [T] [thread 358] [42.0] [cxt 0] Applying table 'tbl_intgtpdestination317'
[15:48:09.569] [bmv2] [D] [thread 358] [42.0] [cxt 0] Looking up key:

[15:48:09.569] [bmv2] [D] [thread 358] [42.0] [cxt 0] Table 'tbl_intgtpdestination317': miss
[15:48:09.569] [bmv2] [D] [thread 358] [42.0] [cxt 0] Action entry is intgtpdestination317 -
[15:48:09.569] [bmv2] [T] [thread 358] [42.0] [cxt 0] Action intgtpdestination317
[15:48:09.569] [bmv2] [T] [thread 358] [42.0] [cxt 0] int-gtp-destination.p4(317) Primitive hdr.int_md[2].setValid()
[15:48:09.569] [bmv2] [T] [thread 358] [42.0] [cxt 0] int-gtp-destination.p4(318) Primitive hdr.int_md[2].padding_switch = 0
[15:48:09.569] [bmv2] [T] [thread 358] [42.0] [cxt 0] int-gtp-destination.p4(319) Primitive hdr.int_md[2].switch_id = (bit<16>)meta.switch_id
[15:48:09.569] [bmv2] [T] [thread 358] [42.0] [cxt 0] int-gtp-destination.p4(320) Primitive hdr.int_md[2].ingress_port_id = (bit<16>)meta.ingress_port
[15:48:09.569] [bmv2] [T] [thread 358] [42.0] [cxt 0] int-gtp-destination.p4(321) Primitive hdr.int_md[2].ingress_timestamp = meta.ingress_ts
[15:48:09.569] [bmv2] [T] [thread 358] [42.0] [cxt 0] int-gtp-destination.p4(322) Primitive hdr.int_md[2].egress_port_id = 0
[15:48:09.569] [bmv2] [T] [thread 358] [42.0] [cxt 0] int-gtp-destination.p4(323) Primitive hdr.int_md[2].hop_latency = 0
[15:48:09.569] [bmv2] [T] [thread 358] [42.0] [cxt 0] int-gtp-destination.p4(324) Primitive hdr.int_md[2].egress_timestamp = 0
[15:48:09.569] [bmv2] [T] [thread 358] [42.0] [cxt 0] int-gtp-destination.p4(325) Primitive hdr.int_md[2].queue_occupancy = 0
[15:48:09.569] [bmv2] [T] [thread 358] [42.0] [cxt 0] int-gtp-destination.p4(326) Primitive hdr.int_md[2].congestion_notification = 0
[15:48:09.569] [bmv2] [T] [thread 358] [42.0] [cxt 0] int-gtp-destination.p4(327) Primitive hdr.int_md[2].reserved1 = 0
[15:48:09.569] [bmv2] [T] [thread 358] [42.0] [cxt 0] int-gtp-destination.p4(328) Primitive hdr.int_md[2].reserved2 = 0
[15:48:09.569] [bmv2] [T] [thread 358] [42.0] [cxt 0] int-gtp-destination.p4(330) Primitive hdr.int_header.remaining_hop_cnt = hdr.int_header.remaining_hop_cnt - 1
[15:48:09.569] [bmv2] [T] [thread 358] [42.0] [cxt 0] int-gtp-destination.p4(331) Primitive hdr.int_shim.length = hdr.int_shim.length + 32
[15:48:09.569] [bmv2] [T] [thread 358] [42.0] [cxt 0] Applying table 'MyIngress.int_sink_table'
[15:48:09.569] [bmv2] [D] [thread 358] [42.0] [cxt 0] Looking up key:
* hdr.int_shim.$valid$: 01

[15:48:09.569] [bmv2] [D] [thread 358] [42.0] [cxt 0] Table 'MyIngress.int_sink_table': hit with handle 0
[15:48:09.569] [bmv2] [D] [thread 358] [42.0] [cxt 0] Dumping entry 0
Match key:
* hdr.int_shim.$valid$: EXACT     01
Action entry: MyIngress.int_sink_action -

[15:48:09.569] [bmv2] [D] [thread 358] [42.0] [cxt 0] Action entry is MyIngress.int_sink_action -
[15:48:09.569] [bmv2] [T] [thread 358] [42.0] [cxt 0] Action MyIngress.int_sink_action
[15:48:09.569] [bmv2] [T] [thread 358] [42.0] [cxt 0] int-gtp-destination.p4(278) Primitive meta.clone_port = 9
[15:48:09.569] [bmv2] [T] [thread 358] [42.0] [cxt 0] int-gtp-destination.p4(279) Primitive clone_preserving_field_list(CloneType.I2E, 99, 99)
[15:48:09.569] [bmv2] [T] [thread 358] [42.0] [cxt 0] int-gtp-destination.p4(339) Condition "hdr.ipv4_inner.isValid()" (node_8) is true
[15:48:09.569] [bmv2] [T] [thread 358] [42.0] [cxt 0] Applying table 'MyIngress.ipv4_lpm'
[15:48:09.569] [bmv2] [D] [thread 358] [42.0] [cxt 0] Looking up key:
* hdr.ipv4_inner.dstAddr: ac120014

[15:48:09.569] [bmv2] [D] [thread 358] [42.0] [cxt 0] Table 'MyIngress.ipv4_lpm': hit with handle 0
[15:48:09.569] [bmv2] [D] [thread 358] [42.0] [cxt 0] Dumping entry 0
Match key:
* hdr.ipv4_inner.dstAddr: LPM       ac120014/32
Action entry: MyIngress.forward_action - 1,

[15:48:09.569] [bmv2] [D] [thread 358] [42.0] [cxt 0] Action entry is MyIngress.forward_action - 1,
[15:48:09.569] [bmv2] [T] [thread 358] [42.0] [cxt 0] Action MyIngress.forward_action
[15:48:09.569] [bmv2] [T] [thread 358] [42.0] [cxt 0] int-gtp-destination.p4(283) Primitive standard_metadata.egress_spec = egress_port
[15:48:09.569] [bmv2] [D] [thread 358] [42.0] [cxt 0] Pipeline 'ingress': end
[15:48:09.569] [bmv2] [D] [thread 358] [42.0] [cxt 0] Cloning packet at ingress
[15:48:09.569] [bmv2] [D] [thread 358] [42.1] [cxt 0] Parser 'parser': start
[15:48:09.569] [bmv2] [D] [thread 358] [42.1] [cxt 0] Parser 'parser' entering state 'start'
[15:48:09.569] [bmv2] [D] [thread 358] [42.1] [cxt 0] Extracting header 'ethernet'
[15:48:09.570] [bmv2] [D] [thread 358] [42.1] [cxt 0] Parser set: setting field 'scalars.metadata.ingress_port' from field 'standard_metadata.ingress_port' (2)
[15:48:09.570] [bmv2] [D] [thread 358] [42.1] [cxt 0] Parser set: setting field 'scalars.metadata.ingress_ts' from expression, new value is 0
[15:48:09.570] [bmv2] [D] [thread 358] [42.1] [cxt 0] Parser set: setting field 'scalars.metadata.md_blocks_extracted' to 0
[15:48:09.570] [bmv2] [D] [thread 358] [42.1] [cxt 0] Parser set: setting field 'scalars.metadata.is_int_packet' to 0
[15:48:09.570] [bmv2] [D] [thread 358] [42.1] [cxt 0] Parser state 'start': key is 00fa
[15:48:09.570] [bmv2] [T] [thread 358] [42.1] [cxt 0] Bytes parsed: 14
[15:48:09.570] [bmv2] [D] [thread 358] [42.1] [cxt 0] Parser 'parser' entering state 'parse_int_shim'
[15:48:09.570] [bmv2] [D] [thread 358] [42.1] [cxt 0] Extracting header 'int_shim'
[15:48:09.570] [bmv2] [D] [thread 358] [42.1] [cxt 0] Parser set: setting field 'scalars.metadata.is_int_packet' to 1
[15:48:09.570] [bmv2] [D] [thread 358] [42.1] [cxt 0] Extracting header 'int_header'
[15:48:09.570] [bmv2] [D] [thread 358] [42.1] [cxt 0] Parser set: setting field 'scalars.metadata.md_blocks_extracted' from expression, new value is 251
[15:48:09.570] [bmv2] [D] [thread 358] [42.1] [cxt 0] Extracting header 'int_md[0]'
[15:48:09.570] [bmv2] [D] [thread 358] [42.1] [cxt 0] Extracting header 'int_md[1]'
[15:48:09.570] [bmv2] [D] [thread 358] [42.1] [cxt 0] Parser state 'parse_int_shim': key is 0800
[15:48:09.570] [bmv2] [T] [thread 358] [42.1] [cxt 0] Bytes parsed: 83
[15:48:09.570] [bmv2] [D] [thread 358] [42.1] [cxt 0] Parser 'parser' entering state 'parse_encapsulated_ipv4'
[15:48:09.570] [bmv2] [D] [thread 358] [42.1] [cxt 0] Extracting header 'ipv4_inner'
[15:48:09.570] [bmv2] [D] [thread 358] [42.1] [cxt 0] Parser state 'parse_encapsulated_ipv4': key is 84
[15:48:09.570] [bmv2] [T] [thread 358] [42.1] [cxt 0] Bytes parsed: 103
[15:48:09.570] [bmv2] [D] [thread 358] [42.1] [cxt 0] Parser 'parser' entering state 'parse_encapsulated_sctp_common'
[15:48:09.570] [bmv2] [D] [thread 358] [42.1] [cxt 0] Extracting header 'sctp'
[15:48:09.570] [bmv2] [D] [thread 358] [42.1] [cxt 0] Extracting header 'sctp_chunk'
[15:48:09.570] [bmv2] [D] [thread 358] [42.1] [cxt 0] Parser state 'parse_encapsulated_sctp_common': key is 05
[15:48:09.570] [bmv2] [T] [thread 358] [42.1] [cxt 0] Bytes parsed: 119
[15:48:09.570] [bmv2] [D] [thread 358] [42.1] [cxt 0] Parser 'parser': end
[15:48:09.570] [bmv2] [D] [thread 358] [42.0] [cxt 0] Cloning packet to egress port 9
[15:48:09.570] [bmv2] [D] [thread 358] [42.0] [cxt 0] Egress port is 1
[15:48:09.570] [bmv2] [D] [thread 360] [42.1] [cxt 0] Pipeline 'egress': start
[15:48:09.570] [bmv2] [T] [thread 360] [42.1] [cxt 0] int-gtp-destination.p4(402) Condition "hdr.int_shim.isValid()" (node_12) is true
[15:48:09.570] [bmv2] [T] [thread 360] [42.1] [cxt 0] Applying table 'tbl_update_int_metadata'
[15:48:09.570] [bmv2] [D] [thread 360] [42.1] [cxt 0] Looking up key:

[15:48:09.570] [bmv2] [D] [thread 360] [42.1] [cxt 0] Table 'tbl_update_int_metadata': miss
[15:48:09.570] [bmv2] [D] [thread 360] [42.1] [cxt 0] Action entry is MyEgress.update_int_metadata -
[15:48:09.570] [bmv2] [T] [thread 360] [42.1] [cxt 0] Action MyEgress.update_int_metadata
[15:48:09.570] [bmv2] [T] [thread 360] [42.1] [cxt 0] int-gtp-destination.p4(352) Primitive if
[15:48:09.570] [bmv2] [T] [thread 360] [42.1] [cxt 0] int-gtp-destination.p4(353) Primitive hdr.int_md[2].setValid()
[15:48:09.570] [bmv2] [T] [thread 360] [42.1] [cxt 0] int-gtp-destination.p4(354) Primitive hdr.int_md[2].padding_switch = 0
[15:48:09.570] [bmv2] [T] [thread 360] [42.1] [cxt 0] int-gtp-destination.p4(355) Primitive hdr.int_md[2].switch_id = (bit<16>)meta.switch_id
[15:48:09.570] [bmv2] [T] [thread 360] [42.1] [cxt 0] int-gtp-destination.p4(356) Primitive hdr.int_md[2].ingress_port_id = (bit<16>)meta.ingress_port
[15:48:09.570] [bmv2] [T] [thread 360] [42.1] [cxt 0] int-gtp-destination.p4(357) Primitive hdr.int_md[2].ingress_timestamp = meta.ingress_ts
[15:48:09.570] [bmv2] [T] [thread 360] [42.1] [cxt 0] int-gtp-destination.p4(362) Primitive hdr.int_md[2].congestion_notification = 0
[15:48:09.570] [bmv2] [T] [thread 360] [42.1] [cxt 0] int-gtp-destination.p4(363) Primitive hdr.int_md[2].reserved1 = 0
[15:48:09.570] [bmv2] [T] [thread 360] [42.1] [cxt 0] int-gtp-destination.p4(364) Primitive hdr.int_md[2].reserved2 = 0
[15:48:09.570] [bmv2] [T] [thread 360] [42.1] [cxt 0] int-gtp-destination.p4(368) Primitive hdr.int_md[2].egress_port_id = (bit<16>)standard_metadata.egress_port
[15:48:09.570] [bmv2] [T] [thread 360] [42.1] [cxt 0] int-gtp-destination.p4(369) Primitive hdr.int_md[2].egress_timestamp = (bit<32>)standard_metadata.egress_global_timestamp
[15:48:09.570] [bmv2] [T] [thread 360] [42.1] [cxt 0] int-gtp-destination.p4(370) Primitive hdr.int_md[2].hop_latency = hdr.int_md[2].egress_timestamp - hdr.int_md[2].ingress_timestamp
[15:48:09.570] [bmv2] [T] [thread 360] [42.1] [cxt 0] int-gtp-destination.p4(371) Primitive hdr.int_md[2].queue_occupancy = (bit<32>)standard_metadata.enq_qdepth
[15:48:09.570] [bmv2] [T] [thread 360] [42.1] [cxt 0] int-gtp-destination.p4(408) Condition "standard_metadata.instance_type == 1 || standard_metadata.egress_port == 9" (node_14) is true
[15:48:09.570] [bmv2] [D] [thread 360] [42.1] [cxt 0] Pipeline 'egress': end
[15:48:09.570] [bmv2] [D] [thread 360] [42.1] [cxt 0] Deparser 'deparser': start
[15:48:09.570] [bmv2] [D] [thread 360] [42.1] [cxt 0] Deparsing header 'ethernet'
[15:48:09.570] [bmv2] [D] [thread 360] [42.1] [cxt 0] Deparsing header 'int_shim'
[15:48:09.570] [bmv2] [D] [thread 360] [42.1] [cxt 0] Deparsing header 'int_header'
[15:48:09.570] [bmv2] [D] [thread 360] [42.1] [cxt 0] Deparsing header 'int_md[0]'
[15:48:09.570] [bmv2] [D] [thread 360] [42.1] [cxt 0] Deparsing header 'int_md[1]'
[15:48:09.570] [bmv2] [D] [thread 360] [42.1] [cxt 0] Deparsing header 'int_md[2]'
[15:48:09.570] [bmv2] [D] [thread 360] [42.1] [cxt 0] Deparsing header 'ipv4_inner'
[15:48:09.570] [bmv2] [D] [thread 360] [42.1] [cxt 0] Deparsing header 'sctp'
[15:48:09.570] [bmv2] [D] [thread 360] [42.1] [cxt 0] Deparsing header 'sctp_chunk'
[15:48:09.570] [bmv2] [D] [thread 360] [42.1] [cxt 0] Deparser 'deparser': end
[15:48:09.570] [bmv2] [D] [thread 360] [42.0] [cxt 0] Pipeline 'egress': start
[15:48:09.570] [bmv2] [T] [thread 360] [42.0] [cxt 0] int-gtp-destination.p4(402) Condition "hdr.int_shim.isValid()" (node_12) is true
[15:48:09.570] [bmv2] [T] [thread 360] [42.0] [cxt 0] Applying table 'tbl_update_int_metadata'
[15:48:09.570] [bmv2] [D] [thread 360] [42.0] [cxt 0] Looking up key:

[15:48:09.570] [bmv2] [D] [thread 360] [42.0] [cxt 0] Table 'tbl_update_int_metadata': miss
[15:48:09.570] [bmv2] [D] [thread 360] [42.0] [cxt 0] Action entry is MyEgress.update_int_metadata -
[15:48:09.570] [bmv2] [T] [thread 360] [42.0] [cxt 0] Action MyEgress.update_int_metadata
[15:48:09.570] [bmv2] [T] [thread 360] [42.0] [cxt 0] int-gtp-destination.p4(352) Primitive if
[15:48:09.570] [bmv2] [T] [thread 360] [42.0] [cxt 0] int-gtp-destination.p4(352) Primitive if
[15:48:09.570] [bmv2] [T] [thread 360] [42.0] [cxt 0] int-gtp-destination.p4(368) Primitive hdr.int_md[2].egress_port_id = (bit<16>)standard_metadata.egress_port
[15:48:09.570] [bmv2] [T] [thread 360] [42.0] [cxt 0] int-gtp-destination.p4(369) Primitive hdr.int_md[2].egress_timestamp = (bit<32>)standard_metadata.egress_global_timestamp
[15:48:09.570] [bmv2] [D] [thread 363] [42.1] [cxt 0] Transmitting packet of size 203 out of port 9
[15:48:09.570] [bmv2] [T] [thread 360] [42.0] [cxt 0] int-gtp-destination.p4(370) Primitive hdr.int_md[2].hop_latency = hdr.int_md[2].egress_timestamp - hdr.int_md[2].ingress_timestamp
[15:48:09.570] [bmv2] [T] [thread 360] [42.0] [cxt 0] int-gtp-destination.p4(371) Primitive hdr.int_md[2].queue_occupancy = (bit<32>)standard_metadata.enq_qdepth
[15:48:09.570] [bmv2] [T] [thread 360] [42.0] [cxt 0] int-gtp-destination.p4(408) Condition "standard_metadata.instance_type == 1 || standard_metadata.egress_port == 9" (node_14) is false
[15:48:09.571] [bmv2] [T] [thread 360] [42.0] [cxt 0] Applying table 'MyEgress.egress_control'
[15:48:09.571] [bmv2] [D] [thread 360] [42.0] [cxt 0] Looking up key:
* standard_metadata.egress_port: 0001

[15:48:09.571] [bmv2] [D] [thread 360] [42.0] [cxt 0] Table 'MyEgress.egress_control': hit with handle 0
[15:48:09.571] [bmv2] [D] [thread 360] [42.0] [cxt 0] Dumping entry 0
Match key:
* standard_metadata.egress_port: EXACT     0001
Action entry: MyEgress.strip_int_headers -

[15:48:09.571] [bmv2] [D] [thread 360] [42.0] [cxt 0] Action entry is MyEgress.strip_int_headers -
[15:48:09.571] [bmv2] [T] [thread 360] [42.0] [cxt 0] Action MyEgress.strip_int_headers
[15:48:09.571] [bmv2] [T] [thread 360] [42.0] [cxt 0] int-gtp-destination.p4(375) Primitive hdr.ethernet.etherType = hdr.int_shim.next_proto
[15:48:09.571] [bmv2] [T] [thread 360] [42.0] [cxt 0] int-gtp-destination.p4(376) Primitive hdr.int_shim.setInvalid()
[15:48:09.571] [bmv2] [T] [thread 360] [42.0] [cxt 0] int-gtp-destination.p4(377) Primitive hdr.int_header.setInvalid()
[15:48:09.571] [bmv2] [T] [thread 360] [42.0] [cxt 0] int-gtp-destination.p4(379) Primitive hdr.int_md[0].setInvalid()
[15:48:09.571] [bmv2] [T] [thread 360] [42.0] [cxt 0] int-gtp-destination.p4(380) Primitive hdr.int_md[1].setInvalid()
[15:48:09.571] [bmv2] [T] [thread 360] [42.0] [cxt 0] int-gtp-destination.p4(381) Primitive hdr.int_md[2].setInvalid()
[15:48:09.571] [bmv2] [T] [thread 360] [42.0] [cxt 0] int-gtp-destination.p4(382) Primitive hdr.int_md[3].setInvalid()
[15:48:09.571] [bmv2] [T] [thread 360] [42.0] [cxt 0] int-gtp-destination.p4(383) Primitive hdr.int_md[4].setInvalid()
[15:48:09.571] [bmv2] [T] [thread 360] [42.0] [cxt 0] int-gtp-destination.p4(384) Primitive hdr.int_md[5].setInvalid()
[15:48:09.571] [bmv2] [T] [thread 360] [42.0] [cxt 0] int-gtp-destination.p4(385) Primitive hdr.int_md[6].setInvalid()
[15:48:09.571] [bmv2] [T] [thread 360] [42.0] [cxt 0] int-gtp-destination.p4(386) Primitive hdr.int_md[7].setInvalid()
[15:48:09.571] [bmv2] [D] [thread 360] [42.0] [cxt 0] Pipeline 'egress': end
[15:48:09.571] [bmv2] [D] [thread 360] [42.0] [cxt 0] Deparser 'deparser': start
[15:48:09.571] [bmv2] [D] [thread 360] [42.0] [cxt 0] Deparsing header 'ethernet'
[15:48:09.571] [bmv2] [D] [thread 360] [42.0] [cxt 0] Deparsing header 'ipv4_inner'
[15:48:09.571] [bmv2] [D] [thread 360] [42.0] [cxt 0] Deparsing header 'sctp'
[15:48:09.571] [bmv2] [D] [thread 360] [42.0] [cxt 0] Deparsing header 'sctp_chunk'
[15:48:09.571] [bmv2] [D] [thread 360] [42.0] [cxt 0] Deparser 'deparser': end
[15:48:09.571] [bmv2] [D] [thread 363] [42.0] [cxt 0] Transmitting packet of size 106 out of port 1
[15:48:09.896] [bmv2] [D] [thread 358] [43.0] [cxt 0] Processing packet received on port 1
[15:48:09.896] [bmv2] [D] [thread 358] [43.0] [cxt 0] Parser 'parser': start
[15:48:09.896] [bmv2] [D] [thread 358] [43.0] [cxt 0] Parser 'parser' entering state 'start'
[15:48:09.896] [bmv2] [D] [thread 358] [43.0] [cxt 0] Extracting header 'ethernet'
[15:48:09.896] [bmv2] [D] [thread 358] [43.0] [cxt 0] Parser set: setting field 'scalars.metadata.ingress_port' from field 'standard_metadata.ingress_port' (1)
[15:48:09.896] [bmv2] [D] [thread 358] [43.0] [cxt 0] Parser set: setting field 'scalars.metadata.ingress_ts' from expression, new value is 170365348
[15:48:09.896] [bmv2] [D] [thread 358] [43.0] [cxt 0] Parser set: setting field 'scalars.metadata.md_blocks_extracted' to 0
[15:48:09.896] [bmv2] [D] [thread 358] [43.0] [cxt 0] Parser set: setting field 'scalars.metadata.is_int_packet' to 0
[15:48:09.896] [bmv2] [D] [thread 358] [43.0] [cxt 0] Parser state 'start': key is 0800
[15:48:09.896] [bmv2] [T] [thread 358] [43.0] [cxt 0] Bytes parsed: 14
[15:48:09.896] [bmv2] [D] [thread 358] [43.0] [cxt 0] Parser 'parser' entering state 'parse_ipv4'
[15:48:09.896] [bmv2] [D] [thread 358] [43.0] [cxt 0] Extracting header 'ipv4_inner'
[15:48:09.897] [bmv2] [D] [thread 358] [43.0] [cxt 0] Parser state 'parse_ipv4': key is 84
[15:48:09.897] [bmv2] [T] [thread 358] [43.0] [cxt 0] Bytes parsed: 34
[15:48:09.897] [bmv2] [D] [thread 358] [43.0] [cxt 0] Parser 'parser' entering state 'parse_sctp_common'
[15:48:09.897] [bmv2] [D] [thread 358] [43.0] [cxt 0] Extracting header 'sctp'
[15:48:09.897] [bmv2] [D] [thread 358] [43.0] [cxt 0] Extracting header 'sctp_chunk'
[15:48:09.897] [bmv2] [D] [thread 358] [43.0] [cxt 0] Parser state 'parse_sctp_common': key is 00
[15:48:09.897] [bmv2] [T] [thread 358] [43.0] [cxt 0] Bytes parsed: 50
[15:48:09.897] [bmv2] [D] [thread 358] [43.0] [cxt 0] Parser 'parser' entering state 'parse_sctp_data_chunk'
[15:48:09.897] [bmv2] [D] [thread 358] [43.0] [cxt 0] Extracting header 'sctp_data_chunk'
[15:48:09.897] [bmv2] [D] [thread 358] [43.0] [cxt 0] Parser state 'parse_sctp_data_chunk' has no switch, going to default next state
[15:48:09.897] [bmv2] [T] [thread 358] [43.0] [cxt 0] Bytes parsed: 62
[15:48:09.897] [bmv2] [D] [thread 358] [43.0] [cxt 0] Parser 'parser': end
[15:48:09.897] [bmv2] [D] [thread 358] [43.0] [cxt 0] Pipeline 'ingress': start
[15:48:09.897] [bmv2] [T] [thread 358] [43.0] [cxt 0] Applying table 'tbl_intgtpdestination311'
[15:48:09.897] [bmv2] [D] [thread 358] [43.0] [cxt 0] Looking up key:

[15:48:09.897] [bmv2] [D] [thread 358] [43.0] [cxt 0] Table 'tbl_intgtpdestination311': miss
[15:48:09.897] [bmv2] [D] [thread 358] [43.0] [cxt 0] Action entry is intgtpdestination311 -
[15:48:09.897] [bmv2] [T] [thread 358] [43.0] [cxt 0] Action intgtpdestination311
[15:48:09.897] [bmv2] [T] [thread 358] [43.0] [cxt 0] int-gtp-destination.p4(311) Primitive meta.switch_id = 3
[15:48:09.897] [bmv2] [T] [thread 358] [43.0] [cxt 0] int-gtp-destination.p4(313) Condition "hdr.ethernet.isValid()" (node_3) is true
[15:48:09.897] [bmv2] [T] [thread 358] [43.0] [cxt 0] int-gtp-destination.p4(314) Condition "hdr.int_shim.isValid()" (node_4) is false
[15:48:09.897] [bmv2] [T] [thread 358] [43.0] [cxt 0] int-gtp-destination.p4(339) Condition "hdr.ipv4_inner.isValid()" (node_8) is true
[15:48:09.897] [bmv2] [T] [thread 358] [43.0] [cxt 0] Applying table 'MyIngress.ipv4_lpm'
[15:48:09.897] [bmv2] [D] [thread 358] [43.0] [cxt 0] Looking up key:
* hdr.ipv4_inner.dstAddr: ac120a03

[15:48:09.897] [bmv2] [D] [thread 358] [43.0] [cxt 0] Table 'MyIngress.ipv4_lpm': hit with handle 2
[15:48:09.897] [bmv2] [D] [thread 358] [43.0] [cxt 0] Dumping entry 2
Match key:
* hdr.ipv4_inner.dstAddr: LPM       ac120a03/32
Action entry: MyIngress.forward_action - 2,

[15:48:09.897] [bmv2] [D] [thread 358] [43.0] [cxt 0] Action entry is MyIngress.forward_action - 2,
[15:48:09.897] [bmv2] [T] [thread 358] [43.0] [cxt 0] Action MyIngress.forward_action
[15:48:09.897] [bmv2] [T] [thread 358] [43.0] [cxt 0] int-gtp-destination.p4(283) Primitive standard_metadata.egress_spec = egress_port
[15:48:09.897] [bmv2] [D] [thread 358] [43.0] [cxt 0] Pipeline 'ingress': end
[15:48:09.897] [bmv2] [D] [thread 358] [43.0] [cxt 0] Egress port is 2
[15:48:09.897] [bmv2] [D] [thread 361] [43.0] [cxt 0] Pipeline 'egress': start
[15:48:09.897] [bmv2] [T] [thread 361] [43.0] [cxt 0] int-gtp-destination.p4(402) Condition "hdr.int_shim.isValid()" (node_12) is false
[15:48:09.897] [bmv2] [D] [thread 361] [43.0] [cxt 0] Pipeline 'egress': end
[15:48:09.897] [bmv2] [D] [thread 361] [43.0] [cxt 0] Deparser 'deparser': start
[15:48:09.897] [bmv2] [D] [thread 361] [43.0] [cxt 0] Deparsing header 'ethernet'
[15:48:09.897] [bmv2] [D] [thread 361] [43.0] [cxt 0] Deparsing header 'ipv4_inner'
[15:48:09.897] [bmv2] [D] [thread 361] [43.0] [cxt 0] Deparsing header 'sctp'
[15:48:09.897] [bmv2] [D] [thread 361] [43.0] [cxt 0] Deparsing header 'sctp_chunk'
[15:48:09.897] [bmv2] [D] [thread 361] [43.0] [cxt 0] Deparsing header 'sctp_data_chunk'
[15:48:09.897] [bmv2] [D] [thread 361] [43.0] [cxt 0] Deparser 'deparser': end
[15:48:09.897] [bmv2] [D] [thread 363] [43.0] [cxt 0] Transmitting packet of size 294 out of port 2
[15:48:09.921] [bmv2] [D] [thread 358] [44.0] [cxt 0] Processing packet received on port 2
[15:48:09.921] [bmv2] [D] [thread 358] [44.0] [cxt 0] Parser 'parser': start
[15:48:09.921] [bmv2] [D] [thread 358] [44.0] [cxt 0] Parser 'parser' entering state 'start'
[15:48:09.921] [bmv2] [D] [thread 358] [44.0] [cxt 0] Extracting header 'ethernet'
[15:48:09.921] [bmv2] [D] [thread 358] [44.0] [cxt 0] Parser set: setting field 'scalars.metadata.ingress_port' from field 'standard_metadata.ingress_port' (2)
[15:48:09.921] [bmv2] [D] [thread 358] [44.0] [cxt 0] Parser set: setting field 'scalars.metadata.ingress_ts' from expression, new value is 170389802
[15:48:09.921] [bmv2] [D] [thread 358] [44.0] [cxt 0] Parser set: setting field 'scalars.metadata.md_blocks_extracted' to 0
[15:48:09.921] [bmv2] [D] [thread 358] [44.0] [cxt 0] Parser set: setting field 'scalars.metadata.is_int_packet' to 0
[15:48:09.921] [bmv2] [D] [thread 358] [44.0] [cxt 0] Parser state 'start': key is 00fa
[15:48:09.921] [bmv2] [T] [thread 358] [44.0] [cxt 0] Bytes parsed: 14
[15:48:09.921] [bmv2] [D] [thread 358] [44.0] [cxt 0] Parser 'parser' entering state 'parse_int_shim'
[15:48:09.921] [bmv2] [D] [thread 358] [44.0] [cxt 0] Extracting header 'int_shim'
[15:48:09.921] [bmv2] [D] [thread 358] [44.0] [cxt 0] Parser set: setting field 'scalars.metadata.is_int_packet' to 1
[15:48:09.921] [bmv2] [D] [thread 358] [44.0] [cxt 0] Extracting header 'int_header'
[15:48:09.921] [bmv2] [D] [thread 358] [44.0] [cxt 0] Parser set: setting field 'scalars.metadata.md_blocks_extracted' from expression, new value is 251
[15:48:09.921] [bmv2] [D] [thread 358] [44.0] [cxt 0] Extracting header 'int_md[0]'
[15:48:09.921] [bmv2] [D] [thread 358] [44.0] [cxt 0] Extracting header 'int_md[1]'
[15:48:09.921] [bmv2] [D] [thread 358] [44.0] [cxt 0] Parser state 'parse_int_shim': key is 0800
[15:48:09.921] [bmv2] [T] [thread 358] [44.0] [cxt 0] Bytes parsed: 83
[15:48:09.921] [bmv2] [D] [thread 358] [44.0] [cxt 0] Parser 'parser' entering state 'parse_encapsulated_ipv4'
[15:48:09.921] [bmv2] [D] [thread 358] [44.0] [cxt 0] Extracting header 'ipv4_inner'
[15:48:09.921] [bmv2] [D] [thread 358] [44.0] [cxt 0] Parser state 'parse_encapsulated_ipv4': key is 84
[15:48:09.921] [bmv2] [T] [thread 358] [44.0] [cxt 0] Bytes parsed: 103
[15:48:09.921] [bmv2] [D] [thread 358] [44.0] [cxt 0] Parser 'parser' entering state 'parse_encapsulated_sctp_common'
[15:48:09.921] [bmv2] [D] [thread 358] [44.0] [cxt 0] Extracting header 'sctp'
[15:48:09.921] [bmv2] [D] [thread 358] [44.0] [cxt 0] Extracting header 'sctp_chunk'
[15:48:09.921] [bmv2] [D] [thread 358] [44.0] [cxt 0] Parser state 'parse_encapsulated_sctp_common': key is 03
[15:48:09.921] [bmv2] [T] [thread 358] [44.0] [cxt 0] Bytes parsed: 119
[15:48:09.921] [bmv2] [D] [thread 358] [44.0] [cxt 0] Parser 'parser': end
[15:48:09.921] [bmv2] [D] [thread 358] [44.0] [cxt 0] Pipeline 'ingress': start
[15:48:09.921] [bmv2] [T] [thread 358] [44.0] [cxt 0] Applying table 'tbl_intgtpdestination311'
[15:48:09.921] [bmv2] [D] [thread 358] [44.0] [cxt 0] Looking up key:

[15:48:09.921] [bmv2] [D] [thread 358] [44.0] [cxt 0] Table 'tbl_intgtpdestination311': miss
[15:48:09.921] [bmv2] [D] [thread 358] [44.0] [cxt 0] Action entry is intgtpdestination311 -
[15:48:09.921] [bmv2] [T] [thread 358] [44.0] [cxt 0] Action intgtpdestination311
[15:48:09.921] [bmv2] [T] [thread 358] [44.0] [cxt 0] int-gtp-destination.p4(311) Primitive meta.switch_id = 3
[15:48:09.921] [bmv2] [T] [thread 358] [44.0] [cxt 0] int-gtp-destination.p4(313) Condition "hdr.ethernet.isValid()" (node_3) is true
[15:48:09.921] [bmv2] [T] [thread 358] [44.0] [cxt 0] int-gtp-destination.p4(314) Condition "hdr.int_shim.isValid()" (node_4) is true
[15:48:09.921] [bmv2] [T] [thread 358] [44.0] [cxt 0] int-gtp-destination.p4(316) Condition "hdr.int_header.remaining_hop_cnt > 0" (node_5) is true
[15:48:09.921] [bmv2] [T] [thread 358] [44.0] [cxt 0] Applying table 'tbl_intgtpdestination317'
[15:48:09.921] [bmv2] [D] [thread 358] [44.0] [cxt 0] Looking up key:

[15:48:09.921] [bmv2] [D] [thread 358] [44.0] [cxt 0] Table 'tbl_intgtpdestination317': miss
[15:48:09.921] [bmv2] [D] [thread 358] [44.0] [cxt 0] Action entry is intgtpdestination317 -
[15:48:09.921] [bmv2] [T] [thread 358] [44.0] [cxt 0] Action intgtpdestination317
[15:48:09.921] [bmv2] [T] [thread 358] [44.0] [cxt 0] int-gtp-destination.p4(317) Primitive hdr.int_md[2].setValid()
[15:48:09.921] [bmv2] [T] [thread 358] [44.0] [cxt 0] int-gtp-destination.p4(318) Primitive hdr.int_md[2].padding_switch = 0
[15:48:09.921] [bmv2] [T] [thread 358] [44.0] [cxt 0] int-gtp-destination.p4(319) Primitive hdr.int_md[2].switch_id = (bit<16>)meta.switch_id
[15:48:09.921] [bmv2] [T] [thread 358] [44.0] [cxt 0] int-gtp-destination.p4(320) Primitive hdr.int_md[2].ingress_port_id = (bit<16>)meta.ingress_port
[15:48:09.922] [bmv2] [T] [thread 358] [44.0] [cxt 0] int-gtp-destination.p4(321) Primitive hdr.int_md[2].ingress_timestamp = meta.ingress_ts
[15:48:09.922] [bmv2] [T] [thread 358] [44.0] [cxt 0] int-gtp-destination.p4(322) Primitive hdr.int_md[2].egress_port_id = 0
[15:48:09.922] [bmv2] [T] [thread 358] [44.0] [cxt 0] int-gtp-destination.p4(323) Primitive hdr.int_md[2].hop_latency = 0
[15:48:09.922] [bmv2] [T] [thread 358] [44.0] [cxt 0] int-gtp-destination.p4(324) Primitive hdr.int_md[2].egress_timestamp = 0
[15:48:09.922] [bmv2] [T] [thread 358] [44.0] [cxt 0] int-gtp-destination.p4(325) Primitive hdr.int_md[2].queue_occupancy = 0
[15:48:09.922] [bmv2] [T] [thread 358] [44.0] [cxt 0] int-gtp-destination.p4(326) Primitive hdr.int_md[2].congestion_notification = 0
[15:48:09.922] [bmv2] [T] [thread 358] [44.0] [cxt 0] int-gtp-destination.p4(327) Primitive hdr.int_md[2].reserved1 = 0
[15:48:09.922] [bmv2] [T] [thread 358] [44.0] [cxt 0] int-gtp-destination.p4(328) Primitive hdr.int_md[2].reserved2 = 0
[15:48:09.922] [bmv2] [T] [thread 358] [44.0] [cxt 0] int-gtp-destination.p4(330) Primitive hdr.int_header.remaining_hop_cnt = hdr.int_header.remaining_hop_cnt - 1
[15:48:09.922] [bmv2] [T] [thread 358] [44.0] [cxt 0] int-gtp-destination.p4(331) Primitive hdr.int_shim.length = hdr.int_shim.length + 32
[15:48:09.922] [bmv2] [T] [thread 358] [44.0] [cxt 0] Applying table 'MyIngress.int_sink_table'
[15:48:09.922] [bmv2] [D] [thread 358] [44.0] [cxt 0] Looking up key:
* hdr.int_shim.$valid$: 01

[15:48:09.922] [bmv2] [D] [thread 358] [44.0] [cxt 0] Table 'MyIngress.int_sink_table': hit with handle 0
[15:48:09.922] [bmv2] [D] [thread 358] [44.0] [cxt 0] Dumping entry 0
Match key:
* hdr.int_shim.$valid$: EXACT     01
Action entry: MyIngress.int_sink_action -

[15:48:09.922] [bmv2] [D] [thread 358] [44.0] [cxt 0] Action entry is MyIngress.int_sink_action -
[15:48:09.922] [bmv2] [T] [thread 358] [44.0] [cxt 0] Action MyIngress.int_sink_action
[15:48:09.922] [bmv2] [T] [thread 358] [44.0] [cxt 0] int-gtp-destination.p4(278) Primitive meta.clone_port = 9
[15:48:09.923] [bmv2] [T] [thread 358] [44.0] [cxt 0] int-gtp-destination.p4(279) Primitive clone_preserving_field_list(CloneType.I2E, 99, 99)
[15:48:09.923] [bmv2] [T] [thread 358] [44.0] [cxt 0] int-gtp-destination.p4(339) Condition "hdr.ipv4_inner.isValid()" (node_8) is true
[15:48:09.923] [bmv2] [T] [thread 358] [44.0] [cxt 0] Applying table 'MyIngress.ipv4_lpm'
[15:48:09.923] [bmv2] [D] [thread 358] [44.0] [cxt 0] Looking up key:
* hdr.ipv4_inner.dstAddr: ac120014

[15:48:09.923] [bmv2] [D] [thread 358] [44.0] [cxt 0] Table 'MyIngress.ipv4_lpm': hit with handle 0
[15:48:09.923] [bmv2] [D] [thread 358] [44.0] [cxt 0] Dumping entry 0
Match key:
* hdr.ipv4_inner.dstAddr: LPM       ac120014/32
Action entry: MyIngress.forward_action - 1,

[15:48:09.923] [bmv2] [D] [thread 358] [44.0] [cxt 0] Action entry is MyIngress.forward_action - 1,
[15:48:09.923] [bmv2] [T] [thread 358] [44.0] [cxt 0] Action MyIngress.forward_action
[15:48:09.923] [bmv2] [T] [thread 358] [44.0] [cxt 0] int-gtp-destination.p4(283) Primitive standard_metadata.egress_spec = egress_port
[15:48:09.923] [bmv2] [D] [thread 358] [44.0] [cxt 0] Pipeline 'ingress': end
[15:48:09.923] [bmv2] [D] [thread 358] [44.0] [cxt 0] Cloning packet at ingress
[15:48:09.923] [bmv2] [D] [thread 358] [44.1] [cxt 0] Parser 'parser': start
[15:48:09.923] [bmv2] [D] [thread 358] [44.1] [cxt 0] Parser 'parser' entering state 'start'
[15:48:09.923] [bmv2] [D] [thread 358] [44.1] [cxt 0] Extracting header 'ethernet'
[15:48:09.923] [bmv2] [D] [thread 358] [44.1] [cxt 0] Parser set: setting field 'scalars.metadata.ingress_port' from field 'standard_metadata.ingress_port' (2)
[15:48:09.923] [bmv2] [D] [thread 358] [44.1] [cxt 0] Parser set: setting field 'scalars.metadata.ingress_ts' from expression, new value is 0
[15:48:09.923] [bmv2] [D] [thread 358] [44.1] [cxt 0] Parser set: setting field 'scalars.metadata.md_blocks_extracted' to 0
[15:48:09.923] [bmv2] [D] [thread 358] [44.1] [cxt 0] Parser set: setting field 'scalars.metadata.is_int_packet' to 0
[15:48:09.923] [bmv2] [D] [thread 358] [44.1] [cxt 0] Parser state 'start': key is 00fa
[15:48:09.923] [bmv2] [T] [thread 358] [44.1] [cxt 0] Bytes parsed: 14
[15:48:09.923] [bmv2] [D] [thread 358] [44.1] [cxt 0] Parser 'parser' entering state 'parse_int_shim'
[15:48:09.923] [bmv2] [D] [thread 358] [44.1] [cxt 0] Extracting header 'int_shim'
[15:48:09.923] [bmv2] [D] [thread 358] [44.1] [cxt 0] Parser set: setting field 'scalars.metadata.is_int_packet' to 1
[15:48:09.923] [bmv2] [D] [thread 358] [44.1] [cxt 0] Extracting header 'int_header'
[15:48:09.923] [bmv2] [D] [thread 358] [44.1] [cxt 0] Parser set: setting field 'scalars.metadata.md_blocks_extracted' from expression, new value is 251
[15:48:09.923] [bmv2] [D] [thread 358] [44.1] [cxt 0] Extracting header 'int_md[0]'
[15:48:09.923] [bmv2] [D] [thread 358] [44.1] [cxt 0] Extracting header 'int_md[1]'
[15:48:09.923] [bmv2] [D] [thread 358] [44.1] [cxt 0] Parser state 'parse_int_shim': key is 0800
[15:48:09.923] [bmv2] [T] [thread 358] [44.1] [cxt 0] Bytes parsed: 83
[15:48:09.923] [bmv2] [D] [thread 358] [44.1] [cxt 0] Parser 'parser' entering state 'parse_encapsulated_ipv4'
[15:48:09.923] [bmv2] [D] [thread 358] [44.1] [cxt 0] Extracting header 'ipv4_inner'
[15:48:09.924] [bmv2] [D] [thread 358] [44.1] [cxt 0] Parser state 'parse_encapsulated_ipv4': key is 84
[15:48:09.924] [bmv2] [T] [thread 358] [44.1] [cxt 0] Bytes parsed: 103
[15:48:09.924] [bmv2] [D] [thread 358] [44.1] [cxt 0] Parser 'parser' entering state 'parse_encapsulated_sctp_common'
[15:48:09.924] [bmv2] [D] [thread 358] [44.1] [cxt 0] Extracting header 'sctp'
[15:48:09.924] [bmv2] [D] [thread 358] [44.1] [cxt 0] Extracting header 'sctp_chunk'
[15:48:09.924] [bmv2] [D] [thread 358] [44.1] [cxt 0] Parser state 'parse_encapsulated_sctp_common': key is 03
[15:48:09.924] [bmv2] [T] [thread 358] [44.1] [cxt 0] Bytes parsed: 119
[15:48:09.924] [bmv2] [D] [thread 358] [44.1] [cxt 0] Parser 'parser': end
[15:48:09.924] [bmv2] [D] [thread 358] [44.0] [cxt 0] Cloning packet to egress port 9
[15:48:09.924] [bmv2] [D] [thread 360] [44.1] [cxt 0] Pipeline 'egress': start
[15:48:09.924] [bmv2] [T] [thread 360] [44.1] [cxt 0] int-gtp-destination.p4(402) Condition "hdr.int_shim.isValid()" (node_12) is true
[15:48:09.924] [bmv2] [T] [thread 360] [44.1] [cxt 0] Applying table 'tbl_update_int_metadata'
[15:48:09.924] [bmv2] [D] [thread 360] [44.1] [cxt 0] Looking up key:

[15:48:09.924] [bmv2] [D] [thread 360] [44.1] [cxt 0] Table 'tbl_update_int_metadata': miss
[15:48:09.924] [bmv2] [D] [thread 360] [44.1] [cxt 0] Action entry is MyEgress.update_int_metadata -
[15:48:09.924] [bmv2] [T] [thread 360] [44.1] [cxt 0] Action MyEgress.update_int_metadata
[15:48:09.924] [bmv2] [T] [thread 360] [44.1] [cxt 0] int-gtp-destination.p4(352) Primitive if
[15:48:09.924] [bmv2] [T] [thread 360] [44.1] [cxt 0] int-gtp-destination.p4(353) Primitive hdr.int_md[2].setValid()
[15:48:09.924] [bmv2] [T] [thread 360] [44.1] [cxt 0] int-gtp-destination.p4(354) Primitive hdr.int_md[2].padding_switch = 0
[15:48:09.924] [bmv2] [T] [thread 360] [44.1] [cxt 0] int-gtp-destination.p4(355) Primitive hdr.int_md[2].switch_id = (bit<16>)meta.switch_id
[15:48:09.924] [bmv2] [T] [thread 360] [44.1] [cxt 0] int-gtp-destination.p4(356) Primitive hdr.int_md[2].ingress_port_id = (bit<16>)meta.ingress_port
[15:48:09.924] [bmv2] [T] [thread 360] [44.1] [cxt 0] int-gtp-destination.p4(357) Primitive hdr.int_md[2].ingress_timestamp = meta.ingress_ts
[15:48:09.924] [bmv2] [T] [thread 360] [44.1] [cxt 0] int-gtp-destination.p4(362) Primitive hdr.int_md[2].congestion_notification = 0
[15:48:09.924] [bmv2] [T] [thread 360] [44.1] [cxt 0] int-gtp-destination.p4(363) Primitive hdr.int_md[2].reserved1 = 0
[15:48:09.924] [bmv2] [T] [thread 360] [44.1] [cxt 0] int-gtp-destination.p4(364) Primitive hdr.int_md[2].reserved2 = 0
[15:48:09.924] [bmv2] [T] [thread 360] [44.1] [cxt 0] int-gtp-destination.p4(368) Primitive hdr.int_md[2].egress_port_id = (bit<16>)standard_metadata.egress_port
[15:48:09.924] [bmv2] [T] [thread 360] [44.1] [cxt 0] int-gtp-destination.p4(369) Primitive hdr.int_md[2].egress_timestamp = (bit<32>)standard_metadata.egress_global_timestamp
[15:48:09.924] [bmv2] [T] [thread 360] [44.1] [cxt 0] int-gtp-destination.p4(370) Primitive hdr.int_md[2].hop_latency = hdr.int_md[2].egress_timestamp - hdr.int_md[2].ingress_timestamp
[15:48:09.924] [bmv2] [T] [thread 360] [44.1] [cxt 0] int-gtp-destination.p4(371) Primitive hdr.int_md[2].queue_occupancy = (bit<32>)standard_metadata.enq_qdepth
[15:48:09.924] [bmv2] [T] [thread 360] [44.1] [cxt 0] int-gtp-destination.p4(408) Condition "standard_metadata.instance_type == 1 || standard_metadata.egress_port == 9" (node_14) is true
[15:48:09.924] [bmv2] [D] [thread 360] [44.1] [cxt 0] Pipeline 'egress': end
[15:48:09.924] [bmv2] [D] [thread 360] [44.1] [cxt 0] Deparser 'deparser': start
[15:48:09.924] [bmv2] [D] [thread 360] [44.1] [cxt 0] Deparsing header 'ethernet'
[15:48:09.924] [bmv2] [D] [thread 360] [44.1] [cxt 0] Deparsing header 'int_shim'
[15:48:09.924] [bmv2] [D] [thread 360] [44.1] [cxt 0] Deparsing header 'int_header'
[15:48:09.924] [bmv2] [D] [thread 360] [44.1] [cxt 0] Deparsing header 'int_md[0]'
[15:48:09.924] [bmv2] [D] [thread 360] [44.1] [cxt 0] Deparsing header 'int_md[1]'
[15:48:09.924] [bmv2] [D] [thread 360] [44.1] [cxt 0] Deparsing header 'int_md[2]'
[15:48:09.924] [bmv2] [D] [thread 360] [44.1] [cxt 0] Deparsing header 'ipv4_inner'
[15:48:09.924] [bmv2] [D] [thread 360] [44.1] [cxt 0] Deparsing header 'sctp'
[15:48:09.924] [bmv2] [D] [thread 360] [44.1] [cxt 0] Deparsing header 'sctp_chunk'
[15:48:09.924] [bmv2] [D] [thread 360] [44.1] [cxt 0] Deparser 'deparser': end
[15:48:09.924] [bmv2] [D] [thread 363] [44.1] [cxt 0] Transmitting packet of size 243 out of port 9
[15:48:09.924] [bmv2] [D] [thread 358] [44.0] [cxt 0] Egress port is 1
[15:48:09.924] [bmv2] [D] [thread 360] [44.0] [cxt 0] Pipeline 'egress': start
[15:48:09.924] [bmv2] [T] [thread 360] [44.0] [cxt 0] int-gtp-destination.p4(402) Condition "hdr.int_shim.isValid()" (node_12) is true
[15:48:09.924] [bmv2] [T] [thread 360] [44.0] [cxt 0] Applying table 'tbl_update_int_metadata'
[15:48:09.924] [bmv2] [D] [thread 360] [44.0] [cxt 0] Looking up key:

[15:48:09.924] [bmv2] [D] [thread 360] [44.0] [cxt 0] Table 'tbl_update_int_metadata': miss
[15:48:09.924] [bmv2] [D] [thread 360] [44.0] [cxt 0] Action entry is MyEgress.update_int_metadata -
[15:48:09.924] [bmv2] [T] [thread 360] [44.0] [cxt 0] Action MyEgress.update_int_metadata
[15:48:09.924] [bmv2] [T] [thread 360] [44.0] [cxt 0] int-gtp-destination.p4(352) Primitive if
[15:48:09.924] [bmv2] [T] [thread 360] [44.0] [cxt 0] int-gtp-destination.p4(352) Primitive if
[15:48:09.924] [bmv2] [T] [thread 360] [44.0] [cxt 0] int-gtp-destination.p4(368) Primitive hdr.int_md[2].egress_port_id = (bit<16>)standard_metadata.egress_port
[15:48:09.924] [bmv2] [T] [thread 360] [44.0] [cxt 0] int-gtp-destination.p4(369) Primitive hdr.int_md[2].egress_timestamp = (bit<32>)standard_metadata.egress_global_timestamp
[15:48:09.924] [bmv2] [T] [thread 360] [44.0] [cxt 0] int-gtp-destination.p4(370) Primitive hdr.int_md[2].hop_latency = hdr.int_md[2].egress_timestamp - hdr.int_md[2].ingress_timestamp
[15:48:09.924] [bmv2] [T] [thread 360] [44.0] [cxt 0] int-gtp-destination.p4(371) Primitive hdr.int_md[2].queue_occupancy = (bit<32>)standard_metadata.enq_qdepth
[15:48:09.924] [bmv2] [T] [thread 360] [44.0] [cxt 0] int-gtp-destination.p4(408) Condition "standard_metadata.instance_type == 1 || standard_metadata.egress_port == 9" (node_14) is false
[15:48:09.924] [bmv2] [T] [thread 360] [44.0] [cxt 0] Applying table 'MyEgress.egress_control'
[15:48:09.924] [bmv2] [D] [thread 360] [44.0] [cxt 0] Looking up key:
* standard_metadata.egress_port: 0001

[15:48:09.924] [bmv2] [D] [thread 360] [44.0] [cxt 0] Table 'MyEgress.egress_control': hit with handle 0
[15:48:09.924] [bmv2] [D] [thread 360] [44.0] [cxt 0] Dumping entry 0
Match key:
* standard_metadata.egress_port: EXACT     0001
Action entry: MyEgress.strip_int_headers -

[15:48:09.924] [bmv2] [D] [thread 360] [44.0] [cxt 0] Action entry is MyEgress.strip_int_headers -
[15:48:09.924] [bmv2] [T] [thread 360] [44.0] [cxt 0] Action MyEgress.strip_int_headers
[15:48:09.924] [bmv2] [T] [thread 360] [44.0] [cxt 0] int-gtp-destination.p4(375) Primitive hdr.ethernet.etherType = hdr.int_shim.next_proto
[15:48:09.924] [bmv2] [T] [thread 360] [44.0] [cxt 0] int-gtp-destination.p4(376) Primitive hdr.int_shim.setInvalid()
[15:48:09.924] [bmv2] [T] [thread 360] [44.0] [cxt 0] int-gtp-destination.p4(377) Primitive hdr.int_header.setInvalid()
[15:48:09.924] [bmv2] [T] [thread 360] [44.0] [cxt 0] int-gtp-destination.p4(379) Primitive hdr.int_md[0].setInvalid()
[15:48:09.924] [bmv2] [T] [thread 360] [44.0] [cxt 0] int-gtp-destination.p4(380) Primitive hdr.int_md[1].setInvalid()
[15:48:09.924] [bmv2] [T] [thread 360] [44.0] [cxt 0] int-gtp-destination.p4(381) Primitive hdr.int_md[2].setInvalid()
[15:48:09.924] [bmv2] [T] [thread 360] [44.0] [cxt 0] int-gtp-destination.p4(382) Primitive hdr.int_md[3].setInvalid()
[15:48:09.924] [bmv2] [T] [thread 360] [44.0] [cxt 0] int-gtp-destination.p4(383) Primitive hdr.int_md[4].setInvalid()
[15:48:09.924] [bmv2] [T] [thread 360] [44.0] [cxt 0] int-gtp-destination.p4(384) Primitive hdr.int_md[5].setInvalid()
[15:48:09.924] [bmv2] [T] [thread 360] [44.0] [cxt 0] int-gtp-destination.p4(385) Primitive hdr.int_md[6].setInvalid()
[15:48:09.924] [bmv2] [T] [thread 360] [44.0] [cxt 0] int-gtp-destination.p4(386) Primitive hdr.int_md[7].setInvalid()
[15:48:09.924] [bmv2] [D] [thread 360] [44.0] [cxt 0] Pipeline 'egress': end
[15:48:09.924] [bmv2] [D] [thread 360] [44.0] [cxt 0] Deparser 'deparser': start
[15:48:09.924] [bmv2] [D] [thread 360] [44.0] [cxt 0] Deparsing header 'ethernet'
[15:48:09.924] [bmv2] [D] [thread 360] [44.0] [cxt 0] Deparsing header 'ipv4_inner'
[15:48:09.924] [bmv2] [D] [thread 360] [44.0] [cxt 0] Deparsing header 'sctp'
[15:48:09.924] [bmv2] [D] [thread 360] [44.0] [cxt 0] Deparsing header 'sctp_chunk'
[15:48:09.925] [bmv2] [D] [thread 360] [44.0] [cxt 0] Deparser 'deparser': end
[15:48:09.925] [bmv2] [D] [thread 363] [44.0] [cxt 0] Transmitting packet of size 146 out of port 1
[15:48:10.146] [bmv2] [D] [thread 358] [45.0] [cxt 0] Processing packet received on port 1
[15:48:10.146] [bmv2] [D] [thread 358] [45.0] [cxt 0] Parser 'parser': start
[15:48:10.146] [bmv2] [D] [thread 358] [45.0] [cxt 0] Parser 'parser' entering state 'start'
[15:48:10.146] [bmv2] [D] [thread 358] [45.0] [cxt 0] Extracting header 'ethernet'
[15:48:10.146] [bmv2] [D] [thread 358] [45.0] [cxt 0] Parser set: setting field 'scalars.metadata.ingress_port' from field 'standard_metadata.ingress_port' (1)
[15:48:10.146] [bmv2] [D] [thread 358] [45.0] [cxt 0] Parser set: setting field 'scalars.metadata.ingress_ts' from expression, new value is 170615102
[15:48:10.146] [bmv2] [D] [thread 358] [45.0] [cxt 0] Parser set: setting field 'scalars.metadata.md_blocks_extracted' to 0
[15:48:10.146] [bmv2] [D] [thread 358] [45.0] [cxt 0] Parser set: setting field 'scalars.metadata.is_int_packet' to 0
[15:48:10.146] [bmv2] [D] [thread 358] [45.0] [cxt 0] Parser state 'start': key is 0800
[15:48:10.146] [bmv2] [T] [thread 358] [45.0] [cxt 0] Bytes parsed: 14
[15:48:10.146] [bmv2] [D] [thread 358] [45.0] [cxt 0] Parser 'parser' entering state 'parse_ipv4'
[15:48:10.146] [bmv2] [D] [thread 358] [45.0] [cxt 0] Extracting header 'ipv4_inner'
[15:48:10.146] [bmv2] [D] [thread 358] [45.0] [cxt 0] Parser state 'parse_ipv4': key is 84
[15:48:10.146] [bmv2] [T] [thread 358] [45.0] [cxt 0] Bytes parsed: 34
[15:48:10.146] [bmv2] [D] [thread 358] [45.0] [cxt 0] Parser 'parser' entering state 'parse_sctp_common'
[15:48:10.146] [bmv2] [D] [thread 358] [45.0] [cxt 0] Extracting header 'sctp'
[15:48:10.146] [bmv2] [D] [thread 358] [45.0] [cxt 0] Extracting header 'sctp_chunk'
[15:48:10.146] [bmv2] [D] [thread 358] [45.0] [cxt 0] Parser state 'parse_sctp_common': key is 03
[15:48:10.146] [bmv2] [T] [thread 358] [45.0] [cxt 0] Bytes parsed: 50
[15:48:10.146] [bmv2] [D] [thread 358] [45.0] [cxt 0] Parser 'parser': end
[15:48:10.146] [bmv2] [D] [thread 358] [45.0] [cxt 0] Pipeline 'ingress': start
[15:48:10.146] [bmv2] [T] [thread 358] [45.0] [cxt 0] Applying table 'tbl_intgtpdestination311'
[15:48:10.146] [bmv2] [D] [thread 358] [45.0] [cxt 0] Looking up key:

[15:48:10.146] [bmv2] [D] [thread 358] [45.0] [cxt 0] Table 'tbl_intgtpdestination311': miss
[15:48:10.146] [bmv2] [D] [thread 358] [45.0] [cxt 0] Action entry is intgtpdestination311 -
[15:48:10.146] [bmv2] [T] [thread 358] [45.0] [cxt 0] Action intgtpdestination311
[15:48:10.146] [bmv2] [T] [thread 358] [45.0] [cxt 0] int-gtp-destination.p4(311) Primitive meta.switch_id = 3
[15:48:10.146] [bmv2] [T] [thread 358] [45.0] [cxt 0] int-gtp-destination.p4(313) Condition "hdr.ethernet.isValid()" (node_3) is true
[15:48:10.146] [bmv2] [T] [thread 358] [45.0] [cxt 0] int-gtp-destination.p4(314) Condition "hdr.int_shim.isValid()" (node_4) is false
[15:48:10.146] [bmv2] [T] [thread 358] [45.0] [cxt 0] int-gtp-destination.p4(339) Condition "hdr.ipv4_inner.isValid()" (node_8) is true
[15:48:10.146] [bmv2] [T] [thread 358] [45.0] [cxt 0] Applying table 'MyIngress.ipv4_lpm'
[15:48:10.146] [bmv2] [D] [thread 358] [45.0] [cxt 0] Looking up key:
* hdr.ipv4_inner.dstAddr: ac120a03

[15:48:10.147] [bmv2] [D] [thread 358] [45.0] [cxt 0] Table 'MyIngress.ipv4_lpm': hit with handle 2
[15:48:10.147] [bmv2] [D] [thread 358] [45.0] [cxt 0] Dumping entry 2
Match key:
* hdr.ipv4_inner.dstAddr: LPM       ac120a03/32
Action entry: MyIngress.forward_action - 2,

[15:48:10.147] [bmv2] [D] [thread 358] [45.0] [cxt 0] Action entry is MyIngress.forward_action - 2,
[15:48:10.147] [bmv2] [T] [thread 358] [45.0] [cxt 0] Action MyIngress.forward_action
[15:48:10.147] [bmv2] [T] [thread 358] [45.0] [cxt 0] int-gtp-destination.p4(283) Primitive standard_metadata.egress_spec = egress_port
[15:48:10.147] [bmv2] [D] [thread 358] [45.0] [cxt 0] Pipeline 'ingress': end
[15:48:10.147] [bmv2] [D] [thread 358] [45.0] [cxt 0] Egress port is 2
[15:48:10.147] [bmv2] [D] [thread 361] [45.0] [cxt 0] Pipeline 'egress': start
[15:48:10.147] [bmv2] [T] [thread 361] [45.0] [cxt 0] int-gtp-destination.p4(402) Condition "hdr.int_shim.isValid()" (node_12) is false
[15:48:10.147] [bmv2] [D] [thread 361] [45.0] [cxt 0] Pipeline 'egress': end
[15:48:10.147] [bmv2] [D] [thread 361] [45.0] [cxt 0] Deparser 'deparser': start
[15:48:10.147] [bmv2] [D] [thread 361] [45.0] [cxt 0] Deparsing header 'ethernet'
[15:48:10.147] [bmv2] [D] [thread 361] [45.0] [cxt 0] Deparsing header 'ipv4_inner'
[15:48:10.147] [bmv2] [D] [thread 361] [45.0] [cxt 0] Deparsing header 'sctp'
[15:48:10.147] [bmv2] [D] [thread 361] [45.0] [cxt 0] Deparsing header 'sctp_chunk'
[15:48:10.147] [bmv2] [D] [thread 361] [45.0] [cxt 0] Deparser 'deparser': end
[15:48:10.147] [bmv2] [D] [thread 363] [45.0] [cxt 0] Transmitting packet of size 62 out of port 2
[15:48:10.407] [bmv2] [D] [thread 358] [46.0] [cxt 0] Processing packet received on port 1
[15:48:10.407] [bmv2] [D] [thread 358] [46.0] [cxt 0] Parser 'parser': start
[15:48:10.407] [bmv2] [D] [thread 358] [46.0] [cxt 0] Parser 'parser' entering state 'start'
[15:48:10.407] [bmv2] [D] [thread 358] [46.0] [cxt 0] Extracting header 'ethernet'
[15:48:10.407] [bmv2] [D] [thread 358] [46.0] [cxt 0] Parser set: setting field 'scalars.metadata.ingress_port' from field 'standard_metadata.ingress_port' (1)
[15:48:10.407] [bmv2] [D] [thread 358] [46.0] [cxt 0] Parser set: setting field 'scalars.metadata.ingress_ts' from expression, new value is 170876375
[15:48:10.407] [bmv2] [D] [thread 358] [46.0] [cxt 0] Parser set: setting field 'scalars.metadata.md_blocks_extracted' to 0
[15:48:10.407] [bmv2] [D] [thread 358] [46.0] [cxt 0] Parser set: setting field 'scalars.metadata.is_int_packet' to 0
[15:48:10.408] [bmv2] [D] [thread 358] [46.0] [cxt 0] Parser state 'start': key is 0800
[15:48:10.408] [bmv2] [T] [thread 358] [46.0] [cxt 0] Bytes parsed: 14
[15:48:10.408] [bmv2] [D] [thread 358] [46.0] [cxt 0] Parser 'parser' entering state 'parse_ipv4'
[15:48:10.408] [bmv2] [D] [thread 358] [46.0] [cxt 0] Extracting header 'ipv4_inner'
[15:48:10.408] [bmv2] [D] [thread 358] [46.0] [cxt 0] Parser state 'parse_ipv4': key is 84
[15:48:10.408] [bmv2] [T] [thread 358] [46.0] [cxt 0] Bytes parsed: 34
[15:48:10.408] [bmv2] [D] [thread 358] [46.0] [cxt 0] Parser 'parser' entering state 'parse_sctp_common'
[15:48:10.408] [bmv2] [D] [thread 358] [46.0] [cxt 0] Extracting header 'sctp'
[15:48:10.408] [bmv2] [D] [thread 358] [46.0] [cxt 0] Extracting header 'sctp_chunk'
[15:48:10.408] [bmv2] [D] [thread 358] [46.0] [cxt 0] Parser state 'parse_sctp_common': key is 00
[15:48:10.408] [bmv2] [T] [thread 358] [46.0] [cxt 0] Bytes parsed: 50
[15:48:10.408] [bmv2] [D] [thread 358] [46.0] [cxt 0] Parser 'parser' entering state 'parse_sctp_data_chunk'
[15:48:10.408] [bmv2] [D] [thread 358] [46.0] [cxt 0] Extracting header 'sctp_data_chunk'
[15:48:10.408] [bmv2] [D] [thread 358] [46.0] [cxt 0] Parser state 'parse_sctp_data_chunk' has no switch, going to default next state
[15:48:10.408] [bmv2] [T] [thread 358] [46.0] [cxt 0] Bytes parsed: 62
[15:48:10.408] [bmv2] [D] [thread 358] [46.0] [cxt 0] Parser 'parser': end
[15:48:10.408] [bmv2] [D] [thread 358] [46.0] [cxt 0] Pipeline 'ingress': start
[15:48:10.408] [bmv2] [T] [thread 358] [46.0] [cxt 0] Applying table 'tbl_intgtpdestination311'
[15:48:10.408] [bmv2] [D] [thread 358] [46.0] [cxt 0] Looking up key:

[15:48:10.408] [bmv2] [D] [thread 358] [46.0] [cxt 0] Table 'tbl_intgtpdestination311': miss
[15:48:10.408] [bmv2] [D] [thread 358] [46.0] [cxt 0] Action entry is intgtpdestination311 -
[15:48:10.408] [bmv2] [T] [thread 358] [46.0] [cxt 0] Action intgtpdestination311
[15:48:10.408] [bmv2] [T] [thread 358] [46.0] [cxt 0] int-gtp-destination.p4(311) Primitive meta.switch_id = 3
[15:48:10.408] [bmv2] [T] [thread 358] [46.0] [cxt 0] int-gtp-destination.p4(313) Condition "hdr.ethernet.isValid()" (node_3) is true
[15:48:10.408] [bmv2] [T] [thread 358] [46.0] [cxt 0] int-gtp-destination.p4(314) Condition "hdr.int_shim.isValid()" (node_4) is false
[15:48:10.408] [bmv2] [T] [thread 358] [46.0] [cxt 0] int-gtp-destination.p4(339) Condition "hdr.ipv4_inner.isValid()" (node_8) is true
[15:48:10.408] [bmv2] [T] [thread 358] [46.0] [cxt 0] Applying table 'MyIngress.ipv4_lpm'
[15:48:10.408] [bmv2] [D] [thread 358] [46.0] [cxt 0] Looking up key:
* hdr.ipv4_inner.dstAddr: ac120a03

[15:48:10.408] [bmv2] [D] [thread 358] [46.0] [cxt 0] Table 'MyIngress.ipv4_lpm': hit with handle 2
[15:48:10.408] [bmv2] [D] [thread 358] [46.0] [cxt 0] Dumping entry 2
Match key:
* hdr.ipv4_inner.dstAddr: LPM       ac120a03/32
Action entry: MyIngress.forward_action - 2,

[15:48:10.408] [bmv2] [D] [thread 358] [46.0] [cxt 0] Action entry is MyIngress.forward_action - 2,
[15:48:10.408] [bmv2] [T] [thread 358] [46.0] [cxt 0] Action MyIngress.forward_action
[15:48:10.408] [bmv2] [T] [thread 358] [46.0] [cxt 0] int-gtp-destination.p4(283) Primitive standard_metadata.egress_spec = egress_port
[15:48:10.408] [bmv2] [D] [thread 358] [46.0] [cxt 0] Pipeline 'ingress': end
[15:48:10.408] [bmv2] [D] [thread 358] [46.0] [cxt 0] Egress port is 2
[15:48:10.408] [bmv2] [D] [thread 361] [46.0] [cxt 0] Pipeline 'egress': start
[15:48:10.408] [bmv2] [T] [thread 361] [46.0] [cxt 0] int-gtp-destination.p4(402) Condition "hdr.int_shim.isValid()" (node_12) is false
[15:48:10.408] [bmv2] [D] [thread 361] [46.0] [cxt 0] Pipeline 'egress': end
[15:48:10.408] [bmv2] [D] [thread 361] [46.0] [cxt 0] Deparser 'deparser': start
[15:48:10.408] [bmv2] [D] [thread 361] [46.0] [cxt 0] Deparsing header 'ethernet'
[15:48:10.408] [bmv2] [D] [thread 361] [46.0] [cxt 0] Deparsing header 'ipv4_inner'
[15:48:10.408] [bmv2] [D] [thread 361] [46.0] [cxt 0] Deparsing header 'sctp'
[15:48:10.408] [bmv2] [D] [thread 361] [46.0] [cxt 0] Deparsing header 'sctp_chunk'
[15:48:10.408] [bmv2] [D] [thread 361] [46.0] [cxt 0] Deparsing header 'sctp_data_chunk'
[15:48:10.408] [bmv2] [D] [thread 361] [46.0] [cxt 0] Deparser 'deparser': end
[15:48:10.408] [bmv2] [D] [thread 363] [46.0] [cxt 0] Transmitting packet of size 294 out of port 2
[15:48:10.431] [bmv2] [D] [thread 358] [47.0] [cxt 0] Processing packet received on port 2
[15:48:10.431] [bmv2] [D] [thread 358] [47.0] [cxt 0] Parser 'parser': start
[15:48:10.431] [bmv2] [D] [thread 358] [47.0] [cxt 0] Parser 'parser' entering state 'start'
[15:48:10.431] [bmv2] [D] [thread 358] [47.0] [cxt 0] Extracting header 'ethernet'
[15:48:10.431] [bmv2] [D] [thread 358] [47.0] [cxt 0] Parser set: setting field 'scalars.metadata.ingress_port' from field 'standard_metadata.ingress_port' (2)
[15:48:10.431] [bmv2] [D] [thread 358] [47.0] [cxt 0] Parser set: setting field 'scalars.metadata.ingress_ts' from expression, new value is 170900051
[15:48:10.431] [bmv2] [D] [thread 358] [47.0] [cxt 0] Parser set: setting field 'scalars.metadata.md_blocks_extracted' to 0
[15:48:10.431] [bmv2] [D] [thread 358] [47.0] [cxt 0] Parser set: setting field 'scalars.metadata.is_int_packet' to 0
[15:48:10.431] [bmv2] [D] [thread 358] [47.0] [cxt 0] Parser state 'start': key is 00fa
[15:48:10.431] [bmv2] [T] [thread 358] [47.0] [cxt 0] Bytes parsed: 14
[15:48:10.431] [bmv2] [D] [thread 358] [47.0] [cxt 0] Parser 'parser' entering state 'parse_int_shim'
[15:48:10.431] [bmv2] [D] [thread 358] [47.0] [cxt 0] Extracting header 'int_shim'
[15:48:10.431] [bmv2] [D] [thread 358] [47.0] [cxt 0] Parser set: setting field 'scalars.metadata.is_int_packet' to 1
[15:48:10.431] [bmv2] [D] [thread 358] [47.0] [cxt 0] Extracting header 'int_header'
[15:48:10.431] [bmv2] [D] [thread 358] [47.0] [cxt 0] Parser set: setting field 'scalars.metadata.md_blocks_extracted' from expression, new value is 251
[15:48:10.431] [bmv2] [D] [thread 358] [47.0] [cxt 0] Extracting header 'int_md[0]'
[15:48:10.431] [bmv2] [D] [thread 358] [47.0] [cxt 0] Extracting header 'int_md[1]'
[15:48:10.431] [bmv2] [D] [thread 358] [47.0] [cxt 0] Parser state 'parse_int_shim': key is 0800
[15:48:10.431] [bmv2] [T] [thread 358] [47.0] [cxt 0] Bytes parsed: 83
[15:48:10.431] [bmv2] [D] [thread 358] [47.0] [cxt 0] Parser 'parser' entering state 'parse_encapsulated_ipv4'
[15:48:10.431] [bmv2] [D] [thread 358] [47.0] [cxt 0] Extracting header 'ipv4_inner'
[15:48:10.431] [bmv2] [D] [thread 358] [47.0] [cxt 0] Parser state 'parse_encapsulated_ipv4': key is 84
[15:48:10.431] [bmv2] [T] [thread 358] [47.0] [cxt 0] Bytes parsed: 103
[15:48:10.431] [bmv2] [D] [thread 358] [47.0] [cxt 0] Parser 'parser' entering state 'parse_encapsulated_sctp_common'
[15:48:10.431] [bmv2] [D] [thread 358] [47.0] [cxt 0] Extracting header 'sctp'
[15:48:10.431] [bmv2] [D] [thread 358] [47.0] [cxt 0] Extracting header 'sctp_chunk'
[15:48:10.431] [bmv2] [D] [thread 358] [47.0] [cxt 0] Parser state 'parse_encapsulated_sctp_common': key is 03
[15:48:10.432] [bmv2] [T] [thread 358] [47.0] [cxt 0] Bytes parsed: 119
[15:48:10.432] [bmv2] [D] [thread 358] [47.0] [cxt 0] Parser 'parser': end
[15:48:10.432] [bmv2] [D] [thread 358] [47.0] [cxt 0] Pipeline 'ingress': start
[15:48:10.432] [bmv2] [T] [thread 358] [47.0] [cxt 0] Applying table 'tbl_intgtpdestination311'
[15:48:10.432] [bmv2] [D] [thread 358] [47.0] [cxt 0] Looking up key:

[15:48:10.432] [bmv2] [D] [thread 358] [47.0] [cxt 0] Table 'tbl_intgtpdestination311': miss
[15:48:10.432] [bmv2] [D] [thread 358] [47.0] [cxt 0] Action entry is intgtpdestination311 -
[15:48:10.432] [bmv2] [T] [thread 358] [47.0] [cxt 0] Action intgtpdestination311
[15:48:10.432] [bmv2] [T] [thread 358] [47.0] [cxt 0] int-gtp-destination.p4(311) Primitive meta.switch_id = 3
[15:48:10.432] [bmv2] [T] [thread 358] [47.0] [cxt 0] int-gtp-destination.p4(313) Condition "hdr.ethernet.isValid()" (node_3) is true
[15:48:10.432] [bmv2] [T] [thread 358] [47.0] [cxt 0] int-gtp-destination.p4(314) Condition "hdr.int_shim.isValid()" (node_4) is true
[15:48:10.432] [bmv2] [T] [thread 358] [47.0] [cxt 0] int-gtp-destination.p4(316) Condition "hdr.int_header.remaining_hop_cnt > 0" (node_5) is true
[15:48:10.432] [bmv2] [T] [thread 358] [47.0] [cxt 0] Applying table 'tbl_intgtpdestination317'
[15:48:10.432] [bmv2] [D] [thread 358] [47.0] [cxt 0] Looking up key:

[15:48:10.432] [bmv2] [D] [thread 358] [47.0] [cxt 0] Table 'tbl_intgtpdestination317': miss
[15:48:10.432] [bmv2] [D] [thread 358] [47.0] [cxt 0] Action entry is intgtpdestination317 -
[15:48:10.432] [bmv2] [T] [thread 358] [47.0] [cxt 0] Action intgtpdestination317
[15:48:10.432] [bmv2] [T] [thread 358] [47.0] [cxt 0] int-gtp-destination.p4(317) Primitive hdr.int_md[2].setValid()
[15:48:10.432] [bmv2] [T] [thread 358] [47.0] [cxt 0] int-gtp-destination.p4(318) Primitive hdr.int_md[2].padding_switch = 0
[15:48:10.432] [bmv2] [T] [thread 358] [47.0] [cxt 0] int-gtp-destination.p4(319) Primitive hdr.int_md[2].switch_id = (bit<16>)meta.switch_id
[15:48:10.432] [bmv2] [T] [thread 358] [47.0] [cxt 0] int-gtp-destination.p4(320) Primitive hdr.int_md[2].ingress_port_id = (bit<16>)meta.ingress_port
[15:48:10.432] [bmv2] [T] [thread 358] [47.0] [cxt 0] int-gtp-destination.p4(321) Primitive hdr.int_md[2].ingress_timestamp = meta.ingress_ts
[15:48:10.432] [bmv2] [T] [thread 358] [47.0] [cxt 0] int-gtp-destination.p4(322) Primitive hdr.int_md[2].egress_port_id = 0
[15:48:10.432] [bmv2] [T] [thread 358] [47.0] [cxt 0] int-gtp-destination.p4(323) Primitive hdr.int_md[2].hop_latency = 0
[15:48:10.432] [bmv2] [T] [thread 358] [47.0] [cxt 0] int-gtp-destination.p4(324) Primitive hdr.int_md[2].egress_timestamp = 0
[15:48:10.432] [bmv2] [T] [thread 358] [47.0] [cxt 0] int-gtp-destination.p4(325) Primitive hdr.int_md[2].queue_occupancy = 0
[15:48:10.432] [bmv2] [T] [thread 358] [47.0] [cxt 0] int-gtp-destination.p4(326) Primitive hdr.int_md[2].congestion_notification = 0
[15:48:10.432] [bmv2] [T] [thread 358] [47.0] [cxt 0] int-gtp-destination.p4(327) Primitive hdr.int_md[2].reserved1 = 0
[15:48:10.432] [bmv2] [T] [thread 358] [47.0] [cxt 0] int-gtp-destination.p4(328) Primitive hdr.int_md[2].reserved2 = 0
[15:48:10.432] [bmv2] [T] [thread 358] [47.0] [cxt 0] int-gtp-destination.p4(330) Primitive hdr.int_header.remaining_hop_cnt = hdr.int_header.remaining_hop_cnt - 1
[15:48:10.432] [bmv2] [T] [thread 358] [47.0] [cxt 0] int-gtp-destination.p4(331) Primitive hdr.int_shim.length = hdr.int_shim.length + 32
[15:48:10.432] [bmv2] [T] [thread 358] [47.0] [cxt 0] Applying table 'MyIngress.int_sink_table'
[15:48:10.432] [bmv2] [D] [thread 358] [47.0] [cxt 0] Looking up key:
* hdr.int_shim.$valid$: 01

[15:48:10.432] [bmv2] [D] [thread 358] [47.0] [cxt 0] Table 'MyIngress.int_sink_table': hit with handle 0
[15:48:10.433] [bmv2] [D] [thread 358] [47.0] [cxt 0] Dumping entry 0
Match key:
* hdr.int_shim.$valid$: EXACT     01
Action entry: MyIngress.int_sink_action -

[15:48:10.433] [bmv2] [D] [thread 358] [47.0] [cxt 0] Action entry is MyIngress.int_sink_action -
[15:48:10.433] [bmv2] [T] [thread 358] [47.0] [cxt 0] Action MyIngress.int_sink_action
[15:48:10.433] [bmv2] [T] [thread 358] [47.0] [cxt 0] int-gtp-destination.p4(278) Primitive meta.clone_port = 9
[15:48:10.433] [bmv2] [T] [thread 358] [47.0] [cxt 0] int-gtp-destination.p4(279) Primitive clone_preserving_field_list(CloneType.I2E, 99, 99)
[15:48:10.433] [bmv2] [T] [thread 358] [47.0] [cxt 0] int-gtp-destination.p4(339) Condition "hdr.ipv4_inner.isValid()" (node_8) is true
[15:48:10.433] [bmv2] [T] [thread 358] [47.0] [cxt 0] Applying table 'MyIngress.ipv4_lpm'
[15:48:10.433] [bmv2] [D] [thread 358] [47.0] [cxt 0] Looking up key:
* hdr.ipv4_inner.dstAddr: ac120014

[15:48:10.433] [bmv2] [D] [thread 358] [47.0] [cxt 0] Table 'MyIngress.ipv4_lpm': hit with handle 0
[15:48:10.433] [bmv2] [D] [thread 358] [47.0] [cxt 0] Dumping entry 0
Match key:
* hdr.ipv4_inner.dstAddr: LPM       ac120014/32
Action entry: MyIngress.forward_action - 1,

[15:48:10.433] [bmv2] [D] [thread 358] [47.0] [cxt 0] Action entry is MyIngress.forward_action - 1,
[15:48:10.433] [bmv2] [T] [thread 358] [47.0] [cxt 0] Action MyIngress.forward_action
[15:48:10.433] [bmv2] [T] [thread 358] [47.0] [cxt 0] int-gtp-destination.p4(283) Primitive standard_metadata.egress_spec = egress_port
[15:48:10.433] [bmv2] [D] [thread 358] [47.0] [cxt 0] Pipeline 'ingress': end
[15:48:10.433] [bmv2] [D] [thread 358] [47.0] [cxt 0] Cloning packet at ingress
[15:48:10.433] [bmv2] [D] [thread 358] [47.1] [cxt 0] Parser 'parser': start
[15:48:10.433] [bmv2] [D] [thread 358] [47.1] [cxt 0] Parser 'parser' entering state 'start'
[15:48:10.433] [bmv2] [D] [thread 358] [47.1] [cxt 0] Extracting header 'ethernet'
[15:48:10.433] [bmv2] [D] [thread 358] [47.1] [cxt 0] Parser set: setting field 'scalars.metadata.ingress_port' from field 'standard_metadata.ingress_port' (2)
[15:48:10.433] [bmv2] [D] [thread 358] [47.1] [cxt 0] Parser set: setting field 'scalars.metadata.ingress_ts' from expression, new value is 0
[15:48:10.433] [bmv2] [D] [thread 358] [47.1] [cxt 0] Parser set: setting field 'scalars.metadata.md_blocks_extracted' to 0
[15:48:10.433] [bmv2] [D] [thread 358] [47.1] [cxt 0] Parser set: setting field 'scalars.metadata.is_int_packet' to 0
[15:48:10.433] [bmv2] [D] [thread 358] [47.1] [cxt 0] Parser state 'start': key is 00fa
[15:48:10.433] [bmv2] [T] [thread 358] [47.1] [cxt 0] Bytes parsed: 14
[15:48:10.433] [bmv2] [D] [thread 358] [47.1] [cxt 0] Parser 'parser' entering state 'parse_int_shim'
[15:48:10.433] [bmv2] [D] [thread 358] [47.1] [cxt 0] Extracting header 'int_shim'
[15:48:10.433] [bmv2] [D] [thread 358] [47.1] [cxt 0] Parser set: setting field 'scalars.metadata.is_int_packet' to 1
[15:48:10.433] [bmv2] [D] [thread 358] [47.1] [cxt 0] Extracting header 'int_header'
[15:48:10.433] [bmv2] [D] [thread 358] [47.1] [cxt 0] Parser set: setting field 'scalars.metadata.md_blocks_extracted' from expression, new value is 251
[15:48:10.433] [bmv2] [D] [thread 358] [47.1] [cxt 0] Extracting header 'int_md[0]'
[15:48:10.433] [bmv2] [D] [thread 358] [47.1] [cxt 0] Extracting header 'int_md[1]'
[15:48:10.433] [bmv2] [D] [thread 358] [47.1] [cxt 0] Parser state 'parse_int_shim': key is 0800
[15:48:10.433] [bmv2] [T] [thread 358] [47.1] [cxt 0] Bytes parsed: 83
[15:48:10.433] [bmv2] [D] [thread 358] [47.1] [cxt 0] Parser 'parser' entering state 'parse_encapsulated_ipv4'
[15:48:10.433] [bmv2] [D] [thread 358] [47.1] [cxt 0] Extracting header 'ipv4_inner'
[15:48:10.433] [bmv2] [D] [thread 358] [47.1] [cxt 0] Parser state 'parse_encapsulated_ipv4': key is 84
[15:48:10.433] [bmv2] [T] [thread 358] [47.1] [cxt 0] Bytes parsed: 103
[15:48:10.433] [bmv2] [D] [thread 358] [47.1] [cxt 0] Parser 'parser' entering state 'parse_encapsulated_sctp_common'
[15:48:10.433] [bmv2] [D] [thread 358] [47.1] [cxt 0] Extracting header 'sctp'
[15:48:10.433] [bmv2] [D] [thread 358] [47.1] [cxt 0] Extracting header 'sctp_chunk'
[15:48:10.433] [bmv2] [D] [thread 358] [47.1] [cxt 0] Parser state 'parse_encapsulated_sctp_common': key is 03
[15:48:10.433] [bmv2] [T] [thread 358] [47.1] [cxt 0] Bytes parsed: 119
[15:48:10.433] [bmv2] [D] [thread 358] [47.1] [cxt 0] Parser 'parser': end
[15:48:10.433] [bmv2] [D] [thread 358] [47.0] [cxt 0] Cloning packet to egress port 9
[15:48:10.433] [bmv2] [D] [thread 360] [47.1] [cxt 0] Pipeline 'egress': start
[15:48:10.433] [bmv2] [T] [thread 360] [47.1] [cxt 0] int-gtp-destination.p4(402) Condition "hdr.int_shim.isValid()" (node_12) is true
[15:48:10.433] [bmv2] [T] [thread 360] [47.1] [cxt 0] Applying table 'tbl_update_int_metadata'
[15:48:10.433] [bmv2] [D] [thread 360] [47.1] [cxt 0] Looking up key:

[15:48:10.433] [bmv2] [D] [thread 360] [47.1] [cxt 0] Table 'tbl_update_int_metadata': miss
[15:48:10.433] [bmv2] [D] [thread 360] [47.1] [cxt 0] Action entry is MyEgress.update_int_metadata -
[15:48:10.433] [bmv2] [T] [thread 360] [47.1] [cxt 0] Action MyEgress.update_int_metadata
[15:48:10.433] [bmv2] [T] [thread 360] [47.1] [cxt 0] int-gtp-destination.p4(352) Primitive if
[15:48:10.433] [bmv2] [T] [thread 360] [47.1] [cxt 0] int-gtp-destination.p4(353) Primitive hdr.int_md[2].setValid()
[15:48:10.433] [bmv2] [T] [thread 360] [47.1] [cxt 0] int-gtp-destination.p4(354) Primitive hdr.int_md[2].padding_switch = 0
[15:48:10.433] [bmv2] [T] [thread 360] [47.1] [cxt 0] int-gtp-destination.p4(355) Primitive hdr.int_md[2].switch_id = (bit<16>)meta.switch_id
[15:48:10.433] [bmv2] [T] [thread 360] [47.1] [cxt 0] int-gtp-destination.p4(356) Primitive hdr.int_md[2].ingress_port_id = (bit<16>)meta.ingress_port
[15:48:10.433] [bmv2] [T] [thread 360] [47.1] [cxt 0] int-gtp-destination.p4(357) Primitive hdr.int_md[2].ingress_timestamp = meta.ingress_ts
[15:48:10.433] [bmv2] [T] [thread 360] [47.1] [cxt 0] int-gtp-destination.p4(362) Primitive hdr.int_md[2].congestion_notification = 0
[15:48:10.433] [bmv2] [T] [thread 360] [47.1] [cxt 0] int-gtp-destination.p4(363) Primitive hdr.int_md[2].reserved1 = 0
[15:48:10.433] [bmv2] [T] [thread 360] [47.1] [cxt 0] int-gtp-destination.p4(364) Primitive hdr.int_md[2].reserved2 = 0
[15:48:10.433] [bmv2] [T] [thread 360] [47.1] [cxt 0] int-gtp-destination.p4(368) Primitive hdr.int_md[2].egress_port_id = (bit<16>)standard_metadata.egress_port
[15:48:10.433] [bmv2] [T] [thread 360] [47.1] [cxt 0] int-gtp-destination.p4(369) Primitive hdr.int_md[2].egress_timestamp = (bit<32>)standard_metadata.egress_global_timestamp
[15:48:10.434] [bmv2] [T] [thread 360] [47.1] [cxt 0] int-gtp-destination.p4(370) Primitive hdr.int_md[2].hop_latency = hdr.int_md[2].egress_timestamp - hdr.int_md[2].ingress_timestamp
[15:48:10.434] [bmv2] [T] [thread 360] [47.1] [cxt 0] int-gtp-destination.p4(371) Primitive hdr.int_md[2].queue_occupancy = (bit<32>)standard_metadata.enq_qdepth
[15:48:10.434] [bmv2] [T] [thread 360] [47.1] [cxt 0] int-gtp-destination.p4(408) Condition "standard_metadata.instance_type == 1 || standard_metadata.egress_port == 9" (node_14) is true
[15:48:10.434] [bmv2] [D] [thread 360] [47.1] [cxt 0] Pipeline 'egress': end
[15:48:10.434] [bmv2] [D] [thread 360] [47.1] [cxt 0] Deparser 'deparser': start
[15:48:10.434] [bmv2] [D] [thread 360] [47.1] [cxt 0] Deparsing header 'ethernet'
[15:48:10.434] [bmv2] [D] [thread 360] [47.1] [cxt 0] Deparsing header 'int_shim'
[15:48:10.434] [bmv2] [D] [thread 360] [47.1] [cxt 0] Deparsing header 'int_header'
[15:48:10.434] [bmv2] [D] [thread 360] [47.1] [cxt 0] Deparsing header 'int_md[0]'
[15:48:10.434] [bmv2] [D] [thread 360] [47.1] [cxt 0] Deparsing header 'int_md[1]'
[15:48:10.434] [bmv2] [D] [thread 360] [47.1] [cxt 0] Deparsing header 'int_md[2]'
[15:48:10.434] [bmv2] [D] [thread 360] [47.1] [cxt 0] Deparsing header 'ipv4_inner'
[15:48:10.434] [bmv2] [D] [thread 360] [47.1] [cxt 0] Deparsing header 'sctp'
[15:48:10.434] [bmv2] [D] [thread 360] [47.1] [cxt 0] Deparsing header 'sctp_chunk'
[15:48:10.434] [bmv2] [D] [thread 360] [47.1] [cxt 0] Deparser 'deparser': end
[15:48:10.434] [bmv2] [D] [thread 358] [47.0] [cxt 0] Egress port is 1
[15:48:10.434] [bmv2] [D] [thread 360] [47.0] [cxt 0] Pipeline 'egress': start
[15:48:10.434] [bmv2] [T] [thread 360] [47.0] [cxt 0] int-gtp-destination.p4(402) Condition "hdr.int_shim.isValid()" (node_12) is true
[15:48:10.434] [bmv2] [T] [thread 360] [47.0] [cxt 0] Applying table 'tbl_update_int_metadata'
[15:48:10.434] [bmv2] [D] [thread 360] [47.0] [cxt 0] Looking up key:

[15:48:10.434] [bmv2] [D] [thread 360] [47.0] [cxt 0] Table 'tbl_update_int_metadata': miss
[15:48:10.434] [bmv2] [D] [thread 360] [47.0] [cxt 0] Action entry is MyEgress.update_int_metadata -
[15:48:10.434] [bmv2] [T] [thread 360] [47.0] [cxt 0] Action MyEgress.update_int_metadata
[15:48:10.434] [bmv2] [T] [thread 360] [47.0] [cxt 0] int-gtp-destination.p4(352) Primitive if
[15:48:10.435] [bmv2] [T] [thread 360] [47.0] [cxt 0] int-gtp-destination.p4(352) Primitive if
[15:48:10.435] [bmv2] [T] [thread 360] [47.0] [cxt 0] int-gtp-destination.p4(368) Primitive hdr.int_md[2].egress_port_id = (bit<16>)standard_metadata.egress_port
[15:48:10.435] [bmv2] [D] [thread 363] [47.1] [cxt 0] Transmitting packet of size 243 out of port 9
[15:48:10.435] [bmv2] [T] [thread 360] [47.0] [cxt 0] int-gtp-destination.p4(369) Primitive hdr.int_md[2].egress_timestamp = (bit<32>)standard_metadata.egress_global_timestamp
[15:48:10.435] [bmv2] [T] [thread 360] [47.0] [cxt 0] int-gtp-destination.p4(370) Primitive hdr.int_md[2].hop_latency = hdr.int_md[2].egress_timestamp - hdr.int_md[2].ingress_timestamp
[15:48:10.435] [bmv2] [T] [thread 360] [47.0] [cxt 0] int-gtp-destination.p4(371) Primitive hdr.int_md[2].queue_occupancy = (bit<32>)standard_metadata.enq_qdepth
[15:48:10.435] [bmv2] [T] [thread 360] [47.0] [cxt 0] int-gtp-destination.p4(408) Condition "standard_metadata.instance_type == 1 || standard_metadata.egress_port == 9" (node_14) is false
[15:48:10.435] [bmv2] [T] [thread 360] [47.0] [cxt 0] Applying table 'MyEgress.egress_control'
[15:48:10.435] [bmv2] [D] [thread 360] [47.0] [cxt 0] Looking up key:
* standard_metadata.egress_port: 0001

[15:48:10.435] [bmv2] [D] [thread 360] [47.0] [cxt 0] Table 'MyEgress.egress_control': hit with handle 0
[15:48:10.435] [bmv2] [D] [thread 360] [47.0] [cxt 0] Dumping entry 0
Match key:
* standard_metadata.egress_port: EXACT     0001
Action entry: MyEgress.strip_int_headers -

[15:48:10.435] [bmv2] [D] [thread 360] [47.0] [cxt 0] Action entry is MyEgress.strip_int_headers -
[15:48:10.435] [bmv2] [T] [thread 360] [47.0] [cxt 0] Action MyEgress.strip_int_headers
[15:48:10.435] [bmv2] [T] [thread 360] [47.0] [cxt 0] int-gtp-destination.p4(375) Primitive hdr.ethernet.etherType = hdr.int_shim.next_proto
[15:48:10.435] [bmv2] [T] [thread 360] [47.0] [cxt 0] int-gtp-destination.p4(376) Primitive hdr.int_shim.setInvalid()
[15:48:10.435] [bmv2] [T] [thread 360] [47.0] [cxt 0] int-gtp-destination.p4(377) Primitive hdr.int_header.setInvalid()
[15:48:10.435] [bmv2] [T] [thread 360] [47.0] [cxt 0] int-gtp-destination.p4(379) Primitive hdr.int_md[0].setInvalid()
[15:48:10.435] [bmv2] [T] [thread 360] [47.0] [cxt 0] int-gtp-destination.p4(380) Primitive hdr.int_md[1].setInvalid()
[15:48:10.435] [bmv2] [T] [thread 360] [47.0] [cxt 0] int-gtp-destination.p4(381) Primitive hdr.int_md[2].setInvalid()
[15:48:10.435] [bmv2] [T] [thread 360] [47.0] [cxt 0] int-gtp-destination.p4(382) Primitive hdr.int_md[3].setInvalid()
[15:48:10.435] [bmv2] [T] [thread 360] [47.0] [cxt 0] int-gtp-destination.p4(383) Primitive hdr.int_md[4].setInvalid()
[15:48:10.435] [bmv2] [T] [thread 360] [47.0] [cxt 0] int-gtp-destination.p4(384) Primitive hdr.int_md[5].setInvalid()
[15:48:10.435] [bmv2] [T] [thread 360] [47.0] [cxt 0] int-gtp-destination.p4(385) Primitive hdr.int_md[6].setInvalid()
[15:48:10.435] [bmv2] [T] [thread 360] [47.0] [cxt 0] int-gtp-destination.p4(386) Primitive hdr.int_md[7].setInvalid()
[15:48:10.435] [bmv2] [D] [thread 360] [47.0] [cxt 0] Pipeline 'egress': end
[15:48:10.435] [bmv2] [D] [thread 360] [47.0] [cxt 0] Deparser 'deparser': start
[15:48:10.435] [bmv2] [D] [thread 360] [47.0] [cxt 0] Deparsing header 'ethernet'
[15:48:10.435] [bmv2] [D] [thread 360] [47.0] [cxt 0] Deparsing header 'ipv4_inner'
[15:48:10.435] [bmv2] [D] [thread 360] [47.0] [cxt 0] Deparsing header 'sctp'
[15:48:10.435] [bmv2] [D] [thread 360] [47.0] [cxt 0] Deparsing header 'sctp_chunk'
[15:48:10.435] [bmv2] [D] [thread 360] [47.0] [cxt 0] Deparser 'deparser': end
[15:48:10.436] [bmv2] [D] [thread 363] [47.0] [cxt 0] Transmitting packet of size 146 out of port 1
[15:48:10.657] [bmv2] [D] [thread 358] [48.0] [cxt 0] Processing packet received on port 1
[15:48:10.657] [bmv2] [D] [thread 358] [48.0] [cxt 0] Parser 'parser': start
[15:48:10.657] [bmv2] [D] [thread 358] [48.0] [cxt 0] Parser 'parser' entering state 'start'
[15:48:10.657] [bmv2] [D] [thread 358] [48.0] [cxt 0] Extracting header 'ethernet'
[15:48:10.657] [bmv2] [D] [thread 358] [48.0] [cxt 0] Parser set: setting field 'scalars.metadata.ingress_port' from field 'standard_metadata.ingress_port' (1)
[15:48:10.657] [bmv2] [D] [thread 358] [48.0] [cxt 0] Parser set: setting field 'scalars.metadata.ingress_ts' from expression, new value is 171125978
[15:48:10.657] [bmv2] [D] [thread 358] [48.0] [cxt 0] Parser set: setting field 'scalars.metadata.md_blocks_extracted' to 0
[15:48:10.657] [bmv2] [D] [thread 358] [48.0] [cxt 0] Parser set: setting field 'scalars.metadata.is_int_packet' to 0
[15:48:10.657] [bmv2] [D] [thread 358] [48.0] [cxt 0] Parser state 'start': key is 0800
[15:48:10.657] [bmv2] [T] [thread 358] [48.0] [cxt 0] Bytes parsed: 14
[15:48:10.657] [bmv2] [D] [thread 358] [48.0] [cxt 0] Parser 'parser' entering state 'parse_ipv4'
[15:48:10.657] [bmv2] [D] [thread 358] [48.0] [cxt 0] Extracting header 'ipv4_inner'
[15:48:10.657] [bmv2] [D] [thread 358] [48.0] [cxt 0] Parser state 'parse_ipv4': key is 84
[15:48:10.657] [bmv2] [T] [thread 358] [48.0] [cxt 0] Bytes parsed: 34
[15:48:10.657] [bmv2] [D] [thread 358] [48.0] [cxt 0] Parser 'parser' entering state 'parse_sctp_common'
[15:48:10.657] [bmv2] [D] [thread 358] [48.0] [cxt 0] Extracting header 'sctp'
[15:48:10.657] [bmv2] [D] [thread 358] [48.0] [cxt 0] Extracting header 'sctp_chunk'
[15:48:10.657] [bmv2] [D] [thread 358] [48.0] [cxt 0] Parser state 'parse_sctp_common': key is 03
[15:48:10.657] [bmv2] [T] [thread 358] [48.0] [cxt 0] Bytes parsed: 50
[15:48:10.657] [bmv2] [D] [thread 358] [48.0] [cxt 0] Parser 'parser': end
[15:48:10.657] [bmv2] [D] [thread 358] [48.0] [cxt 0] Pipeline 'ingress': start
[15:48:10.657] [bmv2] [T] [thread 358] [48.0] [cxt 0] Applying table 'tbl_intgtpdestination311'
[15:48:10.657] [bmv2] [D] [thread 358] [48.0] [cxt 0] Looking up key:

[15:48:10.657] [bmv2] [D] [thread 358] [48.0] [cxt 0] Table 'tbl_intgtpdestination311': miss
[15:48:10.657] [bmv2] [D] [thread 358] [48.0] [cxt 0] Action entry is intgtpdestination311 -
[15:48:10.657] [bmv2] [T] [thread 358] [48.0] [cxt 0] Action intgtpdestination311
[15:48:10.657] [bmv2] [T] [thread 358] [48.0] [cxt 0] int-gtp-destination.p4(311) Primitive meta.switch_id = 3
[15:48:10.657] [bmv2] [T] [thread 358] [48.0] [cxt 0] int-gtp-destination.p4(313) Condition "hdr.ethernet.isValid()" (node_3) is true
[15:48:10.657] [bmv2] [T] [thread 358] [48.0] [cxt 0] int-gtp-destination.p4(314) Condition "hdr.int_shim.isValid()" (node_4) is false
[15:48:10.657] [bmv2] [T] [thread 358] [48.0] [cxt 0] int-gtp-destination.p4(339) Condition "hdr.ipv4_inner.isValid()" (node_8) is true
[15:48:10.657] [bmv2] [T] [thread 358] [48.0] [cxt 0] Applying table 'MyIngress.ipv4_lpm'
[15:48:10.657] [bmv2] [D] [thread 358] [48.0] [cxt 0] Looking up key:
* hdr.ipv4_inner.dstAddr: ac120a03

[15:48:10.657] [bmv2] [D] [thread 358] [48.0] [cxt 0] Table 'MyIngress.ipv4_lpm': hit with handle 2
[15:48:10.657] [bmv2] [D] [thread 358] [48.0] [cxt 0] Dumping entry 2
Match key:
* hdr.ipv4_inner.dstAddr: LPM       ac120a03/32
Action entry: MyIngress.forward_action - 2,

[15:48:10.657] [bmv2] [D] [thread 358] [48.0] [cxt 0] Action entry is MyIngress.forward_action - 2,
[15:48:10.658] [bmv2] [T] [thread 358] [48.0] [cxt 0] Action MyIngress.forward_action
[15:48:10.658] [bmv2] [T] [thread 358] [48.0] [cxt 0] int-gtp-destination.p4(283) Primitive standard_metadata.egress_spec = egress_port
[15:48:10.658] [bmv2] [D] [thread 358] [48.0] [cxt 0] Pipeline 'ingress': end
[15:48:10.658] [bmv2] [D] [thread 358] [48.0] [cxt 0] Egress port is 2
[15:48:10.658] [bmv2] [D] [thread 361] [48.0] [cxt 0] Pipeline 'egress': start
[15:48:10.658] [bmv2] [T] [thread 361] [48.0] [cxt 0] int-gtp-destination.p4(402) Condition "hdr.int_shim.isValid()" (node_12) is false
[15:48:10.658] [bmv2] [D] [thread 361] [48.0] [cxt 0] Pipeline 'egress': end
[15:48:10.658] [bmv2] [D] [thread 361] [48.0] [cxt 0] Deparser 'deparser': start
[15:48:10.658] [bmv2] [D] [thread 361] [48.0] [cxt 0] Deparsing header 'ethernet'
[15:48:10.658] [bmv2] [D] [thread 361] [48.0] [cxt 0] Deparsing header 'ipv4_inner'
[15:48:10.658] [bmv2] [D] [thread 361] [48.0] [cxt 0] Deparsing header 'sctp'
[15:48:10.658] [bmv2] [D] [thread 361] [48.0] [cxt 0] Deparsing header 'sctp_chunk'
[15:48:10.658] [bmv2] [D] [thread 361] [48.0] [cxt 0] Deparser 'deparser': end
[15:48:10.658] [bmv2] [D] [thread 363] [48.0] [cxt 0] Transmitting packet of size 62 out of port 2
[15:48:11.283] [bmv2] [D] [thread 358] [49.0] [cxt 0] Processing packet received on port 1
[15:48:11.283] [bmv2] [D] [thread 358] [49.0] [cxt 0] Parser 'parser': start
[15:48:11.283] [bmv2] [D] [thread 358] [49.0] [cxt 0] Parser 'parser' entering state 'start'
[15:48:11.283] [bmv2] [D] [thread 358] [49.0] [cxt 0] Extracting header 'ethernet'
[15:48:11.283] [bmv2] [D] [thread 358] [49.0] [cxt 0] Parser set: setting field 'scalars.metadata.ingress_port' from field 'standard_metadata.ingress_port' (1)
[15:48:11.283] [bmv2] [D] [thread 358] [49.0] [cxt 0] Parser set: setting field 'scalars.metadata.ingress_ts' from expression, new value is 171751736
[15:48:11.283] [bmv2] [D] [thread 358] [49.0] [cxt 0] Parser set: setting field 'scalars.metadata.md_blocks_extracted' to 0
[15:48:11.283] [bmv2] [D] [thread 358] [49.0] [cxt 0] Parser set: setting field 'scalars.metadata.is_int_packet' to 0
[15:48:11.283] [bmv2] [D] [thread 358] [49.0] [cxt 0] Parser state 'start': key is 9000
[15:48:11.283] [bmv2] [T] [thread 358] [49.0] [cxt 0] Bytes parsed: 14
[15:48:11.283] [bmv2] [D] [thread 358] [49.0] [cxt 0] Parser 'parser': end
[15:48:11.283] [bmv2] [D] [thread 358] [49.0] [cxt 0] Pipeline 'ingress': start
[15:48:11.283] [bmv2] [T] [thread 358] [49.0] [cxt 0] Applying table 'tbl_intgtpdestination311'
[15:48:11.283] [bmv2] [D] [thread 358] [49.0] [cxt 0] Looking up key:

[15:48:11.283] [bmv2] [D] [thread 358] [49.0] [cxt 0] Table 'tbl_intgtpdestination311': miss
[15:48:11.283] [bmv2] [D] [thread 358] [49.0] [cxt 0] Action entry is intgtpdestination311 -
[15:48:11.283] [bmv2] [T] [thread 358] [49.0] [cxt 0] Action intgtpdestination311
[15:48:11.283] [bmv2] [T] [thread 358] [49.0] [cxt 0] int-gtp-destination.p4(311) Primitive meta.switch_id = 3
[15:48:11.283] [bmv2] [T] [thread 358] [49.0] [cxt 0] int-gtp-destination.p4(313) Condition "hdr.ethernet.isValid()" (node_3) is true
[15:48:11.283] [bmv2] [T] [thread 358] [49.0] [cxt 0] int-gtp-destination.p4(314) Condition "hdr.int_shim.isValid()" (node_4) is false
[15:48:11.283] [bmv2] [T] [thread 358] [49.0] [cxt 0] int-gtp-destination.p4(339) Condition "hdr.ipv4_inner.isValid()" (node_8) is false
[15:48:11.283] [bmv2] [D] [thread 358] [49.0] [cxt 0] Pipeline 'ingress': end
[15:48:11.283] [bmv2] [D] [thread 358] [49.0] [cxt 0] Egress port is 0
[15:48:11.283] [bmv2] [D] [thread 359] [49.0] [cxt 0] Pipeline 'egress': start
[15:48:11.283] [bmv2] [T] [thread 359] [49.0] [cxt 0] int-gtp-destination.p4(402) Condition "hdr.int_shim.isValid()" (node_12) is false
[15:48:11.283] [bmv2] [D] [thread 359] [49.0] [cxt 0] Pipeline 'egress': end
[15:48:11.283] [bmv2] [D] [thread 359] [49.0] [cxt 0] Deparser 'deparser': start
[15:48:11.283] [bmv2] [D] [thread 359] [49.0] [cxt 0] Deparsing header 'ethernet'
[15:48:11.283] [bmv2] [D] [thread 359] [49.0] [cxt 0] Deparser 'deparser': end
[15:48:11.284] [bmv2] [D] [thread 363] [49.0] [cxt 0] Transmitting packet of size 60 out of port 0
[15:48:21.282] [bmv2] [D] [thread 358] [50.0] [cxt 0] Processing packet received on port 1
[15:48:21.282] [bmv2] [D] [thread 358] [50.0] [cxt 0] Parser 'parser': start
[15:48:21.282] [bmv2] [D] [thread 358] [50.0] [cxt 0] Parser 'parser' entering state 'start'
[15:48:21.282] [bmv2] [D] [thread 358] [50.0] [cxt 0] Extracting header 'ethernet'
[15:48:21.282] [bmv2] [D] [thread 358] [50.0] [cxt 0] Parser set: setting field 'scalars.metadata.ingress_port' from field 'standard_metadata.ingress_port' (1)
[15:48:21.282] [bmv2] [D] [thread 358] [50.0] [cxt 0] Parser set: setting field 'scalars.metadata.ingress_ts' from expression, new value is 181751255
[15:48:21.282] [bmv2] [D] [thread 358] [50.0] [cxt 0] Parser set: setting field 'scalars.metadata.md_blocks_extracted' to 0
[15:48:21.282] [bmv2] [D] [thread 358] [50.0] [cxt 0] Parser set: setting field 'scalars.metadata.is_int_packet' to 0
[15:48:21.282] [bmv2] [D] [thread 358] [50.0] [cxt 0] Parser state 'start': key is 9000
[15:48:21.282] [bmv2] [T] [thread 358] [50.0] [cxt 0] Bytes parsed: 14
[15:48:21.282] [bmv2] [D] [thread 358] [50.0] [cxt 0] Parser 'parser': end
[15:48:21.282] [bmv2] [D] [thread 358] [50.0] [cxt 0] Pipeline 'ingress': start
[15:48:21.282] [bmv2] [T] [thread 358] [50.0] [cxt 0] Applying table 'tbl_intgtpdestination311'
[15:48:21.282] [bmv2] [D] [thread 358] [50.0] [cxt 0] Looking up key:

[15:48:21.282] [bmv2] [D] [thread 358] [50.0] [cxt 0] Table 'tbl_intgtpdestination311': miss
[15:48:21.282] [bmv2] [D] [thread 358] [50.0] [cxt 0] Action entry is intgtpdestination311 -
[15:48:21.282] [bmv2] [T] [thread 358] [50.0] [cxt 0] Action intgtpdestination311
[15:48:21.282] [bmv2] [T] [thread 358] [50.0] [cxt 0] int-gtp-destination.p4(311) Primitive meta.switch_id = 3
[15:48:21.282] [bmv2] [T] [thread 358] [50.0] [cxt 0] int-gtp-destination.p4(313) Condition "hdr.ethernet.isValid()" (node_3) is true
[15:48:21.282] [bmv2] [T] [thread 358] [50.0] [cxt 0] int-gtp-destination.p4(314) Condition "hdr.int_shim.isValid()" (node_4) is false
[15:48:21.282] [bmv2] [T] [thread 358] [50.0] [cxt 0] int-gtp-destination.p4(339) Condition "hdr.ipv4_inner.isValid()" (node_8) is false
[15:48:21.283] [bmv2] [D] [thread 358] [50.0] [cxt 0] Pipeline 'ingress': end
[15:48:21.283] [bmv2] [D] [thread 358] [50.0] [cxt 0] Egress port is 0
[15:48:21.283] [bmv2] [D] [thread 359] [50.0] [cxt 0] Pipeline 'egress': start
[15:48:21.283] [bmv2] [T] [thread 359] [50.0] [cxt 0] int-gtp-destination.p4(402) Condition "hdr.int_shim.isValid()" (node_12) is false
[15:48:21.283] [bmv2] [D] [thread 359] [50.0] [cxt 0] Pipeline 'egress': end
[15:48:21.283] [bmv2] [D] [thread 359] [50.0] [cxt 0] Deparser 'deparser': start
[15:48:21.283] [bmv2] [D] [thread 359] [50.0] [cxt 0] Deparsing header 'ethernet'
[15:48:21.283] [bmv2] [D] [thread 359] [50.0] [cxt 0] Deparser 'deparser': end
[15:48:21.283] [bmv2] [D] [thread 363] [50.0] [cxt 0] Transmitting packet of size 60 out of port 0
[15:48:25.063] [bmv2] [D] [thread 358] [51.0] [cxt 0] Processing packet received on port 2
[15:48:25.064] [bmv2] [D] [thread 358] [51.0] [cxt 0] Parser 'parser': start
[15:48:25.064] [bmv2] [D] [thread 358] [51.0] [cxt 0] Parser 'parser' entering state 'start'
[15:48:25.064] [bmv2] [D] [thread 358] [51.0] [cxt 0] Extracting header 'ethernet'
[15:48:25.064] [bmv2] [D] [thread 358] [51.0] [cxt 0] Parser set: setting field 'scalars.metadata.ingress_port' from field 'standard_metadata.ingress_port' (2)
[15:48:25.064] [bmv2] [D] [thread 358] [51.0] [cxt 0] Parser set: setting field 'scalars.metadata.ingress_ts' from expression, new value is 185532475
[15:48:25.064] [bmv2] [D] [thread 358] [51.0] [cxt 0] Parser set: setting field 'scalars.metadata.md_blocks_extracted' to 0
[15:48:25.064] [bmv2] [D] [thread 358] [51.0] [cxt 0] Parser set: setting field 'scalars.metadata.is_int_packet' to 0
[15:48:25.064] [bmv2] [D] [thread 358] [51.0] [cxt 0] Parser state 'start': key is 00fa
[15:48:25.064] [bmv2] [T] [thread 358] [51.0] [cxt 0] Bytes parsed: 14
[15:48:25.064] [bmv2] [D] [thread 358] [51.0] [cxt 0] Parser 'parser' entering state 'parse_int_shim'
[15:48:25.064] [bmv2] [D] [thread 358] [51.0] [cxt 0] Extracting header 'int_shim'
[15:48:25.064] [bmv2] [D] [thread 358] [51.0] [cxt 0] Parser set: setting field 'scalars.metadata.is_int_packet' to 1
[15:48:25.064] [bmv2] [D] [thread 358] [51.0] [cxt 0] Extracting header 'int_header'
[15:48:25.064] [bmv2] [D] [thread 358] [51.0] [cxt 0] Parser set: setting field 'scalars.metadata.md_blocks_extracted' from expression, new value is 251
[15:48:25.064] [bmv2] [D] [thread 358] [51.0] [cxt 0] Extracting header 'int_md[0]'
[15:48:25.064] [bmv2] [D] [thread 358] [51.0] [cxt 0] Extracting header 'int_md[1]'
[15:48:25.064] [bmv2] [D] [thread 358] [51.0] [cxt 0] Parser state 'parse_int_shim': key is 0800
[15:48:25.064] [bmv2] [T] [thread 358] [51.0] [cxt 0] Bytes parsed: 83
[15:48:25.064] [bmv2] [D] [thread 358] [51.0] [cxt 0] Parser 'parser' entering state 'parse_encapsulated_ipv4'
[15:48:25.064] [bmv2] [D] [thread 358] [51.0] [cxt 0] Extracting header 'ipv4_inner'
[15:48:25.064] [bmv2] [D] [thread 358] [51.0] [cxt 0] Parser state 'parse_encapsulated_ipv4': key is 11
[15:48:25.064] [bmv2] [T] [thread 358] [51.0] [cxt 0] Bytes parsed: 103
[15:48:25.064] [bmv2] [D] [thread 358] [51.0] [cxt 0] Parser 'parser' entering state 'parse_encapsulated_udp'
[15:48:25.064] [bmv2] [D] [thread 358] [51.0] [cxt 0] Extracting header 'udp'
[15:48:25.064] [bmv2] [D] [thread 358] [51.0] [cxt 0] Parser set: setting field 'scalars.tmp_0' from expression, new value is 1
[15:48:25.064] [bmv2] [D] [thread 358] [51.0] [cxt 0] Parser state 'parse_encapsulated_udp': key is 01
[15:48:25.064] [bmv2] [T] [thread 358] [51.0] [cxt 0] Bytes parsed: 111
[15:48:25.064] [bmv2] [D] [thread 358] [51.0] [cxt 0] Parser 'parser' entering state 'parse_encapsulated_gtp_u'
[15:48:25.064] [bmv2] [D] [thread 358] [51.0] [cxt 0] Extracting header 'gtp_u'
[15:48:25.064] [bmv2] [D] [thread 358] [51.0] [cxt 0] Parser state 'parse_encapsulated_gtp_u' has no switch, going to default next state
[15:48:25.064] [bmv2] [T] [thread 358] [51.0] [cxt 0] Bytes parsed: 119
[15:48:25.064] [bmv2] [D] [thread 358] [51.0] [cxt 0] Parser 'parser': end
[15:48:25.064] [bmv2] [D] [thread 358] [51.0] [cxt 0] Pipeline 'ingress': start
[15:48:25.064] [bmv2] [T] [thread 358] [51.0] [cxt 0] Applying table 'tbl_intgtpdestination311'
[15:48:25.064] [bmv2] [D] [thread 358] [51.0] [cxt 0] Looking up key:

[15:48:25.064] [bmv2] [D] [thread 358] [51.0] [cxt 0] Table 'tbl_intgtpdestination311': miss
[15:48:25.064] [bmv2] [D] [thread 358] [51.0] [cxt 0] Action entry is intgtpdestination311 -
[15:48:25.064] [bmv2] [T] [thread 358] [51.0] [cxt 0] Action intgtpdestination311
[15:48:25.064] [bmv2] [T] [thread 358] [51.0] [cxt 0] int-gtp-destination.p4(311) Primitive meta.switch_id = 3
[15:48:25.064] [bmv2] [T] [thread 358] [51.0] [cxt 0] int-gtp-destination.p4(313) Condition "hdr.ethernet.isValid()" (node_3) is true
[15:48:25.064] [bmv2] [T] [thread 358] [51.0] [cxt 0] int-gtp-destination.p4(314) Condition "hdr.int_shim.isValid()" (node_4) is true
[15:48:25.064] [bmv2] [T] [thread 358] [51.0] [cxt 0] int-gtp-destination.p4(316) Condition "hdr.int_header.remaining_hop_cnt > 0" (node_5) is true
[15:48:25.064] [bmv2] [T] [thread 358] [51.0] [cxt 0] Applying table 'tbl_intgtpdestination317'
[15:48:25.064] [bmv2] [D] [thread 358] [51.0] [cxt 0] Looking up key:

[15:48:25.064] [bmv2] [D] [thread 358] [51.0] [cxt 0] Table 'tbl_intgtpdestination317': miss
[15:48:25.064] [bmv2] [D] [thread 358] [51.0] [cxt 0] Action entry is intgtpdestination317 -
[15:48:25.064] [bmv2] [T] [thread 358] [51.0] [cxt 0] Action intgtpdestination317
[15:48:25.064] [bmv2] [T] [thread 358] [51.0] [cxt 0] int-gtp-destination.p4(317) Primitive hdr.int_md[2].setValid()
[15:48:25.064] [bmv2] [T] [thread 358] [51.0] [cxt 0] int-gtp-destination.p4(318) Primitive hdr.int_md[2].padding_switch = 0
[15:48:25.064] [bmv2] [T] [thread 358] [51.0] [cxt 0] int-gtp-destination.p4(319) Primitive hdr.int_md[2].switch_id = (bit<16>)meta.switch_id
[15:48:25.064] [bmv2] [T] [thread 358] [51.0] [cxt 0] int-gtp-destination.p4(320) Primitive hdr.int_md[2].ingress_port_id = (bit<16>)meta.ingress_port
[15:48:25.064] [bmv2] [T] [thread 358] [51.0] [cxt 0] int-gtp-destination.p4(321) Primitive hdr.int_md[2].ingress_timestamp = meta.ingress_ts
[15:48:25.064] [bmv2] [T] [thread 358] [51.0] [cxt 0] int-gtp-destination.p4(322) Primitive hdr.int_md[2].egress_port_id = 0
[15:48:25.064] [bmv2] [T] [thread 358] [51.0] [cxt 0] int-gtp-destination.p4(323) Primitive hdr.int_md[2].hop_latency = 0
[15:48:25.064] [bmv2] [T] [thread 358] [51.0] [cxt 0] int-gtp-destination.p4(324) Primitive hdr.int_md[2].egress_timestamp = 0
[15:48:25.064] [bmv2] [T] [thread 358] [51.0] [cxt 0] int-gtp-destination.p4(325) Primitive hdr.int_md[2].queue_occupancy = 0
[15:48:25.064] [bmv2] [T] [thread 358] [51.0] [cxt 0] int-gtp-destination.p4(326) Primitive hdr.int_md[2].congestion_notification = 0
[15:48:25.064] [bmv2] [T] [thread 358] [51.0] [cxt 0] int-gtp-destination.p4(327) Primitive hdr.int_md[2].reserved1 = 0
[15:48:25.064] [bmv2] [T] [thread 358] [51.0] [cxt 0] int-gtp-destination.p4(328) Primitive hdr.int_md[2].reserved2 = 0
[15:48:25.064] [bmv2] [T] [thread 358] [51.0] [cxt 0] int-gtp-destination.p4(330) Primitive hdr.int_header.remaining_hop_cnt = hdr.int_header.remaining_hop_cnt - 1
[15:48:25.064] [bmv2] [T] [thread 358] [51.0] [cxt 0] int-gtp-destination.p4(331) Primitive hdr.int_shim.length = hdr.int_shim.length + 32
[15:48:25.064] [bmv2] [T] [thread 358] [51.0] [cxt 0] Applying table 'MyIngress.int_sink_table'
[15:48:25.064] [bmv2] [D] [thread 358] [51.0] [cxt 0] Looking up key:
* hdr.int_shim.$valid$: 01

[15:48:25.064] [bmv2] [D] [thread 358] [51.0] [cxt 0] Table 'MyIngress.int_sink_table': hit with handle 0
[15:48:25.065] [bmv2] [D] [thread 358] [51.0] [cxt 0] Dumping entry 0
Match key:
* hdr.int_shim.$valid$: EXACT     01
Action entry: MyIngress.int_sink_action -

[15:48:25.065] [bmv2] [D] [thread 358] [51.0] [cxt 0] Action entry is MyIngress.int_sink_action -
[15:48:25.065] [bmv2] [T] [thread 358] [51.0] [cxt 0] Action MyIngress.int_sink_action
[15:48:25.065] [bmv2] [T] [thread 358] [51.0] [cxt 0] int-gtp-destination.p4(278) Primitive meta.clone_port = 9
[15:48:25.065] [bmv2] [T] [thread 358] [51.0] [cxt 0] int-gtp-destination.p4(279) Primitive clone_preserving_field_list(CloneType.I2E, 99, 99)
[15:48:25.065] [bmv2] [T] [thread 358] [51.0] [cxt 0] int-gtp-destination.p4(339) Condition "hdr.ipv4_inner.isValid()" (node_8) is true
[15:48:25.065] [bmv2] [T] [thread 358] [51.0] [cxt 0] Applying table 'MyIngress.ipv4_lpm'
[15:48:25.065] [bmv2] [D] [thread 358] [51.0] [cxt 0] Looking up key:
* hdr.ipv4_inner.dstAddr: ac120018

[15:48:25.065] [bmv2] [D] [thread 358] [51.0] [cxt 0] Table 'MyIngress.ipv4_lpm': hit with handle 1
[15:48:25.065] [bmv2] [D] [thread 358] [51.0] [cxt 0] Dumping entry 1
Match key:
* hdr.ipv4_inner.dstAddr: LPM       ac120018/32
Action entry: MyIngress.forward_action - 1,

[15:48:25.065] [bmv2] [D] [thread 358] [51.0] [cxt 0] Action entry is MyIngress.forward_action - 1,
[15:48:25.065] [bmv2] [T] [thread 358] [51.0] [cxt 0] Action MyIngress.forward_action
[15:48:25.065] [bmv2] [T] [thread 358] [51.0] [cxt 0] int-gtp-destination.p4(283) Primitive standard_metadata.egress_spec = egress_port
[15:48:25.065] [bmv2] [D] [thread 358] [51.0] [cxt 0] Pipeline 'ingress': end
[15:48:25.065] [bmv2] [D] [thread 358] [51.0] [cxt 0] Cloning packet at ingress
[15:48:25.065] [bmv2] [D] [thread 358] [51.1] [cxt 0] Parser 'parser': start
[15:48:25.065] [bmv2] [D] [thread 358] [51.1] [cxt 0] Parser 'parser' entering state 'start'
[15:48:25.065] [bmv2] [D] [thread 358] [51.1] [cxt 0] Extracting header 'ethernet'
[15:48:25.065] [bmv2] [D] [thread 358] [51.1] [cxt 0] Parser set: setting field 'scalars.metadata.ingress_port' from field 'standard_metadata.ingress_port' (2)
[15:48:25.065] [bmv2] [D] [thread 358] [51.1] [cxt 0] Parser set: setting field 'scalars.metadata.ingress_ts' from expression, new value is 0
[15:48:25.065] [bmv2] [D] [thread 358] [51.1] [cxt 0] Parser set: setting field 'scalars.metadata.md_blocks_extracted' to 0
[15:48:25.065] [bmv2] [D] [thread 358] [51.1] [cxt 0] Parser set: setting field 'scalars.metadata.is_int_packet' to 0
[15:48:25.065] [bmv2] [D] [thread 358] [51.1] [cxt 0] Parser state 'start': key is 00fa
[15:48:25.065] [bmv2] [T] [thread 358] [51.1] [cxt 0] Bytes parsed: 14
[15:48:25.065] [bmv2] [D] [thread 358] [51.1] [cxt 0] Parser 'parser' entering state 'parse_int_shim'
[15:48:25.065] [bmv2] [D] [thread 358] [51.1] [cxt 0] Extracting header 'int_shim'
[15:48:25.065] [bmv2] [D] [thread 358] [51.1] [cxt 0] Parser set: setting field 'scalars.metadata.is_int_packet' to 1
[15:48:25.065] [bmv2] [D] [thread 358] [51.1] [cxt 0] Extracting header 'int_header'
[15:48:25.065] [bmv2] [D] [thread 358] [51.1] [cxt 0] Parser set: setting field 'scalars.metadata.md_blocks_extracted' from expression, new value is 251
[15:48:25.065] [bmv2] [D] [thread 358] [51.1] [cxt 0] Extracting header 'int_md[0]'
[15:48:25.065] [bmv2] [D] [thread 358] [51.1] [cxt 0] Extracting header 'int_md[1]'
[15:48:25.065] [bmv2] [D] [thread 358] [51.1] [cxt 0] Parser state 'parse_int_shim': key is 0800
[15:48:25.065] [bmv2] [T] [thread 358] [51.1] [cxt 0] Bytes parsed: 83
[15:48:25.065] [bmv2] [D] [thread 358] [51.1] [cxt 0] Parser 'parser' entering state 'parse_encapsulated_ipv4'
[15:48:25.065] [bmv2] [D] [thread 358] [51.1] [cxt 0] Extracting header 'ipv4_inner'
[15:48:25.065] [bmv2] [D] [thread 358] [51.1] [cxt 0] Parser state 'parse_encapsulated_ipv4': key is 11
[15:48:25.065] [bmv2] [T] [thread 358] [51.1] [cxt 0] Bytes parsed: 103
[15:48:25.065] [bmv2] [D] [thread 358] [51.1] [cxt 0] Parser 'parser' entering state 'parse_encapsulated_udp'
[15:48:25.065] [bmv2] [D] [thread 358] [51.1] [cxt 0] Extracting header 'udp'
[15:48:25.065] [bmv2] [D] [thread 358] [51.1] [cxt 0] Parser set: setting field 'scalars.tmp_0' from expression, new value is 1
[15:48:25.065] [bmv2] [D] [thread 358] [51.1] [cxt 0] Parser state 'parse_encapsulated_udp': key is 01
[15:48:25.065] [bmv2] [T] [thread 358] [51.1] [cxt 0] Bytes parsed: 111
[15:48:25.065] [bmv2] [D] [thread 358] [51.1] [cxt 0] Parser 'parser' entering state 'parse_encapsulated_gtp_u'
[15:48:25.065] [bmv2] [D] [thread 358] [51.1] [cxt 0] Extracting header 'gtp_u'
[15:48:25.065] [bmv2] [D] [thread 358] [51.1] [cxt 0] Parser state 'parse_encapsulated_gtp_u' has no switch, going to default next state
[15:48:25.065] [bmv2] [T] [thread 358] [51.1] [cxt 0] Bytes parsed: 119
[15:48:25.065] [bmv2] [D] [thread 358] [51.1] [cxt 0] Parser 'parser': end
[15:48:25.065] [bmv2] [D] [thread 358] [51.0] [cxt 0] Cloning packet to egress port 9
[15:48:25.065] [bmv2] [D] [thread 358] [51.0] [cxt 0] Egress port is 1
[15:48:25.065] [bmv2] [D] [thread 360] [51.1] [cxt 0] Pipeline 'egress': start
[15:48:25.065] [bmv2] [T] [thread 360] [51.1] [cxt 0] int-gtp-destination.p4(402) Condition "hdr.int_shim.isValid()" (node_12) is true
[15:48:25.065] [bmv2] [T] [thread 360] [51.1] [cxt 0] Applying table 'tbl_update_int_metadata'
[15:48:25.065] [bmv2] [D] [thread 360] [51.1] [cxt 0] Looking up key:

[15:48:25.065] [bmv2] [D] [thread 360] [51.1] [cxt 0] Table 'tbl_update_int_metadata': miss
[15:48:25.065] [bmv2] [D] [thread 360] [51.1] [cxt 0] Action entry is MyEgress.update_int_metadata -
[15:48:25.065] [bmv2] [T] [thread 360] [51.1] [cxt 0] Action MyEgress.update_int_metadata
[15:48:25.065] [bmv2] [T] [thread 360] [51.1] [cxt 0] int-gtp-destination.p4(352) Primitive if
[15:48:25.065] [bmv2] [T] [thread 360] [51.1] [cxt 0] int-gtp-destination.p4(353) Primitive hdr.int_md[2].setValid()
[15:48:25.065] [bmv2] [T] [thread 360] [51.1] [cxt 0] int-gtp-destination.p4(354) Primitive hdr.int_md[2].padding_switch = 0
[15:48:25.065] [bmv2] [T] [thread 360] [51.1] [cxt 0] int-gtp-destination.p4(355) Primitive hdr.int_md[2].switch_id = (bit<16>)meta.switch_id
[15:48:25.065] [bmv2] [T] [thread 360] [51.1] [cxt 0] int-gtp-destination.p4(356) Primitive hdr.int_md[2].ingress_port_id = (bit<16>)meta.ingress_port
[15:48:25.065] [bmv2] [T] [thread 360] [51.1] [cxt 0] int-gtp-destination.p4(357) Primitive hdr.int_md[2].ingress_timestamp = meta.ingress_ts
[15:48:25.065] [bmv2] [T] [thread 360] [51.1] [cxt 0] int-gtp-destination.p4(362) Primitive hdr.int_md[2].congestion_notification = 0
[15:48:25.065] [bmv2] [T] [thread 360] [51.1] [cxt 0] int-gtp-destination.p4(363) Primitive hdr.int_md[2].reserved1 = 0
[15:48:25.065] [bmv2] [T] [thread 360] [51.1] [cxt 0] int-gtp-destination.p4(364) Primitive hdr.int_md[2].reserved2 = 0
[15:48:25.065] [bmv2] [T] [thread 360] [51.1] [cxt 0] int-gtp-destination.p4(368) Primitive hdr.int_md[2].egress_port_id = (bit<16>)standard_metadata.egress_port
[15:48:25.065] [bmv2] [T] [thread 360] [51.1] [cxt 0] int-gtp-destination.p4(369) Primitive hdr.int_md[2].egress_timestamp = (bit<32>)standard_metadata.egress_global_timestamp
[15:48:25.065] [bmv2] [T] [thread 360] [51.1] [cxt 0] int-gtp-destination.p4(370) Primitive hdr.int_md[2].hop_latency = hdr.int_md[2].egress_timestamp - hdr.int_md[2].ingress_timestamp
[15:48:25.065] [bmv2] [T] [thread 360] [51.1] [cxt 0] int-gtp-destination.p4(371) Primitive hdr.int_md[2].queue_occupancy = (bit<32>)standard_metadata.enq_qdepth
[15:48:25.065] [bmv2] [T] [thread 360] [51.1] [cxt 0] int-gtp-destination.p4(408) Condition "standard_metadata.instance_type == 1 || standard_metadata.egress_port == 9" (node_14) is true
[15:48:25.065] [bmv2] [D] [thread 360] [51.1] [cxt 0] Pipeline 'egress': end
[15:48:25.065] [bmv2] [D] [thread 360] [51.1] [cxt 0] Deparser 'deparser': start
[15:48:25.065] [bmv2] [D] [thread 360] [51.1] [cxt 0] Deparsing header 'ethernet'
[15:48:25.065] [bmv2] [D] [thread 360] [51.1] [cxt 0] Deparsing header 'int_shim'
[15:48:25.065] [bmv2] [D] [thread 360] [51.1] [cxt 0] Deparsing header 'int_header'
[15:48:25.065] [bmv2] [D] [thread 360] [51.1] [cxt 0] Deparsing header 'int_md[0]'
[15:48:25.065] [bmv2] [D] [thread 360] [51.1] [cxt 0] Deparsing header 'int_md[1]'
[15:48:25.065] [bmv2] [D] [thread 360] [51.1] [cxt 0] Deparsing header 'int_md[2]'
[15:48:25.065] [bmv2] [D] [thread 360] [51.1] [cxt 0] Deparsing header 'ipv4_inner'
[15:48:25.065] [bmv2] [D] [thread 360] [51.1] [cxt 0] Deparsing header 'udp'
[15:48:25.065] [bmv2] [D] [thread 360] [51.1] [cxt 0] Deparsing header 'gtp_u'
[15:48:25.065] [bmv2] [D] [thread 360] [51.1] [cxt 0] Deparser 'deparser': end
[15:48:25.065] [bmv2] [D] [thread 360] [51.0] [cxt 0] Pipeline 'egress': start
[15:48:25.065] [bmv2] [T] [thread 360] [51.0] [cxt 0] int-gtp-destination.p4(402) Condition "hdr.int_shim.isValid()" (node_12) is true
[15:48:25.065] [bmv2] [T] [thread 360] [51.0] [cxt 0] Applying table 'tbl_update_int_metadata'
[15:48:25.065] [bmv2] [D] [thread 360] [51.0] [cxt 0] Looking up key:

[15:48:25.065] [bmv2] [D] [thread 360] [51.0] [cxt 0] Table 'tbl_update_int_metadata': miss
[15:48:25.065] [bmv2] [D] [thread 363] [51.1] [cxt 0] Transmitting packet of size 239 out of port 9
[15:48:25.065] [bmv2] [D] [thread 360] [51.0] [cxt 0] Action entry is MyEgress.update_int_metadata -
[15:48:25.066] [bmv2] [T] [thread 360] [51.0] [cxt 0] Action MyEgress.update_int_metadata
[15:48:25.066] [bmv2] [T] [thread 360] [51.0] [cxt 0] int-gtp-destination.p4(352) Primitive if
[15:48:25.066] [bmv2] [T] [thread 360] [51.0] [cxt 0] int-gtp-destination.p4(352) Primitive if
[15:48:25.066] [bmv2] [T] [thread 360] [51.0] [cxt 0] int-gtp-destination.p4(368) Primitive hdr.int_md[2].egress_port_id = (bit<16>)standard_metadata.egress_port
[15:48:25.066] [bmv2] [T] [thread 360] [51.0] [cxt 0] int-gtp-destination.p4(369) Primitive hdr.int_md[2].egress_timestamp = (bit<32>)standard_metadata.egress_global_timestamp
[15:48:25.066] [bmv2] [T] [thread 360] [51.0] [cxt 0] int-gtp-destination.p4(370) Primitive hdr.int_md[2].hop_latency = hdr.int_md[2].egress_timestamp - hdr.int_md[2].ingress_timestamp
[15:48:25.066] [bmv2] [T] [thread 360] [51.0] [cxt 0] int-gtp-destination.p4(371) Primitive hdr.int_md[2].queue_occupancy = (bit<32>)standard_metadata.enq_qdepth
[15:48:25.066] [bmv2] [T] [thread 360] [51.0] [cxt 0] int-gtp-destination.p4(408) Condition "standard_metadata.instance_type == 1 || standard_metadata.egress_port == 9" (node_14) is false
[15:48:25.066] [bmv2] [T] [thread 360] [51.0] [cxt 0] Applying table 'MyEgress.egress_control'
[15:48:25.066] [bmv2] [D] [thread 360] [51.0] [cxt 0] Looking up key:
* standard_metadata.egress_port: 0001

[15:48:25.066] [bmv2] [D] [thread 360] [51.0] [cxt 0] Table 'MyEgress.egress_control': hit with handle 0
[15:48:25.066] [bmv2] [D] [thread 360] [51.0] [cxt 0] Dumping entry 0
Match key:
* standard_metadata.egress_port: EXACT     0001
Action entry: MyEgress.strip_int_headers -

[15:48:25.066] [bmv2] [D] [thread 360] [51.0] [cxt 0] Action entry is MyEgress.strip_int_headers -
[15:48:25.066] [bmv2] [T] [thread 360] [51.0] [cxt 0] Action MyEgress.strip_int_headers
[15:48:25.066] [bmv2] [T] [thread 360] [51.0] [cxt 0] int-gtp-destination.p4(375) Primitive hdr.ethernet.etherType = hdr.int_shim.next_proto
[15:48:25.066] [bmv2] [T] [thread 360] [51.0] [cxt 0] int-gtp-destination.p4(376) Primitive hdr.int_shim.setInvalid()
[15:48:25.066] [bmv2] [T] [thread 360] [51.0] [cxt 0] int-gtp-destination.p4(377) Primitive hdr.int_header.setInvalid()
[15:48:25.066] [bmv2] [T] [thread 360] [51.0] [cxt 0] int-gtp-destination.p4(379) Primitive hdr.int_md[0].setInvalid()
[15:48:25.066] [bmv2] [T] [thread 360] [51.0] [cxt 0] int-gtp-destination.p4(380) Primitive hdr.int_md[1].setInvalid()
[15:48:25.066] [bmv2] [T] [thread 360] [51.0] [cxt 0] int-gtp-destination.p4(381) Primitive hdr.int_md[2].setInvalid()
[15:48:25.066] [bmv2] [T] [thread 360] [51.0] [cxt 0] int-gtp-destination.p4(382) Primitive hdr.int_md[3].setInvalid()
[15:48:25.066] [bmv2] [T] [thread 360] [51.0] [cxt 0] int-gtp-destination.p4(383) Primitive hdr.int_md[4].setInvalid()
[15:48:25.066] [bmv2] [T] [thread 360] [51.0] [cxt 0] int-gtp-destination.p4(384) Primitive hdr.int_md[5].setInvalid()
[15:48:25.066] [bmv2] [T] [thread 360] [51.0] [cxt 0] int-gtp-destination.p4(385) Primitive hdr.int_md[6].setInvalid()
[15:48:25.066] [bmv2] [T] [thread 360] [51.0] [cxt 0] int-gtp-destination.p4(386) Primitive hdr.int_md[7].setInvalid()
[15:48:25.066] [bmv2] [D] [thread 360] [51.0] [cxt 0] Pipeline 'egress': end
[15:48:25.066] [bmv2] [D] [thread 360] [51.0] [cxt 0] Deparser 'deparser': start
[15:48:25.066] [bmv2] [D] [thread 360] [51.0] [cxt 0] Deparsing header 'ethernet'
[15:48:25.066] [bmv2] [D] [thread 360] [51.0] [cxt 0] Deparsing header 'ipv4_inner'
[15:48:25.066] [bmv2] [D] [thread 360] [51.0] [cxt 0] Deparsing header 'udp'
[15:48:25.066] [bmv2] [D] [thread 360] [51.0] [cxt 0] Deparsing header 'gtp_u'
[15:48:25.066] [bmv2] [D] [thread 360] [51.0] [cxt 0] Deparser 'deparser': end
[15:48:25.066] [bmv2] [D] [thread 363] [51.0] [cxt 0] Transmitting packet of size 142 out of port 1
[15:48:25.125] [bmv2] [D] [thread 358] [52.0] [cxt 0] Processing packet received on port 1
[15:48:25.125] [bmv2] [D] [thread 358] [52.0] [cxt 0] Parser 'parser': start
[15:48:25.125] [bmv2] [D] [thread 358] [52.0] [cxt 0] Parser 'parser' entering state 'start'
[15:48:25.125] [bmv2] [D] [thread 358] [52.0] [cxt 0] Extracting header 'ethernet'
[15:48:25.125] [bmv2] [D] [thread 358] [52.0] [cxt 0] Parser set: setting field 'scalars.metadata.ingress_port' from field 'standard_metadata.ingress_port' (1)
[15:48:25.125] [bmv2] [D] [thread 358] [52.0] [cxt 0] Parser set: setting field 'scalars.metadata.ingress_ts' from expression, new value is 185593485
[15:48:25.125] [bmv2] [D] [thread 358] [52.0] [cxt 0] Parser set: setting field 'scalars.metadata.md_blocks_extracted' to 0
[15:48:25.125] [bmv2] [D] [thread 358] [52.0] [cxt 0] Parser set: setting field 'scalars.metadata.is_int_packet' to 0
[15:48:25.125] [bmv2] [D] [thread 358] [52.0] [cxt 0] Parser state 'start': key is 0800
[15:48:25.125] [bmv2] [T] [thread 358] [52.0] [cxt 0] Bytes parsed: 14
[15:48:25.125] [bmv2] [D] [thread 358] [52.0] [cxt 0] Parser 'parser' entering state 'parse_ipv4'
[15:48:25.125] [bmv2] [D] [thread 358] [52.0] [cxt 0] Extracting header 'ipv4_inner'
[15:48:25.125] [bmv2] [D] [thread 358] [52.0] [cxt 0] Parser state 'parse_ipv4': key is 11
[15:48:25.125] [bmv2] [T] [thread 358] [52.0] [cxt 0] Bytes parsed: 34
[15:48:25.125] [bmv2] [D] [thread 358] [52.0] [cxt 0] Parser 'parser' entering state 'parse_udp'
[15:48:25.125] [bmv2] [D] [thread 358] [52.0] [cxt 0] Extracting header 'udp'
[15:48:25.125] [bmv2] [D] [thread 358] [52.0] [cxt 0] Parser set: setting field 'scalars.tmp' from expression, new value is 1
[15:48:25.125] [bmv2] [D] [thread 358] [52.0] [cxt 0] Parser state 'parse_udp': key is 01
[15:48:25.125] [bmv2] [T] [thread 358] [52.0] [cxt 0] Bytes parsed: 42
[15:48:25.125] [bmv2] [D] [thread 358] [52.0] [cxt 0] Parser 'parser' entering state 'parse_gtp_u'
[15:48:25.125] [bmv2] [D] [thread 358] [52.0] [cxt 0] Extracting header 'gtp_u'
[15:48:25.125] [bmv2] [D] [thread 358] [52.0] [cxt 0] Parser state 'parse_gtp_u' has no switch, going to default next state
[15:48:25.125] [bmv2] [T] [thread 358] [52.0] [cxt 0] Bytes parsed: 50
[15:48:25.125] [bmv2] [D] [thread 358] [52.0] [cxt 0] Parser 'parser': end
[15:48:25.125] [bmv2] [D] [thread 358] [52.0] [cxt 0] Pipeline 'ingress': start
[15:48:25.125] [bmv2] [T] [thread 358] [52.0] [cxt 0] Applying table 'tbl_intgtpdestination311'
[15:48:25.125] [bmv2] [D] [thread 358] [52.0] [cxt 0] Looking up key:

[15:48:25.125] [bmv2] [D] [thread 358] [52.0] [cxt 0] Table 'tbl_intgtpdestination311': miss
[15:48:25.125] [bmv2] [D] [thread 358] [52.0] [cxt 0] Action entry is intgtpdestination311 -
[15:48:25.125] [bmv2] [T] [thread 358] [52.0] [cxt 0] Action intgtpdestination311
[15:48:25.125] [bmv2] [T] [thread 358] [52.0] [cxt 0] int-gtp-destination.p4(311) Primitive meta.switch_id = 3
[15:48:25.125] [bmv2] [T] [thread 358] [52.0] [cxt 0] int-gtp-destination.p4(313) Condition "hdr.ethernet.isValid()" (node_3) is true
[15:48:25.125] [bmv2] [T] [thread 358] [52.0] [cxt 0] int-gtp-destination.p4(314) Condition "hdr.int_shim.isValid()" (node_4) is false
[15:48:25.125] [bmv2] [T] [thread 358] [52.0] [cxt 0] int-gtp-destination.p4(339) Condition "hdr.ipv4_inner.isValid()" (node_8) is true
[15:48:25.125] [bmv2] [T] [thread 358] [52.0] [cxt 0] Applying table 'MyIngress.ipv4_lpm'
[15:48:25.125] [bmv2] [D] [thread 358] [52.0] [cxt 0] Looking up key:
* hdr.ipv4_inner.dstAddr: ac120a03

[15:48:25.125] [bmv2] [D] [thread 358] [52.0] [cxt 0] Table 'MyIngress.ipv4_lpm': hit with handle 2
[15:48:25.125] [bmv2] [D] [thread 358] [52.0] [cxt 0] Dumping entry 2
Match key:
* hdr.ipv4_inner.dstAddr: LPM       ac120a03/32
Action entry: MyIngress.forward_action - 2,

[15:48:25.125] [bmv2] [D] [thread 358] [52.0] [cxt 0] Action entry is MyIngress.forward_action - 2,
[15:48:25.125] [bmv2] [T] [thread 358] [52.0] [cxt 0] Action MyIngress.forward_action
[15:48:25.125] [bmv2] [T] [thread 358] [52.0] [cxt 0] int-gtp-destination.p4(283) Primitive standard_metadata.egress_spec = egress_port
[15:48:25.125] [bmv2] [D] [thread 358] [52.0] [cxt 0] Pipeline 'ingress': end
[15:48:25.125] [bmv2] [D] [thread 358] [52.0] [cxt 0] Egress port is 2
[15:48:25.125] [bmv2] [D] [thread 361] [52.0] [cxt 0] Pipeline 'egress': start
[15:48:25.125] [bmv2] [T] [thread 361] [52.0] [cxt 0] int-gtp-destination.p4(402) Condition "hdr.int_shim.isValid()" (node_12) is false
[15:48:25.125] [bmv2] [D] [thread 361] [52.0] [cxt 0] Pipeline 'egress': end
[15:48:25.125] [bmv2] [D] [thread 361] [52.0] [cxt 0] Deparser 'deparser': start
[15:48:25.125] [bmv2] [D] [thread 361] [52.0] [cxt 0] Deparsing header 'ethernet'
[15:48:25.125] [bmv2] [D] [thread 361] [52.0] [cxt 0] Deparsing header 'ipv4_inner'
[15:48:25.125] [bmv2] [D] [thread 361] [52.0] [cxt 0] Deparsing header 'udp'
[15:48:25.125] [bmv2] [D] [thread 361] [52.0] [cxt 0] Deparsing header 'gtp_u'
[15:48:25.125] [bmv2] [D] [thread 361] [52.0] [cxt 0] Deparser 'deparser': end
[15:48:25.125] [bmv2] [D] [thread 363] [52.0] [cxt 0] Transmitting packet of size 142 out of port 2
[15:48:25.438] [bmv2] [D] [thread 358] [53.0] [cxt 0] Processing packet received on port 1
[15:48:25.438] [bmv2] [D] [thread 358] [53.0] [cxt 0] Parser 'parser': start
[15:48:25.438] [bmv2] [D] [thread 358] [53.0] [cxt 0] Parser 'parser' entering state 'start'
[15:48:25.438] [bmv2] [D] [thread 358] [53.0] [cxt 0] Extracting header 'ethernet'
[15:48:25.438] [bmv2] [D] [thread 358] [53.0] [cxt 0] Parser set: setting field 'scalars.metadata.ingress_port' from field 'standard_metadata.ingress_port' (1)
[15:48:25.438] [bmv2] [D] [thread 358] [53.0] [cxt 0] Parser set: setting field 'scalars.metadata.ingress_ts' from expression, new value is 185906530
[15:48:25.438] [bmv2] [D] [thread 358] [53.0] [cxt 0] Parser set: setting field 'scalars.metadata.md_blocks_extracted' to 0
[15:48:25.438] [bmv2] [D] [thread 358] [53.0] [cxt 0] Parser set: setting field 'scalars.metadata.is_int_packet' to 0
[15:48:25.438] [bmv2] [D] [thread 358] [53.0] [cxt 0] Parser state 'start': key is 0153
[15:48:25.438] [bmv2] [T] [thread 358] [53.0] [cxt 0] Bytes parsed: 14
[15:48:25.438] [bmv2] [D] [thread 358] [53.0] [cxt 0] Parser 'parser': end
[15:48:25.438] [bmv2] [D] [thread 358] [53.0] [cxt 0] Pipeline 'ingress': start
[15:48:25.438] [bmv2] [T] [thread 358] [53.0] [cxt 0] Applying table 'tbl_intgtpdestination311'
[15:48:25.438] [bmv2] [D] [thread 358] [53.0] [cxt 0] Looking up key:

[15:48:25.438] [bmv2] [D] [thread 358] [53.0] [cxt 0] Table 'tbl_intgtpdestination311': miss
[15:48:25.438] [bmv2] [D] [thread 358] [53.0] [cxt 0] Action entry is intgtpdestination311 -
[15:48:25.438] [bmv2] [T] [thread 358] [53.0] [cxt 0] Action intgtpdestination311
[15:48:25.438] [bmv2] [T] [thread 358] [53.0] [cxt 0] int-gtp-destination.p4(311) Primitive meta.switch_id = 3
[15:48:25.438] [bmv2] [T] [thread 358] [53.0] [cxt 0] int-gtp-destination.p4(313) Condition "hdr.ethernet.isValid()" (node_3) is true
[15:48:25.438] [bmv2] [T] [thread 358] [53.0] [cxt 0] int-gtp-destination.p4(314) Condition "hdr.int_shim.isValid()" (node_4) is false
[15:48:25.438] [bmv2] [T] [thread 358] [53.0] [cxt 0] int-gtp-destination.p4(339) Condition "hdr.ipv4_inner.isValid()" (node_8) is false
[15:48:25.438] [bmv2] [D] [thread 358] [53.0] [cxt 0] Pipeline 'ingress': end
[15:48:25.438] [bmv2] [D] [thread 358] [53.0] [cxt 0] Egress port is 0
[15:48:25.438] [bmv2] [D] [thread 359] [53.0] [cxt 0] Pipeline 'egress': start
[15:48:25.438] [bmv2] [T] [thread 359] [53.0] [cxt 0] int-gtp-destination.p4(402) Condition "hdr.int_shim.isValid()" (node_12) is false
[15:48:25.438] [bmv2] [D] [thread 359] [53.0] [cxt 0] Pipeline 'egress': end
[15:48:25.438] [bmv2] [D] [thread 359] [53.0] [cxt 0] Deparser 'deparser': start
[15:48:25.438] [bmv2] [D] [thread 359] [53.0] [cxt 0] Deparsing header 'ethernet'
[15:48:25.438] [bmv2] [D] [thread 359] [53.0] [cxt 0] Deparser 'deparser': end
[15:48:25.438] [bmv2] [D] [thread 363] [53.0] [cxt 0] Transmitting packet of size 353 out of port 0
[15:48:26.116] [bmv2] [D] [thread 358] [54.0] [cxt 0] Processing packet received on port 2
[15:48:26.116] [bmv2] [D] [thread 358] [54.0] [cxt 0] Parser 'parser': start
[15:48:26.116] [bmv2] [D] [thread 358] [54.0] [cxt 0] Parser 'parser' entering state 'start'
[15:48:26.116] [bmv2] [D] [thread 358] [54.0] [cxt 0] Extracting header 'ethernet'
[15:48:26.116] [bmv2] [D] [thread 358] [54.0] [cxt 0] Parser set: setting field 'scalars.metadata.ingress_port' from field 'standard_metadata.ingress_port' (2)
[15:48:26.116] [bmv2] [D] [thread 358] [54.0] [cxt 0] Parser set: setting field 'scalars.metadata.ingress_ts' from expression, new value is 186584675
[15:48:26.116] [bmv2] [D] [thread 358] [54.0] [cxt 0] Parser set: setting field 'scalars.metadata.md_blocks_extracted' to 0
[15:48:26.116] [bmv2] [D] [thread 358] [54.0] [cxt 0] Parser set: setting field 'scalars.metadata.is_int_packet' to 0
[15:48:26.116] [bmv2] [D] [thread 358] [54.0] [cxt 0] Parser state 'start': key is 00fa
[15:48:26.116] [bmv2] [T] [thread 358] [54.0] [cxt 0] Bytes parsed: 14
[15:48:26.116] [bmv2] [D] [thread 358] [54.0] [cxt 0] Parser 'parser' entering state 'parse_int_shim'
[15:48:26.116] [bmv2] [D] [thread 358] [54.0] [cxt 0] Extracting header 'int_shim'
[15:48:26.116] [bmv2] [D] [thread 358] [54.0] [cxt 0] Parser set: setting field 'scalars.metadata.is_int_packet' to 1
[15:48:26.116] [bmv2] [D] [thread 358] [54.0] [cxt 0] Extracting header 'int_header'
[15:48:26.116] [bmv2] [D] [thread 358] [54.0] [cxt 0] Parser set: setting field 'scalars.metadata.md_blocks_extracted' from expression, new value is 251
[15:48:26.116] [bmv2] [D] [thread 358] [54.0] [cxt 0] Extracting header 'int_md[0]'
[15:48:26.116] [bmv2] [D] [thread 358] [54.0] [cxt 0] Extracting header 'int_md[1]'
[15:48:26.116] [bmv2] [D] [thread 358] [54.0] [cxt 0] Parser state 'parse_int_shim': key is 0800
[15:48:26.116] [bmv2] [T] [thread 358] [54.0] [cxt 0] Bytes parsed: 83
[15:48:26.116] [bmv2] [D] [thread 358] [54.0] [cxt 0] Parser 'parser' entering state 'parse_encapsulated_ipv4'
[15:48:26.116] [bmv2] [D] [thread 358] [54.0] [cxt 0] Extracting header 'ipv4_inner'
[15:48:26.116] [bmv2] [D] [thread 358] [54.0] [cxt 0] Parser state 'parse_encapsulated_ipv4': key is 11
[15:48:26.116] [bmv2] [T] [thread 358] [54.0] [cxt 0] Bytes parsed: 103
[15:48:26.116] [bmv2] [D] [thread 358] [54.0] [cxt 0] Parser 'parser' entering state 'parse_encapsulated_udp'
[15:48:26.116] [bmv2] [D] [thread 358] [54.0] [cxt 0] Extracting header 'udp'
[15:48:26.116] [bmv2] [D] [thread 358] [54.0] [cxt 0] Parser set: setting field 'scalars.tmp_0' from expression, new value is 1
[15:48:26.116] [bmv2] [D] [thread 358] [54.0] [cxt 0] Parser state 'parse_encapsulated_udp': key is 01
[15:48:26.116] [bmv2] [T] [thread 358] [54.0] [cxt 0] Bytes parsed: 111
[15:48:26.116] [bmv2] [D] [thread 358] [54.0] [cxt 0] Parser 'parser' entering state 'parse_encapsulated_gtp_u'
[15:48:26.116] [bmv2] [D] [thread 358] [54.0] [cxt 0] Extracting header 'gtp_u'
[15:48:26.116] [bmv2] [D] [thread 358] [54.0] [cxt 0] Parser state 'parse_encapsulated_gtp_u' has no switch, going to default next state
[15:48:26.116] [bmv2] [T] [thread 358] [54.0] [cxt 0] Bytes parsed: 119
[15:48:26.116] [bmv2] [D] [thread 358] [54.0] [cxt 0] Parser 'parser': end
[15:48:26.116] [bmv2] [D] [thread 358] [54.0] [cxt 0] Pipeline 'ingress': start
[15:48:26.116] [bmv2] [T] [thread 358] [54.0] [cxt 0] Applying table 'tbl_intgtpdestination311'
[15:48:26.116] [bmv2] [D] [thread 358] [54.0] [cxt 0] Looking up key:

[15:48:26.116] [bmv2] [D] [thread 358] [54.0] [cxt 0] Table 'tbl_intgtpdestination311': miss
[15:48:26.116] [bmv2] [D] [thread 358] [54.0] [cxt 0] Action entry is intgtpdestination311 -
[15:48:26.116] [bmv2] [T] [thread 358] [54.0] [cxt 0] Action intgtpdestination311
[15:48:26.116] [bmv2] [T] [thread 358] [54.0] [cxt 0] int-gtp-destination.p4(311) Primitive meta.switch_id = 3
[15:48:26.116] [bmv2] [T] [thread 358] [54.0] [cxt 0] int-gtp-destination.p4(313) Condition "hdr.ethernet.isValid()" (node_3) is true
[15:48:26.116] [bmv2] [T] [thread 358] [54.0] [cxt 0] int-gtp-destination.p4(314) Condition "hdr.int_shim.isValid()" (node_4) is true
[15:48:26.116] [bmv2] [T] [thread 358] [54.0] [cxt 0] int-gtp-destination.p4(316) Condition "hdr.int_header.remaining_hop_cnt > 0" (node_5) is true
[15:48:26.116] [bmv2] [T] [thread 358] [54.0] [cxt 0] Applying table 'tbl_intgtpdestination317'
[15:48:26.116] [bmv2] [D] [thread 358] [54.0] [cxt 0] Looking up key:

[15:48:26.116] [bmv2] [D] [thread 358] [54.0] [cxt 0] Table 'tbl_intgtpdestination317': miss
[15:48:26.116] [bmv2] [D] [thread 358] [54.0] [cxt 0] Action entry is intgtpdestination317 -
[15:48:26.116] [bmv2] [T] [thread 358] [54.0] [cxt 0] Action intgtpdestination317
[15:48:26.116] [bmv2] [T] [thread 358] [54.0] [cxt 0] int-gtp-destination.p4(317) Primitive hdr.int_md[2].setValid()
[15:48:26.116] [bmv2] [T] [thread 358] [54.0] [cxt 0] int-gtp-destination.p4(318) Primitive hdr.int_md[2].padding_switch = 0
[15:48:26.116] [bmv2] [T] [thread 358] [54.0] [cxt 0] int-gtp-destination.p4(319) Primitive hdr.int_md[2].switch_id = (bit<16>)meta.switch_id
[15:48:26.116] [bmv2] [T] [thread 358] [54.0] [cxt 0] int-gtp-destination.p4(320) Primitive hdr.int_md[2].ingress_port_id = (bit<16>)meta.ingress_port
[15:48:26.116] [bmv2] [T] [thread 358] [54.0] [cxt 0] int-gtp-destination.p4(321) Primitive hdr.int_md[2].ingress_timestamp = meta.ingress_ts
[15:48:26.116] [bmv2] [T] [thread 358] [54.0] [cxt 0] int-gtp-destination.p4(322) Primitive hdr.int_md[2].egress_port_id = 0
[15:48:26.116] [bmv2] [T] [thread 358] [54.0] [cxt 0] int-gtp-destination.p4(323) Primitive hdr.int_md[2].hop_latency = 0
[15:48:26.116] [bmv2] [T] [thread 358] [54.0] [cxt 0] int-gtp-destination.p4(324) Primitive hdr.int_md[2].egress_timestamp = 0
[15:48:26.116] [bmv2] [T] [thread 358] [54.0] [cxt 0] int-gtp-destination.p4(325) Primitive hdr.int_md[2].queue_occupancy = 0
[15:48:26.116] [bmv2] [T] [thread 358] [54.0] [cxt 0] int-gtp-destination.p4(326) Primitive hdr.int_md[2].congestion_notification = 0
[15:48:26.116] [bmv2] [T] [thread 358] [54.0] [cxt 0] int-gtp-destination.p4(327) Primitive hdr.int_md[2].reserved1 = 0
[15:48:26.116] [bmv2] [T] [thread 358] [54.0] [cxt 0] int-gtp-destination.p4(328) Primitive hdr.int_md[2].reserved2 = 0
[15:48:26.116] [bmv2] [T] [thread 358] [54.0] [cxt 0] int-gtp-destination.p4(330) Primitive hdr.int_header.remaining_hop_cnt = hdr.int_header.remaining_hop_cnt - 1
[15:48:26.116] [bmv2] [T] [thread 358] [54.0] [cxt 0] int-gtp-destination.p4(331) Primitive hdr.int_shim.length = hdr.int_shim.length + 32
[15:48:26.116] [bmv2] [T] [thread 358] [54.0] [cxt 0] Applying table 'MyIngress.int_sink_table'
[15:48:26.116] [bmv2] [D] [thread 358] [54.0] [cxt 0] Looking up key:
* hdr.int_shim.$valid$: 01

[15:48:26.116] [bmv2] [D] [thread 358] [54.0] [cxt 0] Table 'MyIngress.int_sink_table': hit with handle 0
[15:48:26.116] [bmv2] [D] [thread 358] [54.0] [cxt 0] Dumping entry 0
Match key:
* hdr.int_shim.$valid$: EXACT     01
Action entry: MyIngress.int_sink_action -

[15:48:26.116] [bmv2] [D] [thread 358] [54.0] [cxt 0] Action entry is MyIngress.int_sink_action -
[15:48:26.116] [bmv2] [T] [thread 358] [54.0] [cxt 0] Action MyIngress.int_sink_action
[15:48:26.116] [bmv2] [T] [thread 358] [54.0] [cxt 0] int-gtp-destination.p4(278) Primitive meta.clone_port = 9
[15:48:26.116] [bmv2] [T] [thread 358] [54.0] [cxt 0] int-gtp-destination.p4(279) Primitive clone_preserving_field_list(CloneType.I2E, 99, 99)
[15:48:26.116] [bmv2] [T] [thread 358] [54.0] [cxt 0] int-gtp-destination.p4(339) Condition "hdr.ipv4_inner.isValid()" (node_8) is true
[15:48:26.116] [bmv2] [T] [thread 358] [54.0] [cxt 0] Applying table 'MyIngress.ipv4_lpm'
[15:48:26.116] [bmv2] [D] [thread 358] [54.0] [cxt 0] Looking up key:
* hdr.ipv4_inner.dstAddr: ac120018

[15:48:26.116] [bmv2] [D] [thread 358] [54.0] [cxt 0] Table 'MyIngress.ipv4_lpm': hit with handle 1
[15:48:26.116] [bmv2] [D] [thread 358] [54.0] [cxt 0] Dumping entry 1
Match key:
* hdr.ipv4_inner.dstAddr: LPM       ac120018/32
Action entry: MyIngress.forward_action - 1,

[15:48:26.116] [bmv2] [D] [thread 358] [54.0] [cxt 0] Action entry is MyIngress.forward_action - 1,
[15:48:26.116] [bmv2] [T] [thread 358] [54.0] [cxt 0] Action MyIngress.forward_action
[15:48:26.116] [bmv2] [T] [thread 358] [54.0] [cxt 0] int-gtp-destination.p4(283) Primitive standard_metadata.egress_spec = egress_port
[15:48:26.116] [bmv2] [D] [thread 358] [54.0] [cxt 0] Pipeline 'ingress': end
[15:48:26.116] [bmv2] [D] [thread 358] [54.0] [cxt 0] Cloning packet at ingress
[15:48:26.116] [bmv2] [D] [thread 358] [54.1] [cxt 0] Parser 'parser': start
[15:48:26.116] [bmv2] [D] [thread 358] [54.1] [cxt 0] Parser 'parser' entering state 'start'
[15:48:26.116] [bmv2] [D] [thread 358] [54.1] [cxt 0] Extracting header 'ethernet'
[15:48:26.116] [bmv2] [D] [thread 358] [54.1] [cxt 0] Parser set: setting field 'scalars.metadata.ingress_port' from field 'standard_metadata.ingress_port' (2)
[15:48:26.116] [bmv2] [D] [thread 358] [54.1] [cxt 0] Parser set: setting field 'scalars.metadata.ingress_ts' from expression, new value is 0
[15:48:26.116] [bmv2] [D] [thread 358] [54.1] [cxt 0] Parser set: setting field 'scalars.metadata.md_blocks_extracted' to 0
[15:48:26.116] [bmv2] [D] [thread 358] [54.1] [cxt 0] Parser set: setting field 'scalars.metadata.is_int_packet' to 0
[15:48:26.116] [bmv2] [D] [thread 358] [54.1] [cxt 0] Parser state 'start': key is 00fa
[15:48:26.116] [bmv2] [T] [thread 358] [54.1] [cxt 0] Bytes parsed: 14
[15:48:26.116] [bmv2] [D] [thread 358] [54.1] [cxt 0] Parser 'parser' entering state 'parse_int_shim'
[15:48:26.116] [bmv2] [D] [thread 358] [54.1] [cxt 0] Extracting header 'int_shim'
[15:48:26.116] [bmv2] [D] [thread 358] [54.1] [cxt 0] Parser set: setting field 'scalars.metadata.is_int_packet' to 1
[15:48:26.116] [bmv2] [D] [thread 358] [54.1] [cxt 0] Extracting header 'int_header'
[15:48:26.116] [bmv2] [D] [thread 358] [54.1] [cxt 0] Parser set: setting field 'scalars.metadata.md_blocks_extracted' from expression, new value is 251
[15:48:26.116] [bmv2] [D] [thread 358] [54.1] [cxt 0] Extracting header 'int_md[0]'
[15:48:26.116] [bmv2] [D] [thread 358] [54.1] [cxt 0] Extracting header 'int_md[1]'
[15:48:26.116] [bmv2] [D] [thread 358] [54.1] [cxt 0] Parser state 'parse_int_shim': key is 0800
[15:48:26.116] [bmv2] [T] [thread 358] [54.1] [cxt 0] Bytes parsed: 83
[15:48:26.116] [bmv2] [D] [thread 358] [54.1] [cxt 0] Parser 'parser' entering state 'parse_encapsulated_ipv4'
[15:48:26.116] [bmv2] [D] [thread 358] [54.1] [cxt 0] Extracting header 'ipv4_inner'
[15:48:26.116] [bmv2] [D] [thread 358] [54.1] [cxt 0] Parser state 'parse_encapsulated_ipv4': key is 11
[15:48:26.116] [bmv2] [T] [thread 358] [54.1] [cxt 0] Bytes parsed: 103
[15:48:26.116] [bmv2] [D] [thread 358] [54.1] [cxt 0] Parser 'parser' entering state 'parse_encapsulated_udp'
[15:48:26.116] [bmv2] [D] [thread 358] [54.1] [cxt 0] Extracting header 'udp'
[15:48:26.116] [bmv2] [D] [thread 358] [54.1] [cxt 0] Parser set: setting field 'scalars.tmp_0' from expression, new value is 1
[15:48:26.116] [bmv2] [D] [thread 358] [54.1] [cxt 0] Parser state 'parse_encapsulated_udp': key is 01
[15:48:26.116] [bmv2] [T] [thread 358] [54.1] [cxt 0] Bytes parsed: 111
[15:48:26.116] [bmv2] [D] [thread 358] [54.1] [cxt 0] Parser 'parser' entering state 'parse_encapsulated_gtp_u'
[15:48:26.116] [bmv2] [D] [thread 358] [54.1] [cxt 0] Extracting header 'gtp_u'
[15:48:26.116] [bmv2] [D] [thread 358] [54.1] [cxt 0] Parser state 'parse_encapsulated_gtp_u' has no switch, going to default next state
[15:48:26.116] [bmv2] [T] [thread 358] [54.1] [cxt 0] Bytes parsed: 119
[15:48:26.116] [bmv2] [D] [thread 358] [54.1] [cxt 0] Parser 'parser': end
[15:48:26.116] [bmv2] [D] [thread 358] [54.0] [cxt 0] Cloning packet to egress port 9
[15:48:26.116] [bmv2] [D] [thread 358] [54.0] [cxt 0] Egress port is 1
[15:48:26.117] [bmv2] [D] [thread 360] [54.1] [cxt 0] Pipeline 'egress': start
[15:48:26.117] [bmv2] [T] [thread 360] [54.1] [cxt 0] int-gtp-destination.p4(402) Condition "hdr.int_shim.isValid()" (node_12) is true
[15:48:26.117] [bmv2] [T] [thread 360] [54.1] [cxt 0] Applying table 'tbl_update_int_metadata'
[15:48:26.117] [bmv2] [D] [thread 360] [54.1] [cxt 0] Looking up key:

[15:48:26.117] [bmv2] [D] [thread 360] [54.1] [cxt 0] Table 'tbl_update_int_metadata': miss
[15:48:26.117] [bmv2] [D] [thread 360] [54.1] [cxt 0] Action entry is MyEgress.update_int_metadata -
[15:48:26.117] [bmv2] [T] [thread 360] [54.1] [cxt 0] Action MyEgress.update_int_metadata
[15:48:26.117] [bmv2] [T] [thread 360] [54.1] [cxt 0] int-gtp-destination.p4(352) Primitive if
[15:48:26.117] [bmv2] [T] [thread 360] [54.1] [cxt 0] int-gtp-destination.p4(353) Primitive hdr.int_md[2].setValid()
[15:48:26.117] [bmv2] [T] [thread 360] [54.1] [cxt 0] int-gtp-destination.p4(354) Primitive hdr.int_md[2].padding_switch = 0
[15:48:26.117] [bmv2] [T] [thread 360] [54.1] [cxt 0] int-gtp-destination.p4(355) Primitive hdr.int_md[2].switch_id = (bit<16>)meta.switch_id
[15:48:26.117] [bmv2] [T] [thread 360] [54.1] [cxt 0] int-gtp-destination.p4(356) Primitive hdr.int_md[2].ingress_port_id = (bit<16>)meta.ingress_port
[15:48:26.117] [bmv2] [T] [thread 360] [54.1] [cxt 0] int-gtp-destination.p4(357) Primitive hdr.int_md[2].ingress_timestamp = meta.ingress_ts
[15:48:26.117] [bmv2] [T] [thread 360] [54.1] [cxt 0] int-gtp-destination.p4(362) Primitive hdr.int_md[2].congestion_notification = 0
[15:48:26.117] [bmv2] [T] [thread 360] [54.1] [cxt 0] int-gtp-destination.p4(363) Primitive hdr.int_md[2].reserved1 = 0
[15:48:26.117] [bmv2] [T] [thread 360] [54.1] [cxt 0] int-gtp-destination.p4(364) Primitive hdr.int_md[2].reserved2 = 0
[15:48:26.117] [bmv2] [T] [thread 360] [54.1] [cxt 0] int-gtp-destination.p4(368) Primitive hdr.int_md[2].egress_port_id = (bit<16>)standard_metadata.egress_port
[15:48:26.117] [bmv2] [T] [thread 360] [54.1] [cxt 0] int-gtp-destination.p4(369) Primitive hdr.int_md[2].egress_timestamp = (bit<32>)standard_metadata.egress_global_timestamp
[15:48:26.117] [bmv2] [T] [thread 360] [54.1] [cxt 0] int-gtp-destination.p4(370) Primitive hdr.int_md[2].hop_latency = hdr.int_md[2].egress_timestamp - hdr.int_md[2].ingress_timestamp
[15:48:26.117] [bmv2] [T] [thread 360] [54.1] [cxt 0] int-gtp-destination.p4(371) Primitive hdr.int_md[2].queue_occupancy = (bit<32>)standard_metadata.enq_qdepth
[15:48:26.117] [bmv2] [T] [thread 360] [54.1] [cxt 0] int-gtp-destination.p4(408) Condition "standard_metadata.instance_type == 1 || standard_metadata.egress_port == 9" (node_14) is true
[15:48:26.117] [bmv2] [D] [thread 360] [54.1] [cxt 0] Pipeline 'egress': end
[15:48:26.117] [bmv2] [D] [thread 360] [54.1] [cxt 0] Deparser 'deparser': start
[15:48:26.117] [bmv2] [D] [thread 360] [54.1] [cxt 0] Deparsing header 'ethernet'
[15:48:26.117] [bmv2] [D] [thread 360] [54.1] [cxt 0] Deparsing header 'int_shim'
[15:48:26.117] [bmv2] [D] [thread 360] [54.1] [cxt 0] Deparsing header 'int_header'
[15:48:26.117] [bmv2] [D] [thread 360] [54.1] [cxt 0] Deparsing header 'int_md[0]'
[15:48:26.117] [bmv2] [D] [thread 360] [54.1] [cxt 0] Deparsing header 'int_md[1]'
[15:48:26.117] [bmv2] [D] [thread 360] [54.1] [cxt 0] Deparsing header 'int_md[2]'
[15:48:26.117] [bmv2] [D] [thread 360] [54.1] [cxt 0] Deparsing header 'ipv4_inner'
[15:48:26.117] [bmv2] [D] [thread 360] [54.1] [cxt 0] Deparsing header 'udp'
[15:48:26.117] [bmv2] [D] [thread 360] [54.1] [cxt 0] Deparsing header 'gtp_u'
[15:48:26.117] [bmv2] [D] [thread 360] [54.1] [cxt 0] Deparser 'deparser': end
[15:48:26.117] [bmv2] [D] [thread 360] [54.0] [cxt 0] Pipeline 'egress': start
[15:48:26.117] [bmv2] [D] [thread 363] [54.1] [cxt 0] Transmitting packet of size 239 out of port 9
[15:48:26.117] [bmv2] [T] [thread 360] [54.0] [cxt 0] int-gtp-destination.p4(402) Condition "hdr.int_shim.isValid()" (node_12) is true
[15:48:26.117] [bmv2] [T] [thread 360] [54.0] [cxt 0] Applying table 'tbl_update_int_metadata'
[15:48:26.117] [bmv2] [D] [thread 360] [54.0] [cxt 0] Looking up key:

[15:48:26.117] [bmv2] [D] [thread 360] [54.0] [cxt 0] Table 'tbl_update_int_metadata': miss
[15:48:26.117] [bmv2] [D] [thread 360] [54.0] [cxt 0] Action entry is MyEgress.update_int_metadata -
[15:48:26.117] [bmv2] [T] [thread 360] [54.0] [cxt 0] Action MyEgress.update_int_metadata
[15:48:26.117] [bmv2] [T] [thread 360] [54.0] [cxt 0] int-gtp-destination.p4(352) Primitive if
[15:48:26.117] [bmv2] [T] [thread 360] [54.0] [cxt 0] int-gtp-destination.p4(352) Primitive if
[15:48:26.117] [bmv2] [T] [thread 360] [54.0] [cxt 0] int-gtp-destination.p4(368) Primitive hdr.int_md[2].egress_port_id = (bit<16>)standard_metadata.egress_port
[15:48:26.117] [bmv2] [T] [thread 360] [54.0] [cxt 0] int-gtp-destination.p4(369) Primitive hdr.int_md[2].egress_timestamp = (bit<32>)standard_metadata.egress_global_timestamp
[15:48:26.117] [bmv2] [T] [thread 360] [54.0] [cxt 0] int-gtp-destination.p4(370) Primitive hdr.int_md[2].hop_latency = hdr.int_md[2].egress_timestamp - hdr.int_md[2].ingress_timestamp
[15:48:26.117] [bmv2] [T] [thread 360] [54.0] [cxt 0] int-gtp-destination.p4(371) Primitive hdr.int_md[2].queue_occupancy = (bit<32>)standard_metadata.enq_qdepth
[15:48:26.117] [bmv2] [T] [thread 360] [54.0] [cxt 0] int-gtp-destination.p4(408) Condition "standard_metadata.instance_type == 1 || standard_metadata.egress_port == 9" (node_14) is false
[15:48:26.117] [bmv2] [T] [thread 360] [54.0] [cxt 0] Applying table 'MyEgress.egress_control'
[15:48:26.118] [bmv2] [D] [thread 360] [54.0] [cxt 0] Looking up key:
* standard_metadata.egress_port: 0001

[15:48:26.118] [bmv2] [D] [thread 360] [54.0] [cxt 0] Table 'MyEgress.egress_control': hit with handle 0
[15:48:26.118] [bmv2] [D] [thread 360] [54.0] [cxt 0] Dumping entry 0
Match key:
* standard_metadata.egress_port: EXACT     0001
Action entry: MyEgress.strip_int_headers -

[15:48:26.118] [bmv2] [D] [thread 360] [54.0] [cxt 0] Action entry is MyEgress.strip_int_headers -
[15:48:26.118] [bmv2] [T] [thread 360] [54.0] [cxt 0] Action MyEgress.strip_int_headers
[15:48:26.118] [bmv2] [T] [thread 360] [54.0] [cxt 0] int-gtp-destination.p4(375) Primitive hdr.ethernet.etherType = hdr.int_shim.next_proto
[15:48:26.118] [bmv2] [T] [thread 360] [54.0] [cxt 0] int-gtp-destination.p4(376) Primitive hdr.int_shim.setInvalid()
[15:48:26.118] [bmv2] [T] [thread 360] [54.0] [cxt 0] int-gtp-destination.p4(377) Primitive hdr.int_header.setInvalid()
[15:48:26.118] [bmv2] [T] [thread 360] [54.0] [cxt 0] int-gtp-destination.p4(379) Primitive hdr.int_md[0].setInvalid()
[15:48:26.118] [bmv2] [T] [thread 360] [54.0] [cxt 0] int-gtp-destination.p4(380) Primitive hdr.int_md[1].setInvalid()
[15:48:26.118] [bmv2] [T] [thread 360] [54.0] [cxt 0] int-gtp-destination.p4(381) Primitive hdr.int_md[2].setInvalid()
[15:48:26.118] [bmv2] [T] [thread 360] [54.0] [cxt 0] int-gtp-destination.p4(382) Primitive hdr.int_md[3].setInvalid()
[15:48:26.118] [bmv2] [T] [thread 360] [54.0] [cxt 0] int-gtp-destination.p4(383) Primitive hdr.int_md[4].setInvalid()
[15:48:26.118] [bmv2] [T] [thread 360] [54.0] [cxt 0] int-gtp-destination.p4(384) Primitive hdr.int_md[5].setInvalid()
[15:48:26.118] [bmv2] [T] [thread 360] [54.0] [cxt 0] int-gtp-destination.p4(385) Primitive hdr.int_md[6].setInvalid()
[15:48:26.118] [bmv2] [T] [thread 360] [54.0] [cxt 0] int-gtp-destination.p4(386) Primitive hdr.int_md[7].setInvalid()
[15:48:26.118] [bmv2] [D] [thread 360] [54.0] [cxt 0] Pipeline 'egress': end
[15:48:26.118] [bmv2] [D] [thread 360] [54.0] [cxt 0] Deparser 'deparser': start
[15:48:26.118] [bmv2] [D] [thread 360] [54.0] [cxt 0] Deparsing header 'ethernet'
[15:48:26.118] [bmv2] [D] [thread 360] [54.0] [cxt 0] Deparsing header 'ipv4_inner'
[15:48:26.118] [bmv2] [D] [thread 360] [54.0] [cxt 0] Deparsing header 'udp'
[15:48:26.118] [bmv2] [D] [thread 360] [54.0] [cxt 0] Deparsing header 'gtp_u'
[15:48:26.118] [bmv2] [D] [thread 360] [54.0] [cxt 0] Deparser 'deparser': end
[15:48:26.118] [bmv2] [D] [thread 363] [54.0] [cxt 0] Transmitting packet of size 142 out of port 1
[15:48:26.153] [bmv2] [D] [thread 358] [55.0] [cxt 0] Processing packet received on port 1
[15:48:26.153] [bmv2] [D] [thread 358] [55.0] [cxt 0] Parser 'parser': start
[15:48:26.153] [bmv2] [D] [thread 358] [55.0] [cxt 0] Parser 'parser' entering state 'start'
[15:48:26.153] [bmv2] [D] [thread 358] [55.0] [cxt 0] Extracting header 'ethernet'
[15:48:26.153] [bmv2] [D] [thread 358] [55.0] [cxt 0] Parser set: setting field 'scalars.metadata.ingress_port' from field 'standard_metadata.ingress_port' (1)
[15:48:26.153] [bmv2] [D] [thread 358] [55.0] [cxt 0] Parser set: setting field 'scalars.metadata.ingress_ts' from expression, new value is 186622291
[15:48:26.153] [bmv2] [D] [thread 358] [55.0] [cxt 0] Parser set: setting field 'scalars.metadata.md_blocks_extracted' to 0
[15:48:26.153] [bmv2] [D] [thread 358] [55.0] [cxt 0] Parser set: setting field 'scalars.metadata.is_int_packet' to 0
[15:48:26.153] [bmv2] [D] [thread 358] [55.0] [cxt 0] Parser state 'start': key is 0800
[15:48:26.153] [bmv2] [T] [thread 358] [55.0] [cxt 0] Bytes parsed: 14
[15:48:26.153] [bmv2] [D] [thread 358] [55.0] [cxt 0] Parser 'parser' entering state 'parse_ipv4'
[15:48:26.153] [bmv2] [D] [thread 358] [55.0] [cxt 0] Extracting header 'ipv4_inner'
[15:48:26.153] [bmv2] [D] [thread 358] [55.0] [cxt 0] Parser state 'parse_ipv4': key is 11
[15:48:26.153] [bmv2] [T] [thread 358] [55.0] [cxt 0] Bytes parsed: 34
[15:48:26.153] [bmv2] [D] [thread 358] [55.0] [cxt 0] Parser 'parser' entering state 'parse_udp'
[15:48:26.153] [bmv2] [D] [thread 358] [55.0] [cxt 0] Extracting header 'udp'
[15:48:26.153] [bmv2] [D] [thread 358] [55.0] [cxt 0] Parser set: setting field 'scalars.tmp' from expression, new value is 1
[15:48:26.154] [bmv2] [D] [thread 358] [55.0] [cxt 0] Parser state 'parse_udp': key is 01
[15:48:26.154] [bmv2] [T] [thread 358] [55.0] [cxt 0] Bytes parsed: 42
[15:48:26.154] [bmv2] [D] [thread 358] [55.0] [cxt 0] Parser 'parser' entering state 'parse_gtp_u'
[15:48:26.154] [bmv2] [D] [thread 358] [55.0] [cxt 0] Extracting header 'gtp_u'
[15:48:26.154] [bmv2] [D] [thread 358] [55.0] [cxt 0] Parser state 'parse_gtp_u' has no switch, going to default next state
[15:48:26.154] [bmv2] [T] [thread 358] [55.0] [cxt 0] Bytes parsed: 50
[15:48:26.154] [bmv2] [D] [thread 358] [55.0] [cxt 0] Parser 'parser': end
[15:48:26.154] [bmv2] [D] [thread 358] [55.0] [cxt 0] Pipeline 'ingress': start
[15:48:26.154] [bmv2] [T] [thread 358] [55.0] [cxt 0] Applying table 'tbl_intgtpdestination311'
[15:48:26.154] [bmv2] [D] [thread 358] [55.0] [cxt 0] Looking up key:

[15:48:26.154] [bmv2] [D] [thread 358] [55.0] [cxt 0] Table 'tbl_intgtpdestination311': miss
[15:48:26.154] [bmv2] [D] [thread 358] [55.0] [cxt 0] Action entry is intgtpdestination311 -
[15:48:26.154] [bmv2] [T] [thread 358] [55.0] [cxt 0] Action intgtpdestination311
[15:48:26.154] [bmv2] [T] [thread 358] [55.0] [cxt 0] int-gtp-destination.p4(311) Primitive meta.switch_id = 3
[15:48:26.154] [bmv2] [T] [thread 358] [55.0] [cxt 0] int-gtp-destination.p4(313) Condition "hdr.ethernet.isValid()" (node_3) is true
[15:48:26.154] [bmv2] [T] [thread 358] [55.0] [cxt 0] int-gtp-destination.p4(314) Condition "hdr.int_shim.isValid()" (node_4) is false
[15:48:26.154] [bmv2] [T] [thread 358] [55.0] [cxt 0] int-gtp-destination.p4(339) Condition "hdr.ipv4_inner.isValid()" (node_8) is true
[15:48:26.154] [bmv2] [T] [thread 358] [55.0] [cxt 0] Applying table 'MyIngress.ipv4_lpm'
[15:48:26.154] [bmv2] [D] [thread 358] [55.0] [cxt 0] Looking up key:
* hdr.ipv4_inner.dstAddr: ac120a03

[15:48:26.154] [bmv2] [D] [thread 358] [55.0] [cxt 0] Table 'MyIngress.ipv4_lpm': hit with handle 2
[15:48:26.154] [bmv2] [D] [thread 358] [55.0] [cxt 0] Dumping entry 2
Match key:
* hdr.ipv4_inner.dstAddr: LPM       ac120a03/32
Action entry: MyIngress.forward_action - 2,

[15:48:26.154] [bmv2] [D] [thread 358] [55.0] [cxt 0] Action entry is MyIngress.forward_action - 2,
[15:48:26.154] [bmv2] [T] [thread 358] [55.0] [cxt 0] Action MyIngress.forward_action
[15:48:26.154] [bmv2] [T] [thread 358] [55.0] [cxt 0] int-gtp-destination.p4(283) Primitive standard_metadata.egress_spec = egress_port
[15:48:26.154] [bmv2] [D] [thread 358] [55.0] [cxt 0] Pipeline 'ingress': end
[15:48:26.154] [bmv2] [D] [thread 358] [55.0] [cxt 0] Egress port is 2
[15:48:26.154] [bmv2] [D] [thread 361] [55.0] [cxt 0] Pipeline 'egress': start
[15:48:26.154] [bmv2] [T] [thread 361] [55.0] [cxt 0] int-gtp-destination.p4(402) Condition "hdr.int_shim.isValid()" (node_12) is false
[15:48:26.154] [bmv2] [D] [thread 361] [55.0] [cxt 0] Pipeline 'egress': end
[15:48:26.154] [bmv2] [D] [thread 361] [55.0] [cxt 0] Deparser 'deparser': start
[15:48:26.154] [bmv2] [D] [thread 361] [55.0] [cxt 0] Deparsing header 'ethernet'
[15:48:26.154] [bmv2] [D] [thread 361] [55.0] [cxt 0] Deparsing header 'ipv4_inner'
[15:48:26.154] [bmv2] [D] [thread 361] [55.0] [cxt 0] Deparsing header 'udp'
[15:48:26.154] [bmv2] [D] [thread 361] [55.0] [cxt 0] Deparsing header 'gtp_u'
[15:48:26.154] [bmv2] [D] [thread 361] [55.0] [cxt 0] Deparser 'deparser': end
[15:48:26.154] [bmv2] [D] [thread 363] [55.0] [cxt 0] Transmitting packet of size 142 out of port 2
[15:48:27.143] [bmv2] [D] [thread 358] [56.0] [cxt 0] Processing packet received on port 2
[15:48:27.143] [bmv2] [D] [thread 358] [56.0] [cxt 0] Parser 'parser': start
[15:48:27.143] [bmv2] [D] [thread 358] [56.0] [cxt 0] Parser 'parser' entering state 'start'
[15:48:27.143] [bmv2] [D] [thread 358] [56.0] [cxt 0] Extracting header 'ethernet'
[15:48:27.143] [bmv2] [D] [thread 358] [56.0] [cxt 0] Parser set: setting field 'scalars.metadata.ingress_port' from field 'standard_metadata.ingress_port' (2)
[15:48:27.143] [bmv2] [D] [thread 358] [56.0] [cxt 0] Parser set: setting field 'scalars.metadata.ingress_ts' from expression, new value is 187612367
[15:48:27.144] [bmv2] [D] [thread 358] [56.0] [cxt 0] Parser set: setting field 'scalars.metadata.md_blocks_extracted' to 0
[15:48:27.144] [bmv2] [D] [thread 358] [56.0] [cxt 0] Parser set: setting field 'scalars.metadata.is_int_packet' to 0
[15:48:27.144] [bmv2] [D] [thread 358] [56.0] [cxt 0] Parser state 'start': key is 00fa
[15:48:27.144] [bmv2] [T] [thread 358] [56.0] [cxt 0] Bytes parsed: 14
[15:48:27.144] [bmv2] [D] [thread 358] [56.0] [cxt 0] Parser 'parser' entering state 'parse_int_shim'
[15:48:27.144] [bmv2] [D] [thread 358] [56.0] [cxt 0] Extracting header 'int_shim'
[15:48:27.144] [bmv2] [D] [thread 358] [56.0] [cxt 0] Parser set: setting field 'scalars.metadata.is_int_packet' to 1
[15:48:27.144] [bmv2] [D] [thread 358] [56.0] [cxt 0] Extracting header 'int_header'
[15:48:27.144] [bmv2] [D] [thread 358] [56.0] [cxt 0] Parser set: setting field 'scalars.metadata.md_blocks_extracted' from expression, new value is 251
[15:48:27.144] [bmv2] [D] [thread 358] [56.0] [cxt 0] Extracting header 'int_md[0]'
[15:48:27.144] [bmv2] [D] [thread 358] [56.0] [cxt 0] Extracting header 'int_md[1]'
[15:48:27.144] [bmv2] [D] [thread 358] [56.0] [cxt 0] Parser state 'parse_int_shim': key is 0800
[15:48:27.144] [bmv2] [T] [thread 358] [56.0] [cxt 0] Bytes parsed: 83
[15:48:27.144] [bmv2] [D] [thread 358] [56.0] [cxt 0] Parser 'parser' entering state 'parse_encapsulated_ipv4'
[15:48:27.144] [bmv2] [D] [thread 358] [56.0] [cxt 0] Extracting header 'ipv4_inner'
[15:48:27.144] [bmv2] [D] [thread 358] [56.0] [cxt 0] Parser state 'parse_encapsulated_ipv4': key is 11
[15:48:27.144] [bmv2] [T] [thread 358] [56.0] [cxt 0] Bytes parsed: 103
[15:48:27.144] [bmv2] [D] [thread 358] [56.0] [cxt 0] Parser 'parser' entering state 'parse_encapsulated_udp'
[15:48:27.144] [bmv2] [D] [thread 358] [56.0] [cxt 0] Extracting header 'udp'
[15:48:27.144] [bmv2] [D] [thread 358] [56.0] [cxt 0] Parser set: setting field 'scalars.tmp_0' from expression, new value is 1
[15:48:27.144] [bmv2] [D] [thread 358] [56.0] [cxt 0] Parser state 'parse_encapsulated_udp': key is 01
[15:48:27.144] [bmv2] [T] [thread 358] [56.0] [cxt 0] Bytes parsed: 111
[15:48:27.144] [bmv2] [D] [thread 358] [56.0] [cxt 0] Parser 'parser' entering state 'parse_encapsulated_gtp_u'
[15:48:27.144] [bmv2] [D] [thread 358] [56.0] [cxt 0] Extracting header 'gtp_u'
[15:48:27.144] [bmv2] [D] [thread 358] [56.0] [cxt 0] Parser state 'parse_encapsulated_gtp_u' has no switch, going to default next state
[15:48:27.144] [bmv2] [T] [thread 358] [56.0] [cxt 0] Bytes parsed: 119
[15:48:27.144] [bmv2] [D] [thread 358] [56.0] [cxt 0] Parser 'parser': end
[15:48:27.144] [bmv2] [D] [thread 358] [56.0] [cxt 0] Pipeline 'ingress': start
[15:48:27.144] [bmv2] [T] [thread 358] [56.0] [cxt 0] Applying table 'tbl_intgtpdestination311'
[15:48:27.144] [bmv2] [D] [thread 358] [56.0] [cxt 0] Looking up key:

[15:48:27.144] [bmv2] [D] [thread 358] [56.0] [cxt 0] Table 'tbl_intgtpdestination311': miss
[15:48:27.144] [bmv2] [D] [thread 358] [56.0] [cxt 0] Action entry is intgtpdestination311 -
[15:48:27.144] [bmv2] [T] [thread 358] [56.0] [cxt 0] Action intgtpdestination311
[15:48:27.144] [bmv2] [T] [thread 358] [56.0] [cxt 0] int-gtp-destination.p4(311) Primitive meta.switch_id = 3
[15:48:27.144] [bmv2] [T] [thread 358] [56.0] [cxt 0] int-gtp-destination.p4(313) Condition "hdr.ethernet.isValid()" (node_3) is true
[15:48:27.144] [bmv2] [T] [thread 358] [56.0] [cxt 0] int-gtp-destination.p4(314) Condition "hdr.int_shim.isValid()" (node_4) is true
[15:48:27.144] [bmv2] [T] [thread 358] [56.0] [cxt 0] int-gtp-destination.p4(316) Condition "hdr.int_header.remaining_hop_cnt > 0" (node_5) is true
[15:48:27.144] [bmv2] [T] [thread 358] [56.0] [cxt 0] Applying table 'tbl_intgtpdestination317'
[15:48:27.144] [bmv2] [D] [thread 358] [56.0] [cxt 0] Looking up key:

[15:48:27.144] [bmv2] [D] [thread 358] [56.0] [cxt 0] Table 'tbl_intgtpdestination317': miss
[15:48:27.144] [bmv2] [D] [thread 358] [56.0] [cxt 0] Action entry is intgtpdestination317 -
[15:48:27.144] [bmv2] [T] [thread 358] [56.0] [cxt 0] Action intgtpdestination317
[15:48:27.144] [bmv2] [T] [thread 358] [56.0] [cxt 0] int-gtp-destination.p4(317) Primitive hdr.int_md[2].setValid()
[15:48:27.144] [bmv2] [T] [thread 358] [56.0] [cxt 0] int-gtp-destination.p4(318) Primitive hdr.int_md[2].padding_switch = 0
[15:48:27.144] [bmv2] [T] [thread 358] [56.0] [cxt 0] int-gtp-destination.p4(319) Primitive hdr.int_md[2].switch_id = (bit<16>)meta.switch_id
[15:48:27.144] [bmv2] [T] [thread 358] [56.0] [cxt 0] int-gtp-destination.p4(320) Primitive hdr.int_md[2].ingress_port_id = (bit<16>)meta.ingress_port
[15:48:27.144] [bmv2] [T] [thread 358] [56.0] [cxt 0] int-gtp-destination.p4(321) Primitive hdr.int_md[2].ingress_timestamp = meta.ingress_ts
[15:48:27.144] [bmv2] [T] [thread 358] [56.0] [cxt 0] int-gtp-destination.p4(322) Primitive hdr.int_md[2].egress_port_id = 0
[15:48:27.144] [bmv2] [T] [thread 358] [56.0] [cxt 0] int-gtp-destination.p4(323) Primitive hdr.int_md[2].hop_latency = 0
[15:48:27.144] [bmv2] [T] [thread 358] [56.0] [cxt 0] int-gtp-destination.p4(324) Primitive hdr.int_md[2].egress_timestamp = 0
[15:48:27.144] [bmv2] [T] [thread 358] [56.0] [cxt 0] int-gtp-destination.p4(325) Primitive hdr.int_md[2].queue_occupancy = 0
[15:48:27.144] [bmv2] [T] [thread 358] [56.0] [cxt 0] int-gtp-destination.p4(326) Primitive hdr.int_md[2].congestion_notification = 0
[15:48:27.144] [bmv2] [T] [thread 358] [56.0] [cxt 0] int-gtp-destination.p4(327) Primitive hdr.int_md[2].reserved1 = 0
[15:48:27.144] [bmv2] [T] [thread 358] [56.0] [cxt 0] int-gtp-destination.p4(328) Primitive hdr.int_md[2].reserved2 = 0
[15:48:27.144] [bmv2] [T] [thread 358] [56.0] [cxt 0] int-gtp-destination.p4(330) Primitive hdr.int_header.remaining_hop_cnt = hdr.int_header.remaining_hop_cnt - 1
[15:48:27.144] [bmv2] [T] [thread 358] [56.0] [cxt 0] int-gtp-destination.p4(331) Primitive hdr.int_shim.length = hdr.int_shim.length + 32
[15:48:27.144] [bmv2] [T] [thread 358] [56.0] [cxt 0] Applying table 'MyIngress.int_sink_table'
[15:48:27.144] [bmv2] [D] [thread 358] [56.0] [cxt 0] Looking up key:
* hdr.int_shim.$valid$: 01

[15:48:27.144] [bmv2] [D] [thread 358] [56.0] [cxt 0] Table 'MyIngress.int_sink_table': hit with handle 0
[15:48:27.144] [bmv2] [D] [thread 358] [56.0] [cxt 0] Dumping entry 0
Match key:
* hdr.int_shim.$valid$: EXACT     01
Action entry: MyIngress.int_sink_action -

[15:48:27.144] [bmv2] [D] [thread 358] [56.0] [cxt 0] Action entry is MyIngress.int_sink_action -
[15:48:27.145] [bmv2] [T] [thread 358] [56.0] [cxt 0] Action MyIngress.int_sink_action
[15:48:27.145] [bmv2] [T] [thread 358] [56.0] [cxt 0] int-gtp-destination.p4(278) Primitive meta.clone_port = 9
[15:48:27.145] [bmv2] [T] [thread 358] [56.0] [cxt 0] int-gtp-destination.p4(279) Primitive clone_preserving_field_list(CloneType.I2E, 99, 99)
[15:48:27.145] [bmv2] [T] [thread 358] [56.0] [cxt 0] int-gtp-destination.p4(339) Condition "hdr.ipv4_inner.isValid()" (node_8) is true
[15:48:27.145] [bmv2] [T] [thread 358] [56.0] [cxt 0] Applying table 'MyIngress.ipv4_lpm'
[15:48:27.145] [bmv2] [D] [thread 358] [56.0] [cxt 0] Looking up key:
* hdr.ipv4_inner.dstAddr: ac120018

[15:48:27.145] [bmv2] [D] [thread 358] [56.0] [cxt 0] Table 'MyIngress.ipv4_lpm': hit with handle 1
[15:48:27.145] [bmv2] [D] [thread 358] [56.0] [cxt 0] Dumping entry 1
Match key:
* hdr.ipv4_inner.dstAddr: LPM       ac120018/32
Action entry: MyIngress.forward_action - 1,

[15:48:27.145] [bmv2] [D] [thread 358] [56.0] [cxt 0] Action entry is MyIngress.forward_action - 1,
[15:48:27.145] [bmv2] [T] [thread 358] [56.0] [cxt 0] Action MyIngress.forward_action
[15:48:27.145] [bmv2] [T] [thread 358] [56.0] [cxt 0] int-gtp-destination.p4(283) Primitive standard_metadata.egress_spec = egress_port
[15:48:27.145] [bmv2] [D] [thread 358] [56.0] [cxt 0] Pipeline 'ingress': end
[15:48:27.145] [bmv2] [D] [thread 358] [56.0] [cxt 0] Cloning packet at ingress
[15:48:27.145] [bmv2] [D] [thread 358] [56.1] [cxt 0] Parser 'parser': start
[15:48:27.145] [bmv2] [D] [thread 358] [56.1] [cxt 0] Parser 'parser' entering state 'start'
[15:48:27.145] [bmv2] [D] [thread 358] [56.1] [cxt 0] Extracting header 'ethernet'
[15:48:27.145] [bmv2] [D] [thread 358] [56.1] [cxt 0] Parser set: setting field 'scalars.metadata.ingress_port' from field 'standard_metadata.ingress_port' (2)
[15:48:27.145] [bmv2] [D] [thread 358] [56.1] [cxt 0] Parser set: setting field 'scalars.metadata.ingress_ts' from expression, new value is 0
[15:48:27.145] [bmv2] [D] [thread 358] [56.1] [cxt 0] Parser set: setting field 'scalars.metadata.md_blocks_extracted' to 0
[15:48:27.145] [bmv2] [D] [thread 358] [56.1] [cxt 0] Parser set: setting field 'scalars.metadata.is_int_packet' to 0
[15:48:27.145] [bmv2] [D] [thread 358] [56.1] [cxt 0] Parser state 'start': key is 00fa
[15:48:27.145] [bmv2] [T] [thread 358] [56.1] [cxt 0] Bytes parsed: 14
[15:48:27.145] [bmv2] [D] [thread 358] [56.1] [cxt 0] Parser 'parser' entering state 'parse_int_shim'
[15:48:27.145] [bmv2] [D] [thread 358] [56.1] [cxt 0] Extracting header 'int_shim'
[15:48:27.145] [bmv2] [D] [thread 358] [56.1] [cxt 0] Parser set: setting field 'scalars.metadata.is_int_packet' to 1
[15:48:27.145] [bmv2] [D] [thread 358] [56.1] [cxt 0] Extracting header 'int_header'
[15:48:27.145] [bmv2] [D] [thread 358] [56.1] [cxt 0] Parser set: setting field 'scalars.metadata.md_blocks_extracted' from expression, new value is 251
[15:48:27.145] [bmv2] [D] [thread 358] [56.1] [cxt 0] Extracting header 'int_md[0]'
[15:48:27.145] [bmv2] [D] [thread 358] [56.1] [cxt 0] Extracting header 'int_md[1]'
[15:48:27.145] [bmv2] [D] [thread 358] [56.1] [cxt 0] Parser state 'parse_int_shim': key is 0800
[15:48:27.145] [bmv2] [T] [thread 358] [56.1] [cxt 0] Bytes parsed: 83
[15:48:27.145] [bmv2] [D] [thread 358] [56.1] [cxt 0] Parser 'parser' entering state 'parse_encapsulated_ipv4'
[15:48:27.145] [bmv2] [D] [thread 358] [56.1] [cxt 0] Extracting header 'ipv4_inner'
[15:48:27.145] [bmv2] [D] [thread 358] [56.1] [cxt 0] Parser state 'parse_encapsulated_ipv4': key is 11
[15:48:27.145] [bmv2] [T] [thread 358] [56.1] [cxt 0] Bytes parsed: 103
[15:48:27.145] [bmv2] [D] [thread 358] [56.1] [cxt 0] Parser 'parser' entering state 'parse_encapsulated_udp'
[15:48:27.145] [bmv2] [D] [thread 358] [56.1] [cxt 0] Extracting header 'udp'
[15:48:27.145] [bmv2] [D] [thread 358] [56.1] [cxt 0] Parser set: setting field 'scalars.tmp_0' from expression, new value is 1
[15:48:27.145] [bmv2] [D] [thread 358] [56.1] [cxt 0] Parser state 'parse_encapsulated_udp': key is 01
[15:48:27.145] [bmv2] [T] [thread 358] [56.1] [cxt 0] Bytes parsed: 111
[15:48:27.145] [bmv2] [D] [thread 358] [56.1] [cxt 0] Parser 'parser' entering state 'parse_encapsulated_gtp_u'
[15:48:27.145] [bmv2] [D] [thread 358] [56.1] [cxt 0] Extracting header 'gtp_u'
[15:48:27.145] [bmv2] [D] [thread 358] [56.1] [cxt 0] Parser state 'parse_encapsulated_gtp_u' has no switch, going to default next state
[15:48:27.145] [bmv2] [T] [thread 358] [56.1] [cxt 0] Bytes parsed: 119
[15:48:27.145] [bmv2] [D] [thread 358] [56.1] [cxt 0] Parser 'parser': end
[15:48:27.145] [bmv2] [D] [thread 358] [56.0] [cxt 0] Cloning packet to egress port 9
[15:48:27.145] [bmv2] [D] [thread 360] [56.1] [cxt 0] Pipeline 'egress': start
[15:48:27.145] [bmv2] [T] [thread 360] [56.1] [cxt 0] int-gtp-destination.p4(402) Condition "hdr.int_shim.isValid()" (node_12) is true
[15:48:27.145] [bmv2] [T] [thread 360] [56.1] [cxt 0] Applying table 'tbl_update_int_metadata'
[15:48:27.145] [bmv2] [D] [thread 360] [56.1] [cxt 0] Looking up key:

[15:48:27.145] [bmv2] [D] [thread 360] [56.1] [cxt 0] Table 'tbl_update_int_metadata': miss
[15:48:27.145] [bmv2] [D] [thread 360] [56.1] [cxt 0] Action entry is MyEgress.update_int_metadata -
[15:48:27.145] [bmv2] [T] [thread 360] [56.1] [cxt 0] Action MyEgress.update_int_metadata
[15:48:27.145] [bmv2] [T] [thread 360] [56.1] [cxt 0] int-gtp-destination.p4(352) Primitive if
[15:48:27.145] [bmv2] [T] [thread 360] [56.1] [cxt 0] int-gtp-destination.p4(353) Primitive hdr.int_md[2].setValid()
[15:48:27.145] [bmv2] [T] [thread 360] [56.1] [cxt 0] int-gtp-destination.p4(354) Primitive hdr.int_md[2].padding_switch = 0
[15:48:27.145] [bmv2] [T] [thread 360] [56.1] [cxt 0] int-gtp-destination.p4(355) Primitive hdr.int_md[2].switch_id = (bit<16>)meta.switch_id
[15:48:27.145] [bmv2] [T] [thread 360] [56.1] [cxt 0] int-gtp-destination.p4(356) Primitive hdr.int_md[2].ingress_port_id = (bit<16>)meta.ingress_port
[15:48:27.145] [bmv2] [T] [thread 360] [56.1] [cxt 0] int-gtp-destination.p4(357) Primitive hdr.int_md[2].ingress_timestamp = meta.ingress_ts
[15:48:27.145] [bmv2] [T] [thread 360] [56.1] [cxt 0] int-gtp-destination.p4(362) Primitive hdr.int_md[2].congestion_notification = 0
[15:48:27.145] [bmv2] [T] [thread 360] [56.1] [cxt 0] int-gtp-destination.p4(363) Primitive hdr.int_md[2].reserved1 = 0
[15:48:27.146] [bmv2] [T] [thread 360] [56.1] [cxt 0] int-gtp-destination.p4(364) Primitive hdr.int_md[2].reserved2 = 0
[15:48:27.146] [bmv2] [T] [thread 360] [56.1] [cxt 0] int-gtp-destination.p4(368) Primitive hdr.int_md[2].egress_port_id = (bit<16>)standard_metadata.egress_port
[15:48:27.146] [bmv2] [T] [thread 360] [56.1] [cxt 0] int-gtp-destination.p4(369) Primitive hdr.int_md[2].egress_timestamp = (bit<32>)standard_metadata.egress_global_timestamp
[15:48:27.146] [bmv2] [T] [thread 360] [56.1] [cxt 0] int-gtp-destination.p4(370) Primitive hdr.int_md[2].hop_latency = hdr.int_md[2].egress_timestamp - hdr.int_md[2].ingress_timestamp
[15:48:27.146] [bmv2] [T] [thread 360] [56.1] [cxt 0] int-gtp-destination.p4(371) Primitive hdr.int_md[2].queue_occupancy = (bit<32>)standard_metadata.enq_qdepth
[15:48:27.146] [bmv2] [T] [thread 360] [56.1] [cxt 0] int-gtp-destination.p4(408) Condition "standard_metadata.instance_type == 1 || standard_metadata.egress_port == 9" (node_14) is true
[15:48:27.146] [bmv2] [D] [thread 360] [56.1] [cxt 0] Pipeline 'egress': end
[15:48:27.146] [bmv2] [D] [thread 360] [56.1] [cxt 0] Deparser 'deparser': start
[15:48:27.146] [bmv2] [D] [thread 360] [56.1] [cxt 0] Deparsing header 'ethernet'
[15:48:27.146] [bmv2] [D] [thread 360] [56.1] [cxt 0] Deparsing header 'int_shim'
[15:48:27.146] [bmv2] [D] [thread 360] [56.1] [cxt 0] Deparsing header 'int_header'
[15:48:27.146] [bmv2] [D] [thread 360] [56.1] [cxt 0] Deparsing header 'int_md[0]'
[15:48:27.146] [bmv2] [D] [thread 360] [56.1] [cxt 0] Deparsing header 'int_md[1]'
[15:48:27.146] [bmv2] [D] [thread 360] [56.1] [cxt 0] Deparsing header 'int_md[2]'
[15:48:27.146] [bmv2] [D] [thread 360] [56.1] [cxt 0] Deparsing header 'ipv4_inner'
[15:48:27.146] [bmv2] [D] [thread 360] [56.1] [cxt 0] Deparsing header 'udp'
[15:48:27.146] [bmv2] [D] [thread 360] [56.1] [cxt 0] Deparsing header 'gtp_u'
[15:48:27.146] [bmv2] [D] [thread 360] [56.1] [cxt 0] Deparser 'deparser': end
[15:48:27.146] [bmv2] [D] [thread 358] [56.0] [cxt 0] Egress port is 1
[15:48:27.146] [bmv2] [D] [thread 363] [56.1] [cxt 0] Transmitting packet of size 239 out of port 9
[15:48:27.146] [bmv2] [D] [thread 360] [56.0] [cxt 0] Pipeline 'egress': start
[15:48:27.146] [bmv2] [T] [thread 360] [56.0] [cxt 0] int-gtp-destination.p4(402) Condition "hdr.int_shim.isValid()" (node_12) is true
[15:48:27.146] [bmv2] [T] [thread 360] [56.0] [cxt 0] Applying table 'tbl_update_int_metadata'
[15:48:27.146] [bmv2] [D] [thread 360] [56.0] [cxt 0] Looking up key:

[15:48:27.146] [bmv2] [D] [thread 360] [56.0] [cxt 0] Table 'tbl_update_int_metadata': miss
[15:48:27.146] [bmv2] [D] [thread 360] [56.0] [cxt 0] Action entry is MyEgress.update_int_metadata -
[15:48:27.146] [bmv2] [T] [thread 360] [56.0] [cxt 0] Action MyEgress.update_int_metadata
[15:48:27.146] [bmv2] [T] [thread 360] [56.0] [cxt 0] int-gtp-destination.p4(352) Primitive if
[15:48:27.146] [bmv2] [T] [thread 360] [56.0] [cxt 0] int-gtp-destination.p4(352) Primitive if
[15:48:27.146] [bmv2] [T] [thread 360] [56.0] [cxt 0] int-gtp-destination.p4(368) Primitive hdr.int_md[2].egress_port_id = (bit<16>)standard_metadata.egress_port
[15:48:27.146] [bmv2] [T] [thread 360] [56.0] [cxt 0] int-gtp-destination.p4(369) Primitive hdr.int_md[2].egress_timestamp = (bit<32>)standard_metadata.egress_global_timestamp
[15:48:27.146] [bmv2] [T] [thread 360] [56.0] [cxt 0] int-gtp-destination.p4(370) Primitive hdr.int_md[2].hop_latency = hdr.int_md[2].egress_timestamp - hdr.int_md[2].ingress_timestamp
[15:48:27.146] [bmv2] [T] [thread 360] [56.0] [cxt 0] int-gtp-destination.p4(371) Primitive hdr.int_md[2].queue_occupancy = (bit<32>)standard_metadata.enq_qdepth
[15:48:27.146] [bmv2] [T] [thread 360] [56.0] [cxt 0] int-gtp-destination.p4(408) Condition "standard_metadata.instance_type == 1 || standard_metadata.egress_port == 9" (node_14) is false
[15:48:27.146] [bmv2] [T] [thread 360] [56.0] [cxt 0] Applying table 'MyEgress.egress_control'
[15:48:27.146] [bmv2] [D] [thread 360] [56.0] [cxt 0] Looking up key:
* standard_metadata.egress_port: 0001

[15:48:27.146] [bmv2] [D] [thread 360] [56.0] [cxt 0] Table 'MyEgress.egress_control': hit with handle 0
[15:48:27.146] [bmv2] [D] [thread 360] [56.0] [cxt 0] Dumping entry 0
Match key:
* standard_metadata.egress_port: EXACT     0001
Action entry: MyEgress.strip_int_headers -

[15:48:27.146] [bmv2] [D] [thread 360] [56.0] [cxt 0] Action entry is MyEgress.strip_int_headers -
[15:48:27.146] [bmv2] [T] [thread 360] [56.0] [cxt 0] Action MyEgress.strip_int_headers
[15:48:27.146] [bmv2] [T] [thread 360] [56.0] [cxt 0] int-gtp-destination.p4(375) Primitive hdr.ethernet.etherType = hdr.int_shim.next_proto
[15:48:27.146] [bmv2] [T] [thread 360] [56.0] [cxt 0] int-gtp-destination.p4(376) Primitive hdr.int_shim.setInvalid()
[15:48:27.146] [bmv2] [T] [thread 360] [56.0] [cxt 0] int-gtp-destination.p4(377) Primitive hdr.int_header.setInvalid()
[15:48:27.146] [bmv2] [T] [thread 360] [56.0] [cxt 0] int-gtp-destination.p4(379) Primitive hdr.int_md[0].setInvalid()
[15:48:27.146] [bmv2] [T] [thread 360] [56.0] [cxt 0] int-gtp-destination.p4(380) Primitive hdr.int_md[1].setInvalid()
[15:48:27.146] [bmv2] [T] [thread 360] [56.0] [cxt 0] int-gtp-destination.p4(381) Primitive hdr.int_md[2].setInvalid()
[15:48:27.146] [bmv2] [T] [thread 360] [56.0] [cxt 0] int-gtp-destination.p4(382) Primitive hdr.int_md[3].setInvalid()
[15:48:27.146] [bmv2] [T] [thread 360] [56.0] [cxt 0] int-gtp-destination.p4(383) Primitive hdr.int_md[4].setInvalid()
[15:48:27.146] [bmv2] [T] [thread 360] [56.0] [cxt 0] int-gtp-destination.p4(384) Primitive hdr.int_md[5].setInvalid()
[15:48:27.146] [bmv2] [T] [thread 360] [56.0] [cxt 0] int-gtp-destination.p4(385) Primitive hdr.int_md[6].setInvalid()
[15:48:27.146] [bmv2] [T] [thread 360] [56.0] [cxt 0] int-gtp-destination.p4(386) Primitive hdr.int_md[7].setInvalid()
[15:48:27.146] [bmv2] [D] [thread 360] [56.0] [cxt 0] Pipeline 'egress': end
[15:48:27.146] [bmv2] [D] [thread 360] [56.0] [cxt 0] Deparser 'deparser': start
[15:48:27.146] [bmv2] [D] [thread 360] [56.0] [cxt 0] Deparsing header 'ethernet'
[15:48:27.146] [bmv2] [D] [thread 360] [56.0] [cxt 0] Deparsing header 'ipv4_inner'
[15:48:27.146] [bmv2] [D] [thread 360] [56.0] [cxt 0] Deparsing header 'udp'
[15:48:27.146] [bmv2] [D] [thread 360] [56.0] [cxt 0] Deparsing header 'gtp_u'
[15:48:27.146] [bmv2] [D] [thread 360] [56.0] [cxt 0] Deparser 'deparser': end
[15:48:27.146] [bmv2] [D] [thread 363] [56.0] [cxt 0] Transmitting packet of size 142 out of port 1
[15:48:27.182] [bmv2] [D] [thread 358] [57.0] [cxt 0] Processing packet received on port 1
[15:48:27.182] [bmv2] [D] [thread 358] [57.0] [cxt 0] Parser 'parser': start
[15:48:27.182] [bmv2] [D] [thread 358] [57.0] [cxt 0] Parser 'parser' entering state 'start'
[15:48:27.182] [bmv2] [D] [thread 358] [57.0] [cxt 0] Extracting header 'ethernet'
[15:48:27.182] [bmv2] [D] [thread 358] [57.0] [cxt 0] Parser set: setting field 'scalars.metadata.ingress_port' from field 'standard_metadata.ingress_port' (1)
[15:48:27.182] [bmv2] [D] [thread 358] [57.0] [cxt 0] Parser set: setting field 'scalars.metadata.ingress_ts' from expression, new value is 187650545
[15:48:27.182] [bmv2] [D] [thread 358] [57.0] [cxt 0] Parser set: setting field 'scalars.metadata.md_blocks_extracted' to 0
[15:48:27.182] [bmv2] [D] [thread 358] [57.0] [cxt 0] Parser set: setting field 'scalars.metadata.is_int_packet' to 0
[15:48:27.182] [bmv2] [D] [thread 358] [57.0] [cxt 0] Parser state 'start': key is 0800
[15:48:27.182] [bmv2] [T] [thread 358] [57.0] [cxt 0] Bytes parsed: 14
[15:48:27.182] [bmv2] [D] [thread 358] [57.0] [cxt 0] Parser 'parser' entering state 'parse_ipv4'
[15:48:27.182] [bmv2] [D] [thread 358] [57.0] [cxt 0] Extracting header 'ipv4_inner'
[15:48:27.182] [bmv2] [D] [thread 358] [57.0] [cxt 0] Parser state 'parse_ipv4': key is 11
[15:48:27.182] [bmv2] [T] [thread 358] [57.0] [cxt 0] Bytes parsed: 34
[15:48:27.182] [bmv2] [D] [thread 358] [57.0] [cxt 0] Parser 'parser' entering state 'parse_udp'
[15:48:27.182] [bmv2] [D] [thread 358] [57.0] [cxt 0] Extracting header 'udp'
[15:48:27.182] [bmv2] [D] [thread 358] [57.0] [cxt 0] Parser set: setting field 'scalars.tmp' from expression, new value is 1
[15:48:27.182] [bmv2] [D] [thread 358] [57.0] [cxt 0] Parser state 'parse_udp': key is 01
[15:48:27.182] [bmv2] [T] [thread 358] [57.0] [cxt 0] Bytes parsed: 42
[15:48:27.182] [bmv2] [D] [thread 358] [57.0] [cxt 0] Parser 'parser' entering state 'parse_gtp_u'
[15:48:27.182] [bmv2] [D] [thread 358] [57.0] [cxt 0] Extracting header 'gtp_u'
[15:48:27.182] [bmv2] [D] [thread 358] [57.0] [cxt 0] Parser state 'parse_gtp_u' has no switch, going to default next state
[15:48:27.182] [bmv2] [T] [thread 358] [57.0] [cxt 0] Bytes parsed: 50
[15:48:27.182] [bmv2] [D] [thread 358] [57.0] [cxt 0] Parser 'parser': end
[15:48:27.182] [bmv2] [D] [thread 358] [57.0] [cxt 0] Pipeline 'ingress': start
[15:48:27.182] [bmv2] [T] [thread 358] [57.0] [cxt 0] Applying table 'tbl_intgtpdestination311'
[15:48:27.182] [bmv2] [D] [thread 358] [57.0] [cxt 0] Looking up key:

[15:48:27.182] [bmv2] [D] [thread 358] [57.0] [cxt 0] Table 'tbl_intgtpdestination311': miss
[15:48:27.182] [bmv2] [D] [thread 358] [57.0] [cxt 0] Action entry is intgtpdestination311 -
[15:48:27.182] [bmv2] [T] [thread 358] [57.0] [cxt 0] Action intgtpdestination311
[15:48:27.182] [bmv2] [T] [thread 358] [57.0] [cxt 0] int-gtp-destination.p4(311) Primitive meta.switch_id = 3
[15:48:27.182] [bmv2] [T] [thread 358] [57.0] [cxt 0] int-gtp-destination.p4(313) Condition "hdr.ethernet.isValid()" (node_3) is true
[15:48:27.182] [bmv2] [T] [thread 358] [57.0] [cxt 0] int-gtp-destination.p4(314) Condition "hdr.int_shim.isValid()" (node_4) is false
[15:48:27.182] [bmv2] [T] [thread 358] [57.0] [cxt 0] int-gtp-destination.p4(339) Condition "hdr.ipv4_inner.isValid()" (node_8) is true
[15:48:27.182] [bmv2] [T] [thread 358] [57.0] [cxt 0] Applying table 'MyIngress.ipv4_lpm'
[15:48:27.182] [bmv2] [D] [thread 358] [57.0] [cxt 0] Looking up key:
* hdr.ipv4_inner.dstAddr: ac120a03

[15:48:27.182] [bmv2] [D] [thread 358] [57.0] [cxt 0] Table 'MyIngress.ipv4_lpm': hit with handle 2
[15:48:27.182] [bmv2] [D] [thread 358] [57.0] [cxt 0] Dumping entry 2
Match key:
* hdr.ipv4_inner.dstAddr: LPM       ac120a03/32
Action entry: MyIngress.forward_action - 2,

[15:48:27.182] [bmv2] [D] [thread 358] [57.0] [cxt 0] Action entry is MyIngress.forward_action - 2,
[15:48:27.182] [bmv2] [T] [thread 358] [57.0] [cxt 0] Action MyIngress.forward_action
[15:48:27.182] [bmv2] [T] [thread 358] [57.0] [cxt 0] int-gtp-destination.p4(283) Primitive standard_metadata.egress_spec = egress_port
[15:48:27.182] [bmv2] [D] [thread 358] [57.0] [cxt 0] Pipeline 'ingress': end
[15:48:27.182] [bmv2] [D] [thread 358] [57.0] [cxt 0] Egress port is 2
[15:48:27.182] [bmv2] [D] [thread 361] [57.0] [cxt 0] Pipeline 'egress': start
[15:48:27.182] [bmv2] [T] [thread 361] [57.0] [cxt 0] int-gtp-destination.p4(402) Condition "hdr.int_shim.isValid()" (node_12) is false
[15:48:27.182] [bmv2] [D] [thread 361] [57.0] [cxt 0] Pipeline 'egress': end
[15:48:27.182] [bmv2] [D] [thread 361] [57.0] [cxt 0] Deparser 'deparser': start
[15:48:27.182] [bmv2] [D] [thread 361] [57.0] [cxt 0] Deparsing header 'ethernet'
[15:48:27.183] [bmv2] [D] [thread 361] [57.0] [cxt 0] Deparsing header 'ipv4_inner'
[15:48:27.183] [bmv2] [D] [thread 361] [57.0] [cxt 0] Deparsing header 'udp'
[15:48:27.183] [bmv2] [D] [thread 361] [57.0] [cxt 0] Deparsing header 'gtp_u'
[15:48:27.183] [bmv2] [D] [thread 361] [57.0] [cxt 0] Deparser 'deparser': end
[15:48:27.183] [bmv2] [D] [thread 363] [57.0] [cxt 0] Transmitting packet of size 142 out of port 2
[15:48:28.161] [bmv2] [D] [thread 358] [58.0] [cxt 0] Processing packet received on port 2
[15:48:28.161] [bmv2] [D] [thread 358] [58.0] [cxt 0] Parser 'parser': start
[15:48:28.161] [bmv2] [D] [thread 358] [58.0] [cxt 0] Parser 'parser' entering state 'start'
[15:48:28.161] [bmv2] [D] [thread 358] [58.0] [cxt 0] Extracting header 'ethernet'
[15:48:28.161] [bmv2] [D] [thread 358] [58.0] [cxt 0] Parser set: setting field 'scalars.metadata.ingress_port' from field 'standard_metadata.ingress_port' (2)
[15:48:28.161] [bmv2] [D] [thread 358] [58.0] [cxt 0] Parser set: setting field 'scalars.metadata.ingress_ts' from expression, new value is 188629731
[15:48:28.161] [bmv2] [D] [thread 358] [58.0] [cxt 0] Parser set: setting field 'scalars.metadata.md_blocks_extracted' to 0
[15:48:28.161] [bmv2] [D] [thread 358] [58.0] [cxt 0] Parser set: setting field 'scalars.metadata.is_int_packet' to 0
[15:48:28.161] [bmv2] [D] [thread 358] [58.0] [cxt 0] Parser state 'start': key is 00fa
[15:48:28.161] [bmv2] [T] [thread 358] [58.0] [cxt 0] Bytes parsed: 14
[15:48:28.161] [bmv2] [D] [thread 358] [58.0] [cxt 0] Parser 'parser' entering state 'parse_int_shim'
[15:48:28.161] [bmv2] [D] [thread 358] [58.0] [cxt 0] Extracting header 'int_shim'
[15:48:28.161] [bmv2] [D] [thread 358] [58.0] [cxt 0] Parser set: setting field 'scalars.metadata.is_int_packet' to 1
[15:48:28.161] [bmv2] [D] [thread 358] [58.0] [cxt 0] Extracting header 'int_header'
[15:48:28.161] [bmv2] [D] [thread 358] [58.0] [cxt 0] Parser set: setting field 'scalars.metadata.md_blocks_extracted' from expression, new value is 251
[15:48:28.161] [bmv2] [D] [thread 358] [58.0] [cxt 0] Extracting header 'int_md[0]'
[15:48:28.161] [bmv2] [D] [thread 358] [58.0] [cxt 0] Extracting header 'int_md[1]'
[15:48:28.161] [bmv2] [D] [thread 358] [58.0] [cxt 0] Parser state 'parse_int_shim': key is 0800
[15:48:28.161] [bmv2] [T] [thread 358] [58.0] [cxt 0] Bytes parsed: 83
[15:48:28.161] [bmv2] [D] [thread 358] [58.0] [cxt 0] Parser 'parser' entering state 'parse_encapsulated_ipv4'
[15:48:28.161] [bmv2] [D] [thread 358] [58.0] [cxt 0] Extracting header 'ipv4_inner'
[15:48:28.161] [bmv2] [D] [thread 358] [58.0] [cxt 0] Parser state 'parse_encapsulated_ipv4': key is 11
[15:48:28.161] [bmv2] [T] [thread 358] [58.0] [cxt 0] Bytes parsed: 103
[15:48:28.161] [bmv2] [D] [thread 358] [58.0] [cxt 0] Parser 'parser' entering state 'parse_encapsulated_udp'
[15:48:28.161] [bmv2] [D] [thread 358] [58.0] [cxt 0] Extracting header 'udp'
[15:48:28.161] [bmv2] [D] [thread 358] [58.0] [cxt 0] Parser set: setting field 'scalars.tmp_0' from expression, new value is 1
[15:48:28.161] [bmv2] [D] [thread 358] [58.0] [cxt 0] Parser state 'parse_encapsulated_udp': key is 01
[15:48:28.161] [bmv2] [T] [thread 358] [58.0] [cxt 0] Bytes parsed: 111
[15:48:28.161] [bmv2] [D] [thread 358] [58.0] [cxt 0] Parser 'parser' entering state 'parse_encapsulated_gtp_u'
[15:48:28.161] [bmv2] [D] [thread 358] [58.0] [cxt 0] Extracting header 'gtp_u'
[15:48:28.161] [bmv2] [D] [thread 358] [58.0] [cxt 0] Parser state 'parse_encapsulated_gtp_u' has no switch, going to default next state
[15:48:28.161] [bmv2] [T] [thread 358] [58.0] [cxt 0] Bytes parsed: 119
[15:48:28.161] [bmv2] [D] [thread 358] [58.0] [cxt 0] Parser 'parser': end
[15:48:28.161] [bmv2] [D] [thread 358] [58.0] [cxt 0] Pipeline 'ingress': start
[15:48:28.161] [bmv2] [T] [thread 358] [58.0] [cxt 0] Applying table 'tbl_intgtpdestination311'
[15:48:28.161] [bmv2] [D] [thread 358] [58.0] [cxt 0] Looking up key:

[15:48:28.161] [bmv2] [D] [thread 358] [58.0] [cxt 0] Table 'tbl_intgtpdestination311': miss
[15:48:28.161] [bmv2] [D] [thread 358] [58.0] [cxt 0] Action entry is intgtpdestination311 -
[15:48:28.161] [bmv2] [T] [thread 358] [58.0] [cxt 0] Action intgtpdestination311
[15:48:28.161] [bmv2] [T] [thread 358] [58.0] [cxt 0] int-gtp-destination.p4(311) Primitive meta.switch_id = 3
[15:48:28.161] [bmv2] [T] [thread 358] [58.0] [cxt 0] int-gtp-destination.p4(313) Condition "hdr.ethernet.isValid()" (node_3) is true
[15:48:28.161] [bmv2] [T] [thread 358] [58.0] [cxt 0] int-gtp-destination.p4(314) Condition "hdr.int_shim.isValid()" (node_4) is true
[15:48:28.161] [bmv2] [T] [thread 358] [58.0] [cxt 0] int-gtp-destination.p4(316) Condition "hdr.int_header.remaining_hop_cnt > 0" (node_5) is true
[15:48:28.161] [bmv2] [T] [thread 358] [58.0] [cxt 0] Applying table 'tbl_intgtpdestination317'
[15:48:28.161] [bmv2] [D] [thread 358] [58.0] [cxt 0] Looking up key:

[15:48:28.161] [bmv2] [D] [thread 358] [58.0] [cxt 0] Table 'tbl_intgtpdestination317': miss
[15:48:28.161] [bmv2] [D] [thread 358] [58.0] [cxt 0] Action entry is intgtpdestination317 -
[15:48:28.161] [bmv2] [T] [thread 358] [58.0] [cxt 0] Action intgtpdestination317
[15:48:28.162] [bmv2] [T] [thread 358] [58.0] [cxt 0] int-gtp-destination.p4(317) Primitive hdr.int_md[2].setValid()
[15:48:28.162] [bmv2] [T] [thread 358] [58.0] [cxt 0] int-gtp-destination.p4(318) Primitive hdr.int_md[2].padding_switch = 0
[15:48:28.162] [bmv2] [T] [thread 358] [58.0] [cxt 0] int-gtp-destination.p4(319) Primitive hdr.int_md[2].switch_id = (bit<16>)meta.switch_id
[15:48:28.162] [bmv2] [T] [thread 358] [58.0] [cxt 0] int-gtp-destination.p4(320) Primitive hdr.int_md[2].ingress_port_id = (bit<16>)meta.ingress_port
[15:48:28.162] [bmv2] [T] [thread 358] [58.0] [cxt 0] int-gtp-destination.p4(321) Primitive hdr.int_md[2].ingress_timestamp = meta.ingress_ts
[15:48:28.162] [bmv2] [T] [thread 358] [58.0] [cxt 0] int-gtp-destination.p4(322) Primitive hdr.int_md[2].egress_port_id = 0
[15:48:28.162] [bmv2] [T] [thread 358] [58.0] [cxt 0] int-gtp-destination.p4(323) Primitive hdr.int_md[2].hop_latency = 0
[15:48:28.162] [bmv2] [T] [thread 358] [58.0] [cxt 0] int-gtp-destination.p4(324) Primitive hdr.int_md[2].egress_timestamp = 0
[15:48:28.162] [bmv2] [T] [thread 358] [58.0] [cxt 0] int-gtp-destination.p4(325) Primitive hdr.int_md[2].queue_occupancy = 0
[15:48:28.162] [bmv2] [T] [thread 358] [58.0] [cxt 0] int-gtp-destination.p4(326) Primitive hdr.int_md[2].congestion_notification = 0
[15:48:28.162] [bmv2] [T] [thread 358] [58.0] [cxt 0] int-gtp-destination.p4(327) Primitive hdr.int_md[2].reserved1 = 0
[15:48:28.162] [bmv2] [T] [thread 358] [58.0] [cxt 0] int-gtp-destination.p4(328) Primitive hdr.int_md[2].reserved2 = 0
[15:48:28.162] [bmv2] [T] [thread 358] [58.0] [cxt 0] int-gtp-destination.p4(330) Primitive hdr.int_header.remaining_hop_cnt = hdr.int_header.remaining_hop_cnt - 1
[15:48:28.162] [bmv2] [T] [thread 358] [58.0] [cxt 0] int-gtp-destination.p4(331) Primitive hdr.int_shim.length = hdr.int_shim.length + 32
[15:48:28.162] [bmv2] [T] [thread 358] [58.0] [cxt 0] Applying table 'MyIngress.int_sink_table'
[15:48:28.162] [bmv2] [D] [thread 358] [58.0] [cxt 0] Looking up key:
* hdr.int_shim.$valid$: 01

[15:48:28.162] [bmv2] [D] [thread 358] [58.0] [cxt 0] Table 'MyIngress.int_sink_table': hit with handle 0
[15:48:28.162] [bmv2] [D] [thread 358] [58.0] [cxt 0] Dumping entry 0
Match key:
* hdr.int_shim.$valid$: EXACT     01
Action entry: MyIngress.int_sink_action -

[15:48:28.162] [bmv2] [D] [thread 358] [58.0] [cxt 0] Action entry is MyIngress.int_sink_action -
[15:48:28.162] [bmv2] [T] [thread 358] [58.0] [cxt 0] Action MyIngress.int_sink_action
[15:48:28.162] [bmv2] [T] [thread 358] [58.0] [cxt 0] int-gtp-destination.p4(278) Primitive meta.clone_port = 9
[15:48:28.162] [bmv2] [T] [thread 358] [58.0] [cxt 0] int-gtp-destination.p4(279) Primitive clone_preserving_field_list(CloneType.I2E, 99, 99)
[15:48:28.162] [bmv2] [T] [thread 358] [58.0] [cxt 0] int-gtp-destination.p4(339) Condition "hdr.ipv4_inner.isValid()" (node_8) is true
[15:48:28.162] [bmv2] [T] [thread 358] [58.0] [cxt 0] Applying table 'MyIngress.ipv4_lpm'
[15:48:28.162] [bmv2] [D] [thread 358] [58.0] [cxt 0] Looking up key:
* hdr.ipv4_inner.dstAddr: ac120018

[15:48:28.162] [bmv2] [D] [thread 358] [58.0] [cxt 0] Table 'MyIngress.ipv4_lpm': hit with handle 1
[15:48:28.162] [bmv2] [D] [thread 358] [58.0] [cxt 0] Dumping entry 1
Match key:
* hdr.ipv4_inner.dstAddr: LPM       ac120018/32
Action entry: MyIngress.forward_action - 1,

[15:48:28.162] [bmv2] [D] [thread 358] [58.0] [cxt 0] Action entry is MyIngress.forward_action - 1,
[15:48:28.162] [bmv2] [T] [thread 358] [58.0] [cxt 0] Action MyIngress.forward_action
[15:48:28.162] [bmv2] [T] [thread 358] [58.0] [cxt 0] int-gtp-destination.p4(283) Primitive standard_metadata.egress_spec = egress_port
[15:48:28.162] [bmv2] [D] [thread 358] [58.0] [cxt 0] Pipeline 'ingress': end
[15:48:28.162] [bmv2] [D] [thread 358] [58.0] [cxt 0] Cloning packet at ingress
[15:48:28.162] [bmv2] [D] [thread 358] [58.1] [cxt 0] Parser 'parser': start
[15:48:28.162] [bmv2] [D] [thread 358] [58.1] [cxt 0] Parser 'parser' entering state 'start'
[15:48:28.162] [bmv2] [D] [thread 358] [58.1] [cxt 0] Extracting header 'ethernet'
[15:48:28.162] [bmv2] [D] [thread 358] [58.1] [cxt 0] Parser set: setting field 'scalars.metadata.ingress_port' from field 'standard_metadata.ingress_port' (2)
[15:48:28.162] [bmv2] [D] [thread 358] [58.1] [cxt 0] Parser set: setting field 'scalars.metadata.ingress_ts' from expression, new value is 0
[15:48:28.162] [bmv2] [D] [thread 358] [58.1] [cxt 0] Parser set: setting field 'scalars.metadata.md_blocks_extracted' to 0
[15:48:28.162] [bmv2] [D] [thread 358] [58.1] [cxt 0] Parser set: setting field 'scalars.metadata.is_int_packet' to 0
[15:48:28.162] [bmv2] [D] [thread 358] [58.1] [cxt 0] Parser state 'start': key is 00fa
[15:48:28.162] [bmv2] [T] [thread 358] [58.1] [cxt 0] Bytes parsed: 14
[15:48:28.162] [bmv2] [D] [thread 358] [58.1] [cxt 0] Parser 'parser' entering state 'parse_int_shim'
[15:48:28.162] [bmv2] [D] [thread 358] [58.1] [cxt 0] Extracting header 'int_shim'
[15:48:28.162] [bmv2] [D] [thread 358] [58.1] [cxt 0] Parser set: setting field 'scalars.metadata.is_int_packet' to 1
[15:48:28.162] [bmv2] [D] [thread 358] [58.1] [cxt 0] Extracting header 'int_header'
[15:48:28.162] [bmv2] [D] [thread 358] [58.1] [cxt 0] Parser set: setting field 'scalars.metadata.md_blocks_extracted' from expression, new value is 251
[15:48:28.162] [bmv2] [D] [thread 358] [58.1] [cxt 0] Extracting header 'int_md[0]'
[15:48:28.162] [bmv2] [D] [thread 358] [58.1] [cxt 0] Extracting header 'int_md[1]'
[15:48:28.162] [bmv2] [D] [thread 358] [58.1] [cxt 0] Parser state 'parse_int_shim': key is 0800
[15:48:28.162] [bmv2] [T] [thread 358] [58.1] [cxt 0] Bytes parsed: 83
[15:48:28.162] [bmv2] [D] [thread 358] [58.1] [cxt 0] Parser 'parser' entering state 'parse_encapsulated_ipv4'
[15:48:28.162] [bmv2] [D] [thread 358] [58.1] [cxt 0] Extracting header 'ipv4_inner'
[15:48:28.162] [bmv2] [D] [thread 358] [58.1] [cxt 0] Parser state 'parse_encapsulated_ipv4': key is 11
[15:48:28.162] [bmv2] [T] [thread 358] [58.1] [cxt 0] Bytes parsed: 103
[15:48:28.162] [bmv2] [D] [thread 358] [58.1] [cxt 0] Parser 'parser' entering state 'parse_encapsulated_udp'
[15:48:28.162] [bmv2] [D] [thread 358] [58.1] [cxt 0] Extracting header 'udp'
[15:48:28.162] [bmv2] [D] [thread 358] [58.1] [cxt 0] Parser set: setting field 'scalars.tmp_0' from expression, new value is 1
[15:48:28.163] [bmv2] [D] [thread 358] [58.1] [cxt 0] Parser state 'parse_encapsulated_udp': key is 01
[15:48:28.163] [bmv2] [T] [thread 358] [58.1] [cxt 0] Bytes parsed: 111
[15:48:28.163] [bmv2] [D] [thread 358] [58.1] [cxt 0] Parser 'parser' entering state 'parse_encapsulated_gtp_u'
[15:48:28.163] [bmv2] [D] [thread 358] [58.1] [cxt 0] Extracting header 'gtp_u'
[15:48:28.163] [bmv2] [D] [thread 358] [58.1] [cxt 0] Parser state 'parse_encapsulated_gtp_u' has no switch, going to default next state
[15:48:28.163] [bmv2] [T] [thread 358] [58.1] [cxt 0] Bytes parsed: 119
[15:48:28.163] [bmv2] [D] [thread 358] [58.1] [cxt 0] Parser 'parser': end
[15:48:28.163] [bmv2] [D] [thread 358] [58.0] [cxt 0] Cloning packet to egress port 9
[15:48:28.163] [bmv2] [D] [thread 358] [58.0] [cxt 0] Egress port is 1
[15:48:28.163] [bmv2] [D] [thread 360] [58.1] [cxt 0] Pipeline 'egress': start
[15:48:28.163] [bmv2] [T] [thread 360] [58.1] [cxt 0] int-gtp-destination.p4(402) Condition "hdr.int_shim.isValid()" (node_12) is true
[15:48:28.163] [bmv2] [T] [thread 360] [58.1] [cxt 0] Applying table 'tbl_update_int_metadata'
[15:48:28.163] [bmv2] [D] [thread 360] [58.1] [cxt 0] Looking up key:

[15:48:28.163] [bmv2] [D] [thread 360] [58.1] [cxt 0] Table 'tbl_update_int_metadata': miss
[15:48:28.163] [bmv2] [D] [thread 360] [58.1] [cxt 0] Action entry is MyEgress.update_int_metadata -
[15:48:28.163] [bmv2] [T] [thread 360] [58.1] [cxt 0] Action MyEgress.update_int_metadata
[15:48:28.163] [bmv2] [T] [thread 360] [58.1] [cxt 0] int-gtp-destination.p4(352) Primitive if
[15:48:28.163] [bmv2] [T] [thread 360] [58.1] [cxt 0] int-gtp-destination.p4(353) Primitive hdr.int_md[2].setValid()
[15:48:28.163] [bmv2] [T] [thread 360] [58.1] [cxt 0] int-gtp-destination.p4(354) Primitive hdr.int_md[2].padding_switch = 0
[15:48:28.163] [bmv2] [T] [thread 360] [58.1] [cxt 0] int-gtp-destination.p4(355) Primitive hdr.int_md[2].switch_id = (bit<16>)meta.switch_id
[15:48:28.163] [bmv2] [T] [thread 360] [58.1] [cxt 0] int-gtp-destination.p4(356) Primitive hdr.int_md[2].ingress_port_id = (bit<16>)meta.ingress_port
[15:48:28.163] [bmv2] [T] [thread 360] [58.1] [cxt 0] int-gtp-destination.p4(357) Primitive hdr.int_md[2].ingress_timestamp = meta.ingress_ts
[15:48:28.163] [bmv2] [T] [thread 360] [58.1] [cxt 0] int-gtp-destination.p4(362) Primitive hdr.int_md[2].congestion_notification = 0
[15:48:28.163] [bmv2] [T] [thread 360] [58.1] [cxt 0] int-gtp-destination.p4(363) Primitive hdr.int_md[2].reserved1 = 0
[15:48:28.163] [bmv2] [T] [thread 360] [58.1] [cxt 0] int-gtp-destination.p4(364) Primitive hdr.int_md[2].reserved2 = 0
[15:48:28.163] [bmv2] [T] [thread 360] [58.1] [cxt 0] int-gtp-destination.p4(368) Primitive hdr.int_md[2].egress_port_id = (bit<16>)standard_metadata.egress_port
[15:48:28.163] [bmv2] [T] [thread 360] [58.1] [cxt 0] int-gtp-destination.p4(369) Primitive hdr.int_md[2].egress_timestamp = (bit<32>)standard_metadata.egress_global_timestamp
[15:48:28.163] [bmv2] [T] [thread 360] [58.1] [cxt 0] int-gtp-destination.p4(370) Primitive hdr.int_md[2].hop_latency = hdr.int_md[2].egress_timestamp - hdr.int_md[2].ingress_timestamp
[15:48:28.163] [bmv2] [T] [thread 360] [58.1] [cxt 0] int-gtp-destination.p4(371) Primitive hdr.int_md[2].queue_occupancy = (bit<32>)standard_metadata.enq_qdepth
[15:48:28.163] [bmv2] [T] [thread 360] [58.1] [cxt 0] int-gtp-destination.p4(408) Condition "standard_metadata.instance_type == 1 || standard_metadata.egress_port == 9" (node_14) is true
[15:48:28.163] [bmv2] [D] [thread 360] [58.1] [cxt 0] Pipeline 'egress': end
[15:48:28.163] [bmv2] [D] [thread 360] [58.1] [cxt 0] Deparser 'deparser': start
[15:48:28.163] [bmv2] [D] [thread 360] [58.1] [cxt 0] Deparsing header 'ethernet'
[15:48:28.163] [bmv2] [D] [thread 360] [58.1] [cxt 0] Deparsing header 'int_shim'
[15:48:28.163] [bmv2] [D] [thread 360] [58.1] [cxt 0] Deparsing header 'int_header'
[15:48:28.163] [bmv2] [D] [thread 360] [58.1] [cxt 0] Deparsing header 'int_md[0]'
[15:48:28.163] [bmv2] [D] [thread 360] [58.1] [cxt 0] Deparsing header 'int_md[1]'
[15:48:28.163] [bmv2] [D] [thread 360] [58.1] [cxt 0] Deparsing header 'int_md[2]'
[15:48:28.163] [bmv2] [D] [thread 360] [58.1] [cxt 0] Deparsing header 'ipv4_inner'
[15:48:28.163] [bmv2] [D] [thread 360] [58.1] [cxt 0] Deparsing header 'udp'
[15:48:28.163] [bmv2] [D] [thread 360] [58.1] [cxt 0] Deparsing header 'gtp_u'
[15:48:28.163] [bmv2] [D] [thread 360] [58.1] [cxt 0] Deparser 'deparser': end
[15:48:28.163] [bmv2] [D] [thread 360] [58.0] [cxt 0] Pipeline 'egress': start
[15:48:28.163] [bmv2] [T] [thread 360] [58.0] [cxt 0] int-gtp-destination.p4(402) Condition "hdr.int_shim.isValid()" (node_12) is true
[15:48:28.163] [bmv2] [T] [thread 360] [58.0] [cxt 0] Applying table 'tbl_update_int_metadata'
[15:48:28.163] [bmv2] [D] [thread 360] [58.0] [cxt 0] Looking up key:

[15:48:28.163] [bmv2] [D] [thread 363] [58.1] [cxt 0] Transmitting packet of size 239 out of port 9
[15:48:28.163] [bmv2] [D] [thread 360] [58.0] [cxt 0] Table 'tbl_update_int_metadata': miss
[15:48:28.163] [bmv2] [D] [thread 360] [58.0] [cxt 0] Action entry is MyEgress.update_int_metadata -
[15:48:28.163] [bmv2] [T] [thread 360] [58.0] [cxt 0] Action MyEgress.update_int_metadata
[15:48:28.163] [bmv2] [T] [thread 360] [58.0] [cxt 0] int-gtp-destination.p4(352) Primitive if
[15:48:28.163] [bmv2] [T] [thread 360] [58.0] [cxt 0] int-gtp-destination.p4(352) Primitive if
[15:48:28.163] [bmv2] [T] [thread 360] [58.0] [cxt 0] int-gtp-destination.p4(368) Primitive hdr.int_md[2].egress_port_id = (bit<16>)standard_metadata.egress_port
[15:48:28.163] [bmv2] [T] [thread 360] [58.0] [cxt 0] int-gtp-destination.p4(369) Primitive hdr.int_md[2].egress_timestamp = (bit<32>)standard_metadata.egress_global_timestamp
[15:48:28.163] [bmv2] [T] [thread 360] [58.0] [cxt 0] int-gtp-destination.p4(370) Primitive hdr.int_md[2].hop_latency = hdr.int_md[2].egress_timestamp - hdr.int_md[2].ingress_timestamp
[15:48:28.163] [bmv2] [T] [thread 360] [58.0] [cxt 0] int-gtp-destination.p4(371) Primitive hdr.int_md[2].queue_occupancy = (bit<32>)standard_metadata.enq_qdepth
[15:48:28.163] [bmv2] [T] [thread 360] [58.0] [cxt 0] int-gtp-destination.p4(408) Condition "standard_metadata.instance_type == 1 || standard_metadata.egress_port == 9" (node_14) is false
[15:48:28.163] [bmv2] [T] [thread 360] [58.0] [cxt 0] Applying table 'MyEgress.egress_control'
[15:48:28.163] [bmv2] [D] [thread 360] [58.0] [cxt 0] Looking up key:
* standard_metadata.egress_port: 0001

[15:48:28.163] [bmv2] [D] [thread 360] [58.0] [cxt 0] Table 'MyEgress.egress_control': hit with handle 0
[15:48:28.163] [bmv2] [D] [thread 360] [58.0] [cxt 0] Dumping entry 0
Match key:
* standard_metadata.egress_port: EXACT     0001
Action entry: MyEgress.strip_int_headers -

[15:48:28.163] [bmv2] [D] [thread 360] [58.0] [cxt 0] Action entry is MyEgress.strip_int_headers -
[15:48:28.163] [bmv2] [T] [thread 360] [58.0] [cxt 0] Action MyEgress.strip_int_headers
[15:48:28.163] [bmv2] [T] [thread 360] [58.0] [cxt 0] int-gtp-destination.p4(375) Primitive hdr.ethernet.etherType = hdr.int_shim.next_proto
[15:48:28.163] [bmv2] [T] [thread 360] [58.0] [cxt 0] int-gtp-destination.p4(376) Primitive hdr.int_shim.setInvalid()
[15:48:28.163] [bmv2] [T] [thread 360] [58.0] [cxt 0] int-gtp-destination.p4(377) Primitive hdr.int_header.setInvalid()
[15:48:28.163] [bmv2] [T] [thread 360] [58.0] [cxt 0] int-gtp-destination.p4(379) Primitive hdr.int_md[0].setInvalid()
[15:48:28.163] [bmv2] [T] [thread 360] [58.0] [cxt 0] int-gtp-destination.p4(380) Primitive hdr.int_md[1].setInvalid()
[15:48:28.163] [bmv2] [T] [thread 360] [58.0] [cxt 0] int-gtp-destination.p4(381) Primitive hdr.int_md[2].setInvalid()
[15:48:28.163] [bmv2] [T] [thread 360] [58.0] [cxt 0] int-gtp-destination.p4(382) Primitive hdr.int_md[3].setInvalid()
[15:48:28.163] [bmv2] [T] [thread 360] [58.0] [cxt 0] int-gtp-destination.p4(383) Primitive hdr.int_md[4].setInvalid()
[15:48:28.163] [bmv2] [T] [thread 360] [58.0] [cxt 0] int-gtp-destination.p4(384) Primitive hdr.int_md[5].setInvalid()
[15:48:28.163] [bmv2] [T] [thread 360] [58.0] [cxt 0] int-gtp-destination.p4(385) Primitive hdr.int_md[6].setInvalid()
[15:48:28.163] [bmv2] [T] [thread 360] [58.0] [cxt 0] int-gtp-destination.p4(386) Primitive hdr.int_md[7].setInvalid()
[15:48:28.163] [bmv2] [D] [thread 360] [58.0] [cxt 0] Pipeline 'egress': end
[15:48:28.163] [bmv2] [D] [thread 360] [58.0] [cxt 0] Deparser 'deparser': start
[15:48:28.163] [bmv2] [D] [thread 360] [58.0] [cxt 0] Deparsing header 'ethernet'
[15:48:28.163] [bmv2] [D] [thread 360] [58.0] [cxt 0] Deparsing header 'ipv4_inner'
[15:48:28.163] [bmv2] [D] [thread 360] [58.0] [cxt 0] Deparsing header 'udp'
[15:48:28.163] [bmv2] [D] [thread 360] [58.0] [cxt 0] Deparsing header 'gtp_u'
[15:48:28.163] [bmv2] [D] [thread 360] [58.0] [cxt 0] Deparser 'deparser': end
[15:48:28.163] [bmv2] [D] [thread 363] [58.0] [cxt 0] Transmitting packet of size 142 out of port 1
[15:48:28.215] [bmv2] [D] [thread 358] [59.0] [cxt 0] Processing packet received on port 1
[15:48:28.215] [bmv2] [D] [thread 358] [59.0] [cxt 0] Parser 'parser': start
[15:48:28.215] [bmv2] [D] [thread 358] [59.0] [cxt 0] Parser 'parser' entering state 'start'
[15:48:28.215] [bmv2] [D] [thread 358] [59.0] [cxt 0] Extracting header 'ethernet'
[15:48:28.215] [bmv2] [D] [thread 358] [59.0] [cxt 0] Parser set: setting field 'scalars.metadata.ingress_port' from field 'standard_metadata.ingress_port' (1)
[15:48:28.215] [bmv2] [D] [thread 358] [59.0] [cxt 0] Parser set: setting field 'scalars.metadata.ingress_ts' from expression, new value is 188684280
[15:48:28.215] [bmv2] [D] [thread 358] [59.0] [cxt 0] Parser set: setting field 'scalars.metadata.md_blocks_extracted' to 0
[15:48:28.216] [bmv2] [D] [thread 358] [59.0] [cxt 0] Parser set: setting field 'scalars.metadata.is_int_packet' to 0
[15:48:28.216] [bmv2] [D] [thread 358] [59.0] [cxt 0] Parser state 'start': key is 0800
[15:48:28.216] [bmv2] [T] [thread 358] [59.0] [cxt 0] Bytes parsed: 14
[15:48:28.216] [bmv2] [D] [thread 358] [59.0] [cxt 0] Parser 'parser' entering state 'parse_ipv4'
[15:48:28.216] [bmv2] [D] [thread 358] [59.0] [cxt 0] Extracting header 'ipv4_inner'
[15:48:28.216] [bmv2] [D] [thread 358] [59.0] [cxt 0] Parser state 'parse_ipv4': key is 11
[15:48:28.216] [bmv2] [T] [thread 358] [59.0] [cxt 0] Bytes parsed: 34
[15:48:28.216] [bmv2] [D] [thread 358] [59.0] [cxt 0] Parser 'parser' entering state 'parse_udp'
[15:48:28.216] [bmv2] [D] [thread 358] [59.0] [cxt 0] Extracting header 'udp'
[15:48:28.216] [bmv2] [D] [thread 358] [59.0] [cxt 0] Parser set: setting field 'scalars.tmp' from expression, new value is 1
[15:48:28.216] [bmv2] [D] [thread 358] [59.0] [cxt 0] Parser state 'parse_udp': key is 01
[15:48:28.216] [bmv2] [T] [thread 358] [59.0] [cxt 0] Bytes parsed: 42
[15:48:28.216] [bmv2] [D] [thread 358] [59.0] [cxt 0] Parser 'parser' entering state 'parse_gtp_u'
[15:48:28.216] [bmv2] [D] [thread 358] [59.0] [cxt 0] Extracting header 'gtp_u'
[15:48:28.216] [bmv2] [D] [thread 358] [59.0] [cxt 0] Parser state 'parse_gtp_u' has no switch, going to default next state
[15:48:28.216] [bmv2] [T] [thread 358] [59.0] [cxt 0] Bytes parsed: 50
[15:48:28.216] [bmv2] [D] [thread 358] [59.0] [cxt 0] Parser 'parser': end
[15:48:28.216] [bmv2] [D] [thread 358] [59.0] [cxt 0] Pipeline 'ingress': start
[15:48:28.216] [bmv2] [T] [thread 358] [59.0] [cxt 0] Applying table 'tbl_intgtpdestination311'
[15:48:28.216] [bmv2] [D] [thread 358] [59.0] [cxt 0] Looking up key:

[15:48:28.216] [bmv2] [D] [thread 358] [59.0] [cxt 0] Table 'tbl_intgtpdestination311': miss
[15:48:28.216] [bmv2] [D] [thread 358] [59.0] [cxt 0] Action entry is intgtpdestination311 -
[15:48:28.216] [bmv2] [T] [thread 358] [59.0] [cxt 0] Action intgtpdestination311
[15:48:28.216] [bmv2] [T] [thread 358] [59.0] [cxt 0] int-gtp-destination.p4(311) Primitive meta.switch_id = 3
[15:48:28.216] [bmv2] [T] [thread 358] [59.0] [cxt 0] int-gtp-destination.p4(313) Condition "hdr.ethernet.isValid()" (node_3) is true
[15:48:28.216] [bmv2] [T] [thread 358] [59.0] [cxt 0] int-gtp-destination.p4(314) Condition "hdr.int_shim.isValid()" (node_4) is false
[15:48:28.216] [bmv2] [T] [thread 358] [59.0] [cxt 0] int-gtp-destination.p4(339) Condition "hdr.ipv4_inner.isValid()" (node_8) is true
[15:48:28.216] [bmv2] [T] [thread 358] [59.0] [cxt 0] Applying table 'MyIngress.ipv4_lpm'
[15:48:28.216] [bmv2] [D] [thread 358] [59.0] [cxt 0] Looking up key:
* hdr.ipv4_inner.dstAddr: ac120a03

[15:48:28.216] [bmv2] [D] [thread 358] [59.0] [cxt 0] Table 'MyIngress.ipv4_lpm': hit with handle 2
[15:48:28.216] [bmv2] [D] [thread 358] [59.0] [cxt 0] Dumping entry 2
Match key:
* hdr.ipv4_inner.dstAddr: LPM       ac120a03/32
Action entry: MyIngress.forward_action - 2,

[15:48:28.216] [bmv2] [D] [thread 358] [59.0] [cxt 0] Action entry is MyIngress.forward_action - 2,
[15:48:28.216] [bmv2] [T] [thread 358] [59.0] [cxt 0] Action MyIngress.forward_action
[15:48:28.216] [bmv2] [T] [thread 358] [59.0] [cxt 0] int-gtp-destination.p4(283) Primitive standard_metadata.egress_spec = egress_port
[15:48:28.216] [bmv2] [D] [thread 358] [59.0] [cxt 0] Pipeline 'ingress': end
[15:48:28.216] [bmv2] [D] [thread 358] [59.0] [cxt 0] Egress port is 2
[15:48:28.216] [bmv2] [D] [thread 361] [59.0] [cxt 0] Pipeline 'egress': start
[15:48:28.216] [bmv2] [T] [thread 361] [59.0] [cxt 0] int-gtp-destination.p4(402) Condition "hdr.int_shim.isValid()" (node_12) is false
[15:48:28.216] [bmv2] [D] [thread 361] [59.0] [cxt 0] Pipeline 'egress': end
[15:48:28.216] [bmv2] [D] [thread 361] [59.0] [cxt 0] Deparser 'deparser': start
[15:48:28.216] [bmv2] [D] [thread 361] [59.0] [cxt 0] Deparsing header 'ethernet'
[15:48:28.216] [bmv2] [D] [thread 361] [59.0] [cxt 0] Deparsing header 'ipv4_inner'
[15:48:28.216] [bmv2] [D] [thread 361] [59.0] [cxt 0] Deparsing header 'udp'
[15:48:28.216] [bmv2] [D] [thread 361] [59.0] [cxt 0] Deparsing header 'gtp_u'
[15:48:28.217] [bmv2] [D] [thread 361] [59.0] [cxt 0] Deparser 'deparser': end
[15:48:28.217] [bmv2] [D] [thread 363] [59.0] [cxt 0] Transmitting packet of size 142 out of port 2
[15:48:29.191] [bmv2] [D] [thread 358] [60.0] [cxt 0] Processing packet received on port 2
[15:48:29.191] [bmv2] [D] [thread 358] [60.0] [cxt 0] Parser 'parser': start
[15:48:29.191] [bmv2] [D] [thread 358] [60.0] [cxt 0] Parser 'parser' entering state 'start'
[15:48:29.191] [bmv2] [D] [thread 358] [60.0] [cxt 0] Extracting header 'ethernet'
[15:48:29.191] [bmv2] [D] [thread 358] [60.0] [cxt 0] Parser set: setting field 'scalars.metadata.ingress_port' from field 'standard_metadata.ingress_port' (2)
[15:48:29.191] [bmv2] [D] [thread 358] [60.0] [cxt 0] Parser set: setting field 'scalars.metadata.ingress_ts' from expression, new value is 189660377
[15:48:29.192] [bmv2] [D] [thread 358] [60.0] [cxt 0] Parser set: setting field 'scalars.metadata.md_blocks_extracted' to 0
[15:48:29.192] [bmv2] [D] [thread 358] [60.0] [cxt 0] Parser set: setting field 'scalars.metadata.is_int_packet' to 0
[15:48:29.192] [bmv2] [D] [thread 358] [60.0] [cxt 0] Parser state 'start': key is 00fa
[15:48:29.192] [bmv2] [T] [thread 358] [60.0] [cxt 0] Bytes parsed: 14
[15:48:29.192] [bmv2] [D] [thread 358] [60.0] [cxt 0] Parser 'parser' entering state 'parse_int_shim'
[15:48:29.192] [bmv2] [D] [thread 358] [60.0] [cxt 0] Extracting header 'int_shim'
[15:48:29.192] [bmv2] [D] [thread 358] [60.0] [cxt 0] Parser set: setting field 'scalars.metadata.is_int_packet' to 1
[15:48:29.192] [bmv2] [D] [thread 358] [60.0] [cxt 0] Extracting header 'int_header'
[15:48:29.192] [bmv2] [D] [thread 358] [60.0] [cxt 0] Parser set: setting field 'scalars.metadata.md_blocks_extracted' from expression, new value is 251
[15:48:29.192] [bmv2] [D] [thread 358] [60.0] [cxt 0] Extracting header 'int_md[0]'
[15:48:29.192] [bmv2] [D] [thread 358] [60.0] [cxt 0] Extracting header 'int_md[1]'
[15:48:29.192] [bmv2] [D] [thread 358] [60.0] [cxt 0] Parser state 'parse_int_shim': key is 0800
[15:48:29.192] [bmv2] [T] [thread 358] [60.0] [cxt 0] Bytes parsed: 83
[15:48:29.192] [bmv2] [D] [thread 358] [60.0] [cxt 0] Parser 'parser' entering state 'parse_encapsulated_ipv4'
[15:48:29.192] [bmv2] [D] [thread 358] [60.0] [cxt 0] Extracting header 'ipv4_inner'
[15:48:29.192] [bmv2] [D] [thread 358] [60.0] [cxt 0] Parser state 'parse_encapsulated_ipv4': key is 11
[15:48:29.192] [bmv2] [T] [thread 358] [60.0] [cxt 0] Bytes parsed: 103
[15:48:29.192] [bmv2] [D] [thread 358] [60.0] [cxt 0] Parser 'parser' entering state 'parse_encapsulated_udp'
[15:48:29.192] [bmv2] [D] [thread 358] [60.0] [cxt 0] Extracting header 'udp'
[15:48:29.192] [bmv2] [D] [thread 358] [60.0] [cxt 0] Parser set: setting field 'scalars.tmp_0' from expression, new value is 1
[15:48:29.192] [bmv2] [D] [thread 358] [60.0] [cxt 0] Parser state 'parse_encapsulated_udp': key is 01
[15:48:29.192] [bmv2] [T] [thread 358] [60.0] [cxt 0] Bytes parsed: 111
[15:48:29.192] [bmv2] [D] [thread 358] [60.0] [cxt 0] Parser 'parser' entering state 'parse_encapsulated_gtp_u'
[15:48:29.192] [bmv2] [D] [thread 358] [60.0] [cxt 0] Extracting header 'gtp_u'
[15:48:29.192] [bmv2] [D] [thread 358] [60.0] [cxt 0] Parser state 'parse_encapsulated_gtp_u' has no switch, going to default next state
[15:48:29.192] [bmv2] [T] [thread 358] [60.0] [cxt 0] Bytes parsed: 119
[15:48:29.192] [bmv2] [D] [thread 358] [60.0] [cxt 0] Parser 'parser': end
[15:48:29.192] [bmv2] [D] [thread 358] [60.0] [cxt 0] Pipeline 'ingress': start
[15:48:29.192] [bmv2] [T] [thread 358] [60.0] [cxt 0] Applying table 'tbl_intgtpdestination311'
[15:48:29.192] [bmv2] [D] [thread 358] [60.0] [cxt 0] Looking up key:

[15:48:29.192] [bmv2] [D] [thread 358] [60.0] [cxt 0] Table 'tbl_intgtpdestination311': miss
[15:48:29.192] [bmv2] [D] [thread 358] [60.0] [cxt 0] Action entry is intgtpdestination311 -
[15:48:29.192] [bmv2] [T] [thread 358] [60.0] [cxt 0] Action intgtpdestination311
[15:48:29.192] [bmv2] [T] [thread 358] [60.0] [cxt 0] int-gtp-destination.p4(311) Primitive meta.switch_id = 3
[15:48:29.192] [bmv2] [T] [thread 358] [60.0] [cxt 0] int-gtp-destination.p4(313) Condition "hdr.ethernet.isValid()" (node_3) is true
[15:48:29.192] [bmv2] [T] [thread 358] [60.0] [cxt 0] int-gtp-destination.p4(314) Condition "hdr.int_shim.isValid()" (node_4) is true
[15:48:29.192] [bmv2] [T] [thread 358] [60.0] [cxt 0] int-gtp-destination.p4(316) Condition "hdr.int_header.remaining_hop_cnt > 0" (node_5) is true
[15:48:29.192] [bmv2] [T] [thread 358] [60.0] [cxt 0] Applying table 'tbl_intgtpdestination317'
[15:48:29.192] [bmv2] [D] [thread 358] [60.0] [cxt 0] Looking up key:

[15:48:29.192] [bmv2] [D] [thread 358] [60.0] [cxt 0] Table 'tbl_intgtpdestination317': miss
[15:48:29.192] [bmv2] [D] [thread 358] [60.0] [cxt 0] Action entry is intgtpdestination317 -
[15:48:29.192] [bmv2] [T] [thread 358] [60.0] [cxt 0] Action intgtpdestination317
[15:48:29.192] [bmv2] [T] [thread 358] [60.0] [cxt 0] int-gtp-destination.p4(317) Primitive hdr.int_md[2].setValid()
[15:48:29.192] [bmv2] [T] [thread 358] [60.0] [cxt 0] int-gtp-destination.p4(318) Primitive hdr.int_md[2].padding_switch = 0
[15:48:29.192] [bmv2] [T] [thread 358] [60.0] [cxt 0] int-gtp-destination.p4(319) Primitive hdr.int_md[2].switch_id = (bit<16>)meta.switch_id
[15:48:29.192] [bmv2] [T] [thread 358] [60.0] [cxt 0] int-gtp-destination.p4(320) Primitive hdr.int_md[2].ingress_port_id = (bit<16>)meta.ingress_port
[15:48:29.192] [bmv2] [T] [thread 358] [60.0] [cxt 0] int-gtp-destination.p4(321) Primitive hdr.int_md[2].ingress_timestamp = meta.ingress_ts
[15:48:29.192] [bmv2] [T] [thread 358] [60.0] [cxt 0] int-gtp-destination.p4(322) Primitive hdr.int_md[2].egress_port_id = 0
[15:48:29.192] [bmv2] [T] [thread 358] [60.0] [cxt 0] int-gtp-destination.p4(323) Primitive hdr.int_md[2].hop_latency = 0
[15:48:29.192] [bmv2] [T] [thread 358] [60.0] [cxt 0] int-gtp-destination.p4(324) Primitive hdr.int_md[2].egress_timestamp = 0
[15:48:29.192] [bmv2] [T] [thread 358] [60.0] [cxt 0] int-gtp-destination.p4(325) Primitive hdr.int_md[2].queue_occupancy = 0
[15:48:29.192] [bmv2] [T] [thread 358] [60.0] [cxt 0] int-gtp-destination.p4(326) Primitive hdr.int_md[2].congestion_notification = 0
[15:48:29.192] [bmv2] [T] [thread 358] [60.0] [cxt 0] int-gtp-destination.p4(327) Primitive hdr.int_md[2].reserved1 = 0
[15:48:29.192] [bmv2] [T] [thread 358] [60.0] [cxt 0] int-gtp-destination.p4(328) Primitive hdr.int_md[2].reserved2 = 0
[15:48:29.192] [bmv2] [T] [thread 358] [60.0] [cxt 0] int-gtp-destination.p4(330) Primitive hdr.int_header.remaining_hop_cnt = hdr.int_header.remaining_hop_cnt - 1
[15:48:29.192] [bmv2] [T] [thread 358] [60.0] [cxt 0] int-gtp-destination.p4(331) Primitive hdr.int_shim.length = hdr.int_shim.length + 32
[15:48:29.192] [bmv2] [T] [thread 358] [60.0] [cxt 0] Applying table 'MyIngress.int_sink_table'
[15:48:29.192] [bmv2] [D] [thread 358] [60.0] [cxt 0] Looking up key:
* hdr.int_shim.$valid$: 01

[15:48:29.192] [bmv2] [D] [thread 358] [60.0] [cxt 0] Table 'MyIngress.int_sink_table': hit with handle 0
[15:48:29.192] [bmv2] [D] [thread 358] [60.0] [cxt 0] Dumping entry 0
Match key:
* hdr.int_shim.$valid$: EXACT     01
Action entry: MyIngress.int_sink_action -

[15:48:29.192] [bmv2] [D] [thread 358] [60.0] [cxt 0] Action entry is MyIngress.int_sink_action -
[15:48:29.192] [bmv2] [T] [thread 358] [60.0] [cxt 0] Action MyIngress.int_sink_action
[15:48:29.192] [bmv2] [T] [thread 358] [60.0] [cxt 0] int-gtp-destination.p4(278) Primitive meta.clone_port = 9
[15:48:29.192] [bmv2] [T] [thread 358] [60.0] [cxt 0] int-gtp-destination.p4(279) Primitive clone_preserving_field_list(CloneType.I2E, 99, 99)
[15:48:29.192] [bmv2] [T] [thread 358] [60.0] [cxt 0] int-gtp-destination.p4(339) Condition "hdr.ipv4_inner.isValid()" (node_8) is true
[15:48:29.192] [bmv2] [T] [thread 358] [60.0] [cxt 0] Applying table 'MyIngress.ipv4_lpm'
[15:48:29.192] [bmv2] [D] [thread 358] [60.0] [cxt 0] Looking up key:
* hdr.ipv4_inner.dstAddr: ac120018

[15:48:29.192] [bmv2] [D] [thread 358] [60.0] [cxt 0] Table 'MyIngress.ipv4_lpm': hit with handle 1
[15:48:29.192] [bmv2] [D] [thread 358] [60.0] [cxt 0] Dumping entry 1
Match key:
* hdr.ipv4_inner.dstAddr: LPM       ac120018/32
Action entry: MyIngress.forward_action - 1,

[15:48:29.193] [bmv2] [D] [thread 358] [60.0] [cxt 0] Action entry is MyIngress.forward_action - 1,
[15:48:29.193] [bmv2] [T] [thread 358] [60.0] [cxt 0] Action MyIngress.forward_action
[15:48:29.193] [bmv2] [T] [thread 358] [60.0] [cxt 0] int-gtp-destination.p4(283) Primitive standard_metadata.egress_spec = egress_port
[15:48:29.193] [bmv2] [D] [thread 358] [60.0] [cxt 0] Pipeline 'ingress': end
[15:48:29.193] [bmv2] [D] [thread 358] [60.0] [cxt 0] Cloning packet at ingress
[15:48:29.193] [bmv2] [D] [thread 358] [60.1] [cxt 0] Parser 'parser': start
[15:48:29.193] [bmv2] [D] [thread 358] [60.1] [cxt 0] Parser 'parser' entering state 'start'
[15:48:29.193] [bmv2] [D] [thread 358] [60.1] [cxt 0] Extracting header 'ethernet'
[15:48:29.193] [bmv2] [D] [thread 358] [60.1] [cxt 0] Parser set: setting field 'scalars.metadata.ingress_port' from field 'standard_metadata.ingress_port' (2)
[15:48:29.193] [bmv2] [D] [thread 358] [60.1] [cxt 0] Parser set: setting field 'scalars.metadata.ingress_ts' from expression, new value is 0
[15:48:29.193] [bmv2] [D] [thread 358] [60.1] [cxt 0] Parser set: setting field 'scalars.metadata.md_blocks_extracted' to 0
[15:48:29.193] [bmv2] [D] [thread 358] [60.1] [cxt 0] Parser set: setting field 'scalars.metadata.is_int_packet' to 0
[15:48:29.193] [bmv2] [D] [thread 358] [60.1] [cxt 0] Parser state 'start': key is 00fa
[15:48:29.193] [bmv2] [T] [thread 358] [60.1] [cxt 0] Bytes parsed: 14
[15:48:29.193] [bmv2] [D] [thread 358] [60.1] [cxt 0] Parser 'parser' entering state 'parse_int_shim'
[15:48:29.193] [bmv2] [D] [thread 358] [60.1] [cxt 0] Extracting header 'int_shim'
[15:48:29.193] [bmv2] [D] [thread 358] [60.1] [cxt 0] Parser set: setting field 'scalars.metadata.is_int_packet' to 1
[15:48:29.193] [bmv2] [D] [thread 358] [60.1] [cxt 0] Extracting header 'int_header'
[15:48:29.193] [bmv2] [D] [thread 358] [60.1] [cxt 0] Parser set: setting field 'scalars.metadata.md_blocks_extracted' from expression, new value is 251
[15:48:29.193] [bmv2] [D] [thread 358] [60.1] [cxt 0] Extracting header 'int_md[0]'
[15:48:29.193] [bmv2] [D] [thread 358] [60.1] [cxt 0] Extracting header 'int_md[1]'
[15:48:29.193] [bmv2] [D] [thread 358] [60.1] [cxt 0] Parser state 'parse_int_shim': key is 0800
[15:48:29.193] [bmv2] [T] [thread 358] [60.1] [cxt 0] Bytes parsed: 83
[15:48:29.193] [bmv2] [D] [thread 358] [60.1] [cxt 0] Parser 'parser' entering state 'parse_encapsulated_ipv4'
[15:48:29.193] [bmv2] [D] [thread 358] [60.1] [cxt 0] Extracting header 'ipv4_inner'
[15:48:29.193] [bmv2] [D] [thread 358] [60.1] [cxt 0] Parser state 'parse_encapsulated_ipv4': key is 11
[15:48:29.193] [bmv2] [T] [thread 358] [60.1] [cxt 0] Bytes parsed: 103
[15:48:29.193] [bmv2] [D] [thread 358] [60.1] [cxt 0] Parser 'parser' entering state 'parse_encapsulated_udp'
[15:48:29.193] [bmv2] [D] [thread 358] [60.1] [cxt 0] Extracting header 'udp'
[15:48:29.193] [bmv2] [D] [thread 358] [60.1] [cxt 0] Parser set: setting field 'scalars.tmp_0' from expression, new value is 1
[15:48:29.193] [bmv2] [D] [thread 358] [60.1] [cxt 0] Parser state 'parse_encapsulated_udp': key is 01
[15:48:29.193] [bmv2] [T] [thread 358] [60.1] [cxt 0] Bytes parsed: 111
[15:48:29.193] [bmv2] [D] [thread 358] [60.1] [cxt 0] Parser 'parser' entering state 'parse_encapsulated_gtp_u'
[15:48:29.193] [bmv2] [D] [thread 358] [60.1] [cxt 0] Extracting header 'gtp_u'
[15:48:29.193] [bmv2] [D] [thread 358] [60.1] [cxt 0] Parser state 'parse_encapsulated_gtp_u' has no switch, going to default next state
[15:48:29.193] [bmv2] [T] [thread 358] [60.1] [cxt 0] Bytes parsed: 119
[15:48:29.193] [bmv2] [D] [thread 358] [60.1] [cxt 0] Parser 'parser': end
[15:48:29.193] [bmv2] [D] [thread 358] [60.0] [cxt 0] Cloning packet to egress port 9
[15:48:29.193] [bmv2] [D] [thread 358] [60.0] [cxt 0] Egress port is 1
[15:48:29.193] [bmv2] [D] [thread 360] [60.1] [cxt 0] Pipeline 'egress': start
[15:48:29.193] [bmv2] [T] [thread 360] [60.1] [cxt 0] int-gtp-destination.p4(402) Condition "hdr.int_shim.isValid()" (node_12) is true
[15:48:29.193] [bmv2] [T] [thread 360] [60.1] [cxt 0] Applying table 'tbl_update_int_metadata'
[15:48:29.193] [bmv2] [D] [thread 360] [60.1] [cxt 0] Looking up key:

[15:48:29.193] [bmv2] [D] [thread 360] [60.1] [cxt 0] Table 'tbl_update_int_metadata': miss
[15:48:29.193] [bmv2] [D] [thread 360] [60.1] [cxt 0] Action entry is MyEgress.update_int_metadata -
[15:48:29.193] [bmv2] [T] [thread 360] [60.1] [cxt 0] Action MyEgress.update_int_metadata
[15:48:29.193] [bmv2] [T] [thread 360] [60.1] [cxt 0] int-gtp-destination.p4(352) Primitive if
[15:48:29.193] [bmv2] [T] [thread 360] [60.1] [cxt 0] int-gtp-destination.p4(353) Primitive hdr.int_md[2].setValid()
[15:48:29.193] [bmv2] [T] [thread 360] [60.1] [cxt 0] int-gtp-destination.p4(354) Primitive hdr.int_md[2].padding_switch = 0
[15:48:29.193] [bmv2] [T] [thread 360] [60.1] [cxt 0] int-gtp-destination.p4(355) Primitive hdr.int_md[2].switch_id = (bit<16>)meta.switch_id
[15:48:29.193] [bmv2] [T] [thread 360] [60.1] [cxt 0] int-gtp-destination.p4(356) Primitive hdr.int_md[2].ingress_port_id = (bit<16>)meta.ingress_port
[15:48:29.193] [bmv2] [T] [thread 360] [60.1] [cxt 0] int-gtp-destination.p4(357) Primitive hdr.int_md[2].ingress_timestamp = meta.ingress_ts
[15:48:29.193] [bmv2] [T] [thread 360] [60.1] [cxt 0] int-gtp-destination.p4(362) Primitive hdr.int_md[2].congestion_notification = 0
[15:48:29.193] [bmv2] [T] [thread 360] [60.1] [cxt 0] int-gtp-destination.p4(363) Primitive hdr.int_md[2].reserved1 = 0
[15:48:29.193] [bmv2] [T] [thread 360] [60.1] [cxt 0] int-gtp-destination.p4(364) Primitive hdr.int_md[2].reserved2 = 0
[15:48:29.193] [bmv2] [T] [thread 360] [60.1] [cxt 0] int-gtp-destination.p4(368) Primitive hdr.int_md[2].egress_port_id = (bit<16>)standard_metadata.egress_port
[15:48:29.193] [bmv2] [T] [thread 360] [60.1] [cxt 0] int-gtp-destination.p4(369) Primitive hdr.int_md[2].egress_timestamp = (bit<32>)standard_metadata.egress_global_timestamp
[15:48:29.193] [bmv2] [T] [thread 360] [60.1] [cxt 0] int-gtp-destination.p4(370) Primitive hdr.int_md[2].hop_latency = hdr.int_md[2].egress_timestamp - hdr.int_md[2].ingress_timestamp
[15:48:29.193] [bmv2] [T] [thread 360] [60.1] [cxt 0] int-gtp-destination.p4(371) Primitive hdr.int_md[2].queue_occupancy = (bit<32>)standard_metadata.enq_qdepth
[15:48:29.193] [bmv2] [T] [thread 360] [60.1] [cxt 0] int-gtp-destination.p4(408) Condition "standard_metadata.instance_type == 1 || standard_metadata.egress_port == 9" (node_14) is true
[15:48:29.193] [bmv2] [D] [thread 360] [60.1] [cxt 0] Pipeline 'egress': end
[15:48:29.193] [bmv2] [D] [thread 360] [60.1] [cxt 0] Deparser 'deparser': start
[15:48:29.193] [bmv2] [D] [thread 360] [60.1] [cxt 0] Deparsing header 'ethernet'
[15:48:29.193] [bmv2] [D] [thread 360] [60.1] [cxt 0] Deparsing header 'int_shim'
[15:48:29.194] [bmv2] [D] [thread 360] [60.1] [cxt 0] Deparsing header 'int_header'
[15:48:29.194] [bmv2] [D] [thread 360] [60.1] [cxt 0] Deparsing header 'int_md[0]'
[15:48:29.194] [bmv2] [D] [thread 360] [60.1] [cxt 0] Deparsing header 'int_md[1]'
[15:48:29.194] [bmv2] [D] [thread 360] [60.1] [cxt 0] Deparsing header 'int_md[2]'
[15:48:29.194] [bmv2] [D] [thread 360] [60.1] [cxt 0] Deparsing header 'ipv4_inner'
[15:48:29.194] [bmv2] [D] [thread 360] [60.1] [cxt 0] Deparsing header 'udp'
[15:48:29.194] [bmv2] [D] [thread 360] [60.1] [cxt 0] Deparsing header 'gtp_u'
[15:48:29.194] [bmv2] [D] [thread 360] [60.1] [cxt 0] Deparser 'deparser': end
[15:48:29.194] [bmv2] [D] [thread 360] [60.0] [cxt 0] Pipeline 'egress': start
[15:48:29.194] [bmv2] [T] [thread 360] [60.0] [cxt 0] int-gtp-destination.p4(402) Condition "hdr.int_shim.isValid()" (node_12) is true
[15:48:29.194] [bmv2] [T] [thread 360] [60.0] [cxt 0] Applying table 'tbl_update_int_metadata'
[15:48:29.194] [bmv2] [D] [thread 360] [60.0] [cxt 0] Looking up key:

[15:48:29.194] [bmv2] [D] [thread 360] [60.0] [cxt 0] Table 'tbl_update_int_metadata': miss
[15:48:29.194] [bmv2] [D] [thread 360] [60.0] [cxt 0] Action entry is MyEgress.update_int_metadata -
[15:48:29.194] [bmv2] [T] [thread 360] [60.0] [cxt 0] Action MyEgress.update_int_metadata
[15:48:29.194] [bmv2] [T] [thread 360] [60.0] [cxt 0] int-gtp-destination.p4(352) Primitive if
[15:48:29.194] [bmv2] [T] [thread 360] [60.0] [cxt 0] int-gtp-destination.p4(352) Primitive if
[15:48:29.194] [bmv2] [D] [thread 363] [60.1] [cxt 0] Transmitting packet of size 239 out of port 9
[15:48:29.194] [bmv2] [T] [thread 360] [60.0] [cxt 0] int-gtp-destination.p4(368) Primitive hdr.int_md[2].egress_port_id = (bit<16>)standard_metadata.egress_port
[15:48:29.194] [bmv2] [T] [thread 360] [60.0] [cxt 0] int-gtp-destination.p4(369) Primitive hdr.int_md[2].egress_timestamp = (bit<32>)standard_metadata.egress_global_timestamp
[15:48:29.194] [bmv2] [T] [thread 360] [60.0] [cxt 0] int-gtp-destination.p4(370) Primitive hdr.int_md[2].hop_latency = hdr.int_md[2].egress_timestamp - hdr.int_md[2].ingress_timestamp
[15:48:29.194] [bmv2] [T] [thread 360] [60.0] [cxt 0] int-gtp-destination.p4(371) Primitive hdr.int_md[2].queue_occupancy = (bit<32>)standard_metadata.enq_qdepth
[15:48:29.194] [bmv2] [T] [thread 360] [60.0] [cxt 0] int-gtp-destination.p4(408) Condition "standard_metadata.instance_type == 1 || standard_metadata.egress_port == 9" (node_14) is false
[15:48:29.194] [bmv2] [T] [thread 360] [60.0] [cxt 0] Applying table 'MyEgress.egress_control'
[15:48:29.194] [bmv2] [D] [thread 360] [60.0] [cxt 0] Looking up key:
* standard_metadata.egress_port: 0001

[15:48:29.194] [bmv2] [D] [thread 360] [60.0] [cxt 0] Table 'MyEgress.egress_control': hit with handle 0
[15:48:29.194] [bmv2] [D] [thread 360] [60.0] [cxt 0] Dumping entry 0
Match key:
* standard_metadata.egress_port: EXACT     0001
Action entry: MyEgress.strip_int_headers -

[15:48:29.194] [bmv2] [D] [thread 360] [60.0] [cxt 0] Action entry is MyEgress.strip_int_headers -
[15:48:29.194] [bmv2] [T] [thread 360] [60.0] [cxt 0] Action MyEgress.strip_int_headers
[15:48:29.194] [bmv2] [T] [thread 360] [60.0] [cxt 0] int-gtp-destination.p4(375) Primitive hdr.ethernet.etherType = hdr.int_shim.next_proto
[15:48:29.194] [bmv2] [T] [thread 360] [60.0] [cxt 0] int-gtp-destination.p4(376) Primitive hdr.int_shim.setInvalid()
[15:48:29.194] [bmv2] [T] [thread 360] [60.0] [cxt 0] int-gtp-destination.p4(377) Primitive hdr.int_header.setInvalid()
[15:48:29.194] [bmv2] [T] [thread 360] [60.0] [cxt 0] int-gtp-destination.p4(379) Primitive hdr.int_md[0].setInvalid()
[15:48:29.194] [bmv2] [T] [thread 360] [60.0] [cxt 0] int-gtp-destination.p4(380) Primitive hdr.int_md[1].setInvalid()
[15:48:29.194] [bmv2] [T] [thread 360] [60.0] [cxt 0] int-gtp-destination.p4(381) Primitive hdr.int_md[2].setInvalid()
[15:48:29.194] [bmv2] [T] [thread 360] [60.0] [cxt 0] int-gtp-destination.p4(382) Primitive hdr.int_md[3].setInvalid()
[15:48:29.194] [bmv2] [T] [thread 360] [60.0] [cxt 0] int-gtp-destination.p4(383) Primitive hdr.int_md[4].setInvalid()
[15:48:29.194] [bmv2] [T] [thread 360] [60.0] [cxt 0] int-gtp-destination.p4(384) Primitive hdr.int_md[5].setInvalid()
[15:48:29.194] [bmv2] [T] [thread 360] [60.0] [cxt 0] int-gtp-destination.p4(385) Primitive hdr.int_md[6].setInvalid()
[15:48:29.194] [bmv2] [T] [thread 360] [60.0] [cxt 0] int-gtp-destination.p4(386) Primitive hdr.int_md[7].setInvalid()
[15:48:29.194] [bmv2] [D] [thread 360] [60.0] [cxt 0] Pipeline 'egress': end
[15:48:29.194] [bmv2] [D] [thread 360] [60.0] [cxt 0] Deparser 'deparser': start
[15:48:29.194] [bmv2] [D] [thread 360] [60.0] [cxt 0] Deparsing header 'ethernet'
[15:48:29.194] [bmv2] [D] [thread 360] [60.0] [cxt 0] Deparsing header 'ipv4_inner'
[15:48:29.194] [bmv2] [D] [thread 360] [60.0] [cxt 0] Deparsing header 'udp'
[15:48:29.194] [bmv2] [D] [thread 360] [60.0] [cxt 0] Deparsing header 'gtp_u'
[15:48:29.194] [bmv2] [D] [thread 360] [60.0] [cxt 0] Deparser 'deparser': end
[15:48:29.194] [bmv2] [D] [thread 363] [60.0] [cxt 0] Transmitting packet of size 142 out of port 1
[15:48:29.239] [bmv2] [D] [thread 358] [61.0] [cxt 0] Processing packet received on port 1
[15:48:29.239] [bmv2] [D] [thread 358] [61.0] [cxt 0] Parser 'parser': start
[15:48:29.239] [bmv2] [D] [thread 358] [61.0] [cxt 0] Parser 'parser' entering state 'start'
[15:48:29.239] [bmv2] [D] [thread 358] [61.0] [cxt 0] Extracting header 'ethernet'
[15:48:29.239] [bmv2] [D] [thread 358] [61.0] [cxt 0] Parser set: setting field 'scalars.metadata.ingress_port' from field 'standard_metadata.ingress_port' (1)
[15:48:29.239] [bmv2] [D] [thread 358] [61.0] [cxt 0] Parser set: setting field 'scalars.metadata.ingress_ts' from expression, new value is 189707587
[15:48:29.239] [bmv2] [D] [thread 358] [61.0] [cxt 0] Parser set: setting field 'scalars.metadata.md_blocks_extracted' to 0
[15:48:29.239] [bmv2] [D] [thread 358] [61.0] [cxt 0] Parser set: setting field 'scalars.metadata.is_int_packet' to 0
[15:48:29.239] [bmv2] [D] [thread 358] [61.0] [cxt 0] Parser state 'start': key is 0800
[15:48:29.239] [bmv2] [T] [thread 358] [61.0] [cxt 0] Bytes parsed: 14
[15:48:29.239] [bmv2] [D] [thread 358] [61.0] [cxt 0] Parser 'parser' entering state 'parse_ipv4'
[15:48:29.239] [bmv2] [D] [thread 358] [61.0] [cxt 0] Extracting header 'ipv4_inner'
[15:48:29.239] [bmv2] [D] [thread 358] [61.0] [cxt 0] Parser state 'parse_ipv4': key is 11
[15:48:29.239] [bmv2] [T] [thread 358] [61.0] [cxt 0] Bytes parsed: 34
[15:48:29.239] [bmv2] [D] [thread 358] [61.0] [cxt 0] Parser 'parser' entering state 'parse_udp'
[15:48:29.239] [bmv2] [D] [thread 358] [61.0] [cxt 0] Extracting header 'udp'
[15:48:29.239] [bmv2] [D] [thread 358] [61.0] [cxt 0] Parser set: setting field 'scalars.tmp' from expression, new value is 1
[15:48:29.239] [bmv2] [D] [thread 358] [61.0] [cxt 0] Parser state 'parse_udp': key is 01
[15:48:29.239] [bmv2] [T] [thread 358] [61.0] [cxt 0] Bytes parsed: 42
[15:48:29.239] [bmv2] [D] [thread 358] [61.0] [cxt 0] Parser 'parser' entering state 'parse_gtp_u'
[15:48:29.239] [bmv2] [D] [thread 358] [61.0] [cxt 0] Extracting header 'gtp_u'
[15:48:29.239] [bmv2] [D] [thread 358] [61.0] [cxt 0] Parser state 'parse_gtp_u' has no switch, going to default next state
[15:48:29.239] [bmv2] [T] [thread 358] [61.0] [cxt 0] Bytes parsed: 50
[15:48:29.239] [bmv2] [D] [thread 358] [61.0] [cxt 0] Parser 'parser': end
[15:48:29.239] [bmv2] [D] [thread 358] [61.0] [cxt 0] Pipeline 'ingress': start
[15:48:29.239] [bmv2] [T] [thread 358] [61.0] [cxt 0] Applying table 'tbl_intgtpdestination311'
[15:48:29.239] [bmv2] [D] [thread 358] [61.0] [cxt 0] Looking up key:

[15:48:29.239] [bmv2] [D] [thread 358] [61.0] [cxt 0] Table 'tbl_intgtpdestination311': miss
[15:48:29.239] [bmv2] [D] [thread 358] [61.0] [cxt 0] Action entry is intgtpdestination311 -
[15:48:29.239] [bmv2] [T] [thread 358] [61.0] [cxt 0] Action intgtpdestination311
[15:48:29.239] [bmv2] [T] [thread 358] [61.0] [cxt 0] int-gtp-destination.p4(311) Primitive meta.switch_id = 3
[15:48:29.239] [bmv2] [T] [thread 358] [61.0] [cxt 0] int-gtp-destination.p4(313) Condition "hdr.ethernet.isValid()" (node_3) is true
[15:48:29.239] [bmv2] [T] [thread 358] [61.0] [cxt 0] int-gtp-destination.p4(314) Condition "hdr.int_shim.isValid()" (node_4) is false
[15:48:29.239] [bmv2] [T] [thread 358] [61.0] [cxt 0] int-gtp-destination.p4(339) Condition "hdr.ipv4_inner.isValid()" (node_8) is true
[15:48:29.239] [bmv2] [T] [thread 358] [61.0] [cxt 0] Applying table 'MyIngress.ipv4_lpm'
[15:48:29.239] [bmv2] [D] [thread 358] [61.0] [cxt 0] Looking up key:
* hdr.ipv4_inner.dstAddr: ac120a03

[15:48:29.239] [bmv2] [D] [thread 358] [61.0] [cxt 0] Table 'MyIngress.ipv4_lpm': hit with handle 2
[15:48:29.239] [bmv2] [D] [thread 358] [61.0] [cxt 0] Dumping entry 2
Match key:
* hdr.ipv4_inner.dstAddr: LPM       ac120a03/32
Action entry: MyIngress.forward_action - 2,

[15:48:29.239] [bmv2] [D] [thread 358] [61.0] [cxt 0] Action entry is MyIngress.forward_action - 2,
[15:48:29.239] [bmv2] [T] [thread 358] [61.0] [cxt 0] Action MyIngress.forward_action
[15:48:29.239] [bmv2] [T] [thread 358] [61.0] [cxt 0] int-gtp-destination.p4(283) Primitive standard_metadata.egress_spec = egress_port
[15:48:29.239] [bmv2] [D] [thread 358] [61.0] [cxt 0] Pipeline 'ingress': end
[15:48:29.239] [bmv2] [D] [thread 358] [61.0] [cxt 0] Egress port is 2
[15:48:29.239] [bmv2] [D] [thread 361] [61.0] [cxt 0] Pipeline 'egress': start
[15:48:29.239] [bmv2] [T] [thread 361] [61.0] [cxt 0] int-gtp-destination.p4(402) Condition "hdr.int_shim.isValid()" (node_12) is false
[15:48:29.239] [bmv2] [D] [thread 361] [61.0] [cxt 0] Pipeline 'egress': end
[15:48:29.239] [bmv2] [D] [thread 361] [61.0] [cxt 0] Deparser 'deparser': start
[15:48:29.239] [bmv2] [D] [thread 361] [61.0] [cxt 0] Deparsing header 'ethernet'
[15:48:29.239] [bmv2] [D] [thread 361] [61.0] [cxt 0] Deparsing header 'ipv4_inner'
[15:48:29.239] [bmv2] [D] [thread 361] [61.0] [cxt 0] Deparsing header 'udp'
[15:48:29.239] [bmv2] [D] [thread 361] [61.0] [cxt 0] Deparsing header 'gtp_u'
[15:48:29.239] [bmv2] [D] [thread 361] [61.0] [cxt 0] Deparser 'deparser': end
[15:48:29.239] [bmv2] [D] [thread 363] [61.0] [cxt 0] Transmitting packet of size 142 out of port 2
[15:48:30.211] [bmv2] [D] [thread 358] [62.0] [cxt 0] Processing packet received on port 2
[15:48:30.211] [bmv2] [D] [thread 358] [62.0] [cxt 0] Parser 'parser': start
[15:48:30.211] [bmv2] [D] [thread 358] [62.0] [cxt 0] Parser 'parser' entering state 'start'
[15:48:30.211] [bmv2] [D] [thread 358] [62.0] [cxt 0] Extracting header 'ethernet'
[15:48:30.211] [bmv2] [D] [thread 358] [62.0] [cxt 0] Parser set: setting field 'scalars.metadata.ingress_port' from field 'standard_metadata.ingress_port' (2)
[15:48:30.211] [bmv2] [D] [thread 358] [62.0] [cxt 0] Parser set: setting field 'scalars.metadata.ingress_ts' from expression, new value is 190679587
[15:48:30.211] [bmv2] [D] [thread 358] [62.0] [cxt 0] Parser set: setting field 'scalars.metadata.md_blocks_extracted' to 0
[15:48:30.211] [bmv2] [D] [thread 358] [62.0] [cxt 0] Parser set: setting field 'scalars.metadata.is_int_packet' to 0
[15:48:30.211] [bmv2] [D] [thread 358] [62.0] [cxt 0] Parser state 'start': key is 00fa
[15:48:30.211] [bmv2] [T] [thread 358] [62.0] [cxt 0] Bytes parsed: 14
[15:48:30.211] [bmv2] [D] [thread 358] [62.0] [cxt 0] Parser 'parser' entering state 'parse_int_shim'
[15:48:30.211] [bmv2] [D] [thread 358] [62.0] [cxt 0] Extracting header 'int_shim'
[15:48:30.211] [bmv2] [D] [thread 358] [62.0] [cxt 0] Parser set: setting field 'scalars.metadata.is_int_packet' to 1
[15:48:30.211] [bmv2] [D] [thread 358] [62.0] [cxt 0] Extracting header 'int_header'
[15:48:30.211] [bmv2] [D] [thread 358] [62.0] [cxt 0] Parser set: setting field 'scalars.metadata.md_blocks_extracted' from expression, new value is 251
[15:48:30.211] [bmv2] [D] [thread 358] [62.0] [cxt 0] Extracting header 'int_md[0]'
[15:48:30.211] [bmv2] [D] [thread 358] [62.0] [cxt 0] Extracting header 'int_md[1]'
[15:48:30.211] [bmv2] [D] [thread 358] [62.0] [cxt 0] Parser state 'parse_int_shim': key is 0800
[15:48:30.211] [bmv2] [T] [thread 358] [62.0] [cxt 0] Bytes parsed: 83
[15:48:30.211] [bmv2] [D] [thread 358] [62.0] [cxt 0] Parser 'parser' entering state 'parse_encapsulated_ipv4'
[15:48:30.211] [bmv2] [D] [thread 358] [62.0] [cxt 0] Extracting header 'ipv4_inner'
[15:48:30.211] [bmv2] [D] [thread 358] [62.0] [cxt 0] Parser state 'parse_encapsulated_ipv4': key is 11
[15:48:30.211] [bmv2] [T] [thread 358] [62.0] [cxt 0] Bytes parsed: 103
[15:48:30.211] [bmv2] [D] [thread 358] [62.0] [cxt 0] Parser 'parser' entering state 'parse_encapsulated_udp'
[15:48:30.211] [bmv2] [D] [thread 358] [62.0] [cxt 0] Extracting header 'udp'
[15:48:30.211] [bmv2] [D] [thread 358] [62.0] [cxt 0] Parser set: setting field 'scalars.tmp_0' from expression, new value is 1
[15:48:30.211] [bmv2] [D] [thread 358] [62.0] [cxt 0] Parser state 'parse_encapsulated_udp': key is 01
[15:48:30.211] [bmv2] [T] [thread 358] [62.0] [cxt 0] Bytes parsed: 111
[15:48:30.211] [bmv2] [D] [thread 358] [62.0] [cxt 0] Parser 'parser' entering state 'parse_encapsulated_gtp_u'
[15:48:30.211] [bmv2] [D] [thread 358] [62.0] [cxt 0] Extracting header 'gtp_u'
[15:48:30.211] [bmv2] [D] [thread 358] [62.0] [cxt 0] Parser state 'parse_encapsulated_gtp_u' has no switch, going to default next state
[15:48:30.211] [bmv2] [T] [thread 358] [62.0] [cxt 0] Bytes parsed: 119
[15:48:30.211] [bmv2] [D] [thread 358] [62.0] [cxt 0] Parser 'parser': end
[15:48:30.211] [bmv2] [D] [thread 358] [62.0] [cxt 0] Pipeline 'ingress': start
[15:48:30.211] [bmv2] [T] [thread 358] [62.0] [cxt 0] Applying table 'tbl_intgtpdestination311'
[15:48:30.211] [bmv2] [D] [thread 358] [62.0] [cxt 0] Looking up key:

[15:48:30.211] [bmv2] [D] [thread 358] [62.0] [cxt 0] Table 'tbl_intgtpdestination311': miss
[15:48:30.211] [bmv2] [D] [thread 358] [62.0] [cxt 0] Action entry is intgtpdestination311 -
[15:48:30.211] [bmv2] [T] [thread 358] [62.0] [cxt 0] Action intgtpdestination311
[15:48:30.211] [bmv2] [T] [thread 358] [62.0] [cxt 0] int-gtp-destination.p4(311) Primitive meta.switch_id = 3
[15:48:30.211] [bmv2] [T] [thread 358] [62.0] [cxt 0] int-gtp-destination.p4(313) Condition "hdr.ethernet.isValid()" (node_3) is true
[15:48:30.211] [bmv2] [T] [thread 358] [62.0] [cxt 0] int-gtp-destination.p4(314) Condition "hdr.int_shim.isValid()" (node_4) is true
[15:48:30.211] [bmv2] [T] [thread 358] [62.0] [cxt 0] int-gtp-destination.p4(316) Condition "hdr.int_header.remaining_hop_cnt > 0" (node_5) is true
[15:48:30.211] [bmv2] [T] [thread 358] [62.0] [cxt 0] Applying table 'tbl_intgtpdestination317'
[15:48:30.211] [bmv2] [D] [thread 358] [62.0] [cxt 0] Looking up key:

[15:48:30.211] [bmv2] [D] [thread 358] [62.0] [cxt 0] Table 'tbl_intgtpdestination317': miss
[15:48:30.211] [bmv2] [D] [thread 358] [62.0] [cxt 0] Action entry is intgtpdestination317 -
[15:48:30.211] [bmv2] [T] [thread 358] [62.0] [cxt 0] Action intgtpdestination317
[15:48:30.211] [bmv2] [T] [thread 358] [62.0] [cxt 0] int-gtp-destination.p4(317) Primitive hdr.int_md[2].setValid()
[15:48:30.211] [bmv2] [T] [thread 358] [62.0] [cxt 0] int-gtp-destination.p4(318) Primitive hdr.int_md[2].padding_switch = 0
[15:48:30.211] [bmv2] [T] [thread 358] [62.0] [cxt 0] int-gtp-destination.p4(319) Primitive hdr.int_md[2].switch_id = (bit<16>)meta.switch_id
[15:48:30.211] [bmv2] [T] [thread 358] [62.0] [cxt 0] int-gtp-destination.p4(320) Primitive hdr.int_md[2].ingress_port_id = (bit<16>)meta.ingress_port
[15:48:30.211] [bmv2] [T] [thread 358] [62.0] [cxt 0] int-gtp-destination.p4(321) Primitive hdr.int_md[2].ingress_timestamp = meta.ingress_ts
[15:48:30.211] [bmv2] [T] [thread 358] [62.0] [cxt 0] int-gtp-destination.p4(322) Primitive hdr.int_md[2].egress_port_id = 0
[15:48:30.211] [bmv2] [T] [thread 358] [62.0] [cxt 0] int-gtp-destination.p4(323) Primitive hdr.int_md[2].hop_latency = 0
[15:48:30.211] [bmv2] [T] [thread 358] [62.0] [cxt 0] int-gtp-destination.p4(324) Primitive hdr.int_md[2].egress_timestamp = 0
[15:48:30.211] [bmv2] [T] [thread 358] [62.0] [cxt 0] int-gtp-destination.p4(325) Primitive hdr.int_md[2].queue_occupancy = 0
[15:48:30.211] [bmv2] [T] [thread 358] [62.0] [cxt 0] int-gtp-destination.p4(326) Primitive hdr.int_md[2].congestion_notification = 0
[15:48:30.211] [bmv2] [T] [thread 358] [62.0] [cxt 0] int-gtp-destination.p4(327) Primitive hdr.int_md[2].reserved1 = 0
[15:48:30.211] [bmv2] [T] [thread 358] [62.0] [cxt 0] int-gtp-destination.p4(328) Primitive hdr.int_md[2].reserved2 = 0
[15:48:30.211] [bmv2] [T] [thread 358] [62.0] [cxt 0] int-gtp-destination.p4(330) Primitive hdr.int_header.remaining_hop_cnt = hdr.int_header.remaining_hop_cnt - 1
[15:48:30.211] [bmv2] [T] [thread 358] [62.0] [cxt 0] int-gtp-destination.p4(331) Primitive hdr.int_shim.length = hdr.int_shim.length + 32
[15:48:30.211] [bmv2] [T] [thread 358] [62.0] [cxt 0] Applying table 'MyIngress.int_sink_table'
[15:48:30.211] [bmv2] [D] [thread 358] [62.0] [cxt 0] Looking up key:
* hdr.int_shim.$valid$: 01

[15:48:30.211] [bmv2] [D] [thread 358] [62.0] [cxt 0] Table 'MyIngress.int_sink_table': hit with handle 0
[15:48:30.211] [bmv2] [D] [thread 358] [62.0] [cxt 0] Dumping entry 0
Match key:
* hdr.int_shim.$valid$: EXACT     01
Action entry: MyIngress.int_sink_action -

[15:48:30.211] [bmv2] [D] [thread 358] [62.0] [cxt 0] Action entry is MyIngress.int_sink_action -
[15:48:30.211] [bmv2] [T] [thread 358] [62.0] [cxt 0] Action MyIngress.int_sink_action
[15:48:30.211] [bmv2] [T] [thread 358] [62.0] [cxt 0] int-gtp-destination.p4(278) Primitive meta.clone_port = 9
[15:48:30.211] [bmv2] [T] [thread 358] [62.0] [cxt 0] int-gtp-destination.p4(279) Primitive clone_preserving_field_list(CloneType.I2E, 99, 99)
[15:48:30.211] [bmv2] [T] [thread 358] [62.0] [cxt 0] int-gtp-destination.p4(339) Condition "hdr.ipv4_inner.isValid()" (node_8) is true
[15:48:30.211] [bmv2] [T] [thread 358] [62.0] [cxt 0] Applying table 'MyIngress.ipv4_lpm'
[15:48:30.211] [bmv2] [D] [thread 358] [62.0] [cxt 0] Looking up key:
* hdr.ipv4_inner.dstAddr: ac120018

[15:48:30.212] [bmv2] [D] [thread 358] [62.0] [cxt 0] Table 'MyIngress.ipv4_lpm': hit with handle 1
[15:48:30.212] [bmv2] [D] [thread 358] [62.0] [cxt 0] Dumping entry 1
Match key:
* hdr.ipv4_inner.dstAddr: LPM       ac120018/32
Action entry: MyIngress.forward_action - 1,

[15:48:30.212] [bmv2] [D] [thread 358] [62.0] [cxt 0] Action entry is MyIngress.forward_action - 1,
[15:48:30.212] [bmv2] [T] [thread 358] [62.0] [cxt 0] Action MyIngress.forward_action
[15:48:30.212] [bmv2] [T] [thread 358] [62.0] [cxt 0] int-gtp-destination.p4(283) Primitive standard_metadata.egress_spec = egress_port
[15:48:30.212] [bmv2] [D] [thread 358] [62.0] [cxt 0] Pipeline 'ingress': end
[15:48:30.212] [bmv2] [D] [thread 358] [62.0] [cxt 0] Cloning packet at ingress
[15:48:30.212] [bmv2] [D] [thread 358] [62.1] [cxt 0] Parser 'parser': start
[15:48:30.212] [bmv2] [D] [thread 358] [62.1] [cxt 0] Parser 'parser' entering state 'start'
[15:48:30.212] [bmv2] [D] [thread 358] [62.1] [cxt 0] Extracting header 'ethernet'
[15:48:30.212] [bmv2] [D] [thread 358] [62.1] [cxt 0] Parser set: setting field 'scalars.metadata.ingress_port' from field 'standard_metadata.ingress_port' (2)
[15:48:30.212] [bmv2] [D] [thread 358] [62.1] [cxt 0] Parser set: setting field 'scalars.metadata.ingress_ts' from expression, new value is 0
[15:48:30.212] [bmv2] [D] [thread 358] [62.1] [cxt 0] Parser set: setting field 'scalars.metadata.md_blocks_extracted' to 0
[15:48:30.212] [bmv2] [D] [thread 358] [62.1] [cxt 0] Parser set: setting field 'scalars.metadata.is_int_packet' to 0
[15:48:30.212] [bmv2] [D] [thread 358] [62.1] [cxt 0] Parser state 'start': key is 00fa
[15:48:30.212] [bmv2] [T] [thread 358] [62.1] [cxt 0] Bytes parsed: 14
[15:48:30.212] [bmv2] [D] [thread 358] [62.1] [cxt 0] Parser 'parser' entering state 'parse_int_shim'
[15:48:30.212] [bmv2] [D] [thread 358] [62.1] [cxt 0] Extracting header 'int_shim'
[15:48:30.212] [bmv2] [D] [thread 358] [62.1] [cxt 0] Parser set: setting field 'scalars.metadata.is_int_packet' to 1
[15:48:30.212] [bmv2] [D] [thread 358] [62.1] [cxt 0] Extracting header 'int_header'
[15:48:30.212] [bmv2] [D] [thread 358] [62.1] [cxt 0] Parser set: setting field 'scalars.metadata.md_blocks_extracted' from expression, new value is 251
[15:48:30.212] [bmv2] [D] [thread 358] [62.1] [cxt 0] Extracting header 'int_md[0]'
[15:48:30.212] [bmv2] [D] [thread 358] [62.1] [cxt 0] Extracting header 'int_md[1]'
[15:48:30.212] [bmv2] [D] [thread 358] [62.1] [cxt 0] Parser state 'parse_int_shim': key is 0800
[15:48:30.212] [bmv2] [T] [thread 358] [62.1] [cxt 0] Bytes parsed: 83
[15:48:30.212] [bmv2] [D] [thread 358] [62.1] [cxt 0] Parser 'parser' entering state 'parse_encapsulated_ipv4'
[15:48:30.212] [bmv2] [D] [thread 358] [62.1] [cxt 0] Extracting header 'ipv4_inner'
[15:48:30.212] [bmv2] [D] [thread 358] [62.1] [cxt 0] Parser state 'parse_encapsulated_ipv4': key is 11
[15:48:30.212] [bmv2] [T] [thread 358] [62.1] [cxt 0] Bytes parsed: 103
[15:48:30.212] [bmv2] [D] [thread 358] [62.1] [cxt 0] Parser 'parser' entering state 'parse_encapsulated_udp'
[15:48:30.212] [bmv2] [D] [thread 358] [62.1] [cxt 0] Extracting header 'udp'
[15:48:30.212] [bmv2] [D] [thread 358] [62.1] [cxt 0] Parser set: setting field 'scalars.tmp_0' from expression, new value is 1
[15:48:30.212] [bmv2] [D] [thread 358] [62.1] [cxt 0] Parser state 'parse_encapsulated_udp': key is 01
[15:48:30.212] [bmv2] [T] [thread 358] [62.1] [cxt 0] Bytes parsed: 111
[15:48:30.212] [bmv2] [D] [thread 358] [62.1] [cxt 0] Parser 'parser' entering state 'parse_encapsulated_gtp_u'
[15:48:30.212] [bmv2] [D] [thread 358] [62.1] [cxt 0] Extracting header 'gtp_u'
[15:48:30.212] [bmv2] [D] [thread 358] [62.1] [cxt 0] Parser state 'parse_encapsulated_gtp_u' has no switch, going to default next state
[15:48:30.212] [bmv2] [T] [thread 358] [62.1] [cxt 0] Bytes parsed: 119
[15:48:30.212] [bmv2] [D] [thread 358] [62.1] [cxt 0] Parser 'parser': end
[15:48:30.212] [bmv2] [D] [thread 358] [62.0] [cxt 0] Cloning packet to egress port 9
[15:48:30.212] [bmv2] [D] [thread 360] [62.1] [cxt 0] Pipeline 'egress': start
[15:48:30.212] [bmv2] [T] [thread 360] [62.1] [cxt 0] int-gtp-destination.p4(402) Condition "hdr.int_shim.isValid()" (node_12) is true
[15:48:30.212] [bmv2] [T] [thread 360] [62.1] [cxt 0] Applying table 'tbl_update_int_metadata'
[15:48:30.212] [bmv2] [D] [thread 360] [62.1] [cxt 0] Looking up key:

[15:48:30.212] [bmv2] [D] [thread 360] [62.1] [cxt 0] Table 'tbl_update_int_metadata': miss
[15:48:30.212] [bmv2] [D] [thread 360] [62.1] [cxt 0] Action entry is MyEgress.update_int_metadata -
[15:48:30.212] [bmv2] [T] [thread 360] [62.1] [cxt 0] Action MyEgress.update_int_metadata
[15:48:30.212] [bmv2] [T] [thread 360] [62.1] [cxt 0] int-gtp-destination.p4(352) Primitive if
[15:48:30.212] [bmv2] [T] [thread 360] [62.1] [cxt 0] int-gtp-destination.p4(353) Primitive hdr.int_md[2].setValid()
[15:48:30.212] [bmv2] [T] [thread 360] [62.1] [cxt 0] int-gtp-destination.p4(354) Primitive hdr.int_md[2].padding_switch = 0
[15:48:30.212] [bmv2] [T] [thread 360] [62.1] [cxt 0] int-gtp-destination.p4(355) Primitive hdr.int_md[2].switch_id = (bit<16>)meta.switch_id
[15:48:30.212] [bmv2] [T] [thread 360] [62.1] [cxt 0] int-gtp-destination.p4(356) Primitive hdr.int_md[2].ingress_port_id = (bit<16>)meta.ingress_port
[15:48:30.212] [bmv2] [T] [thread 360] [62.1] [cxt 0] int-gtp-destination.p4(357) Primitive hdr.int_md[2].ingress_timestamp = meta.ingress_ts
[15:48:30.212] [bmv2] [T] [thread 360] [62.1] [cxt 0] int-gtp-destination.p4(362) Primitive hdr.int_md[2].congestion_notification = 0
[15:48:30.212] [bmv2] [T] [thread 360] [62.1] [cxt 0] int-gtp-destination.p4(363) Primitive hdr.int_md[2].reserved1 = 0
[15:48:30.212] [bmv2] [T] [thread 360] [62.1] [cxt 0] int-gtp-destination.p4(364) Primitive hdr.int_md[2].reserved2 = 0
[15:48:30.212] [bmv2] [T] [thread 360] [62.1] [cxt 0] int-gtp-destination.p4(368) Primitive hdr.int_md[2].egress_port_id = (bit<16>)standard_metadata.egress_port
[15:48:30.212] [bmv2] [T] [thread 360] [62.1] [cxt 0] int-gtp-destination.p4(369) Primitive hdr.int_md[2].egress_timestamp = (bit<32>)standard_metadata.egress_global_timestamp
[15:48:30.212] [bmv2] [T] [thread 360] [62.1] [cxt 0] int-gtp-destination.p4(370) Primitive hdr.int_md[2].hop_latency = hdr.int_md[2].egress_timestamp - hdr.int_md[2].ingress_timestamp
[15:48:30.212] [bmv2] [T] [thread 360] [62.1] [cxt 0] int-gtp-destination.p4(371) Primitive hdr.int_md[2].queue_occupancy = (bit<32>)standard_metadata.enq_qdepth
[15:48:30.212] [bmv2] [T] [thread 360] [62.1] [cxt 0] int-gtp-destination.p4(408) Condition "standard_metadata.instance_type == 1 || standard_metadata.egress_port == 9" (node_14) is true
[15:48:30.212] [bmv2] [D] [thread 360] [62.1] [cxt 0] Pipeline 'egress': end
[15:48:30.212] [bmv2] [D] [thread 360] [62.1] [cxt 0] Deparser 'deparser': start
[15:48:30.212] [bmv2] [D] [thread 360] [62.1] [cxt 0] Deparsing header 'ethernet'
[15:48:30.212] [bmv2] [D] [thread 360] [62.1] [cxt 0] Deparsing header 'int_shim'
[15:48:30.212] [bmv2] [D] [thread 360] [62.1] [cxt 0] Deparsing header 'int_header'
[15:48:30.212] [bmv2] [D] [thread 360] [62.1] [cxt 0] Deparsing header 'int_md[0]'
[15:48:30.212] [bmv2] [D] [thread 360] [62.1] [cxt 0] Deparsing header 'int_md[1]'
[15:48:30.212] [bmv2] [D] [thread 360] [62.1] [cxt 0] Deparsing header 'int_md[2]'
[15:48:30.212] [bmv2] [D] [thread 360] [62.1] [cxt 0] Deparsing header 'ipv4_inner'
[15:48:30.212] [bmv2] [D] [thread 360] [62.1] [cxt 0] Deparsing header 'udp'
[15:48:30.212] [bmv2] [D] [thread 360] [62.1] [cxt 0] Deparsing header 'gtp_u'
[15:48:30.212] [bmv2] [D] [thread 360] [62.1] [cxt 0] Deparser 'deparser': end
[15:48:30.212] [bmv2] [D] [thread 358] [62.0] [cxt 0] Egress port is 1
[15:48:30.212] [bmv2] [D] [thread 360] [62.0] [cxt 0] Pipeline 'egress': start
[15:48:30.212] [bmv2] [T] [thread 360] [62.0] [cxt 0] int-gtp-destination.p4(402) Condition "hdr.int_shim.isValid()" (node_12) is true
[15:48:30.212] [bmv2] [T] [thread 360] [62.0] [cxt 0] Applying table 'tbl_update_int_metadata'
[15:48:30.212] [bmv2] [D] [thread 360] [62.0] [cxt 0] Looking up key:

[15:48:30.212] [bmv2] [D] [thread 360] [62.0] [cxt 0] Table 'tbl_update_int_metadata': miss
[15:48:30.212] [bmv2] [D] [thread 363] [62.1] [cxt 0] Transmitting packet of size 239 out of port 9
[15:48:30.212] [bmv2] [D] [thread 360] [62.0] [cxt 0] Action entry is MyEgress.update_int_metadata -
[15:48:30.212] [bmv2] [T] [thread 360] [62.0] [cxt 0] Action MyEgress.update_int_metadata
[15:48:30.212] [bmv2] [T] [thread 360] [62.0] [cxt 0] int-gtp-destination.p4(352) Primitive if
[15:48:30.212] [bmv2] [T] [thread 360] [62.0] [cxt 0] int-gtp-destination.p4(352) Primitive if
[15:48:30.212] [bmv2] [T] [thread 360] [62.0] [cxt 0] int-gtp-destination.p4(368) Primitive hdr.int_md[2].egress_port_id = (bit<16>)standard_metadata.egress_port
[15:48:30.213] [bmv2] [T] [thread 360] [62.0] [cxt 0] int-gtp-destination.p4(369) Primitive hdr.int_md[2].egress_timestamp = (bit<32>)standard_metadata.egress_global_timestamp
[15:48:30.213] [bmv2] [T] [thread 360] [62.0] [cxt 0] int-gtp-destination.p4(370) Primitive hdr.int_md[2].hop_latency = hdr.int_md[2].egress_timestamp - hdr.int_md[2].ingress_timestamp
[15:48:30.213] [bmv2] [T] [thread 360] [62.0] [cxt 0] int-gtp-destination.p4(371) Primitive hdr.int_md[2].queue_occupancy = (bit<32>)standard_metadata.enq_qdepth
[15:48:30.213] [bmv2] [T] [thread 360] [62.0] [cxt 0] int-gtp-destination.p4(408) Condition "standard_metadata.instance_type == 1 || standard_metadata.egress_port == 9" (node_14) is false
[15:48:30.213] [bmv2] [T] [thread 360] [62.0] [cxt 0] Applying table 'MyEgress.egress_control'
[15:48:30.213] [bmv2] [D] [thread 360] [62.0] [cxt 0] Looking up key:
* standard_metadata.egress_port: 0001

[15:48:30.213] [bmv2] [D] [thread 360] [62.0] [cxt 0] Table 'MyEgress.egress_control': hit with handle 0
[15:48:30.213] [bmv2] [D] [thread 360] [62.0] [cxt 0] Dumping entry 0
Match key:
* standard_metadata.egress_port: EXACT     0001
Action entry: MyEgress.strip_int_headers -

[15:48:30.213] [bmv2] [D] [thread 360] [62.0] [cxt 0] Action entry is MyEgress.strip_int_headers -
[15:48:30.213] [bmv2] [T] [thread 360] [62.0] [cxt 0] Action MyEgress.strip_int_headers
[15:48:30.213] [bmv2] [T] [thread 360] [62.0] [cxt 0] int-gtp-destination.p4(375) Primitive hdr.ethernet.etherType = hdr.int_shim.next_proto
[15:48:30.213] [bmv2] [T] [thread 360] [62.0] [cxt 0] int-gtp-destination.p4(376) Primitive hdr.int_shim.setInvalid()
[15:48:30.213] [bmv2] [T] [thread 360] [62.0] [cxt 0] int-gtp-destination.p4(377) Primitive hdr.int_header.setInvalid()
[15:48:30.213] [bmv2] [T] [thread 360] [62.0] [cxt 0] int-gtp-destination.p4(379) Primitive hdr.int_md[0].setInvalid()
[15:48:30.213] [bmv2] [T] [thread 360] [62.0] [cxt 0] int-gtp-destination.p4(380) Primitive hdr.int_md[1].setInvalid()
[15:48:30.213] [bmv2] [T] [thread 360] [62.0] [cxt 0] int-gtp-destination.p4(381) Primitive hdr.int_md[2].setInvalid()
[15:48:30.213] [bmv2] [T] [thread 360] [62.0] [cxt 0] int-gtp-destination.p4(382) Primitive hdr.int_md[3].setInvalid()
[15:48:30.213] [bmv2] [T] [thread 360] [62.0] [cxt 0] int-gtp-destination.p4(383) Primitive hdr.int_md[4].setInvalid()
[15:48:30.213] [bmv2] [T] [thread 360] [62.0] [cxt 0] int-gtp-destination.p4(384) Primitive hdr.int_md[5].setInvalid()
[15:48:30.213] [bmv2] [T] [thread 360] [62.0] [cxt 0] int-gtp-destination.p4(385) Primitive hdr.int_md[6].setInvalid()
[15:48:30.213] [bmv2] [T] [thread 360] [62.0] [cxt 0] int-gtp-destination.p4(386) Primitive hdr.int_md[7].setInvalid()
[15:48:30.213] [bmv2] [D] [thread 360] [62.0] [cxt 0] Pipeline 'egress': end
[15:48:30.213] [bmv2] [D] [thread 360] [62.0] [cxt 0] Deparser 'deparser': start
[15:48:30.213] [bmv2] [D] [thread 360] [62.0] [cxt 0] Deparsing header 'ethernet'
[15:48:30.213] [bmv2] [D] [thread 360] [62.0] [cxt 0] Deparsing header 'ipv4_inner'
[15:48:30.213] [bmv2] [D] [thread 360] [62.0] [cxt 0] Deparsing header 'udp'
[15:48:30.213] [bmv2] [D] [thread 360] [62.0] [cxt 0] Deparsing header 'gtp_u'
[15:48:30.213] [bmv2] [D] [thread 360] [62.0] [cxt 0] Deparser 'deparser': end
[15:48:30.213] [bmv2] [D] [thread 363] [62.0] [cxt 0] Transmitting packet of size 142 out of port 1
[15:48:30.261] [bmv2] [D] [thread 358] [63.0] [cxt 0] Processing packet received on port 1
[15:48:30.261] [bmv2] [D] [thread 358] [63.0] [cxt 0] Parser 'parser': start
[15:48:30.261] [bmv2] [D] [thread 358] [63.0] [cxt 0] Parser 'parser' entering state 'start'
[15:48:30.261] [bmv2] [D] [thread 358] [63.0] [cxt 0] Extracting header 'ethernet'
[15:48:30.261] [bmv2] [D] [thread 358] [63.0] [cxt 0] Parser set: setting field 'scalars.metadata.ingress_port' from field 'standard_metadata.ingress_port' (1)
[15:48:30.261] [bmv2] [D] [thread 358] [63.0] [cxt 0] Parser set: setting field 'scalars.metadata.ingress_ts' from expression, new value is 190729517
[15:48:30.261] [bmv2] [D] [thread 358] [63.0] [cxt 0] Parser set: setting field 'scalars.metadata.md_blocks_extracted' to 0
[15:48:30.261] [bmv2] [D] [thread 358] [63.0] [cxt 0] Parser set: setting field 'scalars.metadata.is_int_packet' to 0
[15:48:30.261] [bmv2] [D] [thread 358] [63.0] [cxt 0] Parser state 'start': key is 0800
[15:48:30.261] [bmv2] [T] [thread 358] [63.0] [cxt 0] Bytes parsed: 14
[15:48:30.261] [bmv2] [D] [thread 358] [63.0] [cxt 0] Parser 'parser' entering state 'parse_ipv4'
[15:48:30.261] [bmv2] [D] [thread 358] [63.0] [cxt 0] Extracting header 'ipv4_inner'
[15:48:30.261] [bmv2] [D] [thread 358] [63.0] [cxt 0] Parser state 'parse_ipv4': key is 11
[15:48:30.261] [bmv2] [T] [thread 358] [63.0] [cxt 0] Bytes parsed: 34
[15:48:30.261] [bmv2] [D] [thread 358] [63.0] [cxt 0] Parser 'parser' entering state 'parse_udp'
[15:48:30.261] [bmv2] [D] [thread 358] [63.0] [cxt 0] Extracting header 'udp'
[15:48:30.261] [bmv2] [D] [thread 358] [63.0] [cxt 0] Parser set: setting field 'scalars.tmp' from expression, new value is 1
[15:48:30.261] [bmv2] [D] [thread 358] [63.0] [cxt 0] Parser state 'parse_udp': key is 01
[15:48:30.261] [bmv2] [T] [thread 358] [63.0] [cxt 0] Bytes parsed: 42
[15:48:30.261] [bmv2] [D] [thread 358] [63.0] [cxt 0] Parser 'parser' entering state 'parse_gtp_u'
[15:48:30.261] [bmv2] [D] [thread 358] [63.0] [cxt 0] Extracting header 'gtp_u'
[15:48:30.261] [bmv2] [D] [thread 358] [63.0] [cxt 0] Parser state 'parse_gtp_u' has no switch, going to default next state
[15:48:30.261] [bmv2] [T] [thread 358] [63.0] [cxt 0] Bytes parsed: 50
[15:48:30.261] [bmv2] [D] [thread 358] [63.0] [cxt 0] Parser 'parser': end
[15:48:30.261] [bmv2] [D] [thread 358] [63.0] [cxt 0] Pipeline 'ingress': start
[15:48:30.261] [bmv2] [T] [thread 358] [63.0] [cxt 0] Applying table 'tbl_intgtpdestination311'
[15:48:30.261] [bmv2] [D] [thread 358] [63.0] [cxt 0] Looking up key:

[15:48:30.261] [bmv2] [D] [thread 358] [63.0] [cxt 0] Table 'tbl_intgtpdestination311': miss
[15:48:30.261] [bmv2] [D] [thread 358] [63.0] [cxt 0] Action entry is intgtpdestination311 -
[15:48:30.261] [bmv2] [T] [thread 358] [63.0] [cxt 0] Action intgtpdestination311
[15:48:30.261] [bmv2] [T] [thread 358] [63.0] [cxt 0] int-gtp-destination.p4(311) Primitive meta.switch_id = 3
[15:48:30.261] [bmv2] [T] [thread 358] [63.0] [cxt 0] int-gtp-destination.p4(313) Condition "hdr.ethernet.isValid()" (node_3) is true
[15:48:30.261] [bmv2] [T] [thread 358] [63.0] [cxt 0] int-gtp-destination.p4(314) Condition "hdr.int_shim.isValid()" (node_4) is false
[15:48:30.261] [bmv2] [T] [thread 358] [63.0] [cxt 0] int-gtp-destination.p4(339) Condition "hdr.ipv4_inner.isValid()" (node_8) is true
[15:48:30.261] [bmv2] [T] [thread 358] [63.0] [cxt 0] Applying table 'MyIngress.ipv4_lpm'
[15:48:30.261] [bmv2] [D] [thread 358] [63.0] [cxt 0] Looking up key:
* hdr.ipv4_inner.dstAddr: ac120a03

[15:48:30.261] [bmv2] [D] [thread 358] [63.0] [cxt 0] Table 'MyIngress.ipv4_lpm': hit with handle 2
[15:48:30.261] [bmv2] [D] [thread 358] [63.0] [cxt 0] Dumping entry 2
Match key:
* hdr.ipv4_inner.dstAddr: LPM       ac120a03/32
Action entry: MyIngress.forward_action - 2,

[15:48:30.261] [bmv2] [D] [thread 358] [63.0] [cxt 0] Action entry is MyIngress.forward_action - 2,
[15:48:30.261] [bmv2] [T] [thread 358] [63.0] [cxt 0] Action MyIngress.forward_action
[15:48:30.261] [bmv2] [T] [thread 358] [63.0] [cxt 0] int-gtp-destination.p4(283) Primitive standard_metadata.egress_spec = egress_port
[15:48:30.261] [bmv2] [D] [thread 358] [63.0] [cxt 0] Pipeline 'ingress': end
[15:48:30.261] [bmv2] [D] [thread 358] [63.0] [cxt 0] Egress port is 2
[15:48:30.261] [bmv2] [D] [thread 361] [63.0] [cxt 0] Pipeline 'egress': start
[15:48:30.261] [bmv2] [T] [thread 361] [63.0] [cxt 0] int-gtp-destination.p4(402) Condition "hdr.int_shim.isValid()" (node_12) is false
[15:48:30.261] [bmv2] [D] [thread 361] [63.0] [cxt 0] Pipeline 'egress': end
[15:48:30.261] [bmv2] [D] [thread 361] [63.0] [cxt 0] Deparser 'deparser': start
[15:48:30.261] [bmv2] [D] [thread 361] [63.0] [cxt 0] Deparsing header 'ethernet'
[15:48:30.261] [bmv2] [D] [thread 361] [63.0] [cxt 0] Deparsing header 'ipv4_inner'
[15:48:30.261] [bmv2] [D] [thread 361] [63.0] [cxt 0] Deparsing header 'udp'
[15:48:30.261] [bmv2] [D] [thread 361] [63.0] [cxt 0] Deparsing header 'gtp_u'
[15:48:30.261] [bmv2] [D] [thread 361] [63.0] [cxt 0] Deparser 'deparser': end
[15:48:30.261] [bmv2] [D] [thread 363] [63.0] [cxt 0] Transmitting packet of size 142 out of port 2
[15:48:31.240] [bmv2] [D] [thread 358] [64.0] [cxt 0] Processing packet received on port 2
[15:48:31.240] [bmv2] [D] [thread 358] [64.0] [cxt 0] Parser 'parser': start
[15:48:31.240] [bmv2] [D] [thread 358] [64.0] [cxt 0] Parser 'parser' entering state 'start'
[15:48:31.240] [bmv2] [D] [thread 358] [64.0] [cxt 0] Extracting header 'ethernet'
[15:48:31.240] [bmv2] [D] [thread 358] [64.0] [cxt 0] Parser set: setting field 'scalars.metadata.ingress_port' from field 'standard_metadata.ingress_port' (2)
[15:48:31.240] [bmv2] [D] [thread 358] [64.0] [cxt 0] Parser set: setting field 'scalars.metadata.ingress_ts' from expression, new value is 191709293
[15:48:31.240] [bmv2] [D] [thread 358] [64.0] [cxt 0] Parser set: setting field 'scalars.metadata.md_blocks_extracted' to 0
[15:48:31.240] [bmv2] [D] [thread 358] [64.0] [cxt 0] Parser set: setting field 'scalars.metadata.is_int_packet' to 0
[15:48:31.240] [bmv2] [D] [thread 358] [64.0] [cxt 0] Parser state 'start': key is 00fa
[15:48:31.240] [bmv2] [T] [thread 358] [64.0] [cxt 0] Bytes parsed: 14
[15:48:31.240] [bmv2] [D] [thread 358] [64.0] [cxt 0] Parser 'parser' entering state 'parse_int_shim'
[15:48:31.240] [bmv2] [D] [thread 358] [64.0] [cxt 0] Extracting header 'int_shim'
[15:48:31.240] [bmv2] [D] [thread 358] [64.0] [cxt 0] Parser set: setting field 'scalars.metadata.is_int_packet' to 1
[15:48:31.240] [bmv2] [D] [thread 358] [64.0] [cxt 0] Extracting header 'int_header'
[15:48:31.240] [bmv2] [D] [thread 358] [64.0] [cxt 0] Parser set: setting field 'scalars.metadata.md_blocks_extracted' from expression, new value is 251
[15:48:31.240] [bmv2] [D] [thread 358] [64.0] [cxt 0] Extracting header 'int_md[0]'
[15:48:31.240] [bmv2] [D] [thread 358] [64.0] [cxt 0] Extracting header 'int_md[1]'
[15:48:31.240] [bmv2] [D] [thread 358] [64.0] [cxt 0] Parser state 'parse_int_shim': key is 0800
[15:48:31.240] [bmv2] [T] [thread 358] [64.0] [cxt 0] Bytes parsed: 83
[15:48:31.240] [bmv2] [D] [thread 358] [64.0] [cxt 0] Parser 'parser' entering state 'parse_encapsulated_ipv4'
[15:48:31.240] [bmv2] [D] [thread 358] [64.0] [cxt 0] Extracting header 'ipv4_inner'
[15:48:31.240] [bmv2] [D] [thread 358] [64.0] [cxt 0] Parser state 'parse_encapsulated_ipv4': key is 11
[15:48:31.241] [bmv2] [T] [thread 358] [64.0] [cxt 0] Bytes parsed: 103
[15:48:31.241] [bmv2] [D] [thread 358] [64.0] [cxt 0] Parser 'parser' entering state 'parse_encapsulated_udp'
[15:48:31.241] [bmv2] [D] [thread 358] [64.0] [cxt 0] Extracting header 'udp'
[15:48:31.241] [bmv2] [D] [thread 358] [64.0] [cxt 0] Parser set: setting field 'scalars.tmp_0' from expression, new value is 1
[15:48:31.241] [bmv2] [D] [thread 358] [64.0] [cxt 0] Parser state 'parse_encapsulated_udp': key is 01
[15:48:31.241] [bmv2] [T] [thread 358] [64.0] [cxt 0] Bytes parsed: 111
[15:48:31.241] [bmv2] [D] [thread 358] [64.0] [cxt 0] Parser 'parser' entering state 'parse_encapsulated_gtp_u'
[15:48:31.241] [bmv2] [D] [thread 358] [64.0] [cxt 0] Extracting header 'gtp_u'
[15:48:31.241] [bmv2] [D] [thread 358] [64.0] [cxt 0] Parser state 'parse_encapsulated_gtp_u' has no switch, going to default next state
[15:48:31.241] [bmv2] [T] [thread 358] [64.0] [cxt 0] Bytes parsed: 119
[15:48:31.241] [bmv2] [D] [thread 358] [64.0] [cxt 0] Parser 'parser': end
[15:48:31.241] [bmv2] [D] [thread 358] [64.0] [cxt 0] Pipeline 'ingress': start
[15:48:31.241] [bmv2] [T] [thread 358] [64.0] [cxt 0] Applying table 'tbl_intgtpdestination311'
[15:48:31.241] [bmv2] [D] [thread 358] [64.0] [cxt 0] Looking up key:

[15:48:31.241] [bmv2] [D] [thread 358] [64.0] [cxt 0] Table 'tbl_intgtpdestination311': miss
[15:48:31.241] [bmv2] [D] [thread 358] [64.0] [cxt 0] Action entry is intgtpdestination311 -
[15:48:31.241] [bmv2] [T] [thread 358] [64.0] [cxt 0] Action intgtpdestination311
[15:48:31.241] [bmv2] [T] [thread 358] [64.0] [cxt 0] int-gtp-destination.p4(311) Primitive meta.switch_id = 3
[15:48:31.241] [bmv2] [T] [thread 358] [64.0] [cxt 0] int-gtp-destination.p4(313) Condition "hdr.ethernet.isValid()" (node_3) is true
[15:48:31.241] [bmv2] [T] [thread 358] [64.0] [cxt 0] int-gtp-destination.p4(314) Condition "hdr.int_shim.isValid()" (node_4) is true
[15:48:31.241] [bmv2] [T] [thread 358] [64.0] [cxt 0] int-gtp-destination.p4(316) Condition "hdr.int_header.remaining_hop_cnt > 0" (node_5) is true
[15:48:31.241] [bmv2] [T] [thread 358] [64.0] [cxt 0] Applying table 'tbl_intgtpdestination317'
[15:48:31.241] [bmv2] [D] [thread 358] [64.0] [cxt 0] Looking up key:

[15:48:31.241] [bmv2] [D] [thread 358] [64.0] [cxt 0] Table 'tbl_intgtpdestination317': miss
[15:48:31.241] [bmv2] [D] [thread 358] [64.0] [cxt 0] Action entry is intgtpdestination317 -
[15:48:31.241] [bmv2] [T] [thread 358] [64.0] [cxt 0] Action intgtpdestination317
[15:48:31.241] [bmv2] [T] [thread 358] [64.0] [cxt 0] int-gtp-destination.p4(317) Primitive hdr.int_md[2].setValid()
[15:48:31.241] [bmv2] [T] [thread 358] [64.0] [cxt 0] int-gtp-destination.p4(318) Primitive hdr.int_md[2].padding_switch = 0
[15:48:31.241] [bmv2] [T] [thread 358] [64.0] [cxt 0] int-gtp-destination.p4(319) Primitive hdr.int_md[2].switch_id = (bit<16>)meta.switch_id
[15:48:31.241] [bmv2] [T] [thread 358] [64.0] [cxt 0] int-gtp-destination.p4(320) Primitive hdr.int_md[2].ingress_port_id = (bit<16>)meta.ingress_port
[15:48:31.241] [bmv2] [T] [thread 358] [64.0] [cxt 0] int-gtp-destination.p4(321) Primitive hdr.int_md[2].ingress_timestamp = meta.ingress_ts
[15:48:31.241] [bmv2] [T] [thread 358] [64.0] [cxt 0] int-gtp-destination.p4(322) Primitive hdr.int_md[2].egress_port_id = 0
[15:48:31.241] [bmv2] [T] [thread 358] [64.0] [cxt 0] int-gtp-destination.p4(323) Primitive hdr.int_md[2].hop_latency = 0
[15:48:31.241] [bmv2] [T] [thread 358] [64.0] [cxt 0] int-gtp-destination.p4(324) Primitive hdr.int_md[2].egress_timestamp = 0
[15:48:31.241] [bmv2] [T] [thread 358] [64.0] [cxt 0] int-gtp-destination.p4(325) Primitive hdr.int_md[2].queue_occupancy = 0
[15:48:31.241] [bmv2] [T] [thread 358] [64.0] [cxt 0] int-gtp-destination.p4(326) Primitive hdr.int_md[2].congestion_notification = 0
[15:48:31.241] [bmv2] [T] [thread 358] [64.0] [cxt 0] int-gtp-destination.p4(327) Primitive hdr.int_md[2].reserved1 = 0
[15:48:31.241] [bmv2] [T] [thread 358] [64.0] [cxt 0] int-gtp-destination.p4(328) Primitive hdr.int_md[2].reserved2 = 0
[15:48:31.241] [bmv2] [T] [thread 358] [64.0] [cxt 0] int-gtp-destination.p4(330) Primitive hdr.int_header.remaining_hop_cnt = hdr.int_header.remaining_hop_cnt - 1
[15:48:31.241] [bmv2] [T] [thread 358] [64.0] [cxt 0] int-gtp-destination.p4(331) Primitive hdr.int_shim.length = hdr.int_shim.length + 32
[15:48:31.241] [bmv2] [T] [thread 358] [64.0] [cxt 0] Applying table 'MyIngress.int_sink_table'
[15:48:31.241] [bmv2] [D] [thread 358] [64.0] [cxt 0] Looking up key:
* hdr.int_shim.$valid$: 01

[15:48:31.241] [bmv2] [D] [thread 358] [64.0] [cxt 0] Table 'MyIngress.int_sink_table': hit with handle 0
[15:48:31.241] [bmv2] [D] [thread 358] [64.0] [cxt 0] Dumping entry 0
Match key:
* hdr.int_shim.$valid$: EXACT     01
Action entry: MyIngress.int_sink_action -

[15:48:31.241] [bmv2] [D] [thread 358] [64.0] [cxt 0] Action entry is MyIngress.int_sink_action -
[15:48:31.241] [bmv2] [T] [thread 358] [64.0] [cxt 0] Action MyIngress.int_sink_action
[15:48:31.241] [bmv2] [T] [thread 358] [64.0] [cxt 0] int-gtp-destination.p4(278) Primitive meta.clone_port = 9
[15:48:31.241] [bmv2] [T] [thread 358] [64.0] [cxt 0] int-gtp-destination.p4(279) Primitive clone_preserving_field_list(CloneType.I2E, 99, 99)
[15:48:31.241] [bmv2] [T] [thread 358] [64.0] [cxt 0] int-gtp-destination.p4(339) Condition "hdr.ipv4_inner.isValid()" (node_8) is true
[15:48:31.241] [bmv2] [T] [thread 358] [64.0] [cxt 0] Applying table 'MyIngress.ipv4_lpm'
[15:48:31.241] [bmv2] [D] [thread 358] [64.0] [cxt 0] Looking up key:
* hdr.ipv4_inner.dstAddr: ac120018

[15:48:31.241] [bmv2] [D] [thread 358] [64.0] [cxt 0] Table 'MyIngress.ipv4_lpm': hit with handle 1
[15:48:31.241] [bmv2] [D] [thread 358] [64.0] [cxt 0] Dumping entry 1
Match key:
* hdr.ipv4_inner.dstAddr: LPM       ac120018/32
Action entry: MyIngress.forward_action - 1,

[15:48:31.241] [bmv2] [D] [thread 358] [64.0] [cxt 0] Action entry is MyIngress.forward_action - 1,
[15:48:31.241] [bmv2] [T] [thread 358] [64.0] [cxt 0] Action MyIngress.forward_action
[15:48:31.241] [bmv2] [T] [thread 358] [64.0] [cxt 0] int-gtp-destination.p4(283) Primitive standard_metadata.egress_spec = egress_port
[15:48:31.241] [bmv2] [D] [thread 358] [64.0] [cxt 0] Pipeline 'ingress': end
[15:48:31.241] [bmv2] [D] [thread 358] [64.0] [cxt 0] Cloning packet at ingress
[15:48:31.241] [bmv2] [D] [thread 358] [64.1] [cxt 0] Parser 'parser': start
[15:48:31.241] [bmv2] [D] [thread 358] [64.1] [cxt 0] Parser 'parser' entering state 'start'
[15:48:31.241] [bmv2] [D] [thread 358] [64.1] [cxt 0] Extracting header 'ethernet'
[15:48:31.241] [bmv2] [D] [thread 358] [64.1] [cxt 0] Parser set: setting field 'scalars.metadata.ingress_port' from field 'standard_metadata.ingress_port' (2)
[15:48:31.241] [bmv2] [D] [thread 358] [64.1] [cxt 0] Parser set: setting field 'scalars.metadata.ingress_ts' from expression, new value is 0
[15:48:31.241] [bmv2] [D] [thread 358] [64.1] [cxt 0] Parser set: setting field 'scalars.metadata.md_blocks_extracted' to 0
[15:48:31.241] [bmv2] [D] [thread 358] [64.1] [cxt 0] Parser set: setting field 'scalars.metadata.is_int_packet' to 0
[15:48:31.241] [bmv2] [D] [thread 358] [64.1] [cxt 0] Parser state 'start': key is 00fa
[15:48:31.241] [bmv2] [T] [thread 358] [64.1] [cxt 0] Bytes parsed: 14
[15:48:31.241] [bmv2] [D] [thread 358] [64.1] [cxt 0] Parser 'parser' entering state 'parse_int_shim'
[15:48:31.241] [bmv2] [D] [thread 358] [64.1] [cxt 0] Extracting header 'int_shim'
[15:48:31.241] [bmv2] [D] [thread 358] [64.1] [cxt 0] Parser set: setting field 'scalars.metadata.is_int_packet' to 1
[15:48:31.241] [bmv2] [D] [thread 358] [64.1] [cxt 0] Extracting header 'int_header'
[15:48:31.241] [bmv2] [D] [thread 358] [64.1] [cxt 0] Parser set: setting field 'scalars.metadata.md_blocks_extracted' from expression, new value is 251
[15:48:31.241] [bmv2] [D] [thread 358] [64.1] [cxt 0] Extracting header 'int_md[0]'
[15:48:31.241] [bmv2] [D] [thread 358] [64.1] [cxt 0] Extracting header 'int_md[1]'
[15:48:31.241] [bmv2] [D] [thread 358] [64.1] [cxt 0] Parser state 'parse_int_shim': key is 0800
[15:48:31.241] [bmv2] [T] [thread 358] [64.1] [cxt 0] Bytes parsed: 83
[15:48:31.241] [bmv2] [D] [thread 358] [64.1] [cxt 0] Parser 'parser' entering state 'parse_encapsulated_ipv4'
[15:48:31.241] [bmv2] [D] [thread 358] [64.1] [cxt 0] Extracting header 'ipv4_inner'
[15:48:31.241] [bmv2] [D] [thread 358] [64.1] [cxt 0] Parser state 'parse_encapsulated_ipv4': key is 11
[15:48:31.241] [bmv2] [T] [thread 358] [64.1] [cxt 0] Bytes parsed: 103
[15:48:31.241] [bmv2] [D] [thread 358] [64.1] [cxt 0] Parser 'parser' entering state 'parse_encapsulated_udp'
[15:48:31.241] [bmv2] [D] [thread 358] [64.1] [cxt 0] Extracting header 'udp'
[15:48:31.241] [bmv2] [D] [thread 358] [64.1] [cxt 0] Parser set: setting field 'scalars.tmp_0' from expression, new value is 1
[15:48:31.241] [bmv2] [D] [thread 358] [64.1] [cxt 0] Parser state 'parse_encapsulated_udp': key is 01
[15:48:31.241] [bmv2] [T] [thread 358] [64.1] [cxt 0] Bytes parsed: 111
[15:48:31.241] [bmv2] [D] [thread 358] [64.1] [cxt 0] Parser 'parser' entering state 'parse_encapsulated_gtp_u'
[15:48:31.241] [bmv2] [D] [thread 358] [64.1] [cxt 0] Extracting header 'gtp_u'
[15:48:31.241] [bmv2] [D] [thread 358] [64.1] [cxt 0] Parser state 'parse_encapsulated_gtp_u' has no switch, going to default next state
[15:48:31.241] [bmv2] [T] [thread 358] [64.1] [cxt 0] Bytes parsed: 119
[15:48:31.241] [bmv2] [D] [thread 358] [64.1] [cxt 0] Parser 'parser': end
[15:48:31.241] [bmv2] [D] [thread 358] [64.0] [cxt 0] Cloning packet to egress port 9
[15:48:31.241] [bmv2] [D] [thread 358] [64.0] [cxt 0] Egress port is 1
[15:48:31.241] [bmv2] [D] [thread 360] [64.1] [cxt 0] Pipeline 'egress': start
[15:48:31.241] [bmv2] [T] [thread 360] [64.1] [cxt 0] int-gtp-destination.p4(402) Condition "hdr.int_shim.isValid()" (node_12) is true
[15:48:31.241] [bmv2] [T] [thread 360] [64.1] [cxt 0] Applying table 'tbl_update_int_metadata'
[15:48:31.241] [bmv2] [D] [thread 360] [64.1] [cxt 0] Looking up key:

[15:48:31.241] [bmv2] [D] [thread 360] [64.1] [cxt 0] Table 'tbl_update_int_metadata': miss
[15:48:31.241] [bmv2] [D] [thread 360] [64.1] [cxt 0] Action entry is MyEgress.update_int_metadata -
[15:48:31.241] [bmv2] [T] [thread 360] [64.1] [cxt 0] Action MyEgress.update_int_metadata
[15:48:31.241] [bmv2] [T] [thread 360] [64.1] [cxt 0] int-gtp-destination.p4(352) Primitive if
[15:48:31.241] [bmv2] [T] [thread 360] [64.1] [cxt 0] int-gtp-destination.p4(353) Primitive hdr.int_md[2].setValid()
[15:48:31.241] [bmv2] [T] [thread 360] [64.1] [cxt 0] int-gtp-destination.p4(354) Primitive hdr.int_md[2].padding_switch = 0
[15:48:31.241] [bmv2] [T] [thread 360] [64.1] [cxt 0] int-gtp-destination.p4(355) Primitive hdr.int_md[2].switch_id = (bit<16>)meta.switch_id
[15:48:31.241] [bmv2] [T] [thread 360] [64.1] [cxt 0] int-gtp-destination.p4(356) Primitive hdr.int_md[2].ingress_port_id = (bit<16>)meta.ingress_port
[15:48:31.241] [bmv2] [T] [thread 360] [64.1] [cxt 0] int-gtp-destination.p4(357) Primitive hdr.int_md[2].ingress_timestamp = meta.ingress_ts
[15:48:31.241] [bmv2] [T] [thread 360] [64.1] [cxt 0] int-gtp-destination.p4(362) Primitive hdr.int_md[2].congestion_notification = 0
[15:48:31.242] [bmv2] [T] [thread 360] [64.1] [cxt 0] int-gtp-destination.p4(363) Primitive hdr.int_md[2].reserved1 = 0
[15:48:31.242] [bmv2] [T] [thread 360] [64.1] [cxt 0] int-gtp-destination.p4(364) Primitive hdr.int_md[2].reserved2 = 0
[15:48:31.242] [bmv2] [T] [thread 360] [64.1] [cxt 0] int-gtp-destination.p4(368) Primitive hdr.int_md[2].egress_port_id = (bit<16>)standard_metadata.egress_port
[15:48:31.242] [bmv2] [T] [thread 360] [64.1] [cxt 0] int-gtp-destination.p4(369) Primitive hdr.int_md[2].egress_timestamp = (bit<32>)standard_metadata.egress_global_timestamp
[15:48:31.242] [bmv2] [T] [thread 360] [64.1] [cxt 0] int-gtp-destination.p4(370) Primitive hdr.int_md[2].hop_latency = hdr.int_md[2].egress_timestamp - hdr.int_md[2].ingress_timestamp
[15:48:31.242] [bmv2] [T] [thread 360] [64.1] [cxt 0] int-gtp-destination.p4(371) Primitive hdr.int_md[2].queue_occupancy = (bit<32>)standard_metadata.enq_qdepth
[15:48:31.242] [bmv2] [T] [thread 360] [64.1] [cxt 0] int-gtp-destination.p4(408) Condition "standard_metadata.instance_type == 1 || standard_metadata.egress_port == 9" (node_14) is true
[15:48:31.242] [bmv2] [D] [thread 360] [64.1] [cxt 0] Pipeline 'egress': end
[15:48:31.242] [bmv2] [D] [thread 360] [64.1] [cxt 0] Deparser 'deparser': start
[15:48:31.242] [bmv2] [D] [thread 360] [64.1] [cxt 0] Deparsing header 'ethernet'
[15:48:31.242] [bmv2] [D] [thread 360] [64.1] [cxt 0] Deparsing header 'int_shim'
[15:48:31.242] [bmv2] [D] [thread 360] [64.1] [cxt 0] Deparsing header 'int_header'
[15:48:31.242] [bmv2] [D] [thread 360] [64.1] [cxt 0] Deparsing header 'int_md[0]'
[15:48:31.242] [bmv2] [D] [thread 360] [64.1] [cxt 0] Deparsing header 'int_md[1]'
[15:48:31.242] [bmv2] [D] [thread 360] [64.1] [cxt 0] Deparsing header 'int_md[2]'
[15:48:31.242] [bmv2] [D] [thread 360] [64.1] [cxt 0] Deparsing header 'ipv4_inner'
[15:48:31.242] [bmv2] [D] [thread 360] [64.1] [cxt 0] Deparsing header 'udp'
[15:48:31.242] [bmv2] [D] [thread 360] [64.1] [cxt 0] Deparsing header 'gtp_u'
[15:48:31.242] [bmv2] [D] [thread 360] [64.1] [cxt 0] Deparser 'deparser': end
[15:48:31.242] [bmv2] [D] [thread 360] [64.0] [cxt 0] Pipeline 'egress': start
[15:48:31.242] [bmv2] [T] [thread 360] [64.0] [cxt 0] int-gtp-destination.p4(402) Condition "hdr.int_shim.isValid()" (node_12) is true
[15:48:31.242] [bmv2] [T] [thread 360] [64.0] [cxt 0] Applying table 'tbl_update_int_metadata'
[15:48:31.242] [bmv2] [D] [thread 360] [64.0] [cxt 0] Looking up key:

[15:48:31.242] [bmv2] [D] [thread 360] [64.0] [cxt 0] Table 'tbl_update_int_metadata': miss
[15:48:31.242] [bmv2] [D] [thread 360] [64.0] [cxt 0] Action entry is MyEgress.update_int_metadata -
[15:48:31.242] [bmv2] [T] [thread 360] [64.0] [cxt 0] Action MyEgress.update_int_metadata
[15:48:31.242] [bmv2] [T] [thread 360] [64.0] [cxt 0] int-gtp-destination.p4(352) Primitive if
[15:48:31.242] [bmv2] [T] [thread 360] [64.0] [cxt 0] int-gtp-destination.p4(352) Primitive if
[15:48:31.242] [bmv2] [T] [thread 360] [64.0] [cxt 0] int-gtp-destination.p4(368) Primitive hdr.int_md[2].egress_port_id = (bit<16>)standard_metadata.egress_port
[15:48:31.242] [bmv2] [T] [thread 360] [64.0] [cxt 0] int-gtp-destination.p4(369) Primitive hdr.int_md[2].egress_timestamp = (bit<32>)standard_metadata.egress_global_timestamp
[15:48:31.242] [bmv2] [T] [thread 360] [64.0] [cxt 0] int-gtp-destination.p4(370) Primitive hdr.int_md[2].hop_latency = hdr.int_md[2].egress_timestamp - hdr.int_md[2].ingress_timestamp
[15:48:31.242] [bmv2] [T] [thread 360] [64.0] [cxt 0] int-gtp-destination.p4(371) Primitive hdr.int_md[2].queue_occupancy = (bit<32>)standard_metadata.enq_qdepth
[15:48:31.242] [bmv2] [T] [thread 360] [64.0] [cxt 0] int-gtp-destination.p4(408) Condition "standard_metadata.instance_type == 1 || standard_metadata.egress_port == 9" (node_14) is false
[15:48:31.242] [bmv2] [T] [thread 360] [64.0] [cxt 0] Applying table 'MyEgress.egress_control'
[15:48:31.242] [bmv2] [D] [thread 360] [64.0] [cxt 0] Looking up key:
* standard_metadata.egress_port: 0001

[15:48:31.242] [bmv2] [D] [thread 360] [64.0] [cxt 0] Table 'MyEgress.egress_control': hit with handle 0
[15:48:31.242] [bmv2] [D] [thread 360] [64.0] [cxt 0] Dumping entry 0
Match key:
* standard_metadata.egress_port: EXACT     0001
Action entry: MyEgress.strip_int_headers -

[15:48:31.242] [bmv2] [D] [thread 360] [64.0] [cxt 0] Action entry is MyEgress.strip_int_headers -
[15:48:31.242] [bmv2] [T] [thread 360] [64.0] [cxt 0] Action MyEgress.strip_int_headers
[15:48:31.242] [bmv2] [T] [thread 360] [64.0] [cxt 0] int-gtp-destination.p4(375) Primitive hdr.ethernet.etherType = hdr.int_shim.next_proto
[15:48:31.242] [bmv2] [T] [thread 360] [64.0] [cxt 0] int-gtp-destination.p4(376) Primitive hdr.int_shim.setInvalid()
[15:48:31.242] [bmv2] [T] [thread 360] [64.0] [cxt 0] int-gtp-destination.p4(377) Primitive hdr.int_header.setInvalid()
[15:48:31.242] [bmv2] [T] [thread 360] [64.0] [cxt 0] int-gtp-destination.p4(379) Primitive hdr.int_md[0].setInvalid()
[15:48:31.242] [bmv2] [T] [thread 360] [64.0] [cxt 0] int-gtp-destination.p4(380) Primitive hdr.int_md[1].setInvalid()
[15:48:31.242] [bmv2] [T] [thread 360] [64.0] [cxt 0] int-gtp-destination.p4(381) Primitive hdr.int_md[2].setInvalid()
[15:48:31.242] [bmv2] [T] [thread 360] [64.0] [cxt 0] int-gtp-destination.p4(382) Primitive hdr.int_md[3].setInvalid()
[15:48:31.242] [bmv2] [T] [thread 360] [64.0] [cxt 0] int-gtp-destination.p4(383) Primitive hdr.int_md[4].setInvalid()
[15:48:31.242] [bmv2] [T] [thread 360] [64.0] [cxt 0] int-gtp-destination.p4(384) Primitive hdr.int_md[5].setInvalid()
[15:48:31.242] [bmv2] [T] [thread 360] [64.0] [cxt 0] int-gtp-destination.p4(385) Primitive hdr.int_md[6].setInvalid()
[15:48:31.242] [bmv2] [T] [thread 360] [64.0] [cxt 0] int-gtp-destination.p4(386) Primitive hdr.int_md[7].setInvalid()
[15:48:31.242] [bmv2] [D] [thread 360] [64.0] [cxt 0] Pipeline 'egress': end
[15:48:31.242] [bmv2] [D] [thread 360] [64.0] [cxt 0] Deparser 'deparser': start
[15:48:31.242] [bmv2] [D] [thread 360] [64.0] [cxt 0] Deparsing header 'ethernet'
[15:48:31.242] [bmv2] [D] [thread 360] [64.0] [cxt 0] Deparsing header 'ipv4_inner'
[15:48:31.242] [bmv2] [D] [thread 360] [64.0] [cxt 0] Deparsing header 'udp'
[15:48:31.242] [bmv2] [D] [thread 360] [64.0] [cxt 0] Deparsing header 'gtp_u'
[15:48:31.242] [bmv2] [D] [thread 360] [64.0] [cxt 0] Deparser 'deparser': end
[15:48:31.242] [bmv2] [D] [thread 363] [64.1] [cxt 0] Transmitting packet of size 239 out of port 9
[15:48:31.242] [bmv2] [D] [thread 363] [64.0] [cxt 0] Transmitting packet of size 142 out of port 1
[15:48:31.260] [bmv2] [D] [thread 358] [65.0] [cxt 0] Processing packet received on port 1
[15:48:31.260] [bmv2] [D] [thread 358] [65.0] [cxt 0] Parser 'parser': start
[15:48:31.260] [bmv2] [D] [thread 358] [65.0] [cxt 0] Parser 'parser' entering state 'start'
[15:48:31.260] [bmv2] [D] [thread 358] [65.0] [cxt 0] Extracting header 'ethernet'
[15:48:31.260] [bmv2] [D] [thread 358] [65.0] [cxt 0] Parser set: setting field 'scalars.metadata.ingress_port' from field 'standard_metadata.ingress_port' (1)
[15:48:31.260] [bmv2] [D] [thread 358] [65.0] [cxt 0] Parser set: setting field 'scalars.metadata.ingress_ts' from expression, new value is 191728595
[15:48:31.260] [bmv2] [D] [thread 358] [65.0] [cxt 0] Parser set: setting field 'scalars.metadata.md_blocks_extracted' to 0
[15:48:31.260] [bmv2] [D] [thread 358] [65.0] [cxt 0] Parser set: setting field 'scalars.metadata.is_int_packet' to 0
[15:48:31.260] [bmv2] [D] [thread 358] [65.0] [cxt 0] Parser state 'start': key is 9000
[15:48:31.260] [bmv2] [T] [thread 358] [65.0] [cxt 0] Bytes parsed: 14
[15:48:31.260] [bmv2] [D] [thread 358] [65.0] [cxt 0] Parser 'parser': end
[15:48:31.260] [bmv2] [D] [thread 358] [65.0] [cxt 0] Pipeline 'ingress': start
[15:48:31.260] [bmv2] [T] [thread 358] [65.0] [cxt 0] Applying table 'tbl_intgtpdestination311'
[15:48:31.260] [bmv2] [D] [thread 358] [65.0] [cxt 0] Looking up key:

[15:48:31.260] [bmv2] [D] [thread 358] [65.0] [cxt 0] Table 'tbl_intgtpdestination311': miss
[15:48:31.260] [bmv2] [D] [thread 358] [65.0] [cxt 0] Action entry is intgtpdestination311 -
[15:48:31.260] [bmv2] [T] [thread 358] [65.0] [cxt 0] Action intgtpdestination311
[15:48:31.260] [bmv2] [T] [thread 358] [65.0] [cxt 0] int-gtp-destination.p4(311) Primitive meta.switch_id = 3
[15:48:31.260] [bmv2] [T] [thread 358] [65.0] [cxt 0] int-gtp-destination.p4(313) Condition "hdr.ethernet.isValid()" (node_3) is true
[15:48:31.260] [bmv2] [T] [thread 358] [65.0] [cxt 0] int-gtp-destination.p4(314) Condition "hdr.int_shim.isValid()" (node_4) is false
[15:48:31.260] [bmv2] [T] [thread 358] [65.0] [cxt 0] int-gtp-destination.p4(339) Condition "hdr.ipv4_inner.isValid()" (node_8) is false
[15:48:31.260] [bmv2] [D] [thread 358] [65.0] [cxt 0] Pipeline 'ingress': end
[15:48:31.260] [bmv2] [D] [thread 358] [65.0] [cxt 0] Egress port is 0
[15:48:31.260] [bmv2] [D] [thread 359] [65.0] [cxt 0] Pipeline 'egress': start
[15:48:31.260] [bmv2] [T] [thread 359] [65.0] [cxt 0] int-gtp-destination.p4(402) Condition "hdr.int_shim.isValid()" (node_12) is false
[15:48:31.260] [bmv2] [D] [thread 359] [65.0] [cxt 0] Pipeline 'egress': end
[15:48:31.260] [bmv2] [D] [thread 359] [65.0] [cxt 0] Deparser 'deparser': start
[15:48:31.260] [bmv2] [D] [thread 359] [65.0] [cxt 0] Deparsing header 'ethernet'
[15:48:31.260] [bmv2] [D] [thread 359] [65.0] [cxt 0] Deparser 'deparser': end
[15:48:31.260] [bmv2] [D] [thread 363] [65.0] [cxt 0] Transmitting packet of size 60 out of port 0
[15:48:31.291] [bmv2] [D] [thread 358] [66.0] [cxt 0] Processing packet received on port 1
[15:48:31.291] [bmv2] [D] [thread 358] [66.0] [cxt 0] Parser 'parser': start
[15:48:31.291] [bmv2] [D] [thread 358] [66.0] [cxt 0] Parser 'parser' entering state 'start'
[15:48:31.291] [bmv2] [D] [thread 358] [66.0] [cxt 0] Extracting header 'ethernet'
[15:48:31.291] [bmv2] [D] [thread 358] [66.0] [cxt 0] Parser set: setting field 'scalars.metadata.ingress_port' from field 'standard_metadata.ingress_port' (1)
[15:48:31.291] [bmv2] [D] [thread 358] [66.0] [cxt 0] Parser set: setting field 'scalars.metadata.ingress_ts' from expression, new value is 191759639
[15:48:31.291] [bmv2] [D] [thread 358] [66.0] [cxt 0] Parser set: setting field 'scalars.metadata.md_blocks_extracted' to 0
[15:48:31.291] [bmv2] [D] [thread 358] [66.0] [cxt 0] Parser set: setting field 'scalars.metadata.is_int_packet' to 0
[15:48:31.291] [bmv2] [D] [thread 358] [66.0] [cxt 0] Parser state 'start': key is 0800
[15:48:31.291] [bmv2] [T] [thread 358] [66.0] [cxt 0] Bytes parsed: 14
[15:48:31.291] [bmv2] [D] [thread 358] [66.0] [cxt 0] Parser 'parser' entering state 'parse_ipv4'
[15:48:31.291] [bmv2] [D] [thread 358] [66.0] [cxt 0] Extracting header 'ipv4_inner'
[15:48:31.291] [bmv2] [D] [thread 358] [66.0] [cxt 0] Parser state 'parse_ipv4': key is 11
[15:48:31.291] [bmv2] [T] [thread 358] [66.0] [cxt 0] Bytes parsed: 34
[15:48:31.291] [bmv2] [D] [thread 358] [66.0] [cxt 0] Parser 'parser' entering state 'parse_udp'
[15:48:31.291] [bmv2] [D] [thread 358] [66.0] [cxt 0] Extracting header 'udp'
[15:48:31.291] [bmv2] [D] [thread 358] [66.0] [cxt 0] Parser set: setting field 'scalars.tmp' from expression, new value is 1
[15:48:31.291] [bmv2] [D] [thread 358] [66.0] [cxt 0] Parser state 'parse_udp': key is 01
[15:48:31.291] [bmv2] [T] [thread 358] [66.0] [cxt 0] Bytes parsed: 42
[15:48:31.291] [bmv2] [D] [thread 358] [66.0] [cxt 0] Parser 'parser' entering state 'parse_gtp_u'
[15:48:31.291] [bmv2] [D] [thread 358] [66.0] [cxt 0] Extracting header 'gtp_u'
[15:48:31.291] [bmv2] [D] [thread 358] [66.0] [cxt 0] Parser state 'parse_gtp_u' has no switch, going to default next state
[15:48:31.291] [bmv2] [T] [thread 358] [66.0] [cxt 0] Bytes parsed: 50
[15:48:31.291] [bmv2] [D] [thread 358] [66.0] [cxt 0] Parser 'parser': end
[15:48:31.291] [bmv2] [D] [thread 358] [66.0] [cxt 0] Pipeline 'ingress': start
[15:48:31.291] [bmv2] [T] [thread 358] [66.0] [cxt 0] Applying table 'tbl_intgtpdestination311'
[15:48:31.291] [bmv2] [D] [thread 358] [66.0] [cxt 0] Looking up key:

[15:48:31.291] [bmv2] [D] [thread 358] [66.0] [cxt 0] Table 'tbl_intgtpdestination311': miss
[15:48:31.291] [bmv2] [D] [thread 358] [66.0] [cxt 0] Action entry is intgtpdestination311 -
[15:48:31.291] [bmv2] [T] [thread 358] [66.0] [cxt 0] Action intgtpdestination311
[15:48:31.291] [bmv2] [T] [thread 358] [66.0] [cxt 0] int-gtp-destination.p4(311) Primitive meta.switch_id = 3
[15:48:31.291] [bmv2] [T] [thread 358] [66.0] [cxt 0] int-gtp-destination.p4(313) Condition "hdr.ethernet.isValid()" (node_3) is true
[15:48:31.291] [bmv2] [T] [thread 358] [66.0] [cxt 0] int-gtp-destination.p4(314) Condition "hdr.int_shim.isValid()" (node_4) is false
[15:48:31.291] [bmv2] [T] [thread 358] [66.0] [cxt 0] int-gtp-destination.p4(339) Condition "hdr.ipv4_inner.isValid()" (node_8) is true
[15:48:31.291] [bmv2] [T] [thread 358] [66.0] [cxt 0] Applying table 'MyIngress.ipv4_lpm'
[15:48:31.292] [bmv2] [D] [thread 358] [66.0] [cxt 0] Looking up key:
* hdr.ipv4_inner.dstAddr: ac120a03

[15:48:31.292] [bmv2] [D] [thread 358] [66.0] [cxt 0] Table 'MyIngress.ipv4_lpm': hit with handle 2
[15:48:31.292] [bmv2] [D] [thread 358] [66.0] [cxt 0] Dumping entry 2
Match key:
* hdr.ipv4_inner.dstAddr: LPM       ac120a03/32
Action entry: MyIngress.forward_action - 2,

[15:48:31.292] [bmv2] [D] [thread 358] [66.0] [cxt 0] Action entry is MyIngress.forward_action - 2,
[15:48:31.292] [bmv2] [T] [thread 358] [66.0] [cxt 0] Action MyIngress.forward_action
[15:48:31.292] [bmv2] [T] [thread 358] [66.0] [cxt 0] int-gtp-destination.p4(283) Primitive standard_metadata.egress_spec = egress_port
[15:48:31.292] [bmv2] [D] [thread 358] [66.0] [cxt 0] Pipeline 'ingress': end
[15:48:31.292] [bmv2] [D] [thread 358] [66.0] [cxt 0] Egress port is 2
[15:48:31.292] [bmv2] [D] [thread 361] [66.0] [cxt 0] Pipeline 'egress': start
[15:48:31.292] [bmv2] [T] [thread 361] [66.0] [cxt 0] int-gtp-destination.p4(402) Condition "hdr.int_shim.isValid()" (node_12) is false
[15:48:31.292] [bmv2] [D] [thread 361] [66.0] [cxt 0] Pipeline 'egress': end
[15:48:31.292] [bmv2] [D] [thread 361] [66.0] [cxt 0] Deparser 'deparser': start
[15:48:31.292] [bmv2] [D] [thread 361] [66.0] [cxt 0] Deparsing header 'ethernet'
[15:48:31.292] [bmv2] [D] [thread 361] [66.0] [cxt 0] Deparsing header 'ipv4_inner'
[15:48:31.292] [bmv2] [D] [thread 361] [66.0] [cxt 0] Deparsing header 'udp'
[15:48:31.292] [bmv2] [D] [thread 361] [66.0] [cxt 0] Deparsing header 'gtp_u'
[15:48:31.292] [bmv2] [D] [thread 361] [66.0] [cxt 0] Deparser 'deparser': end
[15:48:31.292] [bmv2] [D] [thread 363] [66.0] [cxt 0] Transmitting packet of size 142 out of port 2
[15:48:32.263] [bmv2] [D] [thread 358] [67.0] [cxt 0] Processing packet received on port 2
[15:48:32.263] [bmv2] [D] [thread 358] [67.0] [cxt 0] Parser 'parser': start
[15:48:32.263] [bmv2] [D] [thread 358] [67.0] [cxt 0] Parser 'parser' entering state 'start'
[15:48:32.263] [bmv2] [D] [thread 358] [67.0] [cxt 0] Extracting header 'ethernet'
[15:48:32.263] [bmv2] [D] [thread 358] [67.0] [cxt 0] Parser set: setting field 'scalars.metadata.ingress_port' from field 'standard_metadata.ingress_port' (2)
[15:48:32.264] [bmv2] [D] [thread 358] [67.0] [cxt 0] Parser set: setting field 'scalars.metadata.ingress_ts' from expression, new value is 192732401
[15:48:32.264] [bmv2] [D] [thread 358] [67.0] [cxt 0] Parser set: setting field 'scalars.metadata.md_blocks_extracted' to 0
[15:48:32.264] [bmv2] [D] [thread 358] [67.0] [cxt 0] Parser set: setting field 'scalars.metadata.is_int_packet' to 0
[15:48:32.264] [bmv2] [D] [thread 358] [67.0] [cxt 0] Parser state 'start': key is 00fa
[15:48:32.264] [bmv2] [T] [thread 358] [67.0] [cxt 0] Bytes parsed: 14
[15:48:32.264] [bmv2] [D] [thread 358] [67.0] [cxt 0] Parser 'parser' entering state 'parse_int_shim'
[15:48:32.264] [bmv2] [D] [thread 358] [67.0] [cxt 0] Extracting header 'int_shim'
[15:48:32.264] [bmv2] [D] [thread 358] [67.0] [cxt 0] Parser set: setting field 'scalars.metadata.is_int_packet' to 1
[15:48:32.264] [bmv2] [D] [thread 358] [67.0] [cxt 0] Extracting header 'int_header'
[15:48:32.264] [bmv2] [D] [thread 358] [67.0] [cxt 0] Parser set: setting field 'scalars.metadata.md_blocks_extracted' from expression, new value is 251
[15:48:32.264] [bmv2] [D] [thread 358] [67.0] [cxt 0] Extracting header 'int_md[0]'
[15:48:32.264] [bmv2] [D] [thread 358] [67.0] [cxt 0] Extracting header 'int_md[1]'
[15:48:32.264] [bmv2] [D] [thread 358] [67.0] [cxt 0] Parser state 'parse_int_shim': key is 0800
[15:48:32.264] [bmv2] [T] [thread 358] [67.0] [cxt 0] Bytes parsed: 83
[15:48:32.264] [bmv2] [D] [thread 358] [67.0] [cxt 0] Parser 'parser' entering state 'parse_encapsulated_ipv4'
[15:48:32.264] [bmv2] [D] [thread 358] [67.0] [cxt 0] Extracting header 'ipv4_inner'
[15:48:32.264] [bmv2] [D] [thread 358] [67.0] [cxt 0] Parser state 'parse_encapsulated_ipv4': key is 11
[15:48:32.264] [bmv2] [T] [thread 358] [67.0] [cxt 0] Bytes parsed: 103
[15:48:32.264] [bmv2] [D] [thread 358] [67.0] [cxt 0] Parser 'parser' entering state 'parse_encapsulated_udp'
[15:48:32.264] [bmv2] [D] [thread 358] [67.0] [cxt 0] Extracting header 'udp'
[15:48:32.264] [bmv2] [D] [thread 358] [67.0] [cxt 0] Parser set: setting field 'scalars.tmp_0' from expression, new value is 1
[15:48:32.264] [bmv2] [D] [thread 358] [67.0] [cxt 0] Parser state 'parse_encapsulated_udp': key is 01
[15:48:32.264] [bmv2] [T] [thread 358] [67.0] [cxt 0] Bytes parsed: 111
[15:48:32.264] [bmv2] [D] [thread 358] [67.0] [cxt 0] Parser 'parser' entering state 'parse_encapsulated_gtp_u'
[15:48:32.264] [bmv2] [D] [thread 358] [67.0] [cxt 0] Extracting header 'gtp_u'
[15:48:32.264] [bmv2] [D] [thread 358] [67.0] [cxt 0] Parser state 'parse_encapsulated_gtp_u' has no switch, going to default next state
[15:48:32.264] [bmv2] [T] [thread 358] [67.0] [cxt 0] Bytes parsed: 119
[15:48:32.264] [bmv2] [D] [thread 358] [67.0] [cxt 0] Parser 'parser': end
[15:48:32.264] [bmv2] [D] [thread 358] [67.0] [cxt 0] Pipeline 'ingress': start
[15:48:32.264] [bmv2] [T] [thread 358] [67.0] [cxt 0] Applying table 'tbl_intgtpdestination311'
[15:48:32.264] [bmv2] [D] [thread 358] [67.0] [cxt 0] Looking up key:

[15:48:32.264] [bmv2] [D] [thread 358] [67.0] [cxt 0] Table 'tbl_intgtpdestination311': miss
[15:48:32.264] [bmv2] [D] [thread 358] [67.0] [cxt 0] Action entry is intgtpdestination311 -
[15:48:32.264] [bmv2] [T] [thread 358] [67.0] [cxt 0] Action intgtpdestination311
[15:48:32.264] [bmv2] [T] [thread 358] [67.0] [cxt 0] int-gtp-destination.p4(311) Primitive meta.switch_id = 3
[15:48:32.264] [bmv2] [T] [thread 358] [67.0] [cxt 0] int-gtp-destination.p4(313) Condition "hdr.ethernet.isValid()" (node_3) is true
[15:48:32.264] [bmv2] [T] [thread 358] [67.0] [cxt 0] int-gtp-destination.p4(314) Condition "hdr.int_shim.isValid()" (node_4) is true
[15:48:32.264] [bmv2] [T] [thread 358] [67.0] [cxt 0] int-gtp-destination.p4(316) Condition "hdr.int_header.remaining_hop_cnt > 0" (node_5) is true
[15:48:32.264] [bmv2] [T] [thread 358] [67.0] [cxt 0] Applying table 'tbl_intgtpdestination317'
[15:48:32.264] [bmv2] [D] [thread 358] [67.0] [cxt 0] Looking up key:

[15:48:32.264] [bmv2] [D] [thread 358] [67.0] [cxt 0] Table 'tbl_intgtpdestination317': miss
[15:48:32.264] [bmv2] [D] [thread 358] [67.0] [cxt 0] Action entry is intgtpdestination317 -
[15:48:32.264] [bmv2] [T] [thread 358] [67.0] [cxt 0] Action intgtpdestination317
[15:48:32.264] [bmv2] [T] [thread 358] [67.0] [cxt 0] int-gtp-destination.p4(317) Primitive hdr.int_md[2].setValid()
[15:48:32.264] [bmv2] [T] [thread 358] [67.0] [cxt 0] int-gtp-destination.p4(318) Primitive hdr.int_md[2].padding_switch = 0
[15:48:32.264] [bmv2] [T] [thread 358] [67.0] [cxt 0] int-gtp-destination.p4(319) Primitive hdr.int_md[2].switch_id = (bit<16>)meta.switch_id
[15:48:32.264] [bmv2] [T] [thread 358] [67.0] [cxt 0] int-gtp-destination.p4(320) Primitive hdr.int_md[2].ingress_port_id = (bit<16>)meta.ingress_port
[15:48:32.264] [bmv2] [T] [thread 358] [67.0] [cxt 0] int-gtp-destination.p4(321) Primitive hdr.int_md[2].ingress_timestamp = meta.ingress_ts
[15:48:32.264] [bmv2] [T] [thread 358] [67.0] [cxt 0] int-gtp-destination.p4(322) Primitive hdr.int_md[2].egress_port_id = 0
[15:48:32.264] [bmv2] [T] [thread 358] [67.0] [cxt 0] int-gtp-destination.p4(323) Primitive hdr.int_md[2].hop_latency = 0
[15:48:32.264] [bmv2] [T] [thread 358] [67.0] [cxt 0] int-gtp-destination.p4(324) Primitive hdr.int_md[2].egress_timestamp = 0
[15:48:32.264] [bmv2] [T] [thread 358] [67.0] [cxt 0] int-gtp-destination.p4(325) Primitive hdr.int_md[2].queue_occupancy = 0
[15:48:32.264] [bmv2] [T] [thread 358] [67.0] [cxt 0] int-gtp-destination.p4(326) Primitive hdr.int_md[2].congestion_notification = 0
[15:48:32.264] [bmv2] [T] [thread 358] [67.0] [cxt 0] int-gtp-destination.p4(327) Primitive hdr.int_md[2].reserved1 = 0
[15:48:32.264] [bmv2] [T] [thread 358] [67.0] [cxt 0] int-gtp-destination.p4(328) Primitive hdr.int_md[2].reserved2 = 0
[15:48:32.264] [bmv2] [T] [thread 358] [67.0] [cxt 0] int-gtp-destination.p4(330) Primitive hdr.int_header.remaining_hop_cnt = hdr.int_header.remaining_hop_cnt - 1
[15:48:32.264] [bmv2] [T] [thread 358] [67.0] [cxt 0] int-gtp-destination.p4(331) Primitive hdr.int_shim.length = hdr.int_shim.length + 32
[15:48:32.264] [bmv2] [T] [thread 358] [67.0] [cxt 0] Applying table 'MyIngress.int_sink_table'
[15:48:32.264] [bmv2] [D] [thread 358] [67.0] [cxt 0] Looking up key:
* hdr.int_shim.$valid$: 01

[15:48:32.264] [bmv2] [D] [thread 358] [67.0] [cxt 0] Table 'MyIngress.int_sink_table': hit with handle 0
[15:48:32.264] [bmv2] [D] [thread 358] [67.0] [cxt 0] Dumping entry 0
Match key:
* hdr.int_shim.$valid$: EXACT     01
Action entry: MyIngress.int_sink_action -

[15:48:32.264] [bmv2] [D] [thread 358] [67.0] [cxt 0] Action entry is MyIngress.int_sink_action -
[15:48:32.264] [bmv2] [T] [thread 358] [67.0] [cxt 0] Action MyIngress.int_sink_action
[15:48:32.264] [bmv2] [T] [thread 358] [67.0] [cxt 0] int-gtp-destination.p4(278) Primitive meta.clone_port = 9
[15:48:32.264] [bmv2] [T] [thread 358] [67.0] [cxt 0] int-gtp-destination.p4(279) Primitive clone_preserving_field_list(CloneType.I2E, 99, 99)
[15:48:32.264] [bmv2] [T] [thread 358] [67.0] [cxt 0] int-gtp-destination.p4(339) Condition "hdr.ipv4_inner.isValid()" (node_8) is true
[15:48:32.264] [bmv2] [T] [thread 358] [67.0] [cxt 0] Applying table 'MyIngress.ipv4_lpm'
[15:48:32.264] [bmv2] [D] [thread 358] [67.0] [cxt 0] Looking up key:
* hdr.ipv4_inner.dstAddr: ac120018

[15:48:32.264] [bmv2] [D] [thread 358] [67.0] [cxt 0] Table 'MyIngress.ipv4_lpm': hit with handle 1
[15:48:32.264] [bmv2] [D] [thread 358] [67.0] [cxt 0] Dumping entry 1
Match key:
* hdr.ipv4_inner.dstAddr: LPM       ac120018/32
Action entry: MyIngress.forward_action - 1,

[15:48:32.264] [bmv2] [D] [thread 358] [67.0] [cxt 0] Action entry is MyIngress.forward_action - 1,
[15:48:32.264] [bmv2] [T] [thread 358] [67.0] [cxt 0] Action MyIngress.forward_action
[15:48:32.264] [bmv2] [T] [thread 358] [67.0] [cxt 0] int-gtp-destination.p4(283) Primitive standard_metadata.egress_spec = egress_port
[15:48:32.264] [bmv2] [D] [thread 358] [67.0] [cxt 0] Pipeline 'ingress': end
[15:48:32.264] [bmv2] [D] [thread 358] [67.0] [cxt 0] Cloning packet at ingress
[15:48:32.264] [bmv2] [D] [thread 358] [67.1] [cxt 0] Parser 'parser': start
[15:48:32.264] [bmv2] [D] [thread 358] [67.1] [cxt 0] Parser 'parser' entering state 'start'
[15:48:32.264] [bmv2] [D] [thread 358] [67.1] [cxt 0] Extracting header 'ethernet'
[15:48:32.264] [bmv2] [D] [thread 358] [67.1] [cxt 0] Parser set: setting field 'scalars.metadata.ingress_port' from field 'standard_metadata.ingress_port' (2)
[15:48:32.264] [bmv2] [D] [thread 358] [67.1] [cxt 0] Parser set: setting field 'scalars.metadata.ingress_ts' from expression, new value is 0
[15:48:32.264] [bmv2] [D] [thread 358] [67.1] [cxt 0] Parser set: setting field 'scalars.metadata.md_blocks_extracted' to 0
[15:48:32.264] [bmv2] [D] [thread 358] [67.1] [cxt 0] Parser set: setting field 'scalars.metadata.is_int_packet' to 0
[15:48:32.264] [bmv2] [D] [thread 358] [67.1] [cxt 0] Parser state 'start': key is 00fa
[15:48:32.264] [bmv2] [T] [thread 358] [67.1] [cxt 0] Bytes parsed: 14
[15:48:32.264] [bmv2] [D] [thread 358] [67.1] [cxt 0] Parser 'parser' entering state 'parse_int_shim'
[15:48:32.264] [bmv2] [D] [thread 358] [67.1] [cxt 0] Extracting header 'int_shim'
[15:48:32.264] [bmv2] [D] [thread 358] [67.1] [cxt 0] Parser set: setting field 'scalars.metadata.is_int_packet' to 1
[15:48:32.264] [bmv2] [D] [thread 358] [67.1] [cxt 0] Extracting header 'int_header'
[15:48:32.264] [bmv2] [D] [thread 358] [67.1] [cxt 0] Parser set: setting field 'scalars.metadata.md_blocks_extracted' from expression, new value is 251
[15:48:32.264] [bmv2] [D] [thread 358] [67.1] [cxt 0] Extracting header 'int_md[0]'
[15:48:32.264] [bmv2] [D] [thread 358] [67.1] [cxt 0] Extracting header 'int_md[1]'
[15:48:32.264] [bmv2] [D] [thread 358] [67.1] [cxt 0] Parser state 'parse_int_shim': key is 0800
[15:48:32.264] [bmv2] [T] [thread 358] [67.1] [cxt 0] Bytes parsed: 83
[15:48:32.264] [bmv2] [D] [thread 358] [67.1] [cxt 0] Parser 'parser' entering state 'parse_encapsulated_ipv4'
[15:48:32.264] [bmv2] [D] [thread 358] [67.1] [cxt 0] Extracting header 'ipv4_inner'
[15:48:32.264] [bmv2] [D] [thread 358] [67.1] [cxt 0] Parser state 'parse_encapsulated_ipv4': key is 11
[15:48:32.264] [bmv2] [T] [thread 358] [67.1] [cxt 0] Bytes parsed: 103
[15:48:32.264] [bmv2] [D] [thread 358] [67.1] [cxt 0] Parser 'parser' entering state 'parse_encapsulated_udp'
[15:48:32.264] [bmv2] [D] [thread 358] [67.1] [cxt 0] Extracting header 'udp'
[15:48:32.264] [bmv2] [D] [thread 358] [67.1] [cxt 0] Parser set: setting field 'scalars.tmp_0' from expression, new value is 1
[15:48:32.264] [bmv2] [D] [thread 358] [67.1] [cxt 0] Parser state 'parse_encapsulated_udp': key is 01
[15:48:32.264] [bmv2] [T] [thread 358] [67.1] [cxt 0] Bytes parsed: 111
[15:48:32.264] [bmv2] [D] [thread 358] [67.1] [cxt 0] Parser 'parser' entering state 'parse_encapsulated_gtp_u'
[15:48:32.264] [bmv2] [D] [thread 358] [67.1] [cxt 0] Extracting header 'gtp_u'
[15:48:32.264] [bmv2] [D] [thread 358] [67.1] [cxt 0] Parser state 'parse_encapsulated_gtp_u' has no switch, going to default next state
[15:48:32.264] [bmv2] [T] [thread 358] [67.1] [cxt 0] Bytes parsed: 119
[15:48:32.264] [bmv2] [D] [thread 358] [67.1] [cxt 0] Parser 'parser': end
[15:48:32.264] [bmv2] [D] [thread 358] [67.0] [cxt 0] Cloning packet to egress port 9
[15:48:32.264] [bmv2] [D] [thread 358] [67.0] [cxt 0] Egress port is 1
[15:48:32.264] [bmv2] [D] [thread 360] [67.1] [cxt 0] Pipeline 'egress': start
[15:48:32.264] [bmv2] [T] [thread 360] [67.1] [cxt 0] int-gtp-destination.p4(402) Condition "hdr.int_shim.isValid()" (node_12) is true
[15:48:32.264] [bmv2] [T] [thread 360] [67.1] [cxt 0] Applying table 'tbl_update_int_metadata'
[15:48:32.264] [bmv2] [D] [thread 360] [67.1] [cxt 0] Looking up key:

[15:48:32.264] [bmv2] [D] [thread 360] [67.1] [cxt 0] Table 'tbl_update_int_metadata': miss
[15:48:32.264] [bmv2] [D] [thread 360] [67.1] [cxt 0] Action entry is MyEgress.update_int_metadata -
[15:48:32.264] [bmv2] [T] [thread 360] [67.1] [cxt 0] Action MyEgress.update_int_metadata
[15:48:32.264] [bmv2] [T] [thread 360] [67.1] [cxt 0] int-gtp-destination.p4(352) Primitive if
[15:48:32.264] [bmv2] [T] [thread 360] [67.1] [cxt 0] int-gtp-destination.p4(353) Primitive hdr.int_md[2].setValid()
[15:48:32.264] [bmv2] [T] [thread 360] [67.1] [cxt 0] int-gtp-destination.p4(354) Primitive hdr.int_md[2].padding_switch = 0
[15:48:32.264] [bmv2] [T] [thread 360] [67.1] [cxt 0] int-gtp-destination.p4(355) Primitive hdr.int_md[2].switch_id = (bit<16>)meta.switch_id
[15:48:32.264] [bmv2] [T] [thread 360] [67.1] [cxt 0] int-gtp-destination.p4(356) Primitive hdr.int_md[2].ingress_port_id = (bit<16>)meta.ingress_port
[15:48:32.264] [bmv2] [T] [thread 360] [67.1] [cxt 0] int-gtp-destination.p4(357) Primitive hdr.int_md[2].ingress_timestamp = meta.ingress_ts
[15:48:32.264] [bmv2] [T] [thread 360] [67.1] [cxt 0] int-gtp-destination.p4(362) Primitive hdr.int_md[2].congestion_notification = 0
[15:48:32.264] [bmv2] [T] [thread 360] [67.1] [cxt 0] int-gtp-destination.p4(363) Primitive hdr.int_md[2].reserved1 = 0
[15:48:32.264] [bmv2] [T] [thread 360] [67.1] [cxt 0] int-gtp-destination.p4(364) Primitive hdr.int_md[2].reserved2 = 0
[15:48:32.264] [bmv2] [T] [thread 360] [67.1] [cxt 0] int-gtp-destination.p4(368) Primitive hdr.int_md[2].egress_port_id = (bit<16>)standard_metadata.egress_port
[15:48:32.264] [bmv2] [T] [thread 360] [67.1] [cxt 0] int-gtp-destination.p4(369) Primitive hdr.int_md[2].egress_timestamp = (bit<32>)standard_metadata.egress_global_timestamp
[15:48:32.264] [bmv2] [T] [thread 360] [67.1] [cxt 0] int-gtp-destination.p4(370) Primitive hdr.int_md[2].hop_latency = hdr.int_md[2].egress_timestamp - hdr.int_md[2].ingress_timestamp
[15:48:32.264] [bmv2] [T] [thread 360] [67.1] [cxt 0] int-gtp-destination.p4(371) Primitive hdr.int_md[2].queue_occupancy = (bit<32>)standard_metadata.enq_qdepth
[15:48:32.264] [bmv2] [T] [thread 360] [67.1] [cxt 0] int-gtp-destination.p4(408) Condition "standard_metadata.instance_type == 1 || standard_metadata.egress_port == 9" (node_14) is true
[15:48:32.264] [bmv2] [D] [thread 360] [67.1] [cxt 0] Pipeline 'egress': end
[15:48:32.264] [bmv2] [D] [thread 360] [67.1] [cxt 0] Deparser 'deparser': start
[15:48:32.264] [bmv2] [D] [thread 360] [67.1] [cxt 0] Deparsing header 'ethernet'
[15:48:32.264] [bmv2] [D] [thread 360] [67.1] [cxt 0] Deparsing header 'int_shim'
[15:48:32.264] [bmv2] [D] [thread 360] [67.1] [cxt 0] Deparsing header 'int_header'
[15:48:32.264] [bmv2] [D] [thread 360] [67.1] [cxt 0] Deparsing header 'int_md[0]'
[15:48:32.264] [bmv2] [D] [thread 360] [67.1] [cxt 0] Deparsing header 'int_md[1]'
[15:48:32.264] [bmv2] [D] [thread 360] [67.1] [cxt 0] Deparsing header 'int_md[2]'
[15:48:32.264] [bmv2] [D] [thread 360] [67.1] [cxt 0] Deparsing header 'ipv4_inner'
[15:48:32.264] [bmv2] [D] [thread 360] [67.1] [cxt 0] Deparsing header 'udp'
[15:48:32.264] [bmv2] [D] [thread 360] [67.1] [cxt 0] Deparsing header 'gtp_u'
[15:48:32.264] [bmv2] [D] [thread 360] [67.1] [cxt 0] Deparser 'deparser': end
[15:48:32.264] [bmv2] [D] [thread 360] [67.0] [cxt 0] Pipeline 'egress': start
[15:48:32.264] [bmv2] [T] [thread 360] [67.0] [cxt 0] int-gtp-destination.p4(402) Condition "hdr.int_shim.isValid()" (node_12) is true
[15:48:32.264] [bmv2] [T] [thread 360] [67.0] [cxt 0] Applying table 'tbl_update_int_metadata'
[15:48:32.264] [bmv2] [D] [thread 360] [67.0] [cxt 0] Looking up key:

[15:48:32.264] [bmv2] [D] [thread 360] [67.0] [cxt 0] Table 'tbl_update_int_metadata': miss
[15:48:32.264] [bmv2] [D] [thread 360] [67.0] [cxt 0] Action entry is MyEgress.update_int_metadata -
[15:48:32.265] [bmv2] [T] [thread 360] [67.0] [cxt 0] Action MyEgress.update_int_metadata
[15:48:32.265] [bmv2] [T] [thread 360] [67.0] [cxt 0] int-gtp-destination.p4(352) Primitive if
[15:48:32.265] [bmv2] [T] [thread 360] [67.0] [cxt 0] int-gtp-destination.p4(352) Primitive if
[15:48:32.265] [bmv2] [T] [thread 360] [67.0] [cxt 0] int-gtp-destination.p4(368) Primitive hdr.int_md[2].egress_port_id = (bit<16>)standard_metadata.egress_port
[15:48:32.265] [bmv2] [D] [thread 363] [67.1] [cxt 0] Transmitting packet of size 239 out of port 9
[15:48:32.265] [bmv2] [T] [thread 360] [67.0] [cxt 0] int-gtp-destination.p4(369) Primitive hdr.int_md[2].egress_timestamp = (bit<32>)standard_metadata.egress_global_timestamp
[15:48:32.265] [bmv2] [T] [thread 360] [67.0] [cxt 0] int-gtp-destination.p4(370) Primitive hdr.int_md[2].hop_latency = hdr.int_md[2].egress_timestamp - hdr.int_md[2].ingress_timestamp
[15:48:32.265] [bmv2] [T] [thread 360] [67.0] [cxt 0] int-gtp-destination.p4(371) Primitive hdr.int_md[2].queue_occupancy = (bit<32>)standard_metadata.enq_qdepth
[15:48:32.265] [bmv2] [T] [thread 360] [67.0] [cxt 0] int-gtp-destination.p4(408) Condition "standard_metadata.instance_type == 1 || standard_metadata.egress_port == 9" (node_14) is false
[15:48:32.265] [bmv2] [T] [thread 360] [67.0] [cxt 0] Applying table 'MyEgress.egress_control'
[15:48:32.265] [bmv2] [D] [thread 360] [67.0] [cxt 0] Looking up key:
* standard_metadata.egress_port: 0001

[15:48:32.265] [bmv2] [D] [thread 360] [67.0] [cxt 0] Table 'MyEgress.egress_control': hit with handle 0
[15:48:32.265] [bmv2] [D] [thread 360] [67.0] [cxt 0] Dumping entry 0
Match key:
* standard_metadata.egress_port: EXACT     0001
Action entry: MyEgress.strip_int_headers -

[15:48:32.265] [bmv2] [D] [thread 360] [67.0] [cxt 0] Action entry is MyEgress.strip_int_headers -
[15:48:32.265] [bmv2] [T] [thread 360] [67.0] [cxt 0] Action MyEgress.strip_int_headers
[15:48:32.265] [bmv2] [T] [thread 360] [67.0] [cxt 0] int-gtp-destination.p4(375) Primitive hdr.ethernet.etherType = hdr.int_shim.next_proto
[15:48:32.265] [bmv2] [T] [thread 360] [67.0] [cxt 0] int-gtp-destination.p4(376) Primitive hdr.int_shim.setInvalid()
[15:48:32.265] [bmv2] [T] [thread 360] [67.0] [cxt 0] int-gtp-destination.p4(377) Primitive hdr.int_header.setInvalid()
[15:48:32.265] [bmv2] [T] [thread 360] [67.0] [cxt 0] int-gtp-destination.p4(379) Primitive hdr.int_md[0].setInvalid()
[15:48:32.265] [bmv2] [T] [thread 360] [67.0] [cxt 0] int-gtp-destination.p4(380) Primitive hdr.int_md[1].setInvalid()
[15:48:32.265] [bmv2] [T] [thread 360] [67.0] [cxt 0] int-gtp-destination.p4(381) Primitive hdr.int_md[2].setInvalid()
[15:48:32.265] [bmv2] [T] [thread 360] [67.0] [cxt 0] int-gtp-destination.p4(382) Primitive hdr.int_md[3].setInvalid()
[15:48:32.265] [bmv2] [T] [thread 360] [67.0] [cxt 0] int-gtp-destination.p4(383) Primitive hdr.int_md[4].setInvalid()
[15:48:32.265] [bmv2] [T] [thread 360] [67.0] [cxt 0] int-gtp-destination.p4(384) Primitive hdr.int_md[5].setInvalid()
[15:48:32.265] [bmv2] [T] [thread 360] [67.0] [cxt 0] int-gtp-destination.p4(385) Primitive hdr.int_md[6].setInvalid()
[15:48:32.265] [bmv2] [T] [thread 360] [67.0] [cxt 0] int-gtp-destination.p4(386) Primitive hdr.int_md[7].setInvalid()
[15:48:32.265] [bmv2] [D] [thread 360] [67.0] [cxt 0] Pipeline 'egress': end
[15:48:32.265] [bmv2] [D] [thread 360] [67.0] [cxt 0] Deparser 'deparser': start
[15:48:32.265] [bmv2] [D] [thread 360] [67.0] [cxt 0] Deparsing header 'ethernet'
[15:48:32.265] [bmv2] [D] [thread 360] [67.0] [cxt 0] Deparsing header 'ipv4_inner'
[15:48:32.265] [bmv2] [D] [thread 360] [67.0] [cxt 0] Deparsing header 'udp'
[15:48:32.265] [bmv2] [D] [thread 360] [67.0] [cxt 0] Deparsing header 'gtp_u'
[15:48:32.265] [bmv2] [D] [thread 360] [67.0] [cxt 0] Deparser 'deparser': end
[15:48:32.265] [bmv2] [D] [thread 363] [67.0] [cxt 0] Transmitting packet of size 142 out of port 1
[15:48:32.310] [bmv2] [D] [thread 358] [68.0] [cxt 0] Processing packet received on port 1
[15:48:32.310] [bmv2] [D] [thread 358] [68.0] [cxt 0] Parser 'parser': start
[15:48:32.310] [bmv2] [D] [thread 358] [68.0] [cxt 0] Parser 'parser' entering state 'start'
[15:48:32.310] [bmv2] [D] [thread 358] [68.0] [cxt 0] Extracting header 'ethernet'
[15:48:32.310] [bmv2] [D] [thread 358] [68.0] [cxt 0] Parser set: setting field 'scalars.metadata.ingress_port' from field 'standard_metadata.ingress_port' (1)
[15:48:32.310] [bmv2] [D] [thread 358] [68.0] [cxt 0] Parser set: setting field 'scalars.metadata.ingress_ts' from expression, new value is 192778954
[15:48:32.310] [bmv2] [D] [thread 358] [68.0] [cxt 0] Parser set: setting field 'scalars.metadata.md_blocks_extracted' to 0
[15:48:32.310] [bmv2] [D] [thread 358] [68.0] [cxt 0] Parser set: setting field 'scalars.metadata.is_int_packet' to 0
[15:48:32.310] [bmv2] [D] [thread 358] [68.0] [cxt 0] Parser state 'start': key is 0800
[15:48:32.310] [bmv2] [T] [thread 358] [68.0] [cxt 0] Bytes parsed: 14
[15:48:32.310] [bmv2] [D] [thread 358] [68.0] [cxt 0] Parser 'parser' entering state 'parse_ipv4'
[15:48:32.310] [bmv2] [D] [thread 358] [68.0] [cxt 0] Extracting header 'ipv4_inner'
[15:48:32.310] [bmv2] [D] [thread 358] [68.0] [cxt 0] Parser state 'parse_ipv4': key is 11
[15:48:32.310] [bmv2] [T] [thread 358] [68.0] [cxt 0] Bytes parsed: 34
[15:48:32.310] [bmv2] [D] [thread 358] [68.0] [cxt 0] Parser 'parser' entering state 'parse_udp'
[15:48:32.310] [bmv2] [D] [thread 358] [68.0] [cxt 0] Extracting header 'udp'
[15:48:32.310] [bmv2] [D] [thread 358] [68.0] [cxt 0] Parser set: setting field 'scalars.tmp' from expression, new value is 1
[15:48:32.310] [bmv2] [D] [thread 358] [68.0] [cxt 0] Parser state 'parse_udp': key is 01
[15:48:32.310] [bmv2] [T] [thread 358] [68.0] [cxt 0] Bytes parsed: 42
[15:48:32.310] [bmv2] [D] [thread 358] [68.0] [cxt 0] Parser 'parser' entering state 'parse_gtp_u'
[15:48:32.310] [bmv2] [D] [thread 358] [68.0] [cxt 0] Extracting header 'gtp_u'
[15:48:32.310] [bmv2] [D] [thread 358] [68.0] [cxt 0] Parser state 'parse_gtp_u' has no switch, going to default next state
[15:48:32.310] [bmv2] [T] [thread 358] [68.0] [cxt 0] Bytes parsed: 50
[15:48:32.310] [bmv2] [D] [thread 358] [68.0] [cxt 0] Parser 'parser': end
[15:48:32.310] [bmv2] [D] [thread 358] [68.0] [cxt 0] Pipeline 'ingress': start
[15:48:32.310] [bmv2] [T] [thread 358] [68.0] [cxt 0] Applying table 'tbl_intgtpdestination311'
[15:48:32.310] [bmv2] [D] [thread 358] [68.0] [cxt 0] Looking up key:

[15:48:32.310] [bmv2] [D] [thread 358] [68.0] [cxt 0] Table 'tbl_intgtpdestination311': miss
[15:48:32.310] [bmv2] [D] [thread 358] [68.0] [cxt 0] Action entry is intgtpdestination311 -
[15:48:32.310] [bmv2] [T] [thread 358] [68.0] [cxt 0] Action intgtpdestination311
[15:48:32.310] [bmv2] [T] [thread 358] [68.0] [cxt 0] int-gtp-destination.p4(311) Primitive meta.switch_id = 3
[15:48:32.310] [bmv2] [T] [thread 358] [68.0] [cxt 0] int-gtp-destination.p4(313) Condition "hdr.ethernet.isValid()" (node_3) is true
[15:48:32.310] [bmv2] [T] [thread 358] [68.0] [cxt 0] int-gtp-destination.p4(314) Condition "hdr.int_shim.isValid()" (node_4) is false
[15:48:32.310] [bmv2] [T] [thread 358] [68.0] [cxt 0] int-gtp-destination.p4(339) Condition "hdr.ipv4_inner.isValid()" (node_8) is true
[15:48:32.310] [bmv2] [T] [thread 358] [68.0] [cxt 0] Applying table 'MyIngress.ipv4_lpm'
[15:48:32.310] [bmv2] [D] [thread 358] [68.0] [cxt 0] Looking up key:
* hdr.ipv4_inner.dstAddr: ac120a03

[15:48:32.310] [bmv2] [D] [thread 358] [68.0] [cxt 0] Table 'MyIngress.ipv4_lpm': hit with handle 2
[15:48:32.310] [bmv2] [D] [thread 358] [68.0] [cxt 0] Dumping entry 2
Match key:
* hdr.ipv4_inner.dstAddr: LPM       ac120a03/32
Action entry: MyIngress.forward_action - 2,

[15:48:32.310] [bmv2] [D] [thread 358] [68.0] [cxt 0] Action entry is MyIngress.forward_action - 2,
[15:48:32.310] [bmv2] [T] [thread 358] [68.0] [cxt 0] Action MyIngress.forward_action
[15:48:32.310] [bmv2] [T] [thread 358] [68.0] [cxt 0] int-gtp-destination.p4(283) Primitive standard_metadata.egress_spec = egress_port
[15:48:32.310] [bmv2] [D] [thread 358] [68.0] [cxt 0] Pipeline 'ingress': end
[15:48:32.310] [bmv2] [D] [thread 358] [68.0] [cxt 0] Egress port is 2
[15:48:32.310] [bmv2] [D] [thread 361] [68.0] [cxt 0] Pipeline 'egress': start
[15:48:32.310] [bmv2] [T] [thread 361] [68.0] [cxt 0] int-gtp-destination.p4(402) Condition "hdr.int_shim.isValid()" (node_12) is false
[15:48:32.310] [bmv2] [D] [thread 361] [68.0] [cxt 0] Pipeline 'egress': end
[15:48:32.310] [bmv2] [D] [thread 361] [68.0] [cxt 0] Deparser 'deparser': start
[15:48:32.310] [bmv2] [D] [thread 361] [68.0] [cxt 0] Deparsing header 'ethernet'
[15:48:32.310] [bmv2] [D] [thread 361] [68.0] [cxt 0] Deparsing header 'ipv4_inner'
[15:48:32.310] [bmv2] [D] [thread 361] [68.0] [cxt 0] Deparsing header 'udp'
[15:48:32.310] [bmv2] [D] [thread 361] [68.0] [cxt 0] Deparsing header 'gtp_u'
[15:48:32.311] [bmv2] [D] [thread 361] [68.0] [cxt 0] Deparser 'deparser': end
[15:48:32.311] [bmv2] [D] [thread 363] [68.0] [cxt 0] Transmitting packet of size 142 out of port 2
[15:48:33.285] [bmv2] [D] [thread 358] [69.0] [cxt 0] Processing packet received on port 2
[15:48:33.285] [bmv2] [D] [thread 358] [69.0] [cxt 0] Parser 'parser': start
[15:48:33.285] [bmv2] [D] [thread 358] [69.0] [cxt 0] Parser 'parser' entering state 'start'
[15:48:33.285] [bmv2] [D] [thread 358] [69.0] [cxt 0] Extracting header 'ethernet'
[15:48:33.285] [bmv2] [D] [thread 358] [69.0] [cxt 0] Parser set: setting field 'scalars.metadata.ingress_port' from field 'standard_metadata.ingress_port' (2)
[15:48:33.285] [bmv2] [D] [thread 358] [69.0] [cxt 0] Parser set: setting field 'scalars.metadata.ingress_ts' from expression, new value is 193754197
[15:48:33.285] [bmv2] [D] [thread 358] [69.0] [cxt 0] Parser set: setting field 'scalars.metadata.md_blocks_extracted' to 0
[15:48:33.285] [bmv2] [D] [thread 358] [69.0] [cxt 0] Parser set: setting field 'scalars.metadata.is_int_packet' to 0
[15:48:33.285] [bmv2] [D] [thread 358] [69.0] [cxt 0] Parser state 'start': key is 00fa
[15:48:33.285] [bmv2] [T] [thread 358] [69.0] [cxt 0] Bytes parsed: 14
[15:48:33.285] [bmv2] [D] [thread 358] [69.0] [cxt 0] Parser 'parser' entering state 'parse_int_shim'
[15:48:33.285] [bmv2] [D] [thread 358] [69.0] [cxt 0] Extracting header 'int_shim'
[15:48:33.285] [bmv2] [D] [thread 358] [69.0] [cxt 0] Parser set: setting field 'scalars.metadata.is_int_packet' to 1
[15:48:33.285] [bmv2] [D] [thread 358] [69.0] [cxt 0] Extracting header 'int_header'
[15:48:33.285] [bmv2] [D] [thread 358] [69.0] [cxt 0] Parser set: setting field 'scalars.metadata.md_blocks_extracted' from expression, new value is 251
[15:48:33.285] [bmv2] [D] [thread 358] [69.0] [cxt 0] Extracting header 'int_md[0]'
[15:48:33.285] [bmv2] [D] [thread 358] [69.0] [cxt 0] Extracting header 'int_md[1]'
[15:48:33.285] [bmv2] [D] [thread 358] [69.0] [cxt 0] Parser state 'parse_int_shim': key is 0800
[15:48:33.285] [bmv2] [T] [thread 358] [69.0] [cxt 0] Bytes parsed: 83
[15:48:33.285] [bmv2] [D] [thread 358] [69.0] [cxt 0] Parser 'parser' entering state 'parse_encapsulated_ipv4'
[15:48:33.285] [bmv2] [D] [thread 358] [69.0] [cxt 0] Extracting header 'ipv4_inner'
[15:48:33.285] [bmv2] [D] [thread 358] [69.0] [cxt 0] Parser state 'parse_encapsulated_ipv4': key is 11
[15:48:33.285] [bmv2] [T] [thread 358] [69.0] [cxt 0] Bytes parsed: 103
[15:48:33.285] [bmv2] [D] [thread 358] [69.0] [cxt 0] Parser 'parser' entering state 'parse_encapsulated_udp'
[15:48:33.286] [bmv2] [D] [thread 358] [69.0] [cxt 0] Extracting header 'udp'
[15:48:33.286] [bmv2] [D] [thread 358] [69.0] [cxt 0] Parser set: setting field 'scalars.tmp_0' from expression, new value is 1
[15:48:33.286] [bmv2] [D] [thread 358] [69.0] [cxt 0] Parser state 'parse_encapsulated_udp': key is 01
[15:48:33.286] [bmv2] [T] [thread 358] [69.0] [cxt 0] Bytes parsed: 111
[15:48:33.286] [bmv2] [D] [thread 358] [69.0] [cxt 0] Parser 'parser' entering state 'parse_encapsulated_gtp_u'
[15:48:33.286] [bmv2] [D] [thread 358] [69.0] [cxt 0] Extracting header 'gtp_u'
[15:48:33.286] [bmv2] [D] [thread 358] [69.0] [cxt 0] Parser state 'parse_encapsulated_gtp_u' has no switch, going to default next state
[15:48:33.286] [bmv2] [T] [thread 358] [69.0] [cxt 0] Bytes parsed: 119
[15:48:33.286] [bmv2] [D] [thread 358] [69.0] [cxt 0] Parser 'parser': end
[15:48:33.286] [bmv2] [D] [thread 358] [69.0] [cxt 0] Pipeline 'ingress': start
[15:48:33.286] [bmv2] [T] [thread 358] [69.0] [cxt 0] Applying table 'tbl_intgtpdestination311'
[15:48:33.286] [bmv2] [D] [thread 358] [69.0] [cxt 0] Looking up key:

[15:48:33.286] [bmv2] [D] [thread 358] [69.0] [cxt 0] Table 'tbl_intgtpdestination311': miss
[15:48:33.286] [bmv2] [D] [thread 358] [69.0] [cxt 0] Action entry is intgtpdestination311 -
[15:48:33.286] [bmv2] [T] [thread 358] [69.0] [cxt 0] Action intgtpdestination311
[15:48:33.286] [bmv2] [T] [thread 358] [69.0] [cxt 0] int-gtp-destination.p4(311) Primitive meta.switch_id = 3
[15:48:33.286] [bmv2] [T] [thread 358] [69.0] [cxt 0] int-gtp-destination.p4(313) Condition "hdr.ethernet.isValid()" (node_3) is true
[15:48:33.286] [bmv2] [T] [thread 358] [69.0] [cxt 0] int-gtp-destination.p4(314) Condition "hdr.int_shim.isValid()" (node_4) is true
[15:48:33.286] [bmv2] [T] [thread 358] [69.0] [cxt 0] int-gtp-destination.p4(316) Condition "hdr.int_header.remaining_hop_cnt > 0" (node_5) is true
[15:48:33.286] [bmv2] [T] [thread 358] [69.0] [cxt 0] Applying table 'tbl_intgtpdestination317'
[15:48:33.286] [bmv2] [D] [thread 358] [69.0] [cxt 0] Looking up key:

[15:48:33.286] [bmv2] [D] [thread 358] [69.0] [cxt 0] Table 'tbl_intgtpdestination317': miss
[15:48:33.286] [bmv2] [D] [thread 358] [69.0] [cxt 0] Action entry is intgtpdestination317 -
[15:48:33.286] [bmv2] [T] [thread 358] [69.0] [cxt 0] Action intgtpdestination317
[15:48:33.286] [bmv2] [T] [thread 358] [69.0] [cxt 0] int-gtp-destination.p4(317) Primitive hdr.int_md[2].setValid()
[15:48:33.286] [bmv2] [T] [thread 358] [69.0] [cxt 0] int-gtp-destination.p4(318) Primitive hdr.int_md[2].padding_switch = 0
[15:48:33.286] [bmv2] [T] [thread 358] [69.0] [cxt 0] int-gtp-destination.p4(319) Primitive hdr.int_md[2].switch_id = (bit<16>)meta.switch_id
[15:48:33.286] [bmv2] [T] [thread 358] [69.0] [cxt 0] int-gtp-destination.p4(320) Primitive hdr.int_md[2].ingress_port_id = (bit<16>)meta.ingress_port
[15:48:33.286] [bmv2] [T] [thread 358] [69.0] [cxt 0] int-gtp-destination.p4(321) Primitive hdr.int_md[2].ingress_timestamp = meta.ingress_ts
[15:48:33.286] [bmv2] [T] [thread 358] [69.0] [cxt 0] int-gtp-destination.p4(322) Primitive hdr.int_md[2].egress_port_id = 0
[15:48:33.286] [bmv2] [T] [thread 358] [69.0] [cxt 0] int-gtp-destination.p4(323) Primitive hdr.int_md[2].hop_latency = 0
[15:48:33.286] [bmv2] [T] [thread 358] [69.0] [cxt 0] int-gtp-destination.p4(324) Primitive hdr.int_md[2].egress_timestamp = 0
[15:48:33.286] [bmv2] [T] [thread 358] [69.0] [cxt 0] int-gtp-destination.p4(325) Primitive hdr.int_md[2].queue_occupancy = 0
[15:48:33.286] [bmv2] [T] [thread 358] [69.0] [cxt 0] int-gtp-destination.p4(326) Primitive hdr.int_md[2].congestion_notification = 0
[15:48:33.286] [bmv2] [T] [thread 358] [69.0] [cxt 0] int-gtp-destination.p4(327) Primitive hdr.int_md[2].reserved1 = 0
[15:48:33.286] [bmv2] [T] [thread 358] [69.0] [cxt 0] int-gtp-destination.p4(328) Primitive hdr.int_md[2].reserved2 = 0
[15:48:33.286] [bmv2] [T] [thread 358] [69.0] [cxt 0] int-gtp-destination.p4(330) Primitive hdr.int_header.remaining_hop_cnt = hdr.int_header.remaining_hop_cnt - 1
[15:48:33.286] [bmv2] [T] [thread 358] [69.0] [cxt 0] int-gtp-destination.p4(331) Primitive hdr.int_shim.length = hdr.int_shim.length + 32
[15:48:33.286] [bmv2] [T] [thread 358] [69.0] [cxt 0] Applying table 'MyIngress.int_sink_table'
[15:48:33.286] [bmv2] [D] [thread 358] [69.0] [cxt 0] Looking up key:
* hdr.int_shim.$valid$: 01

[15:48:33.286] [bmv2] [D] [thread 358] [69.0] [cxt 0] Table 'MyIngress.int_sink_table': hit with handle 0
[15:48:33.286] [bmv2] [D] [thread 358] [69.0] [cxt 0] Dumping entry 0
Match key:
* hdr.int_shim.$valid$: EXACT     01
Action entry: MyIngress.int_sink_action -

[15:48:33.286] [bmv2] [D] [thread 358] [69.0] [cxt 0] Action entry is MyIngress.int_sink_action -
[15:48:33.286] [bmv2] [T] [thread 358] [69.0] [cxt 0] Action MyIngress.int_sink_action
[15:48:33.286] [bmv2] [T] [thread 358] [69.0] [cxt 0] int-gtp-destination.p4(278) Primitive meta.clone_port = 9
[15:48:33.286] [bmv2] [T] [thread 358] [69.0] [cxt 0] int-gtp-destination.p4(279) Primitive clone_preserving_field_list(CloneType.I2E, 99, 99)
[15:48:33.286] [bmv2] [T] [thread 358] [69.0] [cxt 0] int-gtp-destination.p4(339) Condition "hdr.ipv4_inner.isValid()" (node_8) is true
[15:48:33.286] [bmv2] [T] [thread 358] [69.0] [cxt 0] Applying table 'MyIngress.ipv4_lpm'
[15:48:33.286] [bmv2] [D] [thread 358] [69.0] [cxt 0] Looking up key:
* hdr.ipv4_inner.dstAddr: ac120018

[15:48:33.286] [bmv2] [D] [thread 358] [69.0] [cxt 0] Table 'MyIngress.ipv4_lpm': hit with handle 1
[15:48:33.286] [bmv2] [D] [thread 358] [69.0] [cxt 0] Dumping entry 1
Match key:
* hdr.ipv4_inner.dstAddr: LPM       ac120018/32
Action entry: MyIngress.forward_action - 1,

[15:48:33.286] [bmv2] [D] [thread 358] [69.0] [cxt 0] Action entry is MyIngress.forward_action - 1,
[15:48:33.286] [bmv2] [T] [thread 358] [69.0] [cxt 0] Action MyIngress.forward_action
[15:48:33.286] [bmv2] [T] [thread 358] [69.0] [cxt 0] int-gtp-destination.p4(283) Primitive standard_metadata.egress_spec = egress_port
[15:48:33.286] [bmv2] [D] [thread 358] [69.0] [cxt 0] Pipeline 'ingress': end
[15:48:33.286] [bmv2] [D] [thread 358] [69.0] [cxt 0] Cloning packet at ingress
[15:48:33.286] [bmv2] [D] [thread 358] [69.1] [cxt 0] Parser 'parser': start
[15:48:33.286] [bmv2] [D] [thread 358] [69.1] [cxt 0] Parser 'parser' entering state 'start'
[15:48:33.286] [bmv2] [D] [thread 358] [69.1] [cxt 0] Extracting header 'ethernet'
[15:48:33.286] [bmv2] [D] [thread 358] [69.1] [cxt 0] Parser set: setting field 'scalars.metadata.ingress_port' from field 'standard_metadata.ingress_port' (2)
[15:48:33.286] [bmv2] [D] [thread 358] [69.1] [cxt 0] Parser set: setting field 'scalars.metadata.ingress_ts' from expression, new value is 0
[15:48:33.286] [bmv2] [D] [thread 358] [69.1] [cxt 0] Parser set: setting field 'scalars.metadata.md_blocks_extracted' to 0
[15:48:33.286] [bmv2] [D] [thread 358] [69.1] [cxt 0] Parser set: setting field 'scalars.metadata.is_int_packet' to 0
[15:48:33.286] [bmv2] [D] [thread 358] [69.1] [cxt 0] Parser state 'start': key is 00fa
[15:48:33.286] [bmv2] [T] [thread 358] [69.1] [cxt 0] Bytes parsed: 14
[15:48:33.286] [bmv2] [D] [thread 358] [69.1] [cxt 0] Parser 'parser' entering state 'parse_int_shim'
[15:48:33.286] [bmv2] [D] [thread 358] [69.1] [cxt 0] Extracting header 'int_shim'
[15:48:33.286] [bmv2] [D] [thread 358] [69.1] [cxt 0] Parser set: setting field 'scalars.metadata.is_int_packet' to 1
[15:48:33.286] [bmv2] [D] [thread 358] [69.1] [cxt 0] Extracting header 'int_header'
[15:48:33.286] [bmv2] [D] [thread 358] [69.1] [cxt 0] Parser set: setting field 'scalars.metadata.md_blocks_extracted' from expression, new value is 251
[15:48:33.286] [bmv2] [D] [thread 358] [69.1] [cxt 0] Extracting header 'int_md[0]'
[15:48:33.286] [bmv2] [D] [thread 358] [69.1] [cxt 0] Extracting header 'int_md[1]'
[15:48:33.286] [bmv2] [D] [thread 358] [69.1] [cxt 0] Parser state 'parse_int_shim': key is 0800
[15:48:33.286] [bmv2] [T] [thread 358] [69.1] [cxt 0] Bytes parsed: 83
[15:48:33.286] [bmv2] [D] [thread 358] [69.1] [cxt 0] Parser 'parser' entering state 'parse_encapsulated_ipv4'
[15:48:33.286] [bmv2] [D] [thread 358] [69.1] [cxt 0] Extracting header 'ipv4_inner'
[15:48:33.286] [bmv2] [D] [thread 358] [69.1] [cxt 0] Parser state 'parse_encapsulated_ipv4': key is 11
[15:48:33.286] [bmv2] [T] [thread 358] [69.1] [cxt 0] Bytes parsed: 103
[15:48:33.286] [bmv2] [D] [thread 358] [69.1] [cxt 0] Parser 'parser' entering state 'parse_encapsulated_udp'
[15:48:33.286] [bmv2] [D] [thread 358] [69.1] [cxt 0] Extracting header 'udp'
[15:48:33.286] [bmv2] [D] [thread 358] [69.1] [cxt 0] Parser set: setting field 'scalars.tmp_0' from expression, new value is 1
[15:48:33.286] [bmv2] [D] [thread 358] [69.1] [cxt 0] Parser state 'parse_encapsulated_udp': key is 01
[15:48:33.286] [bmv2] [T] [thread 358] [69.1] [cxt 0] Bytes parsed: 111
[15:48:33.286] [bmv2] [D] [thread 358] [69.1] [cxt 0] Parser 'parser' entering state 'parse_encapsulated_gtp_u'
[15:48:33.286] [bmv2] [D] [thread 358] [69.1] [cxt 0] Extracting header 'gtp_u'
[15:48:33.286] [bmv2] [D] [thread 358] [69.1] [cxt 0] Parser state 'parse_encapsulated_gtp_u' has no switch, going to default next state
[15:48:33.286] [bmv2] [T] [thread 358] [69.1] [cxt 0] Bytes parsed: 119
[15:48:33.286] [bmv2] [D] [thread 358] [69.1] [cxt 0] Parser 'parser': end
[15:48:33.286] [bmv2] [D] [thread 358] [69.0] [cxt 0] Cloning packet to egress port 9
[15:48:33.286] [bmv2] [D] [thread 358] [69.0] [cxt 0] Egress port is 1
[15:48:33.286] [bmv2] [D] [thread 360] [69.1] [cxt 0] Pipeline 'egress': start
[15:48:33.286] [bmv2] [T] [thread 360] [69.1] [cxt 0] int-gtp-destination.p4(402) Condition "hdr.int_shim.isValid()" (node_12) is true
[15:48:33.286] [bmv2] [T] [thread 360] [69.1] [cxt 0] Applying table 'tbl_update_int_metadata'
[15:48:33.286] [bmv2] [D] [thread 360] [69.1] [cxt 0] Looking up key:

[15:48:33.286] [bmv2] [D] [thread 360] [69.1] [cxt 0] Table 'tbl_update_int_metadata': miss
[15:48:33.286] [bmv2] [D] [thread 360] [69.1] [cxt 0] Action entry is MyEgress.update_int_metadata -
[15:48:33.286] [bmv2] [T] [thread 360] [69.1] [cxt 0] Action MyEgress.update_int_metadata
[15:48:33.286] [bmv2] [T] [thread 360] [69.1] [cxt 0] int-gtp-destination.p4(352) Primitive if
[15:48:33.286] [bmv2] [T] [thread 360] [69.1] [cxt 0] int-gtp-destination.p4(353) Primitive hdr.int_md[2].setValid()
[15:48:33.286] [bmv2] [T] [thread 360] [69.1] [cxt 0] int-gtp-destination.p4(354) Primitive hdr.int_md[2].padding_switch = 0
[15:48:33.286] [bmv2] [T] [thread 360] [69.1] [cxt 0] int-gtp-destination.p4(355) Primitive hdr.int_md[2].switch_id = (bit<16>)meta.switch_id
[15:48:33.286] [bmv2] [T] [thread 360] [69.1] [cxt 0] int-gtp-destination.p4(356) Primitive hdr.int_md[2].ingress_port_id = (bit<16>)meta.ingress_port
[15:48:33.286] [bmv2] [T] [thread 360] [69.1] [cxt 0] int-gtp-destination.p4(357) Primitive hdr.int_md[2].ingress_timestamp = meta.ingress_ts
[15:48:33.286] [bmv2] [T] [thread 360] [69.1] [cxt 0] int-gtp-destination.p4(362) Primitive hdr.int_md[2].congestion_notification = 0
[15:48:33.286] [bmv2] [T] [thread 360] [69.1] [cxt 0] int-gtp-destination.p4(363) Primitive hdr.int_md[2].reserved1 = 0
[15:48:33.286] [bmv2] [T] [thread 360] [69.1] [cxt 0] int-gtp-destination.p4(364) Primitive hdr.int_md[2].reserved2 = 0
[15:48:33.286] [bmv2] [T] [thread 360] [69.1] [cxt 0] int-gtp-destination.p4(368) Primitive hdr.int_md[2].egress_port_id = (bit<16>)standard_metadata.egress_port
[15:48:33.286] [bmv2] [T] [thread 360] [69.1] [cxt 0] int-gtp-destination.p4(369) Primitive hdr.int_md[2].egress_timestamp = (bit<32>)standard_metadata.egress_global_timestamp
[15:48:33.286] [bmv2] [T] [thread 360] [69.1] [cxt 0] int-gtp-destination.p4(370) Primitive hdr.int_md[2].hop_latency = hdr.int_md[2].egress_timestamp - hdr.int_md[2].ingress_timestamp
[15:48:33.286] [bmv2] [T] [thread 360] [69.1] [cxt 0] int-gtp-destination.p4(371) Primitive hdr.int_md[2].queue_occupancy = (bit<32>)standard_metadata.enq_qdepth
[15:48:33.286] [bmv2] [T] [thread 360] [69.1] [cxt 0] int-gtp-destination.p4(408) Condition "standard_metadata.instance_type == 1 || standard_metadata.egress_port == 9" (node_14) is true
[15:48:33.286] [bmv2] [D] [thread 360] [69.1] [cxt 0] Pipeline 'egress': end
[15:48:33.286] [bmv2] [D] [thread 360] [69.1] [cxt 0] Deparser 'deparser': start
[15:48:33.286] [bmv2] [D] [thread 360] [69.1] [cxt 0] Deparsing header 'ethernet'
[15:48:33.286] [bmv2] [D] [thread 360] [69.1] [cxt 0] Deparsing header 'int_shim'
[15:48:33.286] [bmv2] [D] [thread 360] [69.1] [cxt 0] Deparsing header 'int_header'
[15:48:33.286] [bmv2] [D] [thread 360] [69.1] [cxt 0] Deparsing header 'int_md[0]'
[15:48:33.286] [bmv2] [D] [thread 360] [69.1] [cxt 0] Deparsing header 'int_md[1]'
[15:48:33.286] [bmv2] [D] [thread 360] [69.1] [cxt 0] Deparsing header 'int_md[2]'
[15:48:33.286] [bmv2] [D] [thread 360] [69.1] [cxt 0] Deparsing header 'ipv4_inner'
[15:48:33.286] [bmv2] [D] [thread 360] [69.1] [cxt 0] Deparsing header 'udp'
[15:48:33.286] [bmv2] [D] [thread 360] [69.1] [cxt 0] Deparsing header 'gtp_u'
[15:48:33.286] [bmv2] [D] [thread 360] [69.1] [cxt 0] Deparser 'deparser': end
[15:48:33.287] [bmv2] [D] [thread 360] [69.0] [cxt 0] Pipeline 'egress': start
[15:48:33.287] [bmv2] [T] [thread 360] [69.0] [cxt 0] int-gtp-destination.p4(402) Condition "hdr.int_shim.isValid()" (node_12) is true
[15:48:33.287] [bmv2] [D] [thread 363] [69.1] [cxt 0] Transmitting packet of size 239 out of port 9
[15:48:33.287] [bmv2] [T] [thread 360] [69.0] [cxt 0] Applying table 'tbl_update_int_metadata'
[15:48:33.287] [bmv2] [D] [thread 360] [69.0] [cxt 0] Looking up key:

[15:48:33.287] [bmv2] [D] [thread 360] [69.0] [cxt 0] Table 'tbl_update_int_metadata': miss
[15:48:33.287] [bmv2] [D] [thread 360] [69.0] [cxt 0] Action entry is MyEgress.update_int_metadata -
[15:48:33.287] [bmv2] [T] [thread 360] [69.0] [cxt 0] Action MyEgress.update_int_metadata
[15:48:33.287] [bmv2] [T] [thread 360] [69.0] [cxt 0] int-gtp-destination.p4(352) Primitive if
[15:48:33.287] [bmv2] [T] [thread 360] [69.0] [cxt 0] int-gtp-destination.p4(352) Primitive if
[15:48:33.287] [bmv2] [T] [thread 360] [69.0] [cxt 0] int-gtp-destination.p4(368) Primitive hdr.int_md[2].egress_port_id = (bit<16>)standard_metadata.egress_port
[15:48:33.287] [bmv2] [T] [thread 360] [69.0] [cxt 0] int-gtp-destination.p4(369) Primitive hdr.int_md[2].egress_timestamp = (bit<32>)standard_metadata.egress_global_timestamp
[15:48:33.287] [bmv2] [T] [thread 360] [69.0] [cxt 0] int-gtp-destination.p4(370) Primitive hdr.int_md[2].hop_latency = hdr.int_md[2].egress_timestamp - hdr.int_md[2].ingress_timestamp
[15:48:33.287] [bmv2] [T] [thread 360] [69.0] [cxt 0] int-gtp-destination.p4(371) Primitive hdr.int_md[2].queue_occupancy = (bit<32>)standard_metadata.enq_qdepth
[15:48:33.287] [bmv2] [T] [thread 360] [69.0] [cxt 0] int-gtp-destination.p4(408) Condition "standard_metadata.instance_type == 1 || standard_metadata.egress_port == 9" (node_14) is false
[15:48:33.287] [bmv2] [T] [thread 360] [69.0] [cxt 0] Applying table 'MyEgress.egress_control'
[15:48:33.287] [bmv2] [D] [thread 360] [69.0] [cxt 0] Looking up key:
* standard_metadata.egress_port: 0001

[15:48:33.287] [bmv2] [D] [thread 360] [69.0] [cxt 0] Table 'MyEgress.egress_control': hit with handle 0
[15:48:33.287] [bmv2] [D] [thread 360] [69.0] [cxt 0] Dumping entry 0
Match key:
* standard_metadata.egress_port: EXACT     0001
Action entry: MyEgress.strip_int_headers -

[15:48:33.287] [bmv2] [D] [thread 360] [69.0] [cxt 0] Action entry is MyEgress.strip_int_headers -
[15:48:33.287] [bmv2] [T] [thread 360] [69.0] [cxt 0] Action MyEgress.strip_int_headers
[15:48:33.287] [bmv2] [T] [thread 360] [69.0] [cxt 0] int-gtp-destination.p4(375) Primitive hdr.ethernet.etherType = hdr.int_shim.next_proto
[15:48:33.287] [bmv2] [T] [thread 360] [69.0] [cxt 0] int-gtp-destination.p4(376) Primitive hdr.int_shim.setInvalid()
[15:48:33.287] [bmv2] [T] [thread 360] [69.0] [cxt 0] int-gtp-destination.p4(377) Primitive hdr.int_header.setInvalid()
[15:48:33.287] [bmv2] [T] [thread 360] [69.0] [cxt 0] int-gtp-destination.p4(379) Primitive hdr.int_md[0].setInvalid()
[15:48:33.287] [bmv2] [T] [thread 360] [69.0] [cxt 0] int-gtp-destination.p4(380) Primitive hdr.int_md[1].setInvalid()
[15:48:33.287] [bmv2] [T] [thread 360] [69.0] [cxt 0] int-gtp-destination.p4(381) Primitive hdr.int_md[2].setInvalid()
[15:48:33.287] [bmv2] [T] [thread 360] [69.0] [cxt 0] int-gtp-destination.p4(382) Primitive hdr.int_md[3].setInvalid()
[15:48:33.287] [bmv2] [T] [thread 360] [69.0] [cxt 0] int-gtp-destination.p4(383) Primitive hdr.int_md[4].setInvalid()
[15:48:33.287] [bmv2] [T] [thread 360] [69.0] [cxt 0] int-gtp-destination.p4(384) Primitive hdr.int_md[5].setInvalid()
[15:48:33.287] [bmv2] [T] [thread 360] [69.0] [cxt 0] int-gtp-destination.p4(385) Primitive hdr.int_md[6].setInvalid()
[15:48:33.287] [bmv2] [T] [thread 360] [69.0] [cxt 0] int-gtp-destination.p4(386) Primitive hdr.int_md[7].setInvalid()
[15:48:33.287] [bmv2] [D] [thread 360] [69.0] [cxt 0] Pipeline 'egress': end
[15:48:33.287] [bmv2] [D] [thread 360] [69.0] [cxt 0] Deparser 'deparser': start
[15:48:33.287] [bmv2] [D] [thread 360] [69.0] [cxt 0] Deparsing header 'ethernet'
[15:48:33.287] [bmv2] [D] [thread 360] [69.0] [cxt 0] Deparsing header 'ipv4_inner'
[15:48:33.287] [bmv2] [D] [thread 360] [69.0] [cxt 0] Deparsing header 'udp'
[15:48:33.287] [bmv2] [D] [thread 360] [69.0] [cxt 0] Deparsing header 'gtp_u'
[15:48:33.287] [bmv2] [D] [thread 360] [69.0] [cxt 0] Deparser 'deparser': end
[15:48:33.287] [bmv2] [D] [thread 363] [69.0] [cxt 0] Transmitting packet of size 142 out of port 1
[15:48:33.332] [bmv2] [D] [thread 358] [70.0] [cxt 0] Processing packet received on port 1
[15:48:33.332] [bmv2] [D] [thread 358] [70.0] [cxt 0] Parser 'parser': start
[15:48:33.332] [bmv2] [D] [thread 358] [70.0] [cxt 0] Parser 'parser' entering state 'start'
[15:48:33.332] [bmv2] [D] [thread 358] [70.0] [cxt 0] Extracting header 'ethernet'
[15:48:33.332] [bmv2] [D] [thread 358] [70.0] [cxt 0] Parser set: setting field 'scalars.metadata.ingress_port' from field 'standard_metadata.ingress_port' (1)
[15:48:33.332] [bmv2] [D] [thread 358] [70.0] [cxt 0] Parser set: setting field 'scalars.metadata.ingress_ts' from expression, new value is 193801263
[15:48:33.332] [bmv2] [D] [thread 358] [70.0] [cxt 0] Parser set: setting field 'scalars.metadata.md_blocks_extracted' to 0
[15:48:33.332] [bmv2] [D] [thread 358] [70.0] [cxt 0] Parser set: setting field 'scalars.metadata.is_int_packet' to 0
[15:48:33.332] [bmv2] [D] [thread 358] [70.0] [cxt 0] Parser state 'start': key is 0800
[15:48:33.332] [bmv2] [T] [thread 358] [70.0] [cxt 0] Bytes parsed: 14
[15:48:33.332] [bmv2] [D] [thread 358] [70.0] [cxt 0] Parser 'parser' entering state 'parse_ipv4'
[15:48:33.332] [bmv2] [D] [thread 358] [70.0] [cxt 0] Extracting header 'ipv4_inner'
[15:48:33.332] [bmv2] [D] [thread 358] [70.0] [cxt 0] Parser state 'parse_ipv4': key is 11
[15:48:33.332] [bmv2] [T] [thread 358] [70.0] [cxt 0] Bytes parsed: 34
[15:48:33.332] [bmv2] [D] [thread 358] [70.0] [cxt 0] Parser 'parser' entering state 'parse_udp'
[15:48:33.332] [bmv2] [D] [thread 358] [70.0] [cxt 0] Extracting header 'udp'
[15:48:33.332] [bmv2] [D] [thread 358] [70.0] [cxt 0] Parser set: setting field 'scalars.tmp' from expression, new value is 1
[15:48:33.332] [bmv2] [D] [thread 358] [70.0] [cxt 0] Parser state 'parse_udp': key is 01
[15:48:33.332] [bmv2] [T] [thread 358] [70.0] [cxt 0] Bytes parsed: 42
[15:48:33.332] [bmv2] [D] [thread 358] [70.0] [cxt 0] Parser 'parser' entering state 'parse_gtp_u'
[15:48:33.332] [bmv2] [D] [thread 358] [70.0] [cxt 0] Extracting header 'gtp_u'
[15:48:33.333] [bmv2] [D] [thread 358] [70.0] [cxt 0] Parser state 'parse_gtp_u' has no switch, going to default next state
[15:48:33.333] [bmv2] [T] [thread 358] [70.0] [cxt 0] Bytes parsed: 50
[15:48:33.333] [bmv2] [D] [thread 358] [70.0] [cxt 0] Parser 'parser': end
[15:48:33.333] [bmv2] [D] [thread 358] [70.0] [cxt 0] Pipeline 'ingress': start
[15:48:33.333] [bmv2] [T] [thread 358] [70.0] [cxt 0] Applying table 'tbl_intgtpdestination311'
[15:48:33.333] [bmv2] [D] [thread 358] [70.0] [cxt 0] Looking up key:

[15:48:33.333] [bmv2] [D] [thread 358] [70.0] [cxt 0] Table 'tbl_intgtpdestination311': miss
[15:48:33.333] [bmv2] [D] [thread 358] [70.0] [cxt 0] Action entry is intgtpdestination311 -
[15:48:33.333] [bmv2] [T] [thread 358] [70.0] [cxt 0] Action intgtpdestination311
[15:48:33.333] [bmv2] [T] [thread 358] [70.0] [cxt 0] int-gtp-destination.p4(311) Primitive meta.switch_id = 3
[15:48:33.333] [bmv2] [T] [thread 358] [70.0] [cxt 0] int-gtp-destination.p4(313) Condition "hdr.ethernet.isValid()" (node_3) is true
[15:48:33.333] [bmv2] [T] [thread 358] [70.0] [cxt 0] int-gtp-destination.p4(314) Condition "hdr.int_shim.isValid()" (node_4) is false
[15:48:33.333] [bmv2] [T] [thread 358] [70.0] [cxt 0] int-gtp-destination.p4(339) Condition "hdr.ipv4_inner.isValid()" (node_8) is true
[15:48:33.333] [bmv2] [T] [thread 358] [70.0] [cxt 0] Applying table 'MyIngress.ipv4_lpm'
[15:48:33.333] [bmv2] [D] [thread 358] [70.0] [cxt 0] Looking up key:
* hdr.ipv4_inner.dstAddr: ac120a03

[15:48:33.333] [bmv2] [D] [thread 358] [70.0] [cxt 0] Table 'MyIngress.ipv4_lpm': hit with handle 2
[15:48:33.333] [bmv2] [D] [thread 358] [70.0] [cxt 0] Dumping entry 2
Match key:
* hdr.ipv4_inner.dstAddr: LPM       ac120a03/32
Action entry: MyIngress.forward_action - 2,

[15:48:33.333] [bmv2] [D] [thread 358] [70.0] [cxt 0] Action entry is MyIngress.forward_action - 2,
[15:48:33.333] [bmv2] [T] [thread 358] [70.0] [cxt 0] Action MyIngress.forward_action
[15:48:33.333] [bmv2] [T] [thread 358] [70.0] [cxt 0] int-gtp-destination.p4(283) Primitive standard_metadata.egress_spec = egress_port
[15:48:33.333] [bmv2] [D] [thread 358] [70.0] [cxt 0] Pipeline 'ingress': end
[15:48:33.333] [bmv2] [D] [thread 358] [70.0] [cxt 0] Egress port is 2
[15:48:33.333] [bmv2] [D] [thread 361] [70.0] [cxt 0] Pipeline 'egress': start
[15:48:33.333] [bmv2] [T] [thread 361] [70.0] [cxt 0] int-gtp-destination.p4(402) Condition "hdr.int_shim.isValid()" (node_12) is false
[15:48:33.333] [bmv2] [D] [thread 361] [70.0] [cxt 0] Pipeline 'egress': end
[15:48:33.333] [bmv2] [D] [thread 361] [70.0] [cxt 0] Deparser 'deparser': start
[15:48:33.333] [bmv2] [D] [thread 361] [70.0] [cxt 0] Deparsing header 'ethernet'
[15:48:33.333] [bmv2] [D] [thread 361] [70.0] [cxt 0] Deparsing header 'ipv4_inner'
[15:48:33.333] [bmv2] [D] [thread 361] [70.0] [cxt 0] Deparsing header 'udp'
[15:48:33.333] [bmv2] [D] [thread 361] [70.0] [cxt 0] Deparsing header 'gtp_u'
[15:48:33.333] [bmv2] [D] [thread 361] [70.0] [cxt 0] Deparser 'deparser': end
[15:48:33.333] [bmv2] [D] [thread 363] [70.0] [cxt 0] Transmitting packet of size 142 out of port 2
[15:48:34.314] [bmv2] [D] [thread 358] [71.0] [cxt 0] Processing packet received on port 2
[15:48:34.314] [bmv2] [D] [thread 358] [71.0] [cxt 0] Parser 'parser': start
[15:48:34.314] [bmv2] [D] [thread 358] [71.0] [cxt 0] Parser 'parser' entering state 'start'
[15:48:34.314] [bmv2] [D] [thread 358] [71.0] [cxt 0] Extracting header 'ethernet'
[15:48:34.314] [bmv2] [D] [thread 358] [71.0] [cxt 0] Parser set: setting field 'scalars.metadata.ingress_port' from field 'standard_metadata.ingress_port' (2)
[15:48:34.314] [bmv2] [D] [thread 358] [71.0] [cxt 0] Parser set: setting field 'scalars.metadata.ingress_ts' from expression, new value is 194782442
[15:48:34.314] [bmv2] [D] [thread 358] [71.0] [cxt 0] Parser set: setting field 'scalars.metadata.md_blocks_extracted' to 0
[15:48:34.314] [bmv2] [D] [thread 358] [71.0] [cxt 0] Parser set: setting field 'scalars.metadata.is_int_packet' to 0
[15:48:34.314] [bmv2] [D] [thread 358] [71.0] [cxt 0] Parser state 'start': key is 00fa
[15:48:34.314] [bmv2] [T] [thread 358] [71.0] [cxt 0] Bytes parsed: 14
[15:48:34.314] [bmv2] [D] [thread 358] [71.0] [cxt 0] Parser 'parser' entering state 'parse_int_shim'
[15:48:34.314] [bmv2] [D] [thread 358] [71.0] [cxt 0] Extracting header 'int_shim'
[15:48:34.314] [bmv2] [D] [thread 358] [71.0] [cxt 0] Parser set: setting field 'scalars.metadata.is_int_packet' to 1
[15:48:34.314] [bmv2] [D] [thread 358] [71.0] [cxt 0] Extracting header 'int_header'
[15:48:34.314] [bmv2] [D] [thread 358] [71.0] [cxt 0] Parser set: setting field 'scalars.metadata.md_blocks_extracted' from expression, new value is 251
[15:48:34.314] [bmv2] [D] [thread 358] [71.0] [cxt 0] Extracting header 'int_md[0]'
[15:48:34.314] [bmv2] [D] [thread 358] [71.0] [cxt 0] Extracting header 'int_md[1]'
[15:48:34.314] [bmv2] [D] [thread 358] [71.0] [cxt 0] Parser state 'parse_int_shim': key is 0800
[15:48:34.314] [bmv2] [T] [thread 358] [71.0] [cxt 0] Bytes parsed: 83
[15:48:34.314] [bmv2] [D] [thread 358] [71.0] [cxt 0] Parser 'parser' entering state 'parse_encapsulated_ipv4'
[15:48:34.314] [bmv2] [D] [thread 358] [71.0] [cxt 0] Extracting header 'ipv4_inner'
[15:48:34.314] [bmv2] [D] [thread 358] [71.0] [cxt 0] Parser state 'parse_encapsulated_ipv4': key is 11
[15:48:34.314] [bmv2] [T] [thread 358] [71.0] [cxt 0] Bytes parsed: 103
[15:48:34.314] [bmv2] [D] [thread 358] [71.0] [cxt 0] Parser 'parser' entering state 'parse_encapsulated_udp'
[15:48:34.314] [bmv2] [D] [thread 358] [71.0] [cxt 0] Extracting header 'udp'
[15:48:34.314] [bmv2] [D] [thread 358] [71.0] [cxt 0] Parser set: setting field 'scalars.tmp_0' from expression, new value is 1
[15:48:34.314] [bmv2] [D] [thread 358] [71.0] [cxt 0] Parser state 'parse_encapsulated_udp': key is 01
[15:48:34.314] [bmv2] [T] [thread 358] [71.0] [cxt 0] Bytes parsed: 111
[15:48:34.314] [bmv2] [D] [thread 358] [71.0] [cxt 0] Parser 'parser' entering state 'parse_encapsulated_gtp_u'
[15:48:34.314] [bmv2] [D] [thread 358] [71.0] [cxt 0] Extracting header 'gtp_u'
[15:48:34.314] [bmv2] [D] [thread 358] [71.0] [cxt 0] Parser state 'parse_encapsulated_gtp_u' has no switch, going to default next state
[15:48:34.314] [bmv2] [T] [thread 358] [71.0] [cxt 0] Bytes parsed: 119
[15:48:34.314] [bmv2] [D] [thread 358] [71.0] [cxt 0] Parser 'parser': end
[15:48:34.314] [bmv2] [D] [thread 358] [71.0] [cxt 0] Pipeline 'ingress': start
[15:48:34.314] [bmv2] [T] [thread 358] [71.0] [cxt 0] Applying table 'tbl_intgtpdestination311'
[15:48:34.314] [bmv2] [D] [thread 358] [71.0] [cxt 0] Looking up key:

[15:48:34.314] [bmv2] [D] [thread 358] [71.0] [cxt 0] Table 'tbl_intgtpdestination311': miss
[15:48:34.314] [bmv2] [D] [thread 358] [71.0] [cxt 0] Action entry is intgtpdestination311 -
[15:48:34.314] [bmv2] [T] [thread 358] [71.0] [cxt 0] Action intgtpdestination311
[15:48:34.314] [bmv2] [T] [thread 358] [71.0] [cxt 0] int-gtp-destination.p4(311) Primitive meta.switch_id = 3
[15:48:34.314] [bmv2] [T] [thread 358] [71.0] [cxt 0] int-gtp-destination.p4(313) Condition "hdr.ethernet.isValid()" (node_3) is true
[15:48:34.314] [bmv2] [T] [thread 358] [71.0] [cxt 0] int-gtp-destination.p4(314) Condition "hdr.int_shim.isValid()" (node_4) is true
[15:48:34.314] [bmv2] [T] [thread 358] [71.0] [cxt 0] int-gtp-destination.p4(316) Condition "hdr.int_header.remaining_hop_cnt > 0" (node_5) is true
[15:48:34.314] [bmv2] [T] [thread 358] [71.0] [cxt 0] Applying table 'tbl_intgtpdestination317'
[15:48:34.314] [bmv2] [D] [thread 358] [71.0] [cxt 0] Looking up key:

[15:48:34.314] [bmv2] [D] [thread 358] [71.0] [cxt 0] Table 'tbl_intgtpdestination317': miss
[15:48:34.314] [bmv2] [D] [thread 358] [71.0] [cxt 0] Action entry is intgtpdestination317 -
[15:48:34.314] [bmv2] [T] [thread 358] [71.0] [cxt 0] Action intgtpdestination317
[15:48:34.314] [bmv2] [T] [thread 358] [71.0] [cxt 0] int-gtp-destination.p4(317) Primitive hdr.int_md[2].setValid()
[15:48:34.314] [bmv2] [T] [thread 358] [71.0] [cxt 0] int-gtp-destination.p4(318) Primitive hdr.int_md[2].padding_switch = 0
[15:48:34.314] [bmv2] [T] [thread 358] [71.0] [cxt 0] int-gtp-destination.p4(319) Primitive hdr.int_md[2].switch_id = (bit<16>)meta.switch_id
[15:48:34.314] [bmv2] [T] [thread 358] [71.0] [cxt 0] int-gtp-destination.p4(320) Primitive hdr.int_md[2].ingress_port_id = (bit<16>)meta.ingress_port
[15:48:34.314] [bmv2] [T] [thread 358] [71.0] [cxt 0] int-gtp-destination.p4(321) Primitive hdr.int_md[2].ingress_timestamp = meta.ingress_ts
[15:48:34.314] [bmv2] [T] [thread 358] [71.0] [cxt 0] int-gtp-destination.p4(322) Primitive hdr.int_md[2].egress_port_id = 0
[15:48:34.314] [bmv2] [T] [thread 358] [71.0] [cxt 0] int-gtp-destination.p4(323) Primitive hdr.int_md[2].hop_latency = 0
[15:48:34.314] [bmv2] [T] [thread 358] [71.0] [cxt 0] int-gtp-destination.p4(324) Primitive hdr.int_md[2].egress_timestamp = 0
[15:48:34.314] [bmv2] [T] [thread 358] [71.0] [cxt 0] int-gtp-destination.p4(325) Primitive hdr.int_md[2].queue_occupancy = 0
[15:48:34.314] [bmv2] [T] [thread 358] [71.0] [cxt 0] int-gtp-destination.p4(326) Primitive hdr.int_md[2].congestion_notification = 0
[15:48:34.314] [bmv2] [T] [thread 358] [71.0] [cxt 0] int-gtp-destination.p4(327) Primitive hdr.int_md[2].reserved1 = 0
[15:48:34.314] [bmv2] [T] [thread 358] [71.0] [cxt 0] int-gtp-destination.p4(328) Primitive hdr.int_md[2].reserved2 = 0
[15:48:34.314] [bmv2] [T] [thread 358] [71.0] [cxt 0] int-gtp-destination.p4(330) Primitive hdr.int_header.remaining_hop_cnt = hdr.int_header.remaining_hop_cnt - 1
[15:48:34.314] [bmv2] [T] [thread 358] [71.0] [cxt 0] int-gtp-destination.p4(331) Primitive hdr.int_shim.length = hdr.int_shim.length + 32
[15:48:34.315] [bmv2] [T] [thread 358] [71.0] [cxt 0] Applying table 'MyIngress.int_sink_table'
[15:48:34.315] [bmv2] [D] [thread 358] [71.0] [cxt 0] Looking up key:
* hdr.int_shim.$valid$: 01

[15:48:34.315] [bmv2] [D] [thread 358] [71.0] [cxt 0] Table 'MyIngress.int_sink_table': hit with handle 0
[15:48:34.315] [bmv2] [D] [thread 358] [71.0] [cxt 0] Dumping entry 0
Match key:
* hdr.int_shim.$valid$: EXACT     01
Action entry: MyIngress.int_sink_action -

[15:48:34.315] [bmv2] [D] [thread 358] [71.0] [cxt 0] Action entry is MyIngress.int_sink_action -
[15:48:34.315] [bmv2] [T] [thread 358] [71.0] [cxt 0] Action MyIngress.int_sink_action
[15:48:34.315] [bmv2] [T] [thread 358] [71.0] [cxt 0] int-gtp-destination.p4(278) Primitive meta.clone_port = 9
[15:48:34.315] [bmv2] [T] [thread 358] [71.0] [cxt 0] int-gtp-destination.p4(279) Primitive clone_preserving_field_list(CloneType.I2E, 99, 99)
[15:48:34.315] [bmv2] [T] [thread 358] [71.0] [cxt 0] int-gtp-destination.p4(339) Condition "hdr.ipv4_inner.isValid()" (node_8) is true
[15:48:34.315] [bmv2] [T] [thread 358] [71.0] [cxt 0] Applying table 'MyIngress.ipv4_lpm'
[15:48:34.315] [bmv2] [D] [thread 358] [71.0] [cxt 0] Looking up key:
* hdr.ipv4_inner.dstAddr: ac120018

[15:48:34.315] [bmv2] [D] [thread 358] [71.0] [cxt 0] Table 'MyIngress.ipv4_lpm': hit with handle 1
[15:48:34.315] [bmv2] [D] [thread 358] [71.0] [cxt 0] Dumping entry 1
Match key:
* hdr.ipv4_inner.dstAddr: LPM       ac120018/32
Action entry: MyIngress.forward_action - 1,

[15:48:34.315] [bmv2] [D] [thread 358] [71.0] [cxt 0] Action entry is MyIngress.forward_action - 1,
[15:48:34.315] [bmv2] [T] [thread 358] [71.0] [cxt 0] Action MyIngress.forward_action
[15:48:34.315] [bmv2] [T] [thread 358] [71.0] [cxt 0] int-gtp-destination.p4(283) Primitive standard_metadata.egress_spec = egress_port
[15:48:34.315] [bmv2] [D] [thread 358] [71.0] [cxt 0] Pipeline 'ingress': end
[15:48:34.315] [bmv2] [D] [thread 358] [71.0] [cxt 0] Cloning packet at ingress
[15:48:34.315] [bmv2] [D] [thread 358] [71.1] [cxt 0] Parser 'parser': start
[15:48:34.315] [bmv2] [D] [thread 358] [71.1] [cxt 0] Parser 'parser' entering state 'start'
[15:48:34.315] [bmv2] [D] [thread 358] [71.1] [cxt 0] Extracting header 'ethernet'
[15:48:34.315] [bmv2] [D] [thread 358] [71.1] [cxt 0] Parser set: setting field 'scalars.metadata.ingress_port' from field 'standard_metadata.ingress_port' (2)
[15:48:34.315] [bmv2] [D] [thread 358] [71.1] [cxt 0] Parser set: setting field 'scalars.metadata.ingress_ts' from expression, new value is 0
[15:48:34.315] [bmv2] [D] [thread 358] [71.1] [cxt 0] Parser set: setting field 'scalars.metadata.md_blocks_extracted' to 0
[15:48:34.315] [bmv2] [D] [thread 358] [71.1] [cxt 0] Parser set: setting field 'scalars.metadata.is_int_packet' to 0
[15:48:34.315] [bmv2] [D] [thread 358] [71.1] [cxt 0] Parser state 'start': key is 00fa
[15:48:34.315] [bmv2] [T] [thread 358] [71.1] [cxt 0] Bytes parsed: 14
[15:48:34.315] [bmv2] [D] [thread 358] [71.1] [cxt 0] Parser 'parser' entering state 'parse_int_shim'
[15:48:34.315] [bmv2] [D] [thread 358] [71.1] [cxt 0] Extracting header 'int_shim'
[15:48:34.315] [bmv2] [D] [thread 358] [71.1] [cxt 0] Parser set: setting field 'scalars.metadata.is_int_packet' to 1
[15:48:34.315] [bmv2] [D] [thread 358] [71.1] [cxt 0] Extracting header 'int_header'
[15:48:34.315] [bmv2] [D] [thread 358] [71.1] [cxt 0] Parser set: setting field 'scalars.metadata.md_blocks_extracted' from expression, new value is 251
[15:48:34.315] [bmv2] [D] [thread 358] [71.1] [cxt 0] Extracting header 'int_md[0]'
[15:48:34.315] [bmv2] [D] [thread 358] [71.1] [cxt 0] Extracting header 'int_md[1]'
[15:48:34.315] [bmv2] [D] [thread 358] [71.1] [cxt 0] Parser state 'parse_int_shim': key is 0800
[15:48:34.315] [bmv2] [T] [thread 358] [71.1] [cxt 0] Bytes parsed: 83
[15:48:34.315] [bmv2] [D] [thread 358] [71.1] [cxt 0] Parser 'parser' entering state 'parse_encapsulated_ipv4'
[15:48:34.315] [bmv2] [D] [thread 358] [71.1] [cxt 0] Extracting header 'ipv4_inner'
[15:48:34.315] [bmv2] [D] [thread 358] [71.1] [cxt 0] Parser state 'parse_encapsulated_ipv4': key is 11
[15:48:34.315] [bmv2] [T] [thread 358] [71.1] [cxt 0] Bytes parsed: 103
[15:48:34.315] [bmv2] [D] [thread 358] [71.1] [cxt 0] Parser 'parser' entering state 'parse_encapsulated_udp'
[15:48:34.315] [bmv2] [D] [thread 358] [71.1] [cxt 0] Extracting header 'udp'
[15:48:34.315] [bmv2] [D] [thread 358] [71.1] [cxt 0] Parser set: setting field 'scalars.tmp_0' from expression, new value is 1
[15:48:34.315] [bmv2] [D] [thread 358] [71.1] [cxt 0] Parser state 'parse_encapsulated_udp': key is 01
[15:48:34.315] [bmv2] [T] [thread 358] [71.1] [cxt 0] Bytes parsed: 111
[15:48:34.315] [bmv2] [D] [thread 358] [71.1] [cxt 0] Parser 'parser' entering state 'parse_encapsulated_gtp_u'
[15:48:34.315] [bmv2] [D] [thread 358] [71.1] [cxt 0] Extracting header 'gtp_u'
[15:48:34.315] [bmv2] [D] [thread 358] [71.1] [cxt 0] Parser state 'parse_encapsulated_gtp_u' has no switch, going to default next state
[15:48:34.315] [bmv2] [T] [thread 358] [71.1] [cxt 0] Bytes parsed: 119
[15:48:34.315] [bmv2] [D] [thread 358] [71.1] [cxt 0] Parser 'parser': end
[15:48:34.315] [bmv2] [D] [thread 358] [71.0] [cxt 0] Cloning packet to egress port 9
[15:48:34.315] [bmv2] [D] [thread 358] [71.0] [cxt 0] Egress port is 1
[15:48:34.315] [bmv2] [D] [thread 360] [71.1] [cxt 0] Pipeline 'egress': start
[15:48:34.315] [bmv2] [T] [thread 360] [71.1] [cxt 0] int-gtp-destination.p4(402) Condition "hdr.int_shim.isValid()" (node_12) is true
[15:48:34.315] [bmv2] [T] [thread 360] [71.1] [cxt 0] Applying table 'tbl_update_int_metadata'
[15:48:34.315] [bmv2] [D] [thread 360] [71.1] [cxt 0] Looking up key:

[15:48:34.315] [bmv2] [D] [thread 360] [71.1] [cxt 0] Table 'tbl_update_int_metadata': miss
[15:48:34.315] [bmv2] [D] [thread 360] [71.1] [cxt 0] Action entry is MyEgress.update_int_metadata -
[15:48:34.315] [bmv2] [T] [thread 360] [71.1] [cxt 0] Action MyEgress.update_int_metadata
[15:48:34.315] [bmv2] [T] [thread 360] [71.1] [cxt 0] int-gtp-destination.p4(352) Primitive if
[15:48:34.315] [bmv2] [T] [thread 360] [71.1] [cxt 0] int-gtp-destination.p4(353) Primitive hdr.int_md[2].setValid()
[15:48:34.315] [bmv2] [T] [thread 360] [71.1] [cxt 0] int-gtp-destination.p4(354) Primitive hdr.int_md[2].padding_switch = 0
[15:48:34.315] [bmv2] [T] [thread 360] [71.1] [cxt 0] int-gtp-destination.p4(355) Primitive hdr.int_md[2].switch_id = (bit<16>)meta.switch_id
[15:48:34.315] [bmv2] [T] [thread 360] [71.1] [cxt 0] int-gtp-destination.p4(356) Primitive hdr.int_md[2].ingress_port_id = (bit<16>)meta.ingress_port
[15:48:34.315] [bmv2] [T] [thread 360] [71.1] [cxt 0] int-gtp-destination.p4(357) Primitive hdr.int_md[2].ingress_timestamp = meta.ingress_ts
[15:48:34.315] [bmv2] [T] [thread 360] [71.1] [cxt 0] int-gtp-destination.p4(362) Primitive hdr.int_md[2].congestion_notification = 0
[15:48:34.315] [bmv2] [T] [thread 360] [71.1] [cxt 0] int-gtp-destination.p4(363) Primitive hdr.int_md[2].reserved1 = 0
[15:48:34.315] [bmv2] [T] [thread 360] [71.1] [cxt 0] int-gtp-destination.p4(364) Primitive hdr.int_md[2].reserved2 = 0
[15:48:34.315] [bmv2] [T] [thread 360] [71.1] [cxt 0] int-gtp-destination.p4(368) Primitive hdr.int_md[2].egress_port_id = (bit<16>)standard_metadata.egress_port
[15:48:34.315] [bmv2] [T] [thread 360] [71.1] [cxt 0] int-gtp-destination.p4(369) Primitive hdr.int_md[2].egress_timestamp = (bit<32>)standard_metadata.egress_global_timestamp
[15:48:34.315] [bmv2] [T] [thread 360] [71.1] [cxt 0] int-gtp-destination.p4(370) Primitive hdr.int_md[2].hop_latency = hdr.int_md[2].egress_timestamp - hdr.int_md[2].ingress_timestamp
[15:48:34.315] [bmv2] [T] [thread 360] [71.1] [cxt 0] int-gtp-destination.p4(371) Primitive hdr.int_md[2].queue_occupancy = (bit<32>)standard_metadata.enq_qdepth
[15:48:34.315] [bmv2] [T] [thread 360] [71.1] [cxt 0] int-gtp-destination.p4(408) Condition "standard_metadata.instance_type == 1 || standard_metadata.egress_port == 9" (node_14) is true
[15:48:34.315] [bmv2] [D] [thread 360] [71.1] [cxt 0] Pipeline 'egress': end
[15:48:34.315] [bmv2] [D] [thread 360] [71.1] [cxt 0] Deparser 'deparser': start
[15:48:34.315] [bmv2] [D] [thread 360] [71.1] [cxt 0] Deparsing header 'ethernet'
[15:48:34.315] [bmv2] [D] [thread 360] [71.1] [cxt 0] Deparsing header 'int_shim'
[15:48:34.315] [bmv2] [D] [thread 360] [71.1] [cxt 0] Deparsing header 'int_header'
[15:48:34.315] [bmv2] [D] [thread 360] [71.1] [cxt 0] Deparsing header 'int_md[0]'
[15:48:34.315] [bmv2] [D] [thread 360] [71.1] [cxt 0] Deparsing header 'int_md[1]'
[15:48:34.315] [bmv2] [D] [thread 360] [71.1] [cxt 0] Deparsing header 'int_md[2]'
[15:48:34.315] [bmv2] [D] [thread 360] [71.1] [cxt 0] Deparsing header 'ipv4_inner'
[15:48:34.315] [bmv2] [D] [thread 360] [71.1] [cxt 0] Deparsing header 'udp'
[15:48:34.315] [bmv2] [D] [thread 360] [71.1] [cxt 0] Deparsing header 'gtp_u'
[15:48:34.315] [bmv2] [D] [thread 360] [71.1] [cxt 0] Deparser 'deparser': end
[15:48:34.315] [bmv2] [D] [thread 360] [71.0] [cxt 0] Pipeline 'egress': start
[15:48:34.315] [bmv2] [T] [thread 360] [71.0] [cxt 0] int-gtp-destination.p4(402) Condition "hdr.int_shim.isValid()" (node_12) is true
[15:48:34.315] [bmv2] [T] [thread 360] [71.0] [cxt 0] Applying table 'tbl_update_int_metadata'
[15:48:34.315] [bmv2] [D] [thread 363] [71.1] [cxt 0] Transmitting packet of size 239 out of port 9
[15:48:34.315] [bmv2] [D] [thread 360] [71.0] [cxt 0] Looking up key:

[15:48:34.315] [bmv2] [D] [thread 360] [71.0] [cxt 0] Table 'tbl_update_int_metadata': miss
[15:48:34.315] [bmv2] [D] [thread 360] [71.0] [cxt 0] Action entry is MyEgress.update_int_metadata -
[15:48:34.315] [bmv2] [T] [thread 360] [71.0] [cxt 0] Action MyEgress.update_int_metadata
[15:48:34.315] [bmv2] [T] [thread 360] [71.0] [cxt 0] int-gtp-destination.p4(352) Primitive if
[15:48:34.315] [bmv2] [T] [thread 360] [71.0] [cxt 0] int-gtp-destination.p4(352) Primitive if
[15:48:34.315] [bmv2] [T] [thread 360] [71.0] [cxt 0] int-gtp-destination.p4(368) Primitive hdr.int_md[2].egress_port_id = (bit<16>)standard_metadata.egress_port
[15:48:34.315] [bmv2] [T] [thread 360] [71.0] [cxt 0] int-gtp-destination.p4(369) Primitive hdr.int_md[2].egress_timestamp = (bit<32>)standard_metadata.egress_global_timestamp
[15:48:34.315] [bmv2] [T] [thread 360] [71.0] [cxt 0] int-gtp-destination.p4(370) Primitive hdr.int_md[2].hop_latency = hdr.int_md[2].egress_timestamp - hdr.int_md[2].ingress_timestamp
[15:48:34.315] [bmv2] [T] [thread 360] [71.0] [cxt 0] int-gtp-destination.p4(371) Primitive hdr.int_md[2].queue_occupancy = (bit<32>)standard_metadata.enq_qdepth
[15:48:34.315] [bmv2] [T] [thread 360] [71.0] [cxt 0] int-gtp-destination.p4(408) Condition "standard_metadata.instance_type == 1 || standard_metadata.egress_port == 9" (node_14) is false
[15:48:34.315] [bmv2] [T] [thread 360] [71.0] [cxt 0] Applying table 'MyEgress.egress_control'
[15:48:34.315] [bmv2] [D] [thread 360] [71.0] [cxt 0] Looking up key:
* standard_metadata.egress_port: 0001

[15:48:34.315] [bmv2] [D] [thread 360] [71.0] [cxt 0] Table 'MyEgress.egress_control': hit with handle 0
[15:48:34.315] [bmv2] [D] [thread 360] [71.0] [cxt 0] Dumping entry 0
Match key:
* standard_metadata.egress_port: EXACT     0001
Action entry: MyEgress.strip_int_headers -

[15:48:34.315] [bmv2] [D] [thread 360] [71.0] [cxt 0] Action entry is MyEgress.strip_int_headers -
[15:48:34.315] [bmv2] [T] [thread 360] [71.0] [cxt 0] Action MyEgress.strip_int_headers
[15:48:34.315] [bmv2] [T] [thread 360] [71.0] [cxt 0] int-gtp-destination.p4(375) Primitive hdr.ethernet.etherType = hdr.int_shim.next_proto
[15:48:34.315] [bmv2] [T] [thread 360] [71.0] [cxt 0] int-gtp-destination.p4(376) Primitive hdr.int_shim.setInvalid()
[15:48:34.315] [bmv2] [T] [thread 360] [71.0] [cxt 0] int-gtp-destination.p4(377) Primitive hdr.int_header.setInvalid()
[15:48:34.316] [bmv2] [T] [thread 360] [71.0] [cxt 0] int-gtp-destination.p4(379) Primitive hdr.int_md[0].setInvalid()
[15:48:34.316] [bmv2] [T] [thread 360] [71.0] [cxt 0] int-gtp-destination.p4(380) Primitive hdr.int_md[1].setInvalid()
[15:48:34.316] [bmv2] [T] [thread 360] [71.0] [cxt 0] int-gtp-destination.p4(381) Primitive hdr.int_md[2].setInvalid()
[15:48:34.316] [bmv2] [T] [thread 360] [71.0] [cxt 0] int-gtp-destination.p4(382) Primitive hdr.int_md[3].setInvalid()
[15:48:34.316] [bmv2] [T] [thread 360] [71.0] [cxt 0] int-gtp-destination.p4(383) Primitive hdr.int_md[4].setInvalid()
[15:48:34.316] [bmv2] [T] [thread 360] [71.0] [cxt 0] int-gtp-destination.p4(384) Primitive hdr.int_md[5].setInvalid()
[15:48:34.316] [bmv2] [T] [thread 360] [71.0] [cxt 0] int-gtp-destination.p4(385) Primitive hdr.int_md[6].setInvalid()
[15:48:34.316] [bmv2] [T] [thread 360] [71.0] [cxt 0] int-gtp-destination.p4(386) Primitive hdr.int_md[7].setInvalid()
[15:48:34.316] [bmv2] [D] [thread 360] [71.0] [cxt 0] Pipeline 'egress': end
[15:48:34.316] [bmv2] [D] [thread 360] [71.0] [cxt 0] Deparser 'deparser': start
[15:48:34.316] [bmv2] [D] [thread 360] [71.0] [cxt 0] Deparsing header 'ethernet'
[15:48:34.316] [bmv2] [D] [thread 360] [71.0] [cxt 0] Deparsing header 'ipv4_inner'
[15:48:34.316] [bmv2] [D] [thread 360] [71.0] [cxt 0] Deparsing header 'udp'
[15:48:34.316] [bmv2] [D] [thread 360] [71.0] [cxt 0] Deparsing header 'gtp_u'
[15:48:34.316] [bmv2] [D] [thread 360] [71.0] [cxt 0] Deparser 'deparser': end
[15:48:34.316] [bmv2] [D] [thread 363] [71.0] [cxt 0] Transmitting packet of size 142 out of port 1
[15:48:34.352] [bmv2] [D] [thread 358] [72.0] [cxt 0] Processing packet received on port 1
[15:48:34.352] [bmv2] [D] [thread 358] [72.0] [cxt 0] Parser 'parser': start
[15:48:34.352] [bmv2] [D] [thread 358] [72.0] [cxt 0] Parser 'parser' entering state 'start'
[15:48:34.352] [bmv2] [D] [thread 358] [72.0] [cxt 0] Extracting header 'ethernet'
[15:48:34.352] [bmv2] [D] [thread 358] [72.0] [cxt 0] Parser set: setting field 'scalars.metadata.ingress_port' from field 'standard_metadata.ingress_port' (1)
[15:48:34.352] [bmv2] [D] [thread 358] [72.0] [cxt 0] Parser set: setting field 'scalars.metadata.ingress_ts' from expression, new value is 194821011
[15:48:34.352] [bmv2] [D] [thread 358] [72.0] [cxt 0] Parser set: setting field 'scalars.metadata.md_blocks_extracted' to 0
[15:48:34.352] [bmv2] [D] [thread 358] [72.0] [cxt 0] Parser set: setting field 'scalars.metadata.is_int_packet' to 0
[15:48:34.352] [bmv2] [D] [thread 358] [72.0] [cxt 0] Parser state 'start': key is 0800
[15:48:34.352] [bmv2] [T] [thread 358] [72.0] [cxt 0] Bytes parsed: 14
[15:48:34.352] [bmv2] [D] [thread 358] [72.0] [cxt 0] Parser 'parser' entering state 'parse_ipv4'
[15:48:34.352] [bmv2] [D] [thread 358] [72.0] [cxt 0] Extracting header 'ipv4_inner'
[15:48:34.352] [bmv2] [D] [thread 358] [72.0] [cxt 0] Parser state 'parse_ipv4': key is 11
[15:48:34.352] [bmv2] [T] [thread 358] [72.0] [cxt 0] Bytes parsed: 34
[15:48:34.352] [bmv2] [D] [thread 358] [72.0] [cxt 0] Parser 'parser' entering state 'parse_udp'
[15:48:34.352] [bmv2] [D] [thread 358] [72.0] [cxt 0] Extracting header 'udp'
[15:48:34.352] [bmv2] [D] [thread 358] [72.0] [cxt 0] Parser set: setting field 'scalars.tmp' from expression, new value is 1
[15:48:34.352] [bmv2] [D] [thread 358] [72.0] [cxt 0] Parser state 'parse_udp': key is 01
[15:48:34.352] [bmv2] [T] [thread 358] [72.0] [cxt 0] Bytes parsed: 42
[15:48:34.352] [bmv2] [D] [thread 358] [72.0] [cxt 0] Parser 'parser' entering state 'parse_gtp_u'
[15:48:34.352] [bmv2] [D] [thread 358] [72.0] [cxt 0] Extracting header 'gtp_u'
[15:48:34.352] [bmv2] [D] [thread 358] [72.0] [cxt 0] Parser state 'parse_gtp_u' has no switch, going to default next state
[15:48:34.352] [bmv2] [T] [thread 358] [72.0] [cxt 0] Bytes parsed: 50
[15:48:34.352] [bmv2] [D] [thread 358] [72.0] [cxt 0] Parser 'parser': end
[15:48:34.352] [bmv2] [D] [thread 358] [72.0] [cxt 0] Pipeline 'ingress': start
[15:48:34.352] [bmv2] [T] [thread 358] [72.0] [cxt 0] Applying table 'tbl_intgtpdestination311'
[15:48:34.352] [bmv2] [D] [thread 358] [72.0] [cxt 0] Looking up key:

[15:48:34.352] [bmv2] [D] [thread 358] [72.0] [cxt 0] Table 'tbl_intgtpdestination311': miss
[15:48:34.352] [bmv2] [D] [thread 358] [72.0] [cxt 0] Action entry is intgtpdestination311 -
[15:48:34.353] [bmv2] [T] [thread 358] [72.0] [cxt 0] Action intgtpdestination311
[15:48:34.353] [bmv2] [T] [thread 358] [72.0] [cxt 0] int-gtp-destination.p4(311) Primitive meta.switch_id = 3
[15:48:34.353] [bmv2] [T] [thread 358] [72.0] [cxt 0] int-gtp-destination.p4(313) Condition "hdr.ethernet.isValid()" (node_3) is true
[15:48:34.353] [bmv2] [T] [thread 358] [72.0] [cxt 0] int-gtp-destination.p4(314) Condition "hdr.int_shim.isValid()" (node_4) is false
[15:48:34.353] [bmv2] [T] [thread 358] [72.0] [cxt 0] int-gtp-destination.p4(339) Condition "hdr.ipv4_inner.isValid()" (node_8) is true
[15:48:34.353] [bmv2] [T] [thread 358] [72.0] [cxt 0] Applying table 'MyIngress.ipv4_lpm'
[15:48:34.353] [bmv2] [D] [thread 358] [72.0] [cxt 0] Looking up key:
* hdr.ipv4_inner.dstAddr: ac120a03

[15:48:34.353] [bmv2] [D] [thread 358] [72.0] [cxt 0] Table 'MyIngress.ipv4_lpm': hit with handle 2
[15:48:34.353] [bmv2] [D] [thread 358] [72.0] [cxt 0] Dumping entry 2
Match key:
* hdr.ipv4_inner.dstAddr: LPM       ac120a03/32
Action entry: MyIngress.forward_action - 2,

[15:48:34.353] [bmv2] [D] [thread 358] [72.0] [cxt 0] Action entry is MyIngress.forward_action - 2,
[15:48:34.353] [bmv2] [T] [thread 358] [72.0] [cxt 0] Action MyIngress.forward_action
[15:48:34.353] [bmv2] [T] [thread 358] [72.0] [cxt 0] int-gtp-destination.p4(283) Primitive standard_metadata.egress_spec = egress_port
[15:48:34.353] [bmv2] [D] [thread 358] [72.0] [cxt 0] Pipeline 'ingress': end
[15:48:34.353] [bmv2] [D] [thread 358] [72.0] [cxt 0] Egress port is 2
[15:48:34.353] [bmv2] [D] [thread 361] [72.0] [cxt 0] Pipeline 'egress': start
[15:48:34.353] [bmv2] [T] [thread 361] [72.0] [cxt 0] int-gtp-destination.p4(402) Condition "hdr.int_shim.isValid()" (node_12) is false
[15:48:34.353] [bmv2] [D] [thread 361] [72.0] [cxt 0] Pipeline 'egress': end
[15:48:34.353] [bmv2] [D] [thread 361] [72.0] [cxt 0] Deparser 'deparser': start
[15:48:34.353] [bmv2] [D] [thread 361] [72.0] [cxt 0] Deparsing header 'ethernet'
[15:48:34.353] [bmv2] [D] [thread 361] [72.0] [cxt 0] Deparsing header 'ipv4_inner'
[15:48:34.353] [bmv2] [D] [thread 361] [72.0] [cxt 0] Deparsing header 'udp'
[15:48:34.353] [bmv2] [D] [thread 361] [72.0] [cxt 0] Deparsing header 'gtp_u'
[15:48:34.353] [bmv2] [D] [thread 361] [72.0] [cxt 0] Deparser 'deparser': end
[15:48:34.353] [bmv2] [D] [thread 363] [72.0] [cxt 0] Transmitting packet of size 142 out of port 2
[15:48:35.331] [bmv2] [D] [thread 358] [73.0] [cxt 0] Processing packet received on port 2
[15:48:35.331] [bmv2] [D] [thread 358] [73.0] [cxt 0] Parser 'parser': start
[15:48:35.331] [bmv2] [D] [thread 358] [73.0] [cxt 0] Parser 'parser' entering state 'start'
[15:48:35.331] [bmv2] [D] [thread 358] [73.0] [cxt 0] Extracting header 'ethernet'
[15:48:35.331] [bmv2] [D] [thread 358] [73.0] [cxt 0] Parser set: setting field 'scalars.metadata.ingress_port' from field 'standard_metadata.ingress_port' (2)
[15:48:35.331] [bmv2] [D] [thread 358] [73.0] [cxt 0] Parser set: setting field 'scalars.metadata.ingress_ts' from expression, new value is 195800015
[15:48:35.331] [bmv2] [D] [thread 358] [73.0] [cxt 0] Parser set: setting field 'scalars.metadata.md_blocks_extracted' to 0
[15:48:35.331] [bmv2] [D] [thread 358] [73.0] [cxt 0] Parser set: setting field 'scalars.metadata.is_int_packet' to 0
[15:48:35.331] [bmv2] [D] [thread 358] [73.0] [cxt 0] Parser state 'start': key is 00fa
[15:48:35.331] [bmv2] [T] [thread 358] [73.0] [cxt 0] Bytes parsed: 14
[15:48:35.331] [bmv2] [D] [thread 358] [73.0] [cxt 0] Parser 'parser' entering state 'parse_int_shim'
[15:48:35.331] [bmv2] [D] [thread 358] [73.0] [cxt 0] Extracting header 'int_shim'
[15:48:35.331] [bmv2] [D] [thread 358] [73.0] [cxt 0] Parser set: setting field 'scalars.metadata.is_int_packet' to 1
[15:48:35.331] [bmv2] [D] [thread 358] [73.0] [cxt 0] Extracting header 'int_header'
[15:48:35.331] [bmv2] [D] [thread 358] [73.0] [cxt 0] Parser set: setting field 'scalars.metadata.md_blocks_extracted' from expression, new value is 251
[15:48:35.331] [bmv2] [D] [thread 358] [73.0] [cxt 0] Extracting header 'int_md[0]'
[15:48:35.331] [bmv2] [D] [thread 358] [73.0] [cxt 0] Extracting header 'int_md[1]'
[15:48:35.331] [bmv2] [D] [thread 358] [73.0] [cxt 0] Parser state 'parse_int_shim': key is 0800
[15:48:35.331] [bmv2] [T] [thread 358] [73.0] [cxt 0] Bytes parsed: 83
[15:48:35.331] [bmv2] [D] [thread 358] [73.0] [cxt 0] Parser 'parser' entering state 'parse_encapsulated_ipv4'
[15:48:35.331] [bmv2] [D] [thread 358] [73.0] [cxt 0] Extracting header 'ipv4_inner'
[15:48:35.331] [bmv2] [D] [thread 358] [73.0] [cxt 0] Parser state 'parse_encapsulated_ipv4': key is 11
[15:48:35.331] [bmv2] [T] [thread 358] [73.0] [cxt 0] Bytes parsed: 103
[15:48:35.331] [bmv2] [D] [thread 358] [73.0] [cxt 0] Parser 'parser' entering state 'parse_encapsulated_udp'
[15:48:35.331] [bmv2] [D] [thread 358] [73.0] [cxt 0] Extracting header 'udp'
[15:48:35.331] [bmv2] [D] [thread 358] [73.0] [cxt 0] Parser set: setting field 'scalars.tmp_0' from expression, new value is 1
[15:48:35.331] [bmv2] [D] [thread 358] [73.0] [cxt 0] Parser state 'parse_encapsulated_udp': key is 01
[15:48:35.331] [bmv2] [T] [thread 358] [73.0] [cxt 0] Bytes parsed: 111
[15:48:35.331] [bmv2] [D] [thread 358] [73.0] [cxt 0] Parser 'parser' entering state 'parse_encapsulated_gtp_u'
[15:48:35.331] [bmv2] [D] [thread 358] [73.0] [cxt 0] Extracting header 'gtp_u'
[15:48:35.331] [bmv2] [D] [thread 358] [73.0] [cxt 0] Parser state 'parse_encapsulated_gtp_u' has no switch, going to default next state
[15:48:35.331] [bmv2] [T] [thread 358] [73.0] [cxt 0] Bytes parsed: 119
[15:48:35.331] [bmv2] [D] [thread 358] [73.0] [cxt 0] Parser 'parser': end
[15:48:35.331] [bmv2] [D] [thread 358] [73.0] [cxt 0] Pipeline 'ingress': start
[15:48:35.331] [bmv2] [T] [thread 358] [73.0] [cxt 0] Applying table 'tbl_intgtpdestination311'
[15:48:35.331] [bmv2] [D] [thread 358] [73.0] [cxt 0] Looking up key:

[15:48:35.331] [bmv2] [D] [thread 358] [73.0] [cxt 0] Table 'tbl_intgtpdestination311': miss
[15:48:35.331] [bmv2] [D] [thread 358] [73.0] [cxt 0] Action entry is intgtpdestination311 -
[15:48:35.332] [bmv2] [T] [thread 358] [73.0] [cxt 0] Action intgtpdestination311
[15:48:35.332] [bmv2] [T] [thread 358] [73.0] [cxt 0] int-gtp-destination.p4(311) Primitive meta.switch_id = 3
[15:48:35.332] [bmv2] [T] [thread 358] [73.0] [cxt 0] int-gtp-destination.p4(313) Condition "hdr.ethernet.isValid()" (node_3) is true
[15:48:35.332] [bmv2] [T] [thread 358] [73.0] [cxt 0] int-gtp-destination.p4(314) Condition "hdr.int_shim.isValid()" (node_4) is true
[15:48:35.332] [bmv2] [T] [thread 358] [73.0] [cxt 0] int-gtp-destination.p4(316) Condition "hdr.int_header.remaining_hop_cnt > 0" (node_5) is true
[15:48:35.332] [bmv2] [T] [thread 358] [73.0] [cxt 0] Applying table 'tbl_intgtpdestination317'
[15:48:35.332] [bmv2] [D] [thread 358] [73.0] [cxt 0] Looking up key:

[15:48:35.332] [bmv2] [D] [thread 358] [73.0] [cxt 0] Table 'tbl_intgtpdestination317': miss
[15:48:35.332] [bmv2] [D] [thread 358] [73.0] [cxt 0] Action entry is intgtpdestination317 -
[15:48:35.332] [bmv2] [T] [thread 358] [73.0] [cxt 0] Action intgtpdestination317
[15:48:35.332] [bmv2] [T] [thread 358] [73.0] [cxt 0] int-gtp-destination.p4(317) Primitive hdr.int_md[2].setValid()
[15:48:35.332] [bmv2] [T] [thread 358] [73.0] [cxt 0] int-gtp-destination.p4(318) Primitive hdr.int_md[2].padding_switch = 0
[15:48:35.332] [bmv2] [T] [thread 358] [73.0] [cxt 0] int-gtp-destination.p4(319) Primitive hdr.int_md[2].switch_id = (bit<16>)meta.switch_id
[15:48:35.332] [bmv2] [T] [thread 358] [73.0] [cxt 0] int-gtp-destination.p4(320) Primitive hdr.int_md[2].ingress_port_id = (bit<16>)meta.ingress_port
[15:48:35.332] [bmv2] [T] [thread 358] [73.0] [cxt 0] int-gtp-destination.p4(321) Primitive hdr.int_md[2].ingress_timestamp = meta.ingress_ts
[15:48:35.332] [bmv2] [T] [thread 358] [73.0] [cxt 0] int-gtp-destination.p4(322) Primitive hdr.int_md[2].egress_port_id = 0
[15:48:35.332] [bmv2] [T] [thread 358] [73.0] [cxt 0] int-gtp-destination.p4(323) Primitive hdr.int_md[2].hop_latency = 0
[15:48:35.332] [bmv2] [T] [thread 358] [73.0] [cxt 0] int-gtp-destination.p4(324) Primitive hdr.int_md[2].egress_timestamp = 0
[15:48:35.332] [bmv2] [T] [thread 358] [73.0] [cxt 0] int-gtp-destination.p4(325) Primitive hdr.int_md[2].queue_occupancy = 0
[15:48:35.332] [bmv2] [T] [thread 358] [73.0] [cxt 0] int-gtp-destination.p4(326) Primitive hdr.int_md[2].congestion_notification = 0
[15:48:35.332] [bmv2] [T] [thread 358] [73.0] [cxt 0] int-gtp-destination.p4(327) Primitive hdr.int_md[2].reserved1 = 0
[15:48:35.332] [bmv2] [T] [thread 358] [73.0] [cxt 0] int-gtp-destination.p4(328) Primitive hdr.int_md[2].reserved2 = 0
[15:48:35.332] [bmv2] [T] [thread 358] [73.0] [cxt 0] int-gtp-destination.p4(330) Primitive hdr.int_header.remaining_hop_cnt = hdr.int_header.remaining_hop_cnt - 1
[15:48:35.332] [bmv2] [T] [thread 358] [73.0] [cxt 0] int-gtp-destination.p4(331) Primitive hdr.int_shim.length = hdr.int_shim.length + 32
[15:48:35.332] [bmv2] [T] [thread 358] [73.0] [cxt 0] Applying table 'MyIngress.int_sink_table'
[15:48:35.332] [bmv2] [D] [thread 358] [73.0] [cxt 0] Looking up key:
* hdr.int_shim.$valid$: 01

[15:48:35.332] [bmv2] [D] [thread 358] [73.0] [cxt 0] Table 'MyIngress.int_sink_table': hit with handle 0
[15:48:35.332] [bmv2] [D] [thread 358] [73.0] [cxt 0] Dumping entry 0
Match key:
* hdr.int_shim.$valid$: EXACT     01
Action entry: MyIngress.int_sink_action -

[15:48:35.332] [bmv2] [D] [thread 358] [73.0] [cxt 0] Action entry is MyIngress.int_sink_action -
[15:48:35.332] [bmv2] [T] [thread 358] [73.0] [cxt 0] Action MyIngress.int_sink_action
[15:48:35.332] [bmv2] [T] [thread 358] [73.0] [cxt 0] int-gtp-destination.p4(278) Primitive meta.clone_port = 9
[15:48:35.332] [bmv2] [T] [thread 358] [73.0] [cxt 0] int-gtp-destination.p4(279) Primitive clone_preserving_field_list(CloneType.I2E, 99, 99)
[15:48:35.332] [bmv2] [T] [thread 358] [73.0] [cxt 0] int-gtp-destination.p4(339) Condition "hdr.ipv4_inner.isValid()" (node_8) is true
[15:48:35.332] [bmv2] [T] [thread 358] [73.0] [cxt 0] Applying table 'MyIngress.ipv4_lpm'
[15:48:35.332] [bmv2] [D] [thread 358] [73.0] [cxt 0] Looking up key:
* hdr.ipv4_inner.dstAddr: ac120018

[15:48:35.332] [bmv2] [D] [thread 358] [73.0] [cxt 0] Table 'MyIngress.ipv4_lpm': hit with handle 1
[15:48:35.332] [bmv2] [D] [thread 358] [73.0] [cxt 0] Dumping entry 1
Match key:
* hdr.ipv4_inner.dstAddr: LPM       ac120018/32
Action entry: MyIngress.forward_action - 1,

[15:48:35.332] [bmv2] [D] [thread 358] [73.0] [cxt 0] Action entry is MyIngress.forward_action - 1,
[15:48:35.332] [bmv2] [T] [thread 358] [73.0] [cxt 0] Action MyIngress.forward_action
[15:48:35.332] [bmv2] [T] [thread 358] [73.0] [cxt 0] int-gtp-destination.p4(283) Primitive standard_metadata.egress_spec = egress_port
[15:48:35.332] [bmv2] [D] [thread 358] [73.0] [cxt 0] Pipeline 'ingress': end
[15:48:35.332] [bmv2] [D] [thread 358] [73.0] [cxt 0] Cloning packet at ingress
[15:48:35.332] [bmv2] [D] [thread 358] [73.1] [cxt 0] Parser 'parser': start
[15:48:35.332] [bmv2] [D] [thread 358] [73.1] [cxt 0] Parser 'parser' entering state 'start'
[15:48:35.332] [bmv2] [D] [thread 358] [73.1] [cxt 0] Extracting header 'ethernet'
[15:48:35.332] [bmv2] [D] [thread 358] [73.1] [cxt 0] Parser set: setting field 'scalars.metadata.ingress_port' from field 'standard_metadata.ingress_port' (2)
[15:48:35.332] [bmv2] [D] [thread 358] [73.1] [cxt 0] Parser set: setting field 'scalars.metadata.ingress_ts' from expression, new value is 0
[15:48:35.332] [bmv2] [D] [thread 358] [73.1] [cxt 0] Parser set: setting field 'scalars.metadata.md_blocks_extracted' to 0
[15:48:35.332] [bmv2] [D] [thread 358] [73.1] [cxt 0] Parser set: setting field 'scalars.metadata.is_int_packet' to 0
[15:48:35.332] [bmv2] [D] [thread 358] [73.1] [cxt 0] Parser state 'start': key is 00fa
[15:48:35.332] [bmv2] [T] [thread 358] [73.1] [cxt 0] Bytes parsed: 14
[15:48:35.332] [bmv2] [D] [thread 358] [73.1] [cxt 0] Parser 'parser' entering state 'parse_int_shim'
[15:48:35.332] [bmv2] [D] [thread 358] [73.1] [cxt 0] Extracting header 'int_shim'
[15:48:35.332] [bmv2] [D] [thread 358] [73.1] [cxt 0] Parser set: setting field 'scalars.metadata.is_int_packet' to 1
[15:48:35.332] [bmv2] [D] [thread 358] [73.1] [cxt 0] Extracting header 'int_header'
[15:48:35.332] [bmv2] [D] [thread 358] [73.1] [cxt 0] Parser set: setting field 'scalars.metadata.md_blocks_extracted' from expression, new value is 251
[15:48:35.332] [bmv2] [D] [thread 358] [73.1] [cxt 0] Extracting header 'int_md[0]'
[15:48:35.332] [bmv2] [D] [thread 358] [73.1] [cxt 0] Extracting header 'int_md[1]'
[15:48:35.332] [bmv2] [D] [thread 358] [73.1] [cxt 0] Parser state 'parse_int_shim': key is 0800
[15:48:35.332] [bmv2] [T] [thread 358] [73.1] [cxt 0] Bytes parsed: 83
[15:48:35.332] [bmv2] [D] [thread 358] [73.1] [cxt 0] Parser 'parser' entering state 'parse_encapsulated_ipv4'
[15:48:35.332] [bmv2] [D] [thread 358] [73.1] [cxt 0] Extracting header 'ipv4_inner'
[15:48:35.332] [bmv2] [D] [thread 358] [73.1] [cxt 0] Parser state 'parse_encapsulated_ipv4': key is 11
[15:48:35.332] [bmv2] [T] [thread 358] [73.1] [cxt 0] Bytes parsed: 103
[15:48:35.332] [bmv2] [D] [thread 358] [73.1] [cxt 0] Parser 'parser' entering state 'parse_encapsulated_udp'
[15:48:35.332] [bmv2] [D] [thread 358] [73.1] [cxt 0] Extracting header 'udp'
[15:48:35.332] [bmv2] [D] [thread 358] [73.1] [cxt 0] Parser set: setting field 'scalars.tmp_0' from expression, new value is 1
[15:48:35.332] [bmv2] [D] [thread 358] [73.1] [cxt 0] Parser state 'parse_encapsulated_udp': key is 01
[15:48:35.332] [bmv2] [T] [thread 358] [73.1] [cxt 0] Bytes parsed: 111
[15:48:35.332] [bmv2] [D] [thread 358] [73.1] [cxt 0] Parser 'parser' entering state 'parse_encapsulated_gtp_u'
[15:48:35.332] [bmv2] [D] [thread 358] [73.1] [cxt 0] Extracting header 'gtp_u'
[15:48:35.332] [bmv2] [D] [thread 358] [73.1] [cxt 0] Parser state 'parse_encapsulated_gtp_u' has no switch, going to default next state
[15:48:35.332] [bmv2] [T] [thread 358] [73.1] [cxt 0] Bytes parsed: 119
[15:48:35.332] [bmv2] [D] [thread 358] [73.1] [cxt 0] Parser 'parser': end
[15:48:35.332] [bmv2] [D] [thread 358] [73.0] [cxt 0] Cloning packet to egress port 9
[15:48:35.333] [bmv2] [D] [thread 358] [73.0] [cxt 0] Egress port is 1
[15:48:35.333] [bmv2] [D] [thread 360] [73.1] [cxt 0] Pipeline 'egress': start
[15:48:35.333] [bmv2] [T] [thread 360] [73.1] [cxt 0] int-gtp-destination.p4(402) Condition "hdr.int_shim.isValid()" (node_12) is true
[15:48:35.333] [bmv2] [T] [thread 360] [73.1] [cxt 0] Applying table 'tbl_update_int_metadata'
[15:48:35.333] [bmv2] [D] [thread 360] [73.1] [cxt 0] Looking up key:

[15:48:35.333] [bmv2] [D] [thread 360] [73.1] [cxt 0] Table 'tbl_update_int_metadata': miss
[15:48:35.333] [bmv2] [D] [thread 360] [73.1] [cxt 0] Action entry is MyEgress.update_int_metadata -
[15:48:35.333] [bmv2] [T] [thread 360] [73.1] [cxt 0] Action MyEgress.update_int_metadata
[15:48:35.333] [bmv2] [T] [thread 360] [73.1] [cxt 0] int-gtp-destination.p4(352) Primitive if
[15:48:35.333] [bmv2] [T] [thread 360] [73.1] [cxt 0] int-gtp-destination.p4(353) Primitive hdr.int_md[2].setValid()
[15:48:35.333] [bmv2] [T] [thread 360] [73.1] [cxt 0] int-gtp-destination.p4(354) Primitive hdr.int_md[2].padding_switch = 0
[15:48:35.333] [bmv2] [T] [thread 360] [73.1] [cxt 0] int-gtp-destination.p4(355) Primitive hdr.int_md[2].switch_id = (bit<16>)meta.switch_id
[15:48:35.333] [bmv2] [T] [thread 360] [73.1] [cxt 0] int-gtp-destination.p4(356) Primitive hdr.int_md[2].ingress_port_id = (bit<16>)meta.ingress_port
[15:48:35.333] [bmv2] [T] [thread 360] [73.1] [cxt 0] int-gtp-destination.p4(357) Primitive hdr.int_md[2].ingress_timestamp = meta.ingress_ts
[15:48:35.333] [bmv2] [T] [thread 360] [73.1] [cxt 0] int-gtp-destination.p4(362) Primitive hdr.int_md[2].congestion_notification = 0
[15:48:35.333] [bmv2] [T] [thread 360] [73.1] [cxt 0] int-gtp-destination.p4(363) Primitive hdr.int_md[2].reserved1 = 0
[15:48:35.333] [bmv2] [T] [thread 360] [73.1] [cxt 0] int-gtp-destination.p4(364) Primitive hdr.int_md[2].reserved2 = 0
[15:48:35.333] [bmv2] [T] [thread 360] [73.1] [cxt 0] int-gtp-destination.p4(368) Primitive hdr.int_md[2].egress_port_id = (bit<16>)standard_metadata.egress_port
[15:48:35.333] [bmv2] [T] [thread 360] [73.1] [cxt 0] int-gtp-destination.p4(369) Primitive hdr.int_md[2].egress_timestamp = (bit<32>)standard_metadata.egress_global_timestamp
[15:48:35.333] [bmv2] [T] [thread 360] [73.1] [cxt 0] int-gtp-destination.p4(370) Primitive hdr.int_md[2].hop_latency = hdr.int_md[2].egress_timestamp - hdr.int_md[2].ingress_timestamp
[15:48:35.333] [bmv2] [T] [thread 360] [73.1] [cxt 0] int-gtp-destination.p4(371) Primitive hdr.int_md[2].queue_occupancy = (bit<32>)standard_metadata.enq_qdepth
[15:48:35.333] [bmv2] [T] [thread 360] [73.1] [cxt 0] int-gtp-destination.p4(408) Condition "standard_metadata.instance_type == 1 || standard_metadata.egress_port == 9" (node_14) is true
[15:48:35.333] [bmv2] [D] [thread 360] [73.1] [cxt 0] Pipeline 'egress': end
[15:48:35.333] [bmv2] [D] [thread 360] [73.1] [cxt 0] Deparser 'deparser': start
[15:48:35.333] [bmv2] [D] [thread 360] [73.1] [cxt 0] Deparsing header 'ethernet'
[15:48:35.333] [bmv2] [D] [thread 360] [73.1] [cxt 0] Deparsing header 'int_shim'
[15:48:35.333] [bmv2] [D] [thread 360] [73.1] [cxt 0] Deparsing header 'int_header'
[15:48:35.333] [bmv2] [D] [thread 360] [73.1] [cxt 0] Deparsing header 'int_md[0]'
[15:48:35.333] [bmv2] [D] [thread 360] [73.1] [cxt 0] Deparsing header 'int_md[1]'
[15:48:35.333] [bmv2] [D] [thread 360] [73.1] [cxt 0] Deparsing header 'int_md[2]'
[15:48:35.333] [bmv2] [D] [thread 360] [73.1] [cxt 0] Deparsing header 'ipv4_inner'
[15:48:35.333] [bmv2] [D] [thread 360] [73.1] [cxt 0] Deparsing header 'udp'
[15:48:35.333] [bmv2] [D] [thread 360] [73.1] [cxt 0] Deparsing header 'gtp_u'
[15:48:35.333] [bmv2] [D] [thread 360] [73.1] [cxt 0] Deparser 'deparser': end
[15:48:35.333] [bmv2] [D] [thread 363] [73.1] [cxt 0] Transmitting packet of size 239 out of port 9
[15:48:35.333] [bmv2] [D] [thread 360] [73.0] [cxt 0] Pipeline 'egress': start
[15:48:35.333] [bmv2] [T] [thread 360] [73.0] [cxt 0] int-gtp-destination.p4(402) Condition "hdr.int_shim.isValid()" (node_12) is true
[15:48:35.333] [bmv2] [T] [thread 360] [73.0] [cxt 0] Applying table 'tbl_update_int_metadata'
[15:48:35.333] [bmv2] [D] [thread 360] [73.0] [cxt 0] Looking up key:

[15:48:35.333] [bmv2] [D] [thread 360] [73.0] [cxt 0] Table 'tbl_update_int_metadata': miss
[15:48:35.333] [bmv2] [D] [thread 360] [73.0] [cxt 0] Action entry is MyEgress.update_int_metadata -
[15:48:35.333] [bmv2] [T] [thread 360] [73.0] [cxt 0] Action MyEgress.update_int_metadata
[15:48:35.333] [bmv2] [T] [thread 360] [73.0] [cxt 0] int-gtp-destination.p4(352) Primitive if
[15:48:35.333] [bmv2] [T] [thread 360] [73.0] [cxt 0] int-gtp-destination.p4(352) Primitive if
[15:48:35.333] [bmv2] [T] [thread 360] [73.0] [cxt 0] int-gtp-destination.p4(368) Primitive hdr.int_md[2].egress_port_id = (bit<16>)standard_metadata.egress_port
[15:48:35.333] [bmv2] [T] [thread 360] [73.0] [cxt 0] int-gtp-destination.p4(369) Primitive hdr.int_md[2].egress_timestamp = (bit<32>)standard_metadata.egress_global_timestamp
[15:48:35.333] [bmv2] [T] [thread 360] [73.0] [cxt 0] int-gtp-destination.p4(370) Primitive hdr.int_md[2].hop_latency = hdr.int_md[2].egress_timestamp - hdr.int_md[2].ingress_timestamp
[15:48:35.333] [bmv2] [T] [thread 360] [73.0] [cxt 0] int-gtp-destination.p4(371) Primitive hdr.int_md[2].queue_occupancy = (bit<32>)standard_metadata.enq_qdepth
[15:48:35.333] [bmv2] [T] [thread 360] [73.0] [cxt 0] int-gtp-destination.p4(408) Condition "standard_metadata.instance_type == 1 || standard_metadata.egress_port == 9" (node_14) is false
[15:48:35.333] [bmv2] [T] [thread 360] [73.0] [cxt 0] Applying table 'MyEgress.egress_control'
[15:48:35.333] [bmv2] [D] [thread 360] [73.0] [cxt 0] Looking up key:
* standard_metadata.egress_port: 0001

[15:48:35.333] [bmv2] [D] [thread 360] [73.0] [cxt 0] Table 'MyEgress.egress_control': hit with handle 0
[15:48:35.333] [bmv2] [D] [thread 360] [73.0] [cxt 0] Dumping entry 0
Match key:
* standard_metadata.egress_port: EXACT     0001
Action entry: MyEgress.strip_int_headers -

[15:48:35.333] [bmv2] [D] [thread 360] [73.0] [cxt 0] Action entry is MyEgress.strip_int_headers -
[15:48:35.333] [bmv2] [T] [thread 360] [73.0] [cxt 0] Action MyEgress.strip_int_headers
[15:48:35.333] [bmv2] [T] [thread 360] [73.0] [cxt 0] int-gtp-destination.p4(375) Primitive hdr.ethernet.etherType = hdr.int_shim.next_proto
[15:48:35.333] [bmv2] [T] [thread 360] [73.0] [cxt 0] int-gtp-destination.p4(376) Primitive hdr.int_shim.setInvalid()
[15:48:35.333] [bmv2] [T] [thread 360] [73.0] [cxt 0] int-gtp-destination.p4(377) Primitive hdr.int_header.setInvalid()
[15:48:35.333] [bmv2] [T] [thread 360] [73.0] [cxt 0] int-gtp-destination.p4(379) Primitive hdr.int_md[0].setInvalid()
[15:48:35.333] [bmv2] [T] [thread 360] [73.0] [cxt 0] int-gtp-destination.p4(380) Primitive hdr.int_md[1].setInvalid()
[15:48:35.333] [bmv2] [T] [thread 360] [73.0] [cxt 0] int-gtp-destination.p4(381) Primitive hdr.int_md[2].setInvalid()
[15:48:35.333] [bmv2] [T] [thread 360] [73.0] [cxt 0] int-gtp-destination.p4(382) Primitive hdr.int_md[3].setInvalid()
[15:48:35.333] [bmv2] [T] [thread 360] [73.0] [cxt 0] int-gtp-destination.p4(383) Primitive hdr.int_md[4].setInvalid()
[15:48:35.333] [bmv2] [T] [thread 360] [73.0] [cxt 0] int-gtp-destination.p4(384) Primitive hdr.int_md[5].setInvalid()
[15:48:35.333] [bmv2] [T] [thread 360] [73.0] [cxt 0] int-gtp-destination.p4(385) Primitive hdr.int_md[6].setInvalid()
[15:48:35.333] [bmv2] [T] [thread 360] [73.0] [cxt 0] int-gtp-destination.p4(386) Primitive hdr.int_md[7].setInvalid()
[15:48:35.333] [bmv2] [D] [thread 360] [73.0] [cxt 0] Pipeline 'egress': end
[15:48:35.333] [bmv2] [D] [thread 360] [73.0] [cxt 0] Deparser 'deparser': start
[15:48:35.333] [bmv2] [D] [thread 360] [73.0] [cxt 0] Deparsing header 'ethernet'
[15:48:35.333] [bmv2] [D] [thread 360] [73.0] [cxt 0] Deparsing header 'ipv4_inner'
[15:48:35.333] [bmv2] [D] [thread 360] [73.0] [cxt 0] Deparsing header 'udp'
[15:48:35.333] [bmv2] [D] [thread 360] [73.0] [cxt 0] Deparsing header 'gtp_u'
[15:48:35.333] [bmv2] [D] [thread 360] [73.0] [cxt 0] Deparser 'deparser': end
[15:48:35.333] [bmv2] [D] [thread 363] [73.0] [cxt 0] Transmitting packet of size 142 out of port 1
[15:48:35.384] [bmv2] [D] [thread 358] [74.0] [cxt 0] Processing packet received on port 1
[15:48:35.384] [bmv2] [D] [thread 358] [74.0] [cxt 0] Parser 'parser': start
[15:48:35.384] [bmv2] [D] [thread 358] [74.0] [cxt 0] Parser 'parser' entering state 'start'
[15:48:35.384] [bmv2] [D] [thread 358] [74.0] [cxt 0] Extracting header 'ethernet'
[15:48:35.384] [bmv2] [D] [thread 358] [74.0] [cxt 0] Parser set: setting field 'scalars.metadata.ingress_port' from field 'standard_metadata.ingress_port' (1)
[15:48:35.384] [bmv2] [D] [thread 358] [74.0] [cxt 0] Parser set: setting field 'scalars.metadata.ingress_ts' from expression, new value is 195852967
[15:48:35.384] [bmv2] [D] [thread 358] [74.0] [cxt 0] Parser set: setting field 'scalars.metadata.md_blocks_extracted' to 0
[15:48:35.384] [bmv2] [D] [thread 358] [74.0] [cxt 0] Parser set: setting field 'scalars.metadata.is_int_packet' to 0
[15:48:35.384] [bmv2] [D] [thread 358] [74.0] [cxt 0] Parser state 'start': key is 0800
[15:48:35.384] [bmv2] [T] [thread 358] [74.0] [cxt 0] Bytes parsed: 14
[15:48:35.384] [bmv2] [D] [thread 358] [74.0] [cxt 0] Parser 'parser' entering state 'parse_ipv4'
[15:48:35.384] [bmv2] [D] [thread 358] [74.0] [cxt 0] Extracting header 'ipv4_inner'
[15:48:35.384] [bmv2] [D] [thread 358] [74.0] [cxt 0] Parser state 'parse_ipv4': key is 11
[15:48:35.384] [bmv2] [T] [thread 358] [74.0] [cxt 0] Bytes parsed: 34
[15:48:35.384] [bmv2] [D] [thread 358] [74.0] [cxt 0] Parser 'parser' entering state 'parse_udp'
[15:48:35.384] [bmv2] [D] [thread 358] [74.0] [cxt 0] Extracting header 'udp'
[15:48:35.384] [bmv2] [D] [thread 358] [74.0] [cxt 0] Parser set: setting field 'scalars.tmp' from expression, new value is 1
[15:48:35.384] [bmv2] [D] [thread 358] [74.0] [cxt 0] Parser state 'parse_udp': key is 01
[15:48:35.384] [bmv2] [T] [thread 358] [74.0] [cxt 0] Bytes parsed: 42
[15:48:35.384] [bmv2] [D] [thread 358] [74.0] [cxt 0] Parser 'parser' entering state 'parse_gtp_u'
[15:48:35.384] [bmv2] [D] [thread 358] [74.0] [cxt 0] Extracting header 'gtp_u'
[15:48:35.384] [bmv2] [D] [thread 358] [74.0] [cxt 0] Parser state 'parse_gtp_u' has no switch, going to default next state
[15:48:35.384] [bmv2] [T] [thread 358] [74.0] [cxt 0] Bytes parsed: 50
[15:48:35.384] [bmv2] [D] [thread 358] [74.0] [cxt 0] Parser 'parser': end
[15:48:35.384] [bmv2] [D] [thread 358] [74.0] [cxt 0] Pipeline 'ingress': start
[15:48:35.384] [bmv2] [T] [thread 358] [74.0] [cxt 0] Applying table 'tbl_intgtpdestination311'
[15:48:35.384] [bmv2] [D] [thread 358] [74.0] [cxt 0] Looking up key:

[15:48:35.384] [bmv2] [D] [thread 358] [74.0] [cxt 0] Table 'tbl_intgtpdestination311': miss
[15:48:35.385] [bmv2] [D] [thread 358] [74.0] [cxt 0] Action entry is intgtpdestination311 -
[15:48:35.385] [bmv2] [T] [thread 358] [74.0] [cxt 0] Action intgtpdestination311
[15:48:35.385] [bmv2] [T] [thread 358] [74.0] [cxt 0] int-gtp-destination.p4(311) Primitive meta.switch_id = 3
[15:48:35.385] [bmv2] [T] [thread 358] [74.0] [cxt 0] int-gtp-destination.p4(313) Condition "hdr.ethernet.isValid()" (node_3) is true
[15:48:35.385] [bmv2] [T] [thread 358] [74.0] [cxt 0] int-gtp-destination.p4(314) Condition "hdr.int_shim.isValid()" (node_4) is false
[15:48:35.385] [bmv2] [T] [thread 358] [74.0] [cxt 0] int-gtp-destination.p4(339) Condition "hdr.ipv4_inner.isValid()" (node_8) is true
[15:48:35.385] [bmv2] [T] [thread 358] [74.0] [cxt 0] Applying table 'MyIngress.ipv4_lpm'
[15:48:35.385] [bmv2] [D] [thread 358] [74.0] [cxt 0] Looking up key:
* hdr.ipv4_inner.dstAddr: ac120a03

[15:48:35.385] [bmv2] [D] [thread 358] [74.0] [cxt 0] Table 'MyIngress.ipv4_lpm': hit with handle 2
[15:48:35.385] [bmv2] [D] [thread 358] [74.0] [cxt 0] Dumping entry 2
Match key:
* hdr.ipv4_inner.dstAddr: LPM       ac120a03/32
Action entry: MyIngress.forward_action - 2,

[15:48:35.385] [bmv2] [D] [thread 358] [74.0] [cxt 0] Action entry is MyIngress.forward_action - 2,
[15:48:35.385] [bmv2] [T] [thread 358] [74.0] [cxt 0] Action MyIngress.forward_action
[15:48:35.385] [bmv2] [T] [thread 358] [74.0] [cxt 0] int-gtp-destination.p4(283) Primitive standard_metadata.egress_spec = egress_port
[15:48:35.385] [bmv2] [D] [thread 358] [74.0] [cxt 0] Pipeline 'ingress': end
[15:48:35.385] [bmv2] [D] [thread 358] [74.0] [cxt 0] Egress port is 2
[15:48:35.385] [bmv2] [D] [thread 361] [74.0] [cxt 0] Pipeline 'egress': start
[15:48:35.385] [bmv2] [T] [thread 361] [74.0] [cxt 0] int-gtp-destination.p4(402) Condition "hdr.int_shim.isValid()" (node_12) is false
[15:48:35.385] [bmv2] [D] [thread 361] [74.0] [cxt 0] Pipeline 'egress': end
[15:48:35.385] [bmv2] [D] [thread 361] [74.0] [cxt 0] Deparser 'deparser': start
[15:48:35.385] [bmv2] [D] [thread 361] [74.0] [cxt 0] Deparsing header 'ethernet'
[15:48:35.385] [bmv2] [D] [thread 361] [74.0] [cxt 0] Deparsing header 'ipv4_inner'
[15:48:35.385] [bmv2] [D] [thread 361] [74.0] [cxt 0] Deparsing header 'udp'
[15:48:35.385] [bmv2] [D] [thread 361] [74.0] [cxt 0] Deparsing header 'gtp_u'
[15:48:35.385] [bmv2] [D] [thread 361] [74.0] [cxt 0] Deparser 'deparser': end
[15:48:35.385] [bmv2] [D] [thread 363] [74.0] [cxt 0] Transmitting packet of size 142 out of port 2
[15:48:36.359] [bmv2] [D] [thread 358] [75.0] [cxt 0] Processing packet received on port 2
[15:48:36.359] [bmv2] [D] [thread 358] [75.0] [cxt 0] Parser 'parser': start
[15:48:36.359] [bmv2] [D] [thread 358] [75.0] [cxt 0] Parser 'parser' entering state 'start'
[15:48:36.359] [bmv2] [D] [thread 358] [75.0] [cxt 0] Extracting header 'ethernet'
[15:48:36.359] [bmv2] [D] [thread 358] [75.0] [cxt 0] Parser set: setting field 'scalars.metadata.ingress_port' from field 'standard_metadata.ingress_port' (2)
[15:48:36.359] [bmv2] [D] [thread 358] [75.0] [cxt 0] Parser set: setting field 'scalars.metadata.ingress_ts' from expression, new value is 196828058
[15:48:36.359] [bmv2] [D] [thread 358] [75.0] [cxt 0] Parser set: setting field 'scalars.metadata.md_blocks_extracted' to 0
[15:48:36.359] [bmv2] [D] [thread 358] [75.0] [cxt 0] Parser set: setting field 'scalars.metadata.is_int_packet' to 0
[15:48:36.359] [bmv2] [D] [thread 358] [75.0] [cxt 0] Parser state 'start': key is 00fa
[15:48:36.359] [bmv2] [T] [thread 358] [75.0] [cxt 0] Bytes parsed: 14
[15:48:36.359] [bmv2] [D] [thread 358] [75.0] [cxt 0] Parser 'parser' entering state 'parse_int_shim'
[15:48:36.359] [bmv2] [D] [thread 358] [75.0] [cxt 0] Extracting header 'int_shim'
[15:48:36.359] [bmv2] [D] [thread 358] [75.0] [cxt 0] Parser set: setting field 'scalars.metadata.is_int_packet' to 1
[15:48:36.359] [bmv2] [D] [thread 358] [75.0] [cxt 0] Extracting header 'int_header'
[15:48:36.359] [bmv2] [D] [thread 358] [75.0] [cxt 0] Parser set: setting field 'scalars.metadata.md_blocks_extracted' from expression, new value is 251
[15:48:36.359] [bmv2] [D] [thread 358] [75.0] [cxt 0] Extracting header 'int_md[0]'
[15:48:36.359] [bmv2] [D] [thread 358] [75.0] [cxt 0] Extracting header 'int_md[1]'
[15:48:36.359] [bmv2] [D] [thread 358] [75.0] [cxt 0] Parser state 'parse_int_shim': key is 0800
[15:48:36.359] [bmv2] [T] [thread 358] [75.0] [cxt 0] Bytes parsed: 83
[15:48:36.359] [bmv2] [D] [thread 358] [75.0] [cxt 0] Parser 'parser' entering state 'parse_encapsulated_ipv4'
[15:48:36.359] [bmv2] [D] [thread 358] [75.0] [cxt 0] Extracting header 'ipv4_inner'
[15:48:36.359] [bmv2] [D] [thread 358] [75.0] [cxt 0] Parser state 'parse_encapsulated_ipv4': key is 11
[15:48:36.359] [bmv2] [T] [thread 358] [75.0] [cxt 0] Bytes parsed: 103
[15:48:36.359] [bmv2] [D] [thread 358] [75.0] [cxt 0] Parser 'parser' entering state 'parse_encapsulated_udp'
[15:48:36.359] [bmv2] [D] [thread 358] [75.0] [cxt 0] Extracting header 'udp'
[15:48:36.360] [bmv2] [D] [thread 358] [75.0] [cxt 0] Parser set: setting field 'scalars.tmp_0' from expression, new value is 1
[15:48:36.360] [bmv2] [D] [thread 358] [75.0] [cxt 0] Parser state 'parse_encapsulated_udp': key is 01
[15:48:36.360] [bmv2] [T] [thread 358] [75.0] [cxt 0] Bytes parsed: 111
[15:48:36.360] [bmv2] [D] [thread 358] [75.0] [cxt 0] Parser 'parser' entering state 'parse_encapsulated_gtp_u'
[15:48:36.360] [bmv2] [D] [thread 358] [75.0] [cxt 0] Extracting header 'gtp_u'
[15:48:36.360] [bmv2] [D] [thread 358] [75.0] [cxt 0] Parser state 'parse_encapsulated_gtp_u' has no switch, going to default next state
[15:48:36.360] [bmv2] [T] [thread 358] [75.0] [cxt 0] Bytes parsed: 119
[15:48:36.360] [bmv2] [D] [thread 358] [75.0] [cxt 0] Parser 'parser': end
[15:48:36.360] [bmv2] [D] [thread 358] [75.0] [cxt 0] Pipeline 'ingress': start
[15:48:36.360] [bmv2] [T] [thread 358] [75.0] [cxt 0] Applying table 'tbl_intgtpdestination311'
[15:48:36.360] [bmv2] [D] [thread 358] [75.0] [cxt 0] Looking up key:

[15:48:36.360] [bmv2] [D] [thread 358] [75.0] [cxt 0] Table 'tbl_intgtpdestination311': miss
[15:48:36.360] [bmv2] [D] [thread 358] [75.0] [cxt 0] Action entry is intgtpdestination311 -
[15:48:36.360] [bmv2] [T] [thread 358] [75.0] [cxt 0] Action intgtpdestination311
[15:48:36.360] [bmv2] [T] [thread 358] [75.0] [cxt 0] int-gtp-destination.p4(311) Primitive meta.switch_id = 3
[15:48:36.360] [bmv2] [T] [thread 358] [75.0] [cxt 0] int-gtp-destination.p4(313) Condition "hdr.ethernet.isValid()" (node_3) is true
[15:48:36.360] [bmv2] [T] [thread 358] [75.0] [cxt 0] int-gtp-destination.p4(314) Condition "hdr.int_shim.isValid()" (node_4) is true
[15:48:36.360] [bmv2] [T] [thread 358] [75.0] [cxt 0] int-gtp-destination.p4(316) Condition "hdr.int_header.remaining_hop_cnt > 0" (node_5) is true
[15:48:36.360] [bmv2] [T] [thread 358] [75.0] [cxt 0] Applying table 'tbl_intgtpdestination317'
[15:48:36.360] [bmv2] [D] [thread 358] [75.0] [cxt 0] Looking up key:

[15:48:36.360] [bmv2] [D] [thread 358] [75.0] [cxt 0] Table 'tbl_intgtpdestination317': miss
[15:48:36.360] [bmv2] [D] [thread 358] [75.0] [cxt 0] Action entry is intgtpdestination317 -
[15:48:36.360] [bmv2] [T] [thread 358] [75.0] [cxt 0] Action intgtpdestination317
[15:48:36.360] [bmv2] [T] [thread 358] [75.0] [cxt 0] int-gtp-destination.p4(317) Primitive hdr.int_md[2].setValid()
[15:48:36.360] [bmv2] [T] [thread 358] [75.0] [cxt 0] int-gtp-destination.p4(318) Primitive hdr.int_md[2].padding_switch = 0
[15:48:36.360] [bmv2] [T] [thread 358] [75.0] [cxt 0] int-gtp-destination.p4(319) Primitive hdr.int_md[2].switch_id = (bit<16>)meta.switch_id
[15:48:36.360] [bmv2] [T] [thread 358] [75.0] [cxt 0] int-gtp-destination.p4(320) Primitive hdr.int_md[2].ingress_port_id = (bit<16>)meta.ingress_port
[15:48:36.360] [bmv2] [T] [thread 358] [75.0] [cxt 0] int-gtp-destination.p4(321) Primitive hdr.int_md[2].ingress_timestamp = meta.ingress_ts
[15:48:36.360] [bmv2] [T] [thread 358] [75.0] [cxt 0] int-gtp-destination.p4(322) Primitive hdr.int_md[2].egress_port_id = 0
[15:48:36.360] [bmv2] [T] [thread 358] [75.0] [cxt 0] int-gtp-destination.p4(323) Primitive hdr.int_md[2].hop_latency = 0
[15:48:36.360] [bmv2] [T] [thread 358] [75.0] [cxt 0] int-gtp-destination.p4(324) Primitive hdr.int_md[2].egress_timestamp = 0
[15:48:36.360] [bmv2] [T] [thread 358] [75.0] [cxt 0] int-gtp-destination.p4(325) Primitive hdr.int_md[2].queue_occupancy = 0
[15:48:36.360] [bmv2] [T] [thread 358] [75.0] [cxt 0] int-gtp-destination.p4(326) Primitive hdr.int_md[2].congestion_notification = 0
[15:48:36.360] [bmv2] [T] [thread 358] [75.0] [cxt 0] int-gtp-destination.p4(327) Primitive hdr.int_md[2].reserved1 = 0
[15:48:36.360] [bmv2] [T] [thread 358] [75.0] [cxt 0] int-gtp-destination.p4(328) Primitive hdr.int_md[2].reserved2 = 0
[15:48:36.360] [bmv2] [T] [thread 358] [75.0] [cxt 0] int-gtp-destination.p4(330) Primitive hdr.int_header.remaining_hop_cnt = hdr.int_header.remaining_hop_cnt - 1
[15:48:36.360] [bmv2] [T] [thread 358] [75.0] [cxt 0] int-gtp-destination.p4(331) Primitive hdr.int_shim.length = hdr.int_shim.length + 32
[15:48:36.360] [bmv2] [T] [thread 358] [75.0] [cxt 0] Applying table 'MyIngress.int_sink_table'
[15:48:36.360] [bmv2] [D] [thread 358] [75.0] [cxt 0] Looking up key:
* hdr.int_shim.$valid$: 01

[15:48:36.360] [bmv2] [D] [thread 358] [75.0] [cxt 0] Table 'MyIngress.int_sink_table': hit with handle 0
[15:48:36.360] [bmv2] [D] [thread 358] [75.0] [cxt 0] Dumping entry 0
Match key:
* hdr.int_shim.$valid$: EXACT     01
Action entry: MyIngress.int_sink_action -

[15:48:36.360] [bmv2] [D] [thread 358] [75.0] [cxt 0] Action entry is MyIngress.int_sink_action -
[15:48:36.360] [bmv2] [T] [thread 358] [75.0] [cxt 0] Action MyIngress.int_sink_action
[15:48:36.360] [bmv2] [T] [thread 358] [75.0] [cxt 0] int-gtp-destination.p4(278) Primitive meta.clone_port = 9
[15:48:36.360] [bmv2] [T] [thread 358] [75.0] [cxt 0] int-gtp-destination.p4(279) Primitive clone_preserving_field_list(CloneType.I2E, 99, 99)
[15:48:36.360] [bmv2] [T] [thread 358] [75.0] [cxt 0] int-gtp-destination.p4(339) Condition "hdr.ipv4_inner.isValid()" (node_8) is true
[15:48:36.360] [bmv2] [T] [thread 358] [75.0] [cxt 0] Applying table 'MyIngress.ipv4_lpm'
[15:48:36.360] [bmv2] [D] [thread 358] [75.0] [cxt 0] Looking up key:
* hdr.ipv4_inner.dstAddr: ac120018

[15:48:36.360] [bmv2] [D] [thread 358] [75.0] [cxt 0] Table 'MyIngress.ipv4_lpm': hit with handle 1
[15:48:36.360] [bmv2] [D] [thread 358] [75.0] [cxt 0] Dumping entry 1
Match key:
* hdr.ipv4_inner.dstAddr: LPM       ac120018/32
Action entry: MyIngress.forward_action - 1,

[15:48:36.360] [bmv2] [D] [thread 358] [75.0] [cxt 0] Action entry is MyIngress.forward_action - 1,
[15:48:36.360] [bmv2] [T] [thread 358] [75.0] [cxt 0] Action MyIngress.forward_action
[15:48:36.360] [bmv2] [T] [thread 358] [75.0] [cxt 0] int-gtp-destination.p4(283) Primitive standard_metadata.egress_spec = egress_port
[15:48:36.360] [bmv2] [D] [thread 358] [75.0] [cxt 0] Pipeline 'ingress': end
[15:48:36.360] [bmv2] [D] [thread 358] [75.0] [cxt 0] Cloning packet at ingress
[15:48:36.360] [bmv2] [D] [thread 358] [75.1] [cxt 0] Parser 'parser': start
[15:48:36.360] [bmv2] [D] [thread 358] [75.1] [cxt 0] Parser 'parser' entering state 'start'
[15:48:36.360] [bmv2] [D] [thread 358] [75.1] [cxt 0] Extracting header 'ethernet'
[15:48:36.360] [bmv2] [D] [thread 358] [75.1] [cxt 0] Parser set: setting field 'scalars.metadata.ingress_port' from field 'standard_metadata.ingress_port' (2)
[15:48:36.360] [bmv2] [D] [thread 358] [75.1] [cxt 0] Parser set: setting field 'scalars.metadata.ingress_ts' from expression, new value is 0
[15:48:36.360] [bmv2] [D] [thread 358] [75.1] [cxt 0] Parser set: setting field 'scalars.metadata.md_blocks_extracted' to 0
[15:48:36.360] [bmv2] [D] [thread 358] [75.1] [cxt 0] Parser set: setting field 'scalars.metadata.is_int_packet' to 0
[15:48:36.360] [bmv2] [D] [thread 358] [75.1] [cxt 0] Parser state 'start': key is 00fa
[15:48:36.360] [bmv2] [T] [thread 358] [75.1] [cxt 0] Bytes parsed: 14
[15:48:36.360] [bmv2] [D] [thread 358] [75.1] [cxt 0] Parser 'parser' entering state 'parse_int_shim'
[15:48:36.360] [bmv2] [D] [thread 358] [75.1] [cxt 0] Extracting header 'int_shim'
[15:48:36.360] [bmv2] [D] [thread 358] [75.1] [cxt 0] Parser set: setting field 'scalars.metadata.is_int_packet' to 1
[15:48:36.360] [bmv2] [D] [thread 358] [75.1] [cxt 0] Extracting header 'int_header'
[15:48:36.360] [bmv2] [D] [thread 358] [75.1] [cxt 0] Parser set: setting field 'scalars.metadata.md_blocks_extracted' from expression, new value is 251
[15:48:36.360] [bmv2] [D] [thread 358] [75.1] [cxt 0] Extracting header 'int_md[0]'
[15:48:36.360] [bmv2] [D] [thread 358] [75.1] [cxt 0] Extracting header 'int_md[1]'
[15:48:36.360] [bmv2] [D] [thread 358] [75.1] [cxt 0] Parser state 'parse_int_shim': key is 0800
[15:48:36.360] [bmv2] [T] [thread 358] [75.1] [cxt 0] Bytes parsed: 83
[15:48:36.360] [bmv2] [D] [thread 358] [75.1] [cxt 0] Parser 'parser' entering state 'parse_encapsulated_ipv4'
[15:48:36.360] [bmv2] [D] [thread 358] [75.1] [cxt 0] Extracting header 'ipv4_inner'
[15:48:36.360] [bmv2] [D] [thread 358] [75.1] [cxt 0] Parser state 'parse_encapsulated_ipv4': key is 11
[15:48:36.360] [bmv2] [T] [thread 358] [75.1] [cxt 0] Bytes parsed: 103
[15:48:36.360] [bmv2] [D] [thread 358] [75.1] [cxt 0] Parser 'parser' entering state 'parse_encapsulated_udp'
[15:48:36.360] [bmv2] [D] [thread 358] [75.1] [cxt 0] Extracting header 'udp'
[15:48:36.360] [bmv2] [D] [thread 358] [75.1] [cxt 0] Parser set: setting field 'scalars.tmp_0' from expression, new value is 1
[15:48:36.360] [bmv2] [D] [thread 358] [75.1] [cxt 0] Parser state 'parse_encapsulated_udp': key is 01
[15:48:36.360] [bmv2] [T] [thread 358] [75.1] [cxt 0] Bytes parsed: 111
[15:48:36.360] [bmv2] [D] [thread 358] [75.1] [cxt 0] Parser 'parser' entering state 'parse_encapsulated_gtp_u'
[15:48:36.360] [bmv2] [D] [thread 358] [75.1] [cxt 0] Extracting header 'gtp_u'
[15:48:36.360] [bmv2] [D] [thread 358] [75.1] [cxt 0] Parser state 'parse_encapsulated_gtp_u' has no switch, going to default next state
[15:48:36.360] [bmv2] [T] [thread 358] [75.1] [cxt 0] Bytes parsed: 119
[15:48:36.360] [bmv2] [D] [thread 358] [75.1] [cxt 0] Parser 'parser': end
[15:48:36.360] [bmv2] [D] [thread 358] [75.0] [cxt 0] Cloning packet to egress port 9
[15:48:36.360] [bmv2] [D] [thread 358] [75.0] [cxt 0] Egress port is 1
[15:48:36.361] [bmv2] [D] [thread 360] [75.1] [cxt 0] Pipeline 'egress': start
[15:48:36.361] [bmv2] [T] [thread 360] [75.1] [cxt 0] int-gtp-destination.p4(402) Condition "hdr.int_shim.isValid()" (node_12) is true
[15:48:36.361] [bmv2] [T] [thread 360] [75.1] [cxt 0] Applying table 'tbl_update_int_metadata'
[15:48:36.361] [bmv2] [D] [thread 360] [75.1] [cxt 0] Looking up key:

[15:48:36.361] [bmv2] [D] [thread 360] [75.1] [cxt 0] Table 'tbl_update_int_metadata': miss
[15:48:36.361] [bmv2] [D] [thread 360] [75.1] [cxt 0] Action entry is MyEgress.update_int_metadata -
[15:48:36.361] [bmv2] [T] [thread 360] [75.1] [cxt 0] Action MyEgress.update_int_metadata
[15:48:36.361] [bmv2] [T] [thread 360] [75.1] [cxt 0] int-gtp-destination.p4(352) Primitive if
[15:48:36.361] [bmv2] [T] [thread 360] [75.1] [cxt 0] int-gtp-destination.p4(353) Primitive hdr.int_md[2].setValid()
[15:48:36.361] [bmv2] [T] [thread 360] [75.1] [cxt 0] int-gtp-destination.p4(354) Primitive hdr.int_md[2].padding_switch = 0
[15:48:36.361] [bmv2] [T] [thread 360] [75.1] [cxt 0] int-gtp-destination.p4(355) Primitive hdr.int_md[2].switch_id = (bit<16>)meta.switch_id
[15:48:36.361] [bmv2] [T] [thread 360] [75.1] [cxt 0] int-gtp-destination.p4(356) Primitive hdr.int_md[2].ingress_port_id = (bit<16>)meta.ingress_port
[15:48:36.361] [bmv2] [T] [thread 360] [75.1] [cxt 0] int-gtp-destination.p4(357) Primitive hdr.int_md[2].ingress_timestamp = meta.ingress_ts
[15:48:36.361] [bmv2] [T] [thread 360] [75.1] [cxt 0] int-gtp-destination.p4(362) Primitive hdr.int_md[2].congestion_notification = 0
[15:48:36.361] [bmv2] [T] [thread 360] [75.1] [cxt 0] int-gtp-destination.p4(363) Primitive hdr.int_md[2].reserved1 = 0
[15:48:36.361] [bmv2] [T] [thread 360] [75.1] [cxt 0] int-gtp-destination.p4(364) Primitive hdr.int_md[2].reserved2 = 0
[15:48:36.361] [bmv2] [T] [thread 360] [75.1] [cxt 0] int-gtp-destination.p4(368) Primitive hdr.int_md[2].egress_port_id = (bit<16>)standard_metadata.egress_port
[15:48:36.361] [bmv2] [T] [thread 360] [75.1] [cxt 0] int-gtp-destination.p4(369) Primitive hdr.int_md[2].egress_timestamp = (bit<32>)standard_metadata.egress_global_timestamp
[15:48:36.361] [bmv2] [T] [thread 360] [75.1] [cxt 0] int-gtp-destination.p4(370) Primitive hdr.int_md[2].hop_latency = hdr.int_md[2].egress_timestamp - hdr.int_md[2].ingress_timestamp
[15:48:36.361] [bmv2] [T] [thread 360] [75.1] [cxt 0] int-gtp-destination.p4(371) Primitive hdr.int_md[2].queue_occupancy = (bit<32>)standard_metadata.enq_qdepth
[15:48:36.361] [bmv2] [T] [thread 360] [75.1] [cxt 0] int-gtp-destination.p4(408) Condition "standard_metadata.instance_type == 1 || standard_metadata.egress_port == 9" (node_14) is true
[15:48:36.361] [bmv2] [D] [thread 360] [75.1] [cxt 0] Pipeline 'egress': end
[15:48:36.361] [bmv2] [D] [thread 360] [75.1] [cxt 0] Deparser 'deparser': start
[15:48:36.361] [bmv2] [D] [thread 360] [75.1] [cxt 0] Deparsing header 'ethernet'
[15:48:36.361] [bmv2] [D] [thread 360] [75.1] [cxt 0] Deparsing header 'int_shim'
[15:48:36.361] [bmv2] [D] [thread 360] [75.1] [cxt 0] Deparsing header 'int_header'
[15:48:36.361] [bmv2] [D] [thread 360] [75.1] [cxt 0] Deparsing header 'int_md[0]'
[15:48:36.361] [bmv2] [D] [thread 360] [75.1] [cxt 0] Deparsing header 'int_md[1]'
[15:48:36.361] [bmv2] [D] [thread 360] [75.1] [cxt 0] Deparsing header 'int_md[2]'
[15:48:36.361] [bmv2] [D] [thread 360] [75.1] [cxt 0] Deparsing header 'ipv4_inner'
[15:48:36.361] [bmv2] [D] [thread 360] [75.1] [cxt 0] Deparsing header 'udp'
[15:48:36.361] [bmv2] [D] [thread 360] [75.1] [cxt 0] Deparsing header 'gtp_u'
[15:48:36.361] [bmv2] [D] [thread 360] [75.1] [cxt 0] Deparser 'deparser': end
[15:48:36.361] [bmv2] [D] [thread 360] [75.0] [cxt 0] Pipeline 'egress': start
[15:48:36.361] [bmv2] [T] [thread 360] [75.0] [cxt 0] int-gtp-destination.p4(402) Condition "hdr.int_shim.isValid()" (node_12) is true
[15:48:36.361] [bmv2] [T] [thread 360] [75.0] [cxt 0] Applying table 'tbl_update_int_metadata'
[15:48:36.361] [bmv2] [D] [thread 360] [75.0] [cxt 0] Looking up key:

[15:48:36.361] [bmv2] [D] [thread 360] [75.0] [cxt 0] Table 'tbl_update_int_metadata': miss
[15:48:36.361] [bmv2] [D] [thread 363] [75.1] [cxt 0] Transmitting packet of size 239 out of port 9
[15:48:36.361] [bmv2] [D] [thread 360] [75.0] [cxt 0] Action entry is MyEgress.update_int_metadata -
[15:48:36.361] [bmv2] [T] [thread 360] [75.0] [cxt 0] Action MyEgress.update_int_metadata
[15:48:36.361] [bmv2] [T] [thread 360] [75.0] [cxt 0] int-gtp-destination.p4(352) Primitive if
[15:48:36.361] [bmv2] [T] [thread 360] [75.0] [cxt 0] int-gtp-destination.p4(352) Primitive if
[15:48:36.361] [bmv2] [T] [thread 360] [75.0] [cxt 0] int-gtp-destination.p4(368) Primitive hdr.int_md[2].egress_port_id = (bit<16>)standard_metadata.egress_port
[15:48:36.361] [bmv2] [T] [thread 360] [75.0] [cxt 0] int-gtp-destination.p4(369) Primitive hdr.int_md[2].egress_timestamp = (bit<32>)standard_metadata.egress_global_timestamp
[15:48:36.361] [bmv2] [T] [thread 360] [75.0] [cxt 0] int-gtp-destination.p4(370) Primitive hdr.int_md[2].hop_latency = hdr.int_md[2].egress_timestamp - hdr.int_md[2].ingress_timestamp
[15:48:36.361] [bmv2] [T] [thread 360] [75.0] [cxt 0] int-gtp-destination.p4(371) Primitive hdr.int_md[2].queue_occupancy = (bit<32>)standard_metadata.enq_qdepth
[15:48:36.361] [bmv2] [T] [thread 360] [75.0] [cxt 0] int-gtp-destination.p4(408) Condition "standard_metadata.instance_type == 1 || standard_metadata.egress_port == 9" (node_14) is false
[15:48:36.361] [bmv2] [T] [thread 360] [75.0] [cxt 0] Applying table 'MyEgress.egress_control'
[15:48:36.361] [bmv2] [D] [thread 360] [75.0] [cxt 0] Looking up key:
* standard_metadata.egress_port: 0001

[15:48:36.361] [bmv2] [D] [thread 360] [75.0] [cxt 0] Table 'MyEgress.egress_control': hit with handle 0
[15:48:36.361] [bmv2] [D] [thread 360] [75.0] [cxt 0] Dumping entry 0
Match key:
* standard_metadata.egress_port: EXACT     0001
Action entry: MyEgress.strip_int_headers -

[15:48:36.361] [bmv2] [D] [thread 360] [75.0] [cxt 0] Action entry is MyEgress.strip_int_headers -
[15:48:36.361] [bmv2] [T] [thread 360] [75.0] [cxt 0] Action MyEgress.strip_int_headers
[15:48:36.361] [bmv2] [T] [thread 360] [75.0] [cxt 0] int-gtp-destination.p4(375) Primitive hdr.ethernet.etherType = hdr.int_shim.next_proto
[15:48:36.361] [bmv2] [T] [thread 360] [75.0] [cxt 0] int-gtp-destination.p4(376) Primitive hdr.int_shim.setInvalid()
[15:48:36.361] [bmv2] [T] [thread 360] [75.0] [cxt 0] int-gtp-destination.p4(377) Primitive hdr.int_header.setInvalid()
[15:48:36.361] [bmv2] [T] [thread 360] [75.0] [cxt 0] int-gtp-destination.p4(379) Primitive hdr.int_md[0].setInvalid()
[15:48:36.361] [bmv2] [T] [thread 360] [75.0] [cxt 0] int-gtp-destination.p4(380) Primitive hdr.int_md[1].setInvalid()
[15:48:36.361] [bmv2] [T] [thread 360] [75.0] [cxt 0] int-gtp-destination.p4(381) Primitive hdr.int_md[2].setInvalid()
[15:48:36.361] [bmv2] [T] [thread 360] [75.0] [cxt 0] int-gtp-destination.p4(382) Primitive hdr.int_md[3].setInvalid()
[15:48:36.361] [bmv2] [T] [thread 360] [75.0] [cxt 0] int-gtp-destination.p4(383) Primitive hdr.int_md[4].setInvalid()
[15:48:36.361] [bmv2] [T] [thread 360] [75.0] [cxt 0] int-gtp-destination.p4(384) Primitive hdr.int_md[5].setInvalid()
[15:48:36.361] [bmv2] [T] [thread 360] [75.0] [cxt 0] int-gtp-destination.p4(385) Primitive hdr.int_md[6].setInvalid()
[15:48:36.361] [bmv2] [T] [thread 360] [75.0] [cxt 0] int-gtp-destination.p4(386) Primitive hdr.int_md[7].setInvalid()
[15:48:36.361] [bmv2] [D] [thread 360] [75.0] [cxt 0] Pipeline 'egress': end
[15:48:36.361] [bmv2] [D] [thread 360] [75.0] [cxt 0] Deparser 'deparser': start
[15:48:36.361] [bmv2] [D] [thread 360] [75.0] [cxt 0] Deparsing header 'ethernet'
[15:48:36.361] [bmv2] [D] [thread 360] [75.0] [cxt 0] Deparsing header 'ipv4_inner'
[15:48:36.361] [bmv2] [D] [thread 360] [75.0] [cxt 0] Deparsing header 'udp'
[15:48:36.362] [bmv2] [D] [thread 360] [75.0] [cxt 0] Deparsing header 'gtp_u'
[15:48:36.362] [bmv2] [D] [thread 360] [75.0] [cxt 0] Deparser 'deparser': end
[15:48:36.362] [bmv2] [D] [thread 363] [75.0] [cxt 0] Transmitting packet of size 142 out of port 1
[15:48:36.394] [bmv2] [D] [thread 358] [76.0] [cxt 0] Processing packet received on port 1
[15:48:36.394] [bmv2] [D] [thread 358] [76.0] [cxt 0] Parser 'parser': start
[15:48:36.394] [bmv2] [D] [thread 358] [76.0] [cxt 0] Parser 'parser' entering state 'start'
[15:48:36.394] [bmv2] [D] [thread 358] [76.0] [cxt 0] Extracting header 'ethernet'
[15:48:36.394] [bmv2] [D] [thread 358] [76.0] [cxt 0] Parser set: setting field 'scalars.metadata.ingress_port' from field 'standard_metadata.ingress_port' (1)
[15:48:36.394] [bmv2] [D] [thread 358] [76.0] [cxt 0] Parser set: setting field 'scalars.metadata.ingress_ts' from expression, new value is 196862709
[15:48:36.394] [bmv2] [D] [thread 358] [76.0] [cxt 0] Parser set: setting field 'scalars.metadata.md_blocks_extracted' to 0
[15:48:36.394] [bmv2] [D] [thread 358] [76.0] [cxt 0] Parser set: setting field 'scalars.metadata.is_int_packet' to 0
[15:48:36.394] [bmv2] [D] [thread 358] [76.0] [cxt 0] Parser state 'start': key is 0800
[15:48:36.394] [bmv2] [T] [thread 358] [76.0] [cxt 0] Bytes parsed: 14
[15:48:36.394] [bmv2] [D] [thread 358] [76.0] [cxt 0] Parser 'parser' entering state 'parse_ipv4'
[15:48:36.394] [bmv2] [D] [thread 358] [76.0] [cxt 0] Extracting header 'ipv4_inner'
[15:48:36.394] [bmv2] [D] [thread 358] [76.0] [cxt 0] Parser state 'parse_ipv4': key is 11
[15:48:36.394] [bmv2] [T] [thread 358] [76.0] [cxt 0] Bytes parsed: 34
[15:48:36.394] [bmv2] [D] [thread 358] [76.0] [cxt 0] Parser 'parser' entering state 'parse_udp'
[15:48:36.394] [bmv2] [D] [thread 358] [76.0] [cxt 0] Extracting header 'udp'
[15:48:36.394] [bmv2] [D] [thread 358] [76.0] [cxt 0] Parser set: setting field 'scalars.tmp' from expression, new value is 1
[15:48:36.394] [bmv2] [D] [thread 358] [76.0] [cxt 0] Parser state 'parse_udp': key is 01
[15:48:36.394] [bmv2] [T] [thread 358] [76.0] [cxt 0] Bytes parsed: 42
[15:48:36.394] [bmv2] [D] [thread 358] [76.0] [cxt 0] Parser 'parser' entering state 'parse_gtp_u'
[15:48:36.394] [bmv2] [D] [thread 358] [76.0] [cxt 0] Extracting header 'gtp_u'
[15:48:36.394] [bmv2] [D] [thread 358] [76.0] [cxt 0] Parser state 'parse_gtp_u' has no switch, going to default next state
[15:48:36.394] [bmv2] [T] [thread 358] [76.0] [cxt 0] Bytes parsed: 50
[15:48:36.394] [bmv2] [D] [thread 358] [76.0] [cxt 0] Parser 'parser': end
[15:48:36.394] [bmv2] [D] [thread 358] [76.0] [cxt 0] Pipeline 'ingress': start
[15:48:36.394] [bmv2] [T] [thread 358] [76.0] [cxt 0] Applying table 'tbl_intgtpdestination311'
[15:48:36.394] [bmv2] [D] [thread 358] [76.0] [cxt 0] Looking up key:

[15:48:36.394] [bmv2] [D] [thread 358] [76.0] [cxt 0] Table 'tbl_intgtpdestination311': miss
[15:48:36.394] [bmv2] [D] [thread 358] [76.0] [cxt 0] Action entry is intgtpdestination311 -
[15:48:36.394] [bmv2] [T] [thread 358] [76.0] [cxt 0] Action intgtpdestination311
[15:48:36.394] [bmv2] [T] [thread 358] [76.0] [cxt 0] int-gtp-destination.p4(311) Primitive meta.switch_id = 3
[15:48:36.394] [bmv2] [T] [thread 358] [76.0] [cxt 0] int-gtp-destination.p4(313) Condition "hdr.ethernet.isValid()" (node_3) is true
[15:48:36.394] [bmv2] [T] [thread 358] [76.0] [cxt 0] int-gtp-destination.p4(314) Condition "hdr.int_shim.isValid()" (node_4) is false
[15:48:36.394] [bmv2] [T] [thread 358] [76.0] [cxt 0] int-gtp-destination.p4(339) Condition "hdr.ipv4_inner.isValid()" (node_8) is true
[15:48:36.394] [bmv2] [T] [thread 358] [76.0] [cxt 0] Applying table 'MyIngress.ipv4_lpm'
[15:48:36.394] [bmv2] [D] [thread 358] [76.0] [cxt 0] Looking up key:
* hdr.ipv4_inner.dstAddr: ac120a03

[15:48:36.394] [bmv2] [D] [thread 358] [76.0] [cxt 0] Table 'MyIngress.ipv4_lpm': hit with handle 2
[15:48:36.394] [bmv2] [D] [thread 358] [76.0] [cxt 0] Dumping entry 2
Match key:
* hdr.ipv4_inner.dstAddr: LPM       ac120a03/32
Action entry: MyIngress.forward_action - 2,

[15:48:36.394] [bmv2] [D] [thread 358] [76.0] [cxt 0] Action entry is MyIngress.forward_action - 2,
[15:48:36.394] [bmv2] [T] [thread 358] [76.0] [cxt 0] Action MyIngress.forward_action
[15:48:36.394] [bmv2] [T] [thread 358] [76.0] [cxt 0] int-gtp-destination.p4(283) Primitive standard_metadata.egress_spec = egress_port
[15:48:36.394] [bmv2] [D] [thread 358] [76.0] [cxt 0] Pipeline 'ingress': end
[15:48:36.394] [bmv2] [D] [thread 358] [76.0] [cxt 0] Egress port is 2
[15:48:36.394] [bmv2] [D] [thread 361] [76.0] [cxt 0] Pipeline 'egress': start
[15:48:36.395] [bmv2] [T] [thread 361] [76.0] [cxt 0] int-gtp-destination.p4(402) Condition "hdr.int_shim.isValid()" (node_12) is false
[15:48:36.395] [bmv2] [D] [thread 361] [76.0] [cxt 0] Pipeline 'egress': end
[15:48:36.395] [bmv2] [D] [thread 361] [76.0] [cxt 0] Deparser 'deparser': start
[15:48:36.395] [bmv2] [D] [thread 361] [76.0] [cxt 0] Deparsing header 'ethernet'
[15:48:36.395] [bmv2] [D] [thread 361] [76.0] [cxt 0] Deparsing header 'ipv4_inner'
[15:48:36.395] [bmv2] [D] [thread 361] [76.0] [cxt 0] Deparsing header 'udp'
[15:48:36.395] [bmv2] [D] [thread 361] [76.0] [cxt 0] Deparsing header 'gtp_u'
[15:48:36.395] [bmv2] [D] [thread 361] [76.0] [cxt 0] Deparser 'deparser': end
[15:48:36.395] [bmv2] [D] [thread 363] [76.0] [cxt 0] Transmitting packet of size 142 out of port 2
[15:48:37.380] [bmv2] [D] [thread 358] [77.0] [cxt 0] Processing packet received on port 2
[15:48:37.380] [bmv2] [D] [thread 358] [77.0] [cxt 0] Parser 'parser': start
[15:48:37.380] [bmv2] [D] [thread 358] [77.0] [cxt 0] Parser 'parser' entering state 'start'
[15:48:37.380] [bmv2] [D] [thread 358] [77.0] [cxt 0] Extracting header 'ethernet'
[15:48:37.380] [bmv2] [D] [thread 358] [77.0] [cxt 0] Parser set: setting field 'scalars.metadata.ingress_port' from field 'standard_metadata.ingress_port' (2)
[15:48:37.380] [bmv2] [D] [thread 358] [77.0] [cxt 0] Parser set: setting field 'scalars.metadata.ingress_ts' from expression, new value is 197849026
[15:48:37.380] [bmv2] [D] [thread 358] [77.0] [cxt 0] Parser set: setting field 'scalars.metadata.md_blocks_extracted' to 0
[15:48:37.380] [bmv2] [D] [thread 358] [77.0] [cxt 0] Parser set: setting field 'scalars.metadata.is_int_packet' to 0
[15:48:37.380] [bmv2] [D] [thread 358] [77.0] [cxt 0] Parser state 'start': key is 00fa
[15:48:37.380] [bmv2] [T] [thread 358] [77.0] [cxt 0] Bytes parsed: 14
[15:48:37.380] [bmv2] [D] [thread 358] [77.0] [cxt 0] Parser 'parser' entering state 'parse_int_shim'
[15:48:37.380] [bmv2] [D] [thread 358] [77.0] [cxt 0] Extracting header 'int_shim'
[15:48:37.380] [bmv2] [D] [thread 358] [77.0] [cxt 0] Parser set: setting field 'scalars.metadata.is_int_packet' to 1
[15:48:37.380] [bmv2] [D] [thread 358] [77.0] [cxt 0] Extracting header 'int_header'
[15:48:37.380] [bmv2] [D] [thread 358] [77.0] [cxt 0] Parser set: setting field 'scalars.metadata.md_blocks_extracted' from expression, new value is 251
[15:48:37.380] [bmv2] [D] [thread 358] [77.0] [cxt 0] Extracting header 'int_md[0]'
[15:48:37.380] [bmv2] [D] [thread 358] [77.0] [cxt 0] Extracting header 'int_md[1]'
[15:48:37.380] [bmv2] [D] [thread 358] [77.0] [cxt 0] Parser state 'parse_int_shim': key is 0800
[15:48:37.380] [bmv2] [T] [thread 358] [77.0] [cxt 0] Bytes parsed: 83
[15:48:37.380] [bmv2] [D] [thread 358] [77.0] [cxt 0] Parser 'parser' entering state 'parse_encapsulated_ipv4'
[15:48:37.380] [bmv2] [D] [thread 358] [77.0] [cxt 0] Extracting header 'ipv4_inner'
[15:48:37.380] [bmv2] [D] [thread 358] [77.0] [cxt 0] Parser state 'parse_encapsulated_ipv4': key is 11
[15:48:37.380] [bmv2] [T] [thread 358] [77.0] [cxt 0] Bytes parsed: 103
[15:48:37.380] [bmv2] [D] [thread 358] [77.0] [cxt 0] Parser 'parser' entering state 'parse_encapsulated_udp'
[15:48:37.380] [bmv2] [D] [thread 358] [77.0] [cxt 0] Extracting header 'udp'
[15:48:37.380] [bmv2] [D] [thread 358] [77.0] [cxt 0] Parser set: setting field 'scalars.tmp_0' from expression, new value is 1
[15:48:37.380] [bmv2] [D] [thread 358] [77.0] [cxt 0] Parser state 'parse_encapsulated_udp': key is 01
[15:48:37.380] [bmv2] [T] [thread 358] [77.0] [cxt 0] Bytes parsed: 111
[15:48:37.380] [bmv2] [D] [thread 358] [77.0] [cxt 0] Parser 'parser' entering state 'parse_encapsulated_gtp_u'
[15:48:37.380] [bmv2] [D] [thread 358] [77.0] [cxt 0] Extracting header 'gtp_u'
[15:48:37.380] [bmv2] [D] [thread 358] [77.0] [cxt 0] Parser state 'parse_encapsulated_gtp_u' has no switch, going to default next state
[15:48:37.380] [bmv2] [T] [thread 358] [77.0] [cxt 0] Bytes parsed: 119
[15:48:37.380] [bmv2] [D] [thread 358] [77.0] [cxt 0] Parser 'parser': end
[15:48:37.380] [bmv2] [D] [thread 358] [77.0] [cxt 0] Pipeline 'ingress': start
[15:48:37.380] [bmv2] [T] [thread 358] [77.0] [cxt 0] Applying table 'tbl_intgtpdestination311'
[15:48:37.380] [bmv2] [D] [thread 358] [77.0] [cxt 0] Looking up key:

[15:48:37.380] [bmv2] [D] [thread 358] [77.0] [cxt 0] Table 'tbl_intgtpdestination311': miss
[15:48:37.380] [bmv2] [D] [thread 358] [77.0] [cxt 0] Action entry is intgtpdestination311 -
[15:48:37.380] [bmv2] [T] [thread 358] [77.0] [cxt 0] Action intgtpdestination311
[15:48:37.380] [bmv2] [T] [thread 358] [77.0] [cxt 0] int-gtp-destination.p4(311) Primitive meta.switch_id = 3
[15:48:37.381] [bmv2] [T] [thread 358] [77.0] [cxt 0] int-gtp-destination.p4(313) Condition "hdr.ethernet.isValid()" (node_3) is true
[15:48:37.381] [bmv2] [T] [thread 358] [77.0] [cxt 0] int-gtp-destination.p4(314) Condition "hdr.int_shim.isValid()" (node_4) is true
[15:48:37.381] [bmv2] [T] [thread 358] [77.0] [cxt 0] int-gtp-destination.p4(316) Condition "hdr.int_header.remaining_hop_cnt > 0" (node_5) is true
[15:48:37.381] [bmv2] [T] [thread 358] [77.0] [cxt 0] Applying table 'tbl_intgtpdestination317'
[15:48:37.381] [bmv2] [D] [thread 358] [77.0] [cxt 0] Looking up key:

[15:48:37.381] [bmv2] [D] [thread 358] [77.0] [cxt 0] Table 'tbl_intgtpdestination317': miss
[15:48:37.381] [bmv2] [D] [thread 358] [77.0] [cxt 0] Action entry is intgtpdestination317 -
[15:48:37.381] [bmv2] [T] [thread 358] [77.0] [cxt 0] Action intgtpdestination317
[15:48:37.381] [bmv2] [T] [thread 358] [77.0] [cxt 0] int-gtp-destination.p4(317) Primitive hdr.int_md[2].setValid()
[15:48:37.381] [bmv2] [T] [thread 358] [77.0] [cxt 0] int-gtp-destination.p4(318) Primitive hdr.int_md[2].padding_switch = 0
[15:48:37.381] [bmv2] [T] [thread 358] [77.0] [cxt 0] int-gtp-destination.p4(319) Primitive hdr.int_md[2].switch_id = (bit<16>)meta.switch_id
[15:48:37.381] [bmv2] [T] [thread 358] [77.0] [cxt 0] int-gtp-destination.p4(320) Primitive hdr.int_md[2].ingress_port_id = (bit<16>)meta.ingress_port
[15:48:37.381] [bmv2] [T] [thread 358] [77.0] [cxt 0] int-gtp-destination.p4(321) Primitive hdr.int_md[2].ingress_timestamp = meta.ingress_ts
[15:48:37.381] [bmv2] [T] [thread 358] [77.0] [cxt 0] int-gtp-destination.p4(322) Primitive hdr.int_md[2].egress_port_id = 0
[15:48:37.381] [bmv2] [T] [thread 358] [77.0] [cxt 0] int-gtp-destination.p4(323) Primitive hdr.int_md[2].hop_latency = 0
[15:48:37.381] [bmv2] [T] [thread 358] [77.0] [cxt 0] int-gtp-destination.p4(324) Primitive hdr.int_md[2].egress_timestamp = 0
[15:48:37.381] [bmv2] [T] [thread 358] [77.0] [cxt 0] int-gtp-destination.p4(325) Primitive hdr.int_md[2].queue_occupancy = 0
[15:48:37.381] [bmv2] [T] [thread 358] [77.0] [cxt 0] int-gtp-destination.p4(326) Primitive hdr.int_md[2].congestion_notification = 0
[15:48:37.381] [bmv2] [T] [thread 358] [77.0] [cxt 0] int-gtp-destination.p4(327) Primitive hdr.int_md[2].reserved1 = 0
[15:48:37.381] [bmv2] [T] [thread 358] [77.0] [cxt 0] int-gtp-destination.p4(328) Primitive hdr.int_md[2].reserved2 = 0
[15:48:37.381] [bmv2] [T] [thread 358] [77.0] [cxt 0] int-gtp-destination.p4(330) Primitive hdr.int_header.remaining_hop_cnt = hdr.int_header.remaining_hop_cnt - 1
[15:48:37.381] [bmv2] [T] [thread 358] [77.0] [cxt 0] int-gtp-destination.p4(331) Primitive hdr.int_shim.length = hdr.int_shim.length + 32
[15:48:37.381] [bmv2] [T] [thread 358] [77.0] [cxt 0] Applying table 'MyIngress.int_sink_table'
[15:48:37.381] [bmv2] [D] [thread 358] [77.0] [cxt 0] Looking up key:
* hdr.int_shim.$valid$: 01

[15:48:37.381] [bmv2] [D] [thread 358] [77.0] [cxt 0] Table 'MyIngress.int_sink_table': hit with handle 0
[15:48:37.381] [bmv2] [D] [thread 358] [77.0] [cxt 0] Dumping entry 0
Match key:
* hdr.int_shim.$valid$: EXACT     01
Action entry: MyIngress.int_sink_action -

[15:48:37.381] [bmv2] [D] [thread 358] [77.0] [cxt 0] Action entry is MyIngress.int_sink_action -
[15:48:37.381] [bmv2] [T] [thread 358] [77.0] [cxt 0] Action MyIngress.int_sink_action
[15:48:37.381] [bmv2] [T] [thread 358] [77.0] [cxt 0] int-gtp-destination.p4(278) Primitive meta.clone_port = 9
[15:48:37.381] [bmv2] [T] [thread 358] [77.0] [cxt 0] int-gtp-destination.p4(279) Primitive clone_preserving_field_list(CloneType.I2E, 99, 99)
[15:48:37.381] [bmv2] [T] [thread 358] [77.0] [cxt 0] int-gtp-destination.p4(339) Condition "hdr.ipv4_inner.isValid()" (node_8) is true
[15:48:37.381] [bmv2] [T] [thread 358] [77.0] [cxt 0] Applying table 'MyIngress.ipv4_lpm'
[15:48:37.381] [bmv2] [D] [thread 358] [77.0] [cxt 0] Looking up key:
* hdr.ipv4_inner.dstAddr: ac120018

[15:48:37.381] [bmv2] [D] [thread 358] [77.0] [cxt 0] Table 'MyIngress.ipv4_lpm': hit with handle 1
[15:48:37.381] [bmv2] [D] [thread 358] [77.0] [cxt 0] Dumping entry 1
Match key:
* hdr.ipv4_inner.dstAddr: LPM       ac120018/32
Action entry: MyIngress.forward_action - 1,

[15:48:37.381] [bmv2] [D] [thread 358] [77.0] [cxt 0] Action entry is MyIngress.forward_action - 1,
[15:48:37.381] [bmv2] [T] [thread 358] [77.0] [cxt 0] Action MyIngress.forward_action
[15:48:37.381] [bmv2] [T] [thread 358] [77.0] [cxt 0] int-gtp-destination.p4(283) Primitive standard_metadata.egress_spec = egress_port
[15:48:37.381] [bmv2] [D] [thread 358] [77.0] [cxt 0] Pipeline 'ingress': end
[15:48:37.381] [bmv2] [D] [thread 358] [77.0] [cxt 0] Cloning packet at ingress
[15:48:37.381] [bmv2] [D] [thread 358] [77.1] [cxt 0] Parser 'parser': start
[15:48:37.382] [bmv2] [D] [thread 358] [77.1] [cxt 0] Parser 'parser' entering state 'start'
[15:48:37.382] [bmv2] [D] [thread 358] [77.1] [cxt 0] Extracting header 'ethernet'
[15:48:37.382] [bmv2] [D] [thread 358] [77.1] [cxt 0] Parser set: setting field 'scalars.metadata.ingress_port' from field 'standard_metadata.ingress_port' (2)
[15:48:37.382] [bmv2] [D] [thread 358] [77.1] [cxt 0] Parser set: setting field 'scalars.metadata.ingress_ts' from expression, new value is 0
[15:48:37.382] [bmv2] [D] [thread 358] [77.1] [cxt 0] Parser set: setting field 'scalars.metadata.md_blocks_extracted' to 0
[15:48:37.382] [bmv2] [D] [thread 358] [77.1] [cxt 0] Parser set: setting field 'scalars.metadata.is_int_packet' to 0
[15:48:37.382] [bmv2] [D] [thread 358] [77.1] [cxt 0] Parser state 'start': key is 00fa
[15:48:37.382] [bmv2] [T] [thread 358] [77.1] [cxt 0] Bytes parsed: 14
[15:48:37.382] [bmv2] [D] [thread 358] [77.1] [cxt 0] Parser 'parser' entering state 'parse_int_shim'
[15:48:37.382] [bmv2] [D] [thread 358] [77.1] [cxt 0] Extracting header 'int_shim'
[15:48:37.382] [bmv2] [D] [thread 358] [77.1] [cxt 0] Parser set: setting field 'scalars.metadata.is_int_packet' to 1
[15:48:37.382] [bmv2] [D] [thread 358] [77.1] [cxt 0] Extracting header 'int_header'
[15:48:37.382] [bmv2] [D] [thread 358] [77.1] [cxt 0] Parser set: setting field 'scalars.metadata.md_blocks_extracted' from expression, new value is 251
[15:48:37.382] [bmv2] [D] [thread 358] [77.1] [cxt 0] Extracting header 'int_md[0]'
[15:48:37.382] [bmv2] [D] [thread 358] [77.1] [cxt 0] Extracting header 'int_md[1]'
[15:48:37.382] [bmv2] [D] [thread 358] [77.1] [cxt 0] Parser state 'parse_int_shim': key is 0800
[15:48:37.382] [bmv2] [T] [thread 358] [77.1] [cxt 0] Bytes parsed: 83
[15:48:37.382] [bmv2] [D] [thread 358] [77.1] [cxt 0] Parser 'parser' entering state 'parse_encapsulated_ipv4'
[15:48:37.382] [bmv2] [D] [thread 358] [77.1] [cxt 0] Extracting header 'ipv4_inner'
[15:48:37.382] [bmv2] [D] [thread 358] [77.1] [cxt 0] Parser state 'parse_encapsulated_ipv4': key is 11
[15:48:37.382] [bmv2] [T] [thread 358] [77.1] [cxt 0] Bytes parsed: 103
[15:48:37.382] [bmv2] [D] [thread 358] [77.1] [cxt 0] Parser 'parser' entering state 'parse_encapsulated_udp'
[15:48:37.382] [bmv2] [D] [thread 358] [77.1] [cxt 0] Extracting header 'udp'
[15:48:37.382] [bmv2] [D] [thread 358] [77.1] [cxt 0] Parser set: setting field 'scalars.tmp_0' from expression, new value is 1
[15:48:37.382] [bmv2] [D] [thread 358] [77.1] [cxt 0] Parser state 'parse_encapsulated_udp': key is 01
[15:48:37.382] [bmv2] [T] [thread 358] [77.1] [cxt 0] Bytes parsed: 111
[15:48:37.382] [bmv2] [D] [thread 358] [77.1] [cxt 0] Parser 'parser' entering state 'parse_encapsulated_gtp_u'
[15:48:37.382] [bmv2] [D] [thread 358] [77.1] [cxt 0] Extracting header 'gtp_u'
[15:48:37.382] [bmv2] [D] [thread 358] [77.1] [cxt 0] Parser state 'parse_encapsulated_gtp_u' has no switch, going to default next state
[15:48:37.382] [bmv2] [T] [thread 358] [77.1] [cxt 0] Bytes parsed: 119
[15:48:37.382] [bmv2] [D] [thread 358] [77.1] [cxt 0] Parser 'parser': end
[15:48:37.382] [bmv2] [D] [thread 358] [77.0] [cxt 0] Cloning packet to egress port 9
[15:48:37.382] [bmv2] [D] [thread 358] [77.0] [cxt 0] Egress port is 1
[15:48:37.382] [bmv2] [D] [thread 360] [77.1] [cxt 0] Pipeline 'egress': start
[15:48:37.382] [bmv2] [T] [thread 360] [77.1] [cxt 0] int-gtp-destination.p4(402) Condition "hdr.int_shim.isValid()" (node_12) is true
[15:48:37.382] [bmv2] [T] [thread 360] [77.1] [cxt 0] Applying table 'tbl_update_int_metadata'
[15:48:37.382] [bmv2] [D] [thread 360] [77.1] [cxt 0] Looking up key:

[15:48:37.382] [bmv2] [D] [thread 360] [77.1] [cxt 0] Table 'tbl_update_int_metadata': miss
[15:48:37.382] [bmv2] [D] [thread 360] [77.1] [cxt 0] Action entry is MyEgress.update_int_metadata -
[15:48:37.382] [bmv2] [T] [thread 360] [77.1] [cxt 0] Action MyEgress.update_int_metadata
[15:48:37.382] [bmv2] [T] [thread 360] [77.1] [cxt 0] int-gtp-destination.p4(352) Primitive if
[15:48:37.382] [bmv2] [T] [thread 360] [77.1] [cxt 0] int-gtp-destination.p4(353) Primitive hdr.int_md[2].setValid()
[15:48:37.382] [bmv2] [T] [thread 360] [77.1] [cxt 0] int-gtp-destination.p4(354) Primitive hdr.int_md[2].padding_switch = 0
[15:48:37.382] [bmv2] [T] [thread 360] [77.1] [cxt 0] int-gtp-destination.p4(355) Primitive hdr.int_md[2].switch_id = (bit<16>)meta.switch_id
[15:48:37.382] [bmv2] [T] [thread 360] [77.1] [cxt 0] int-gtp-destination.p4(356) Primitive hdr.int_md[2].ingress_port_id = (bit<16>)meta.ingress_port
[15:48:37.382] [bmv2] [T] [thread 360] [77.1] [cxt 0] int-gtp-destination.p4(357) Primitive hdr.int_md[2].ingress_timestamp = meta.ingress_ts
[15:48:37.382] [bmv2] [T] [thread 360] [77.1] [cxt 0] int-gtp-destination.p4(362) Primitive hdr.int_md[2].congestion_notification = 0
[15:48:37.382] [bmv2] [T] [thread 360] [77.1] [cxt 0] int-gtp-destination.p4(363) Primitive hdr.int_md[2].reserved1 = 0
[15:48:37.382] [bmv2] [T] [thread 360] [77.1] [cxt 0] int-gtp-destination.p4(364) Primitive hdr.int_md[2].reserved2 = 0
[15:48:37.382] [bmv2] [T] [thread 360] [77.1] [cxt 0] int-gtp-destination.p4(368) Primitive hdr.int_md[2].egress_port_id = (bit<16>)standard_metadata.egress_port
[15:48:37.382] [bmv2] [T] [thread 360] [77.1] [cxt 0] int-gtp-destination.p4(369) Primitive hdr.int_md[2].egress_timestamp = (bit<32>)standard_metadata.egress_global_timestamp
[15:48:37.382] [bmv2] [T] [thread 360] [77.1] [cxt 0] int-gtp-destination.p4(370) Primitive hdr.int_md[2].hop_latency = hdr.int_md[2].egress_timestamp - hdr.int_md[2].ingress_timestamp
[15:48:37.382] [bmv2] [T] [thread 360] [77.1] [cxt 0] int-gtp-destination.p4(371) Primitive hdr.int_md[2].queue_occupancy = (bit<32>)standard_metadata.enq_qdepth
[15:48:37.382] [bmv2] [T] [thread 360] [77.1] [cxt 0] int-gtp-destination.p4(408) Condition "standard_metadata.instance_type == 1 || standard_metadata.egress_port == 9" (node_14) is true
[15:48:37.382] [bmv2] [D] [thread 360] [77.1] [cxt 0] Pipeline 'egress': end
[15:48:37.382] [bmv2] [D] [thread 360] [77.1] [cxt 0] Deparser 'deparser': start
[15:48:37.382] [bmv2] [D] [thread 360] [77.1] [cxt 0] Deparsing header 'ethernet'
[15:48:37.382] [bmv2] [D] [thread 360] [77.1] [cxt 0] Deparsing header 'int_shim'
[15:48:37.382] [bmv2] [D] [thread 360] [77.1] [cxt 0] Deparsing header 'int_header'
[15:48:37.382] [bmv2] [D] [thread 360] [77.1] [cxt 0] Deparsing header 'int_md[0]'
[15:48:37.382] [bmv2] [D] [thread 360] [77.1] [cxt 0] Deparsing header 'int_md[1]'
[15:48:37.382] [bmv2] [D] [thread 360] [77.1] [cxt 0] Deparsing header 'int_md[2]'
[15:48:37.382] [bmv2] [D] [thread 360] [77.1] [cxt 0] Deparsing header 'ipv4_inner'
[15:48:37.382] [bmv2] [D] [thread 360] [77.1] [cxt 0] Deparsing header 'udp'
[15:48:37.382] [bmv2] [D] [thread 360] [77.1] [cxt 0] Deparsing header 'gtp_u'
[15:48:37.382] [bmv2] [D] [thread 360] [77.1] [cxt 0] Deparser 'deparser': end
[15:48:37.382] [bmv2] [D] [thread 363] [77.1] [cxt 0] Transmitting packet of size 239 out of port 9
[15:48:37.383] [bmv2] [D] [thread 360] [77.0] [cxt 0] Pipeline 'egress': start
[15:48:37.383] [bmv2] [T] [thread 360] [77.0] [cxt 0] int-gtp-destination.p4(402) Condition "hdr.int_shim.isValid()" (node_12) is true
[15:48:37.383] [bmv2] [T] [thread 360] [77.0] [cxt 0] Applying table 'tbl_update_int_metadata'
[15:48:37.383] [bmv2] [D] [thread 360] [77.0] [cxt 0] Looking up key:

[15:48:37.383] [bmv2] [D] [thread 360] [77.0] [cxt 0] Table 'tbl_update_int_metadata': miss
[15:48:37.383] [bmv2] [D] [thread 360] [77.0] [cxt 0] Action entry is MyEgress.update_int_metadata -
[15:48:37.383] [bmv2] [T] [thread 360] [77.0] [cxt 0] Action MyEgress.update_int_metadata
[15:48:37.383] [bmv2] [T] [thread 360] [77.0] [cxt 0] int-gtp-destination.p4(352) Primitive if
[15:48:37.383] [bmv2] [T] [thread 360] [77.0] [cxt 0] int-gtp-destination.p4(352) Primitive if
[15:48:37.383] [bmv2] [T] [thread 360] [77.0] [cxt 0] int-gtp-destination.p4(368) Primitive hdr.int_md[2].egress_port_id = (bit<16>)standard_metadata.egress_port
[15:48:37.383] [bmv2] [T] [thread 360] [77.0] [cxt 0] int-gtp-destination.p4(369) Primitive hdr.int_md[2].egress_timestamp = (bit<32>)standard_metadata.egress_global_timestamp
[15:48:37.383] [bmv2] [T] [thread 360] [77.0] [cxt 0] int-gtp-destination.p4(370) Primitive hdr.int_md[2].hop_latency = hdr.int_md[2].egress_timestamp - hdr.int_md[2].ingress_timestamp
[15:48:37.383] [bmv2] [T] [thread 360] [77.0] [cxt 0] int-gtp-destination.p4(371) Primitive hdr.int_md[2].queue_occupancy = (bit<32>)standard_metadata.enq_qdepth
[15:48:37.383] [bmv2] [T] [thread 360] [77.0] [cxt 0] int-gtp-destination.p4(408) Condition "standard_metadata.instance_type == 1 || standard_metadata.egress_port == 9" (node_14) is false
[15:48:37.383] [bmv2] [T] [thread 360] [77.0] [cxt 0] Applying table 'MyEgress.egress_control'
[15:48:37.383] [bmv2] [D] [thread 360] [77.0] [cxt 0] Looking up key:
* standard_metadata.egress_port: 0001

[15:48:37.383] [bmv2] [D] [thread 360] [77.0] [cxt 0] Table 'MyEgress.egress_control': hit with handle 0
[15:48:37.383] [bmv2] [D] [thread 360] [77.0] [cxt 0] Dumping entry 0
Match key:
* standard_metadata.egress_port: EXACT     0001
Action entry: MyEgress.strip_int_headers -

[15:48:37.383] [bmv2] [D] [thread 360] [77.0] [cxt 0] Action entry is MyEgress.strip_int_headers -
[15:48:37.383] [bmv2] [T] [thread 360] [77.0] [cxt 0] Action MyEgress.strip_int_headers
[15:48:37.383] [bmv2] [T] [thread 360] [77.0] [cxt 0] int-gtp-destination.p4(375) Primitive hdr.ethernet.etherType = hdr.int_shim.next_proto
[15:48:37.383] [bmv2] [T] [thread 360] [77.0] [cxt 0] int-gtp-destination.p4(376) Primitive hdr.int_shim.setInvalid()
[15:48:37.383] [bmv2] [T] [thread 360] [77.0] [cxt 0] int-gtp-destination.p4(377) Primitive hdr.int_header.setInvalid()
[15:48:37.383] [bmv2] [T] [thread 360] [77.0] [cxt 0] int-gtp-destination.p4(379) Primitive hdr.int_md[0].setInvalid()
[15:48:37.383] [bmv2] [T] [thread 360] [77.0] [cxt 0] int-gtp-destination.p4(380) Primitive hdr.int_md[1].setInvalid()
[15:48:37.383] [bmv2] [T] [thread 360] [77.0] [cxt 0] int-gtp-destination.p4(381) Primitive hdr.int_md[2].setInvalid()
[15:48:37.383] [bmv2] [T] [thread 360] [77.0] [cxt 0] int-gtp-destination.p4(382) Primitive hdr.int_md[3].setInvalid()
[15:48:37.383] [bmv2] [T] [thread 360] [77.0] [cxt 0] int-gtp-destination.p4(383) Primitive hdr.int_md[4].setInvalid()
[15:48:37.383] [bmv2] [T] [thread 360] [77.0] [cxt 0] int-gtp-destination.p4(384) Primitive hdr.int_md[5].setInvalid()
[15:48:37.383] [bmv2] [T] [thread 360] [77.0] [cxt 0] int-gtp-destination.p4(385) Primitive hdr.int_md[6].setInvalid()
[15:48:37.383] [bmv2] [T] [thread 360] [77.0] [cxt 0] int-gtp-destination.p4(386) Primitive hdr.int_md[7].setInvalid()
[15:48:37.383] [bmv2] [D] [thread 360] [77.0] [cxt 0] Pipeline 'egress': end
[15:48:37.383] [bmv2] [D] [thread 360] [77.0] [cxt 0] Deparser 'deparser': start
[15:48:37.383] [bmv2] [D] [thread 360] [77.0] [cxt 0] Deparsing header 'ethernet'
[15:48:37.383] [bmv2] [D] [thread 360] [77.0] [cxt 0] Deparsing header 'ipv4_inner'
[15:48:37.383] [bmv2] [D] [thread 360] [77.0] [cxt 0] Deparsing header 'udp'
[15:48:37.383] [bmv2] [D] [thread 360] [77.0] [cxt 0] Deparsing header 'gtp_u'
[15:48:37.383] [bmv2] [D] [thread 360] [77.0] [cxt 0] Deparser 'deparser': end
[15:48:37.383] [bmv2] [D] [thread 363] [77.0] [cxt 0] Transmitting packet of size 142 out of port 1
[15:48:37.422] [bmv2] [D] [thread 358] [78.0] [cxt 0] Processing packet received on port 1
[15:48:37.422] [bmv2] [D] [thread 358] [78.0] [cxt 0] Parser 'parser': start
[15:48:37.422] [bmv2] [D] [thread 358] [78.0] [cxt 0] Parser 'parser' entering state 'start'
[15:48:37.422] [bmv2] [D] [thread 358] [78.0] [cxt 0] Extracting header 'ethernet'
[15:48:37.422] [bmv2] [D] [thread 358] [78.0] [cxt 0] Parser set: setting field 'scalars.metadata.ingress_port' from field 'standard_metadata.ingress_port' (1)
[15:48:37.422] [bmv2] [D] [thread 358] [78.0] [cxt 0] Parser set: setting field 'scalars.metadata.ingress_ts' from expression, new value is 197891172
[15:48:37.422] [bmv2] [D] [thread 358] [78.0] [cxt 0] Parser set: setting field 'scalars.metadata.md_blocks_extracted' to 0
[15:48:37.422] [bmv2] [D] [thread 358] [78.0] [cxt 0] Parser set: setting field 'scalars.metadata.is_int_packet' to 0
[15:48:37.422] [bmv2] [D] [thread 358] [78.0] [cxt 0] Parser state 'start': key is 0800
[15:48:37.422] [bmv2] [T] [thread 358] [78.0] [cxt 0] Bytes parsed: 14
[15:48:37.422] [bmv2] [D] [thread 358] [78.0] [cxt 0] Parser 'parser' entering state 'parse_ipv4'
[15:48:37.422] [bmv2] [D] [thread 358] [78.0] [cxt 0] Extracting header 'ipv4_inner'
[15:48:37.422] [bmv2] [D] [thread 358] [78.0] [cxt 0] Parser state 'parse_ipv4': key is 11
[15:48:37.422] [bmv2] [T] [thread 358] [78.0] [cxt 0] Bytes parsed: 34
[15:48:37.422] [bmv2] [D] [thread 358] [78.0] [cxt 0] Parser 'parser' entering state 'parse_udp'
[15:48:37.422] [bmv2] [D] [thread 358] [78.0] [cxt 0] Extracting header 'udp'
[15:48:37.422] [bmv2] [D] [thread 358] [78.0] [cxt 0] Parser set: setting field 'scalars.tmp' from expression, new value is 1
[15:48:37.422] [bmv2] [D] [thread 358] [78.0] [cxt 0] Parser state 'parse_udp': key is 01
[15:48:37.422] [bmv2] [T] [thread 358] [78.0] [cxt 0] Bytes parsed: 42
[15:48:37.422] [bmv2] [D] [thread 358] [78.0] [cxt 0] Parser 'parser' entering state 'parse_gtp_u'
[15:48:37.422] [bmv2] [D] [thread 358] [78.0] [cxt 0] Extracting header 'gtp_u'
[15:48:37.422] [bmv2] [D] [thread 358] [78.0] [cxt 0] Parser state 'parse_gtp_u' has no switch, going to default next state
[15:48:37.422] [bmv2] [T] [thread 358] [78.0] [cxt 0] Bytes parsed: 50
[15:48:37.422] [bmv2] [D] [thread 358] [78.0] [cxt 0] Parser 'parser': end
[15:48:37.422] [bmv2] [D] [thread 358] [78.0] [cxt 0] Pipeline 'ingress': start
[15:48:37.422] [bmv2] [T] [thread 358] [78.0] [cxt 0] Applying table 'tbl_intgtpdestination311'
[15:48:37.423] [bmv2] [D] [thread 358] [78.0] [cxt 0] Looking up key:

[15:48:37.423] [bmv2] [D] [thread 358] [78.0] [cxt 0] Table 'tbl_intgtpdestination311': miss
[15:48:37.423] [bmv2] [D] [thread 358] [78.0] [cxt 0] Action entry is intgtpdestination311 -
[15:48:37.423] [bmv2] [T] [thread 358] [78.0] [cxt 0] Action intgtpdestination311
[15:48:37.423] [bmv2] [T] [thread 358] [78.0] [cxt 0] int-gtp-destination.p4(311) Primitive meta.switch_id = 3
[15:48:37.423] [bmv2] [T] [thread 358] [78.0] [cxt 0] int-gtp-destination.p4(313) Condition "hdr.ethernet.isValid()" (node_3) is true
[15:48:37.423] [bmv2] [T] [thread 358] [78.0] [cxt 0] int-gtp-destination.p4(314) Condition "hdr.int_shim.isValid()" (node_4) is false
[15:48:37.423] [bmv2] [T] [thread 358] [78.0] [cxt 0] int-gtp-destination.p4(339) Condition "hdr.ipv4_inner.isValid()" (node_8) is true
[15:48:37.423] [bmv2] [T] [thread 358] [78.0] [cxt 0] Applying table 'MyIngress.ipv4_lpm'
[15:48:37.423] [bmv2] [D] [thread 358] [78.0] [cxt 0] Looking up key:
* hdr.ipv4_inner.dstAddr: ac120a03

[15:48:37.423] [bmv2] [D] [thread 358] [78.0] [cxt 0] Table 'MyIngress.ipv4_lpm': hit with handle 2
[15:48:37.423] [bmv2] [D] [thread 358] [78.0] [cxt 0] Dumping entry 2
Match key:
* hdr.ipv4_inner.dstAddr: LPM       ac120a03/32
Action entry: MyIngress.forward_action - 2,

[15:48:37.423] [bmv2] [D] [thread 358] [78.0] [cxt 0] Action entry is MyIngress.forward_action - 2,
[15:48:37.423] [bmv2] [T] [thread 358] [78.0] [cxt 0] Action MyIngress.forward_action
[15:48:37.423] [bmv2] [T] [thread 358] [78.0] [cxt 0] int-gtp-destination.p4(283) Primitive standard_metadata.egress_spec = egress_port
[15:48:37.423] [bmv2] [D] [thread 358] [78.0] [cxt 0] Pipeline 'ingress': end
[15:48:37.423] [bmv2] [D] [thread 358] [78.0] [cxt 0] Egress port is 2
[15:48:37.423] [bmv2] [D] [thread 361] [78.0] [cxt 0] Pipeline 'egress': start
[15:48:37.423] [bmv2] [T] [thread 361] [78.0] [cxt 0] int-gtp-destination.p4(402) Condition "hdr.int_shim.isValid()" (node_12) is false
[15:48:37.423] [bmv2] [D] [thread 361] [78.0] [cxt 0] Pipeline 'egress': end
[15:48:37.423] [bmv2] [D] [thread 361] [78.0] [cxt 0] Deparser 'deparser': start
[15:48:37.423] [bmv2] [D] [thread 361] [78.0] [cxt 0] Deparsing header 'ethernet'
[15:48:37.423] [bmv2] [D] [thread 361] [78.0] [cxt 0] Deparsing header 'ipv4_inner'
[15:48:37.423] [bmv2] [D] [thread 361] [78.0] [cxt 0] Deparsing header 'udp'
[15:48:37.423] [bmv2] [D] [thread 361] [78.0] [cxt 0] Deparsing header 'gtp_u'
[15:48:37.423] [bmv2] [D] [thread 361] [78.0] [cxt 0] Deparser 'deparser': end
[15:48:37.423] [bmv2] [D] [thread 363] [78.0] [cxt 0] Transmitting packet of size 142 out of port 2
[15:48:38.404] [bmv2] [D] [thread 358] [79.0] [cxt 0] Processing packet received on port 2
[15:48:38.404] [bmv2] [D] [thread 358] [79.0] [cxt 0] Parser 'parser': start
[15:48:38.404] [bmv2] [D] [thread 358] [79.0] [cxt 0] Parser 'parser' entering state 'start'
[15:48:38.404] [bmv2] [D] [thread 358] [79.0] [cxt 0] Extracting header 'ethernet'
[15:48:38.404] [bmv2] [D] [thread 358] [79.0] [cxt 0] Parser set: setting field 'scalars.metadata.ingress_port' from field 'standard_metadata.ingress_port' (2)
[15:48:38.404] [bmv2] [D] [thread 358] [79.0] [cxt 0] Parser set: setting field 'scalars.metadata.ingress_ts' from expression, new value is 198873468
[15:48:38.404] [bmv2] [D] [thread 358] [79.0] [cxt 0] Parser set: setting field 'scalars.metadata.md_blocks_extracted' to 0
[15:48:38.404] [bmv2] [D] [thread 358] [79.0] [cxt 0] Parser set: setting field 'scalars.metadata.is_int_packet' to 0
[15:48:38.404] [bmv2] [D] [thread 358] [79.0] [cxt 0] Parser state 'start': key is 00fa
[15:48:38.404] [bmv2] [T] [thread 358] [79.0] [cxt 0] Bytes parsed: 14
[15:48:38.404] [bmv2] [D] [thread 358] [79.0] [cxt 0] Parser 'parser' entering state 'parse_int_shim'
[15:48:38.404] [bmv2] [D] [thread 358] [79.0] [cxt 0] Extracting header 'int_shim'
[15:48:38.405] [bmv2] [D] [thread 358] [79.0] [cxt 0] Parser set: setting field 'scalars.metadata.is_int_packet' to 1
[15:48:38.405] [bmv2] [D] [thread 358] [79.0] [cxt 0] Extracting header 'int_header'
[15:48:38.405] [bmv2] [D] [thread 358] [79.0] [cxt 0] Parser set: setting field 'scalars.metadata.md_blocks_extracted' from expression, new value is 251
[15:48:38.405] [bmv2] [D] [thread 358] [79.0] [cxt 0] Extracting header 'int_md[0]'
[15:48:38.405] [bmv2] [D] [thread 358] [79.0] [cxt 0] Extracting header 'int_md[1]'
[15:48:38.405] [bmv2] [D] [thread 358] [79.0] [cxt 0] Parser state 'parse_int_shim': key is 0800
[15:48:38.405] [bmv2] [T] [thread 358] [79.0] [cxt 0] Bytes parsed: 83
[15:48:38.405] [bmv2] [D] [thread 358] [79.0] [cxt 0] Parser 'parser' entering state 'parse_encapsulated_ipv4'
[15:48:38.405] [bmv2] [D] [thread 358] [79.0] [cxt 0] Extracting header 'ipv4_inner'
[15:48:38.405] [bmv2] [D] [thread 358] [79.0] [cxt 0] Parser state 'parse_encapsulated_ipv4': key is 11
[15:48:38.405] [bmv2] [T] [thread 358] [79.0] [cxt 0] Bytes parsed: 103
[15:48:38.405] [bmv2] [D] [thread 358] [79.0] [cxt 0] Parser 'parser' entering state 'parse_encapsulated_udp'
[15:48:38.405] [bmv2] [D] [thread 358] [79.0] [cxt 0] Extracting header 'udp'
[15:48:38.405] [bmv2] [D] [thread 358] [79.0] [cxt 0] Parser set: setting field 'scalars.tmp_0' from expression, new value is 1
[15:48:38.405] [bmv2] [D] [thread 358] [79.0] [cxt 0] Parser state 'parse_encapsulated_udp': key is 01
[15:48:38.405] [bmv2] [T] [thread 358] [79.0] [cxt 0] Bytes parsed: 111
[15:48:38.405] [bmv2] [D] [thread 358] [79.0] [cxt 0] Parser 'parser' entering state 'parse_encapsulated_gtp_u'
[15:48:38.405] [bmv2] [D] [thread 358] [79.0] [cxt 0] Extracting header 'gtp_u'
[15:48:38.405] [bmv2] [D] [thread 358] [79.0] [cxt 0] Parser state 'parse_encapsulated_gtp_u' has no switch, going to default next state
[15:48:38.405] [bmv2] [T] [thread 358] [79.0] [cxt 0] Bytes parsed: 119
[15:48:38.405] [bmv2] [D] [thread 358] [79.0] [cxt 0] Parser 'parser': end
[15:48:38.405] [bmv2] [D] [thread 358] [79.0] [cxt 0] Pipeline 'ingress': start
[15:48:38.405] [bmv2] [T] [thread 358] [79.0] [cxt 0] Applying table 'tbl_intgtpdestination311'
[15:48:38.405] [bmv2] [D] [thread 358] [79.0] [cxt 0] Looking up key:

[15:48:38.405] [bmv2] [D] [thread 358] [79.0] [cxt 0] Table 'tbl_intgtpdestination311': miss
[15:48:38.405] [bmv2] [D] [thread 358] [79.0] [cxt 0] Action entry is intgtpdestination311 -
[15:48:38.405] [bmv2] [T] [thread 358] [79.0] [cxt 0] Action intgtpdestination311
[15:48:38.405] [bmv2] [T] [thread 358] [79.0] [cxt 0] int-gtp-destination.p4(311) Primitive meta.switch_id = 3
[15:48:38.405] [bmv2] [T] [thread 358] [79.0] [cxt 0] int-gtp-destination.p4(313) Condition "hdr.ethernet.isValid()" (node_3) is true
[15:48:38.405] [bmv2] [T] [thread 358] [79.0] [cxt 0] int-gtp-destination.p4(314) Condition "hdr.int_shim.isValid()" (node_4) is true
[15:48:38.405] [bmv2] [T] [thread 358] [79.0] [cxt 0] int-gtp-destination.p4(316) Condition "hdr.int_header.remaining_hop_cnt > 0" (node_5) is true
[15:48:38.405] [bmv2] [T] [thread 358] [79.0] [cxt 0] Applying table 'tbl_intgtpdestination317'
[15:48:38.405] [bmv2] [D] [thread 358] [79.0] [cxt 0] Looking up key:

[15:48:38.405] [bmv2] [D] [thread 358] [79.0] [cxt 0] Table 'tbl_intgtpdestination317': miss
[15:48:38.405] [bmv2] [D] [thread 358] [79.0] [cxt 0] Action entry is intgtpdestination317 -
[15:48:38.405] [bmv2] [T] [thread 358] [79.0] [cxt 0] Action intgtpdestination317
[15:48:38.405] [bmv2] [T] [thread 358] [79.0] [cxt 0] int-gtp-destination.p4(317) Primitive hdr.int_md[2].setValid()
[15:48:38.405] [bmv2] [T] [thread 358] [79.0] [cxt 0] int-gtp-destination.p4(318) Primitive hdr.int_md[2].padding_switch = 0
[15:48:38.405] [bmv2] [T] [thread 358] [79.0] [cxt 0] int-gtp-destination.p4(319) Primitive hdr.int_md[2].switch_id = (bit<16>)meta.switch_id
[15:48:38.405] [bmv2] [T] [thread 358] [79.0] [cxt 0] int-gtp-destination.p4(320) Primitive hdr.int_md[2].ingress_port_id = (bit<16>)meta.ingress_port
[15:48:38.405] [bmv2] [T] [thread 358] [79.0] [cxt 0] int-gtp-destination.p4(321) Primitive hdr.int_md[2].ingress_timestamp = meta.ingress_ts
[15:48:38.405] [bmv2] [T] [thread 358] [79.0] [cxt 0] int-gtp-destination.p4(322) Primitive hdr.int_md[2].egress_port_id = 0
[15:48:38.405] [bmv2] [T] [thread 358] [79.0] [cxt 0] int-gtp-destination.p4(323) Primitive hdr.int_md[2].hop_latency = 0
[15:48:38.405] [bmv2] [T] [thread 358] [79.0] [cxt 0] int-gtp-destination.p4(324) Primitive hdr.int_md[2].egress_timestamp = 0
[15:48:38.405] [bmv2] [T] [thread 358] [79.0] [cxt 0] int-gtp-destination.p4(325) Primitive hdr.int_md[2].queue_occupancy = 0
[15:48:38.405] [bmv2] [T] [thread 358] [79.0] [cxt 0] int-gtp-destination.p4(326) Primitive hdr.int_md[2].congestion_notification = 0
[15:48:38.405] [bmv2] [T] [thread 358] [79.0] [cxt 0] int-gtp-destination.p4(327) Primitive hdr.int_md[2].reserved1 = 0
[15:48:38.405] [bmv2] [T] [thread 358] [79.0] [cxt 0] int-gtp-destination.p4(328) Primitive hdr.int_md[2].reserved2 = 0
[15:48:38.405] [bmv2] [T] [thread 358] [79.0] [cxt 0] int-gtp-destination.p4(330) Primitive hdr.int_header.remaining_hop_cnt = hdr.int_header.remaining_hop_cnt - 1
[15:48:38.405] [bmv2] [T] [thread 358] [79.0] [cxt 0] int-gtp-destination.p4(331) Primitive hdr.int_shim.length = hdr.int_shim.length + 32
[15:48:38.405] [bmv2] [T] [thread 358] [79.0] [cxt 0] Applying table 'MyIngress.int_sink_table'
[15:48:38.405] [bmv2] [D] [thread 358] [79.0] [cxt 0] Looking up key:
* hdr.int_shim.$valid$: 01

[15:48:38.405] [bmv2] [D] [thread 358] [79.0] [cxt 0] Table 'MyIngress.int_sink_table': hit with handle 0
[15:48:38.405] [bmv2] [D] [thread 358] [79.0] [cxt 0] Dumping entry 0
Match key:
* hdr.int_shim.$valid$: EXACT     01
Action entry: MyIngress.int_sink_action -

[15:48:38.405] [bmv2] [D] [thread 358] [79.0] [cxt 0] Action entry is MyIngress.int_sink_action -
[15:48:38.405] [bmv2] [T] [thread 358] [79.0] [cxt 0] Action MyIngress.int_sink_action
[15:48:38.405] [bmv2] [T] [thread 358] [79.0] [cxt 0] int-gtp-destination.p4(278) Primitive meta.clone_port = 9
[15:48:38.405] [bmv2] [T] [thread 358] [79.0] [cxt 0] int-gtp-destination.p4(279) Primitive clone_preserving_field_list(CloneType.I2E, 99, 99)
[15:48:38.405] [bmv2] [T] [thread 358] [79.0] [cxt 0] int-gtp-destination.p4(339) Condition "hdr.ipv4_inner.isValid()" (node_8) is true
[15:48:38.405] [bmv2] [T] [thread 358] [79.0] [cxt 0] Applying table 'MyIngress.ipv4_lpm'
[15:48:38.405] [bmv2] [D] [thread 358] [79.0] [cxt 0] Looking up key:
* hdr.ipv4_inner.dstAddr: ac120018

[15:48:38.405] [bmv2] [D] [thread 358] [79.0] [cxt 0] Table 'MyIngress.ipv4_lpm': hit with handle 1
[15:48:38.405] [bmv2] [D] [thread 358] [79.0] [cxt 0] Dumping entry 1
Match key:
* hdr.ipv4_inner.dstAddr: LPM       ac120018/32
Action entry: MyIngress.forward_action - 1,

[15:48:38.405] [bmv2] [D] [thread 358] [79.0] [cxt 0] Action entry is MyIngress.forward_action - 1,
[15:48:38.405] [bmv2] [T] [thread 358] [79.0] [cxt 0] Action MyIngress.forward_action
[15:48:38.405] [bmv2] [T] [thread 358] [79.0] [cxt 0] int-gtp-destination.p4(283) Primitive standard_metadata.egress_spec = egress_port
[15:48:38.405] [bmv2] [D] [thread 358] [79.0] [cxt 0] Pipeline 'ingress': end
[15:48:38.405] [bmv2] [D] [thread 358] [79.0] [cxt 0] Cloning packet at ingress
[15:48:38.405] [bmv2] [D] [thread 358] [79.1] [cxt 0] Parser 'parser': start
[15:48:38.405] [bmv2] [D] [thread 358] [79.1] [cxt 0] Parser 'parser' entering state 'start'
[15:48:38.405] [bmv2] [D] [thread 358] [79.1] [cxt 0] Extracting header 'ethernet'
[15:48:38.405] [bmv2] [D] [thread 358] [79.1] [cxt 0] Parser set: setting field 'scalars.metadata.ingress_port' from field 'standard_metadata.ingress_port' (2)
[15:48:38.405] [bmv2] [D] [thread 358] [79.1] [cxt 0] Parser set: setting field 'scalars.metadata.ingress_ts' from expression, new value is 0
[15:48:38.405] [bmv2] [D] [thread 358] [79.1] [cxt 0] Parser set: setting field 'scalars.metadata.md_blocks_extracted' to 0
[15:48:38.405] [bmv2] [D] [thread 358] [79.1] [cxt 0] Parser set: setting field 'scalars.metadata.is_int_packet' to 0
[15:48:38.405] [bmv2] [D] [thread 358] [79.1] [cxt 0] Parser state 'start': key is 00fa
[15:48:38.405] [bmv2] [T] [thread 358] [79.1] [cxt 0] Bytes parsed: 14
[15:48:38.405] [bmv2] [D] [thread 358] [79.1] [cxt 0] Parser 'parser' entering state 'parse_int_shim'
[15:48:38.405] [bmv2] [D] [thread 358] [79.1] [cxt 0] Extracting header 'int_shim'
[15:48:38.405] [bmv2] [D] [thread 358] [79.1] [cxt 0] Parser set: setting field 'scalars.metadata.is_int_packet' to 1
[15:48:38.405] [bmv2] [D] [thread 358] [79.1] [cxt 0] Extracting header 'int_header'
[15:48:38.405] [bmv2] [D] [thread 358] [79.1] [cxt 0] Parser set: setting field 'scalars.metadata.md_blocks_extracted' from expression, new value is 251
[15:48:38.405] [bmv2] [D] [thread 358] [79.1] [cxt 0] Extracting header 'int_md[0]'
[15:48:38.405] [bmv2] [D] [thread 358] [79.1] [cxt 0] Extracting header 'int_md[1]'
[15:48:38.405] [bmv2] [D] [thread 358] [79.1] [cxt 0] Parser state 'parse_int_shim': key is 0800
[15:48:38.405] [bmv2] [T] [thread 358] [79.1] [cxt 0] Bytes parsed: 83
[15:48:38.405] [bmv2] [D] [thread 358] [79.1] [cxt 0] Parser 'parser' entering state 'parse_encapsulated_ipv4'
[15:48:38.405] [bmv2] [D] [thread 358] [79.1] [cxt 0] Extracting header 'ipv4_inner'
[15:48:38.405] [bmv2] [D] [thread 358] [79.1] [cxt 0] Parser state 'parse_encapsulated_ipv4': key is 11
[15:48:38.405] [bmv2] [T] [thread 358] [79.1] [cxt 0] Bytes parsed: 103
[15:48:38.405] [bmv2] [D] [thread 358] [79.1] [cxt 0] Parser 'parser' entering state 'parse_encapsulated_udp'
[15:48:38.405] [bmv2] [D] [thread 358] [79.1] [cxt 0] Extracting header 'udp'
[15:48:38.405] [bmv2] [D] [thread 358] [79.1] [cxt 0] Parser set: setting field 'scalars.tmp_0' from expression, new value is 1
[15:48:38.405] [bmv2] [D] [thread 358] [79.1] [cxt 0] Parser state 'parse_encapsulated_udp': key is 01
[15:48:38.405] [bmv2] [T] [thread 358] [79.1] [cxt 0] Bytes parsed: 111
[15:48:38.405] [bmv2] [D] [thread 358] [79.1] [cxt 0] Parser 'parser' entering state 'parse_encapsulated_gtp_u'
[15:48:38.405] [bmv2] [D] [thread 358] [79.1] [cxt 0] Extracting header 'gtp_u'
[15:48:38.405] [bmv2] [D] [thread 358] [79.1] [cxt 0] Parser state 'parse_encapsulated_gtp_u' has no switch, going to default next state
[15:48:38.405] [bmv2] [T] [thread 358] [79.1] [cxt 0] Bytes parsed: 119
[15:48:38.405] [bmv2] [D] [thread 358] [79.1] [cxt 0] Parser 'parser': end
[15:48:38.405] [bmv2] [D] [thread 358] [79.0] [cxt 0] Cloning packet to egress port 9
[15:48:38.405] [bmv2] [D] [thread 358] [79.0] [cxt 0] Egress port is 1
[15:48:38.405] [bmv2] [D] [thread 360] [79.1] [cxt 0] Pipeline 'egress': start
[15:48:38.405] [bmv2] [T] [thread 360] [79.1] [cxt 0] int-gtp-destination.p4(402) Condition "hdr.int_shim.isValid()" (node_12) is true
[15:48:38.405] [bmv2] [T] [thread 360] [79.1] [cxt 0] Applying table 'tbl_update_int_metadata'
[15:48:38.405] [bmv2] [D] [thread 360] [79.1] [cxt 0] Looking up key:

[15:48:38.405] [bmv2] [D] [thread 360] [79.1] [cxt 0] Table 'tbl_update_int_metadata': miss
[15:48:38.405] [bmv2] [D] [thread 360] [79.1] [cxt 0] Action entry is MyEgress.update_int_metadata -
[15:48:38.405] [bmv2] [T] [thread 360] [79.1] [cxt 0] Action MyEgress.update_int_metadata
[15:48:38.405] [bmv2] [T] [thread 360] [79.1] [cxt 0] int-gtp-destination.p4(352) Primitive if
[15:48:38.405] [bmv2] [T] [thread 360] [79.1] [cxt 0] int-gtp-destination.p4(353) Primitive hdr.int_md[2].setValid()
[15:48:38.405] [bmv2] [T] [thread 360] [79.1] [cxt 0] int-gtp-destination.p4(354) Primitive hdr.int_md[2].padding_switch = 0
[15:48:38.405] [bmv2] [T] [thread 360] [79.1] [cxt 0] int-gtp-destination.p4(355) Primitive hdr.int_md[2].switch_id = (bit<16>)meta.switch_id
[15:48:38.405] [bmv2] [T] [thread 360] [79.1] [cxt 0] int-gtp-destination.p4(356) Primitive hdr.int_md[2].ingress_port_id = (bit<16>)meta.ingress_port
[15:48:38.405] [bmv2] [T] [thread 360] [79.1] [cxt 0] int-gtp-destination.p4(357) Primitive hdr.int_md[2].ingress_timestamp = meta.ingress_ts
[15:48:38.405] [bmv2] [T] [thread 360] [79.1] [cxt 0] int-gtp-destination.p4(362) Primitive hdr.int_md[2].congestion_notification = 0
[15:48:38.405] [bmv2] [T] [thread 360] [79.1] [cxt 0] int-gtp-destination.p4(363) Primitive hdr.int_md[2].reserved1 = 0
[15:48:38.405] [bmv2] [T] [thread 360] [79.1] [cxt 0] int-gtp-destination.p4(364) Primitive hdr.int_md[2].reserved2 = 0
[15:48:38.405] [bmv2] [T] [thread 360] [79.1] [cxt 0] int-gtp-destination.p4(368) Primitive hdr.int_md[2].egress_port_id = (bit<16>)standard_metadata.egress_port
[15:48:38.405] [bmv2] [T] [thread 360] [79.1] [cxt 0] int-gtp-destination.p4(369) Primitive hdr.int_md[2].egress_timestamp = (bit<32>)standard_metadata.egress_global_timestamp
[15:48:38.405] [bmv2] [T] [thread 360] [79.1] [cxt 0] int-gtp-destination.p4(370) Primitive hdr.int_md[2].hop_latency = hdr.int_md[2].egress_timestamp - hdr.int_md[2].ingress_timestamp
[15:48:38.405] [bmv2] [T] [thread 360] [79.1] [cxt 0] int-gtp-destination.p4(371) Primitive hdr.int_md[2].queue_occupancy = (bit<32>)standard_metadata.enq_qdepth
[15:48:38.405] [bmv2] [T] [thread 360] [79.1] [cxt 0] int-gtp-destination.p4(408) Condition "standard_metadata.instance_type == 1 || standard_metadata.egress_port == 9" (node_14) is true
[15:48:38.405] [bmv2] [D] [thread 360] [79.1] [cxt 0] Pipeline 'egress': end
[15:48:38.405] [bmv2] [D] [thread 360] [79.1] [cxt 0] Deparser 'deparser': start
[15:48:38.405] [bmv2] [D] [thread 360] [79.1] [cxt 0] Deparsing header 'ethernet'
[15:48:38.405] [bmv2] [D] [thread 360] [79.1] [cxt 0] Deparsing header 'int_shim'
[15:48:38.405] [bmv2] [D] [thread 360] [79.1] [cxt 0] Deparsing header 'int_header'
[15:48:38.405] [bmv2] [D] [thread 360] [79.1] [cxt 0] Deparsing header 'int_md[0]'
[15:48:38.405] [bmv2] [D] [thread 360] [79.1] [cxt 0] Deparsing header 'int_md[1]'
[15:48:38.405] [bmv2] [D] [thread 360] [79.1] [cxt 0] Deparsing header 'int_md[2]'
[15:48:38.405] [bmv2] [D] [thread 360] [79.1] [cxt 0] Deparsing header 'ipv4_inner'
[15:48:38.405] [bmv2] [D] [thread 360] [79.1] [cxt 0] Deparsing header 'udp'
[15:48:38.405] [bmv2] [D] [thread 360] [79.1] [cxt 0] Deparsing header 'gtp_u'
[15:48:38.406] [bmv2] [D] [thread 360] [79.1] [cxt 0] Deparser 'deparser': end
[15:48:38.406] [bmv2] [D] [thread 360] [79.0] [cxt 0] Pipeline 'egress': start
[15:48:38.406] [bmv2] [D] [thread 363] [79.1] [cxt 0] Transmitting packet of size 239 out of port 9
[15:48:38.406] [bmv2] [T] [thread 360] [79.0] [cxt 0] int-gtp-destination.p4(402) Condition "hdr.int_shim.isValid()" (node_12) is true
[15:48:38.406] [bmv2] [T] [thread 360] [79.0] [cxt 0] Applying table 'tbl_update_int_metadata'
[15:48:38.406] [bmv2] [D] [thread 360] [79.0] [cxt 0] Looking up key:

[15:48:38.406] [bmv2] [D] [thread 360] [79.0] [cxt 0] Table 'tbl_update_int_metadata': miss
[15:48:38.406] [bmv2] [D] [thread 360] [79.0] [cxt 0] Action entry is MyEgress.update_int_metadata -
[15:48:38.406] [bmv2] [T] [thread 360] [79.0] [cxt 0] Action MyEgress.update_int_metadata
[15:48:38.406] [bmv2] [T] [thread 360] [79.0] [cxt 0] int-gtp-destination.p4(352) Primitive if
[15:48:38.406] [bmv2] [T] [thread 360] [79.0] [cxt 0] int-gtp-destination.p4(352) Primitive if
[15:48:38.406] [bmv2] [T] [thread 360] [79.0] [cxt 0] int-gtp-destination.p4(368) Primitive hdr.int_md[2].egress_port_id = (bit<16>)standard_metadata.egress_port
[15:48:38.406] [bmv2] [T] [thread 360] [79.0] [cxt 0] int-gtp-destination.p4(369) Primitive hdr.int_md[2].egress_timestamp = (bit<32>)standard_metadata.egress_global_timestamp
[15:48:38.406] [bmv2] [T] [thread 360] [79.0] [cxt 0] int-gtp-destination.p4(370) Primitive hdr.int_md[2].hop_latency = hdr.int_md[2].egress_timestamp - hdr.int_md[2].ingress_timestamp
[15:48:38.406] [bmv2] [T] [thread 360] [79.0] [cxt 0] int-gtp-destination.p4(371) Primitive hdr.int_md[2].queue_occupancy = (bit<32>)standard_metadata.enq_qdepth
[15:48:38.406] [bmv2] [T] [thread 360] [79.0] [cxt 0] int-gtp-destination.p4(408) Condition "standard_metadata.instance_type == 1 || standard_metadata.egress_port == 9" (node_14) is false
[15:48:38.406] [bmv2] [T] [thread 360] [79.0] [cxt 0] Applying table 'MyEgress.egress_control'
[15:48:38.406] [bmv2] [D] [thread 360] [79.0] [cxt 0] Looking up key:
* standard_metadata.egress_port: 0001

[15:48:38.406] [bmv2] [D] [thread 360] [79.0] [cxt 0] Table 'MyEgress.egress_control': hit with handle 0
[15:48:38.406] [bmv2] [D] [thread 360] [79.0] [cxt 0] Dumping entry 0
Match key:
* standard_metadata.egress_port: EXACT     0001
Action entry: MyEgress.strip_int_headers -

[15:48:38.406] [bmv2] [D] [thread 360] [79.0] [cxt 0] Action entry is MyEgress.strip_int_headers -
[15:48:38.406] [bmv2] [T] [thread 360] [79.0] [cxt 0] Action MyEgress.strip_int_headers
[15:48:38.406] [bmv2] [T] [thread 360] [79.0] [cxt 0] int-gtp-destination.p4(375) Primitive hdr.ethernet.etherType = hdr.int_shim.next_proto
[15:48:38.406] [bmv2] [T] [thread 360] [79.0] [cxt 0] int-gtp-destination.p4(376) Primitive hdr.int_shim.setInvalid()
[15:48:38.406] [bmv2] [T] [thread 360] [79.0] [cxt 0] int-gtp-destination.p4(377) Primitive hdr.int_header.setInvalid()
[15:48:38.406] [bmv2] [T] [thread 360] [79.0] [cxt 0] int-gtp-destination.p4(379) Primitive hdr.int_md[0].setInvalid()
[15:48:38.406] [bmv2] [T] [thread 360] [79.0] [cxt 0] int-gtp-destination.p4(380) Primitive hdr.int_md[1].setInvalid()
[15:48:38.406] [bmv2] [T] [thread 360] [79.0] [cxt 0] int-gtp-destination.p4(381) Primitive hdr.int_md[2].setInvalid()
[15:48:38.406] [bmv2] [T] [thread 360] [79.0] [cxt 0] int-gtp-destination.p4(382) Primitive hdr.int_md[3].setInvalid()
[15:48:38.406] [bmv2] [T] [thread 360] [79.0] [cxt 0] int-gtp-destination.p4(383) Primitive hdr.int_md[4].setInvalid()
[15:48:38.406] [bmv2] [T] [thread 360] [79.0] [cxt 0] int-gtp-destination.p4(384) Primitive hdr.int_md[5].setInvalid()
[15:48:38.406] [bmv2] [T] [thread 360] [79.0] [cxt 0] int-gtp-destination.p4(385) Primitive hdr.int_md[6].setInvalid()
[15:48:38.406] [bmv2] [T] [thread 360] [79.0] [cxt 0] int-gtp-destination.p4(386) Primitive hdr.int_md[7].setInvalid()
[15:48:38.406] [bmv2] [D] [thread 360] [79.0] [cxt 0] Pipeline 'egress': end
[15:48:38.406] [bmv2] [D] [thread 360] [79.0] [cxt 0] Deparser 'deparser': start
[15:48:38.406] [bmv2] [D] [thread 360] [79.0] [cxt 0] Deparsing header 'ethernet'
[15:48:38.406] [bmv2] [D] [thread 360] [79.0] [cxt 0] Deparsing header 'ipv4_inner'
[15:48:38.406] [bmv2] [D] [thread 360] [79.0] [cxt 0] Deparsing header 'udp'
[15:48:38.406] [bmv2] [D] [thread 360] [79.0] [cxt 0] Deparsing header 'gtp_u'
[15:48:38.406] [bmv2] [D] [thread 360] [79.0] [cxt 0] Deparser 'deparser': end
[15:48:38.406] [bmv2] [D] [thread 363] [79.0] [cxt 0] Transmitting packet of size 142 out of port 1
[15:48:38.439] [bmv2] [D] [thread 358] [80.0] [cxt 0] Processing packet received on port 1
[15:48:38.439] [bmv2] [D] [thread 358] [80.0] [cxt 0] Parser 'parser': start
[15:48:38.439] [bmv2] [D] [thread 358] [80.0] [cxt 0] Parser 'parser' entering state 'start'
[15:48:38.439] [bmv2] [D] [thread 358] [80.0] [cxt 0] Extracting header 'ethernet'
[15:48:38.439] [bmv2] [D] [thread 358] [80.0] [cxt 0] Parser set: setting field 'scalars.metadata.ingress_port' from field 'standard_metadata.ingress_port' (1)
[15:48:38.439] [bmv2] [D] [thread 358] [80.0] [cxt 0] Parser set: setting field 'scalars.metadata.ingress_ts' from expression, new value is 198907906
[15:48:38.439] [bmv2] [D] [thread 358] [80.0] [cxt 0] Parser set: setting field 'scalars.metadata.md_blocks_extracted' to 0
[15:48:38.439] [bmv2] [D] [thread 358] [80.0] [cxt 0] Parser set: setting field 'scalars.metadata.is_int_packet' to 0
[15:48:38.439] [bmv2] [D] [thread 358] [80.0] [cxt 0] Parser state 'start': key is 0800
[15:48:38.439] [bmv2] [T] [thread 358] [80.0] [cxt 0] Bytes parsed: 14
[15:48:38.439] [bmv2] [D] [thread 358] [80.0] [cxt 0] Parser 'parser' entering state 'parse_ipv4'
[15:48:38.439] [bmv2] [D] [thread 358] [80.0] [cxt 0] Extracting header 'ipv4_inner'
[15:48:38.439] [bmv2] [D] [thread 358] [80.0] [cxt 0] Parser state 'parse_ipv4': key is 11
[15:48:38.440] [bmv2] [T] [thread 358] [80.0] [cxt 0] Bytes parsed: 34
[15:48:38.440] [bmv2] [D] [thread 358] [80.0] [cxt 0] Parser 'parser' entering state 'parse_udp'
[15:48:38.440] [bmv2] [D] [thread 358] [80.0] [cxt 0] Extracting header 'udp'
[15:48:38.440] [bmv2] [D] [thread 358] [80.0] [cxt 0] Parser set: setting field 'scalars.tmp' from expression, new value is 1
[15:48:38.440] [bmv2] [D] [thread 358] [80.0] [cxt 0] Parser state 'parse_udp': key is 01
[15:48:38.440] [bmv2] [T] [thread 358] [80.0] [cxt 0] Bytes parsed: 42
[15:48:38.440] [bmv2] [D] [thread 358] [80.0] [cxt 0] Parser 'parser' entering state 'parse_gtp_u'
[15:48:38.440] [bmv2] [D] [thread 358] [80.0] [cxt 0] Extracting header 'gtp_u'
[15:48:38.440] [bmv2] [D] [thread 358] [80.0] [cxt 0] Parser state 'parse_gtp_u' has no switch, going to default next state
[15:48:38.440] [bmv2] [T] [thread 358] [80.0] [cxt 0] Bytes parsed: 50
[15:48:38.440] [bmv2] [D] [thread 358] [80.0] [cxt 0] Parser 'parser': end
[15:48:38.440] [bmv2] [D] [thread 358] [80.0] [cxt 0] Pipeline 'ingress': start
[15:48:38.440] [bmv2] [T] [thread 358] [80.0] [cxt 0] Applying table 'tbl_intgtpdestination311'
[15:48:38.440] [bmv2] [D] [thread 358] [80.0] [cxt 0] Looking up key:

[15:48:38.440] [bmv2] [D] [thread 358] [80.0] [cxt 0] Table 'tbl_intgtpdestination311': miss
[15:48:38.440] [bmv2] [D] [thread 358] [80.0] [cxt 0] Action entry is intgtpdestination311 -
[15:48:38.440] [bmv2] [T] [thread 358] [80.0] [cxt 0] Action intgtpdestination311
[15:48:38.440] [bmv2] [T] [thread 358] [80.0] [cxt 0] int-gtp-destination.p4(311) Primitive meta.switch_id = 3
[15:48:38.440] [bmv2] [T] [thread 358] [80.0] [cxt 0] int-gtp-destination.p4(313) Condition "hdr.ethernet.isValid()" (node_3) is true
[15:48:38.440] [bmv2] [T] [thread 358] [80.0] [cxt 0] int-gtp-destination.p4(314) Condition "hdr.int_shim.isValid()" (node_4) is false
[15:48:38.440] [bmv2] [T] [thread 358] [80.0] [cxt 0] int-gtp-destination.p4(339) Condition "hdr.ipv4_inner.isValid()" (node_8) is true
[15:48:38.440] [bmv2] [T] [thread 358] [80.0] [cxt 0] Applying table 'MyIngress.ipv4_lpm'
[15:48:38.440] [bmv2] [D] [thread 358] [80.0] [cxt 0] Looking up key:
* hdr.ipv4_inner.dstAddr: ac120a03

[15:48:38.440] [bmv2] [D] [thread 358] [80.0] [cxt 0] Table 'MyIngress.ipv4_lpm': hit with handle 2
[15:48:38.440] [bmv2] [D] [thread 358] [80.0] [cxt 0] Dumping entry 2
Match key:
* hdr.ipv4_inner.dstAddr: LPM       ac120a03/32
Action entry: MyIngress.forward_action - 2,

[15:48:38.440] [bmv2] [D] [thread 358] [80.0] [cxt 0] Action entry is MyIngress.forward_action - 2,
[15:48:38.440] [bmv2] [T] [thread 358] [80.0] [cxt 0] Action MyIngress.forward_action
[15:48:38.440] [bmv2] [T] [thread 358] [80.0] [cxt 0] int-gtp-destination.p4(283) Primitive standard_metadata.egress_spec = egress_port
[15:48:38.440] [bmv2] [D] [thread 358] [80.0] [cxt 0] Pipeline 'ingress': end
[15:48:38.440] [bmv2] [D] [thread 358] [80.0] [cxt 0] Egress port is 2
[15:48:38.441] [bmv2] [D] [thread 361] [80.0] [cxt 0] Pipeline 'egress': start
[15:48:38.441] [bmv2] [T] [thread 361] [80.0] [cxt 0] int-gtp-destination.p4(402) Condition "hdr.int_shim.isValid()" (node_12) is false
[15:48:38.441] [bmv2] [D] [thread 361] [80.0] [cxt 0] Pipeline 'egress': end
[15:48:38.441] [bmv2] [D] [thread 361] [80.0] [cxt 0] Deparser 'deparser': start
[15:48:38.441] [bmv2] [D] [thread 361] [80.0] [cxt 0] Deparsing header 'ethernet'
[15:48:38.441] [bmv2] [D] [thread 361] [80.0] [cxt 0] Deparsing header 'ipv4_inner'
[15:48:38.441] [bmv2] [D] [thread 361] [80.0] [cxt 0] Deparsing header 'udp'
[15:48:38.441] [bmv2] [D] [thread 361] [80.0] [cxt 0] Deparsing header 'gtp_u'
[15:48:38.441] [bmv2] [D] [thread 361] [80.0] [cxt 0] Deparser 'deparser': end
[15:48:38.441] [bmv2] [D] [thread 363] [80.0] [cxt 0] Transmitting packet of size 142 out of port 2
[15:48:39.432] [bmv2] [D] [thread 358] [81.0] [cxt 0] Processing packet received on port 2
[15:48:39.432] [bmv2] [D] [thread 358] [81.0] [cxt 0] Parser 'parser': start
[15:48:39.432] [bmv2] [D] [thread 358] [81.0] [cxt 0] Parser 'parser' entering state 'start'
[15:48:39.432] [bmv2] [D] [thread 358] [81.0] [cxt 0] Extracting header 'ethernet'
[15:48:39.432] [bmv2] [D] [thread 358] [81.0] [cxt 0] Parser set: setting field 'scalars.metadata.ingress_port' from field 'standard_metadata.ingress_port' (2)
[15:48:39.432] [bmv2] [D] [thread 358] [81.0] [cxt 0] Parser set: setting field 'scalars.metadata.ingress_ts' from expression, new value is 199900975
[15:48:39.432] [bmv2] [D] [thread 358] [81.0] [cxt 0] Parser set: setting field 'scalars.metadata.md_blocks_extracted' to 0
[15:48:39.432] [bmv2] [D] [thread 358] [81.0] [cxt 0] Parser set: setting field 'scalars.metadata.is_int_packet' to 0
[15:48:39.432] [bmv2] [D] [thread 358] [81.0] [cxt 0] Parser state 'start': key is 00fa
[15:48:39.432] [bmv2] [T] [thread 358] [81.0] [cxt 0] Bytes parsed: 14
[15:48:39.433] [bmv2] [D] [thread 358] [81.0] [cxt 0] Parser 'parser' entering state 'parse_int_shim'
[15:48:39.433] [bmv2] [D] [thread 358] [81.0] [cxt 0] Extracting header 'int_shim'
[15:48:39.433] [bmv2] [D] [thread 358] [81.0] [cxt 0] Parser set: setting field 'scalars.metadata.is_int_packet' to 1
[15:48:39.433] [bmv2] [D] [thread 358] [81.0] [cxt 0] Extracting header 'int_header'
[15:48:39.433] [bmv2] [D] [thread 358] [81.0] [cxt 0] Parser set: setting field 'scalars.metadata.md_blocks_extracted' from expression, new value is 251
[15:48:39.433] [bmv2] [D] [thread 358] [81.0] [cxt 0] Extracting header 'int_md[0]'
[15:48:39.433] [bmv2] [D] [thread 358] [81.0] [cxt 0] Extracting header 'int_md[1]'
[15:48:39.433] [bmv2] [D] [thread 358] [81.0] [cxt 0] Parser state 'parse_int_shim': key is 0800
[15:48:39.433] [bmv2] [T] [thread 358] [81.0] [cxt 0] Bytes parsed: 83
[15:48:39.433] [bmv2] [D] [thread 358] [81.0] [cxt 0] Parser 'parser' entering state 'parse_encapsulated_ipv4'
[15:48:39.433] [bmv2] [D] [thread 358] [81.0] [cxt 0] Extracting header 'ipv4_inner'
[15:48:39.433] [bmv2] [D] [thread 358] [81.0] [cxt 0] Parser state 'parse_encapsulated_ipv4': key is 11
[15:48:39.433] [bmv2] [T] [thread 358] [81.0] [cxt 0] Bytes parsed: 103
[15:48:39.433] [bmv2] [D] [thread 358] [81.0] [cxt 0] Parser 'parser' entering state 'parse_encapsulated_udp'
[15:48:39.433] [bmv2] [D] [thread 358] [81.0] [cxt 0] Extracting header 'udp'
[15:48:39.433] [bmv2] [D] [thread 358] [81.0] [cxt 0] Parser set: setting field 'scalars.tmp_0' from expression, new value is 1
[15:48:39.433] [bmv2] [D] [thread 358] [81.0] [cxt 0] Parser state 'parse_encapsulated_udp': key is 01
[15:48:39.433] [bmv2] [T] [thread 358] [81.0] [cxt 0] Bytes parsed: 111
[15:48:39.433] [bmv2] [D] [thread 358] [81.0] [cxt 0] Parser 'parser' entering state 'parse_encapsulated_gtp_u'
[15:48:39.433] [bmv2] [D] [thread 358] [81.0] [cxt 0] Extracting header 'gtp_u'
[15:48:39.433] [bmv2] [D] [thread 358] [81.0] [cxt 0] Parser state 'parse_encapsulated_gtp_u' has no switch, going to default next state
[15:48:39.433] [bmv2] [T] [thread 358] [81.0] [cxt 0] Bytes parsed: 119
[15:48:39.433] [bmv2] [D] [thread 358] [81.0] [cxt 0] Parser 'parser': end
[15:48:39.433] [bmv2] [D] [thread 358] [81.0] [cxt 0] Pipeline 'ingress': start
[15:48:39.433] [bmv2] [T] [thread 358] [81.0] [cxt 0] Applying table 'tbl_intgtpdestination311'
[15:48:39.433] [bmv2] [D] [thread 358] [81.0] [cxt 0] Looking up key:

[15:48:39.433] [bmv2] [D] [thread 358] [81.0] [cxt 0] Table 'tbl_intgtpdestination311': miss
[15:48:39.433] [bmv2] [D] [thread 358] [81.0] [cxt 0] Action entry is intgtpdestination311 -
[15:48:39.433] [bmv2] [T] [thread 358] [81.0] [cxt 0] Action intgtpdestination311
[15:48:39.433] [bmv2] [T] [thread 358] [81.0] [cxt 0] int-gtp-destination.p4(311) Primitive meta.switch_id = 3
[15:48:39.433] [bmv2] [T] [thread 358] [81.0] [cxt 0] int-gtp-destination.p4(313) Condition "hdr.ethernet.isValid()" (node_3) is true
[15:48:39.433] [bmv2] [T] [thread 358] [81.0] [cxt 0] int-gtp-destination.p4(314) Condition "hdr.int_shim.isValid()" (node_4) is true
[15:48:39.433] [bmv2] [T] [thread 358] [81.0] [cxt 0] int-gtp-destination.p4(316) Condition "hdr.int_header.remaining_hop_cnt > 0" (node_5) is true
[15:48:39.433] [bmv2] [T] [thread 358] [81.0] [cxt 0] Applying table 'tbl_intgtpdestination317'
[15:48:39.433] [bmv2] [D] [thread 358] [81.0] [cxt 0] Looking up key:

[15:48:39.433] [bmv2] [D] [thread 358] [81.0] [cxt 0] Table 'tbl_intgtpdestination317': miss
[15:48:39.433] [bmv2] [D] [thread 358] [81.0] [cxt 0] Action entry is intgtpdestination317 -
[15:48:39.433] [bmv2] [T] [thread 358] [81.0] [cxt 0] Action intgtpdestination317
[15:48:39.433] [bmv2] [T] [thread 358] [81.0] [cxt 0] int-gtp-destination.p4(317) Primitive hdr.int_md[2].setValid()
[15:48:39.433] [bmv2] [T] [thread 358] [81.0] [cxt 0] int-gtp-destination.p4(318) Primitive hdr.int_md[2].padding_switch = 0
[15:48:39.433] [bmv2] [T] [thread 358] [81.0] [cxt 0] int-gtp-destination.p4(319) Primitive hdr.int_md[2].switch_id = (bit<16>)meta.switch_id
[15:48:39.433] [bmv2] [T] [thread 358] [81.0] [cxt 0] int-gtp-destination.p4(320) Primitive hdr.int_md[2].ingress_port_id = (bit<16>)meta.ingress_port
[15:48:39.433] [bmv2] [T] [thread 358] [81.0] [cxt 0] int-gtp-destination.p4(321) Primitive hdr.int_md[2].ingress_timestamp = meta.ingress_ts
[15:48:39.433] [bmv2] [T] [thread 358] [81.0] [cxt 0] int-gtp-destination.p4(322) Primitive hdr.int_md[2].egress_port_id = 0
[15:48:39.433] [bmv2] [T] [thread 358] [81.0] [cxt 0] int-gtp-destination.p4(323) Primitive hdr.int_md[2].hop_latency = 0
[15:48:39.434] [bmv2] [T] [thread 358] [81.0] [cxt 0] int-gtp-destination.p4(324) Primitive hdr.int_md[2].egress_timestamp = 0
[15:48:39.434] [bmv2] [T] [thread 358] [81.0] [cxt 0] int-gtp-destination.p4(325) Primitive hdr.int_md[2].queue_occupancy = 0
[15:48:39.434] [bmv2] [T] [thread 358] [81.0] [cxt 0] int-gtp-destination.p4(326) Primitive hdr.int_md[2].congestion_notification = 0
[15:48:39.434] [bmv2] [T] [thread 358] [81.0] [cxt 0] int-gtp-destination.p4(327) Primitive hdr.int_md[2].reserved1 = 0
[15:48:39.434] [bmv2] [T] [thread 358] [81.0] [cxt 0] int-gtp-destination.p4(328) Primitive hdr.int_md[2].reserved2 = 0
[15:48:39.434] [bmv2] [T] [thread 358] [81.0] [cxt 0] int-gtp-destination.p4(330) Primitive hdr.int_header.remaining_hop_cnt = hdr.int_header.remaining_hop_cnt - 1
[15:48:39.434] [bmv2] [T] [thread 358] [81.0] [cxt 0] int-gtp-destination.p4(331) Primitive hdr.int_shim.length = hdr.int_shim.length + 32
[15:48:39.434] [bmv2] [T] [thread 358] [81.0] [cxt 0] Applying table 'MyIngress.int_sink_table'
[15:48:39.434] [bmv2] [D] [thread 358] [81.0] [cxt 0] Looking up key:
* hdr.int_shim.$valid$: 01

[15:48:39.434] [bmv2] [D] [thread 358] [81.0] [cxt 0] Table 'MyIngress.int_sink_table': hit with handle 0
[15:48:39.434] [bmv2] [D] [thread 358] [81.0] [cxt 0] Dumping entry 0
Match key:
* hdr.int_shim.$valid$: EXACT     01
Action entry: MyIngress.int_sink_action -

[15:48:39.434] [bmv2] [D] [thread 358] [81.0] [cxt 0] Action entry is MyIngress.int_sink_action -
[15:48:39.434] [bmv2] [T] [thread 358] [81.0] [cxt 0] Action MyIngress.int_sink_action
[15:48:39.434] [bmv2] [T] [thread 358] [81.0] [cxt 0] int-gtp-destination.p4(278) Primitive meta.clone_port = 9
[15:48:39.434] [bmv2] [T] [thread 358] [81.0] [cxt 0] int-gtp-destination.p4(279) Primitive clone_preserving_field_list(CloneType.I2E, 99, 99)
[15:48:39.434] [bmv2] [T] [thread 358] [81.0] [cxt 0] int-gtp-destination.p4(339) Condition "hdr.ipv4_inner.isValid()" (node_8) is true
[15:48:39.434] [bmv2] [T] [thread 358] [81.0] [cxt 0] Applying table 'MyIngress.ipv4_lpm'
[15:48:39.434] [bmv2] [D] [thread 358] [81.0] [cxt 0] Looking up key:
* hdr.ipv4_inner.dstAddr: ac120018

[15:48:39.434] [bmv2] [D] [thread 358] [81.0] [cxt 0] Table 'MyIngress.ipv4_lpm': hit with handle 1
[15:48:39.434] [bmv2] [D] [thread 358] [81.0] [cxt 0] Dumping entry 1
Match key:
* hdr.ipv4_inner.dstAddr: LPM       ac120018/32
Action entry: MyIngress.forward_action - 1,

[15:48:39.434] [bmv2] [D] [thread 358] [81.0] [cxt 0] Action entry is MyIngress.forward_action - 1,
[15:48:39.434] [bmv2] [T] [thread 358] [81.0] [cxt 0] Action MyIngress.forward_action
[15:48:39.434] [bmv2] [T] [thread 358] [81.0] [cxt 0] int-gtp-destination.p4(283) Primitive standard_metadata.egress_spec = egress_port
[15:48:39.434] [bmv2] [D] [thread 358] [81.0] [cxt 0] Pipeline 'ingress': end
[15:48:39.434] [bmv2] [D] [thread 358] [81.0] [cxt 0] Cloning packet at ingress
[15:48:39.434] [bmv2] [D] [thread 358] [81.1] [cxt 0] Parser 'parser': start
[15:48:39.434] [bmv2] [D] [thread 358] [81.1] [cxt 0] Parser 'parser' entering state 'start'
[15:48:39.434] [bmv2] [D] [thread 358] [81.1] [cxt 0] Extracting header 'ethernet'
[15:48:39.434] [bmv2] [D] [thread 358] [81.1] [cxt 0] Parser set: setting field 'scalars.metadata.ingress_port' from field 'standard_metadata.ingress_port' (2)
[15:48:39.434] [bmv2] [D] [thread 358] [81.1] [cxt 0] Parser set: setting field 'scalars.metadata.ingress_ts' from expression, new value is 0
[15:48:39.434] [bmv2] [D] [thread 358] [81.1] [cxt 0] Parser set: setting field 'scalars.metadata.md_blocks_extracted' to 0
[15:48:39.434] [bmv2] [D] [thread 358] [81.1] [cxt 0] Parser set: setting field 'scalars.metadata.is_int_packet' to 0
[15:48:39.434] [bmv2] [D] [thread 358] [81.1] [cxt 0] Parser state 'start': key is 00fa
[15:48:39.434] [bmv2] [T] [thread 358] [81.1] [cxt 0] Bytes parsed: 14
[15:48:39.434] [bmv2] [D] [thread 358] [81.1] [cxt 0] Parser 'parser' entering state 'parse_int_shim'
[15:48:39.434] [bmv2] [D] [thread 358] [81.1] [cxt 0] Extracting header 'int_shim'
[15:48:39.434] [bmv2] [D] [thread 358] [81.1] [cxt 0] Parser set: setting field 'scalars.metadata.is_int_packet' to 1
[15:48:39.434] [bmv2] [D] [thread 358] [81.1] [cxt 0] Extracting header 'int_header'
[15:48:39.434] [bmv2] [D] [thread 358] [81.1] [cxt 0] Parser set: setting field 'scalars.metadata.md_blocks_extracted' from expression, new value is 251
[15:48:39.434] [bmv2] [D] [thread 358] [81.1] [cxt 0] Extracting header 'int_md[0]'
[15:48:39.434] [bmv2] [D] [thread 358] [81.1] [cxt 0] Extracting header 'int_md[1]'
[15:48:39.434] [bmv2] [D] [thread 358] [81.1] [cxt 0] Parser state 'parse_int_shim': key is 0800
[15:48:39.434] [bmv2] [T] [thread 358] [81.1] [cxt 0] Bytes parsed: 83
[15:48:39.434] [bmv2] [D] [thread 358] [81.1] [cxt 0] Parser 'parser' entering state 'parse_encapsulated_ipv4'
[15:48:39.434] [bmv2] [D] [thread 358] [81.1] [cxt 0] Extracting header 'ipv4_inner'
[15:48:39.434] [bmv2] [D] [thread 358] [81.1] [cxt 0] Parser state 'parse_encapsulated_ipv4': key is 11
[15:48:39.435] [bmv2] [T] [thread 358] [81.1] [cxt 0] Bytes parsed: 103
[15:48:39.435] [bmv2] [D] [thread 358] [81.1] [cxt 0] Parser 'parser' entering state 'parse_encapsulated_udp'
[15:48:39.435] [bmv2] [D] [thread 358] [81.1] [cxt 0] Extracting header 'udp'
[15:48:39.435] [bmv2] [D] [thread 358] [81.1] [cxt 0] Parser set: setting field 'scalars.tmp_0' from expression, new value is 1
[15:48:39.435] [bmv2] [D] [thread 358] [81.1] [cxt 0] Parser state 'parse_encapsulated_udp': key is 01
[15:48:39.435] [bmv2] [T] [thread 358] [81.1] [cxt 0] Bytes parsed: 111
[15:48:39.435] [bmv2] [D] [thread 358] [81.1] [cxt 0] Parser 'parser' entering state 'parse_encapsulated_gtp_u'
[15:48:39.435] [bmv2] [D] [thread 358] [81.1] [cxt 0] Extracting header 'gtp_u'
[15:48:39.435] [bmv2] [D] [thread 358] [81.1] [cxt 0] Parser state 'parse_encapsulated_gtp_u' has no switch, going to default next state
[15:48:39.435] [bmv2] [T] [thread 358] [81.1] [cxt 0] Bytes parsed: 119
[15:48:39.435] [bmv2] [D] [thread 358] [81.1] [cxt 0] Parser 'parser': end
[15:48:39.435] [bmv2] [D] [thread 358] [81.0] [cxt 0] Cloning packet to egress port 9
[15:48:39.435] [bmv2] [D] [thread 358] [81.0] [cxt 0] Egress port is 1
[15:48:39.435] [bmv2] [D] [thread 360] [81.1] [cxt 0] Pipeline 'egress': start
[15:48:39.435] [bmv2] [T] [thread 360] [81.1] [cxt 0] int-gtp-destination.p4(402) Condition "hdr.int_shim.isValid()" (node_12) is true
[15:48:39.435] [bmv2] [T] [thread 360] [81.1] [cxt 0] Applying table 'tbl_update_int_metadata'
[15:48:39.435] [bmv2] [D] [thread 360] [81.1] [cxt 0] Looking up key:

[15:48:39.435] [bmv2] [D] [thread 360] [81.1] [cxt 0] Table 'tbl_update_int_metadata': miss
[15:48:39.435] [bmv2] [D] [thread 360] [81.1] [cxt 0] Action entry is MyEgress.update_int_metadata -
[15:48:39.435] [bmv2] [T] [thread 360] [81.1] [cxt 0] Action MyEgress.update_int_metadata
[15:48:39.435] [bmv2] [T] [thread 360] [81.1] [cxt 0] int-gtp-destination.p4(352) Primitive if
[15:48:39.435] [bmv2] [T] [thread 360] [81.1] [cxt 0] int-gtp-destination.p4(353) Primitive hdr.int_md[2].setValid()
[15:48:39.435] [bmv2] [T] [thread 360] [81.1] [cxt 0] int-gtp-destination.p4(354) Primitive hdr.int_md[2].padding_switch = 0
[15:48:39.435] [bmv2] [T] [thread 360] [81.1] [cxt 0] int-gtp-destination.p4(355) Primitive hdr.int_md[2].switch_id = (bit<16>)meta.switch_id
[15:48:39.435] [bmv2] [T] [thread 360] [81.1] [cxt 0] int-gtp-destination.p4(356) Primitive hdr.int_md[2].ingress_port_id = (bit<16>)meta.ingress_port
[15:48:39.435] [bmv2] [T] [thread 360] [81.1] [cxt 0] int-gtp-destination.p4(357) Primitive hdr.int_md[2].ingress_timestamp = meta.ingress_ts
[15:48:39.435] [bmv2] [T] [thread 360] [81.1] [cxt 0] int-gtp-destination.p4(362) Primitive hdr.int_md[2].congestion_notification = 0
[15:48:39.435] [bmv2] [T] [thread 360] [81.1] [cxt 0] int-gtp-destination.p4(363) Primitive hdr.int_md[2].reserved1 = 0
[15:48:39.435] [bmv2] [T] [thread 360] [81.1] [cxt 0] int-gtp-destination.p4(364) Primitive hdr.int_md[2].reserved2 = 0
[15:48:39.435] [bmv2] [T] [thread 360] [81.1] [cxt 0] int-gtp-destination.p4(368) Primitive hdr.int_md[2].egress_port_id = (bit<16>)standard_metadata.egress_port
[15:48:39.435] [bmv2] [T] [thread 360] [81.1] [cxt 0] int-gtp-destination.p4(369) Primitive hdr.int_md[2].egress_timestamp = (bit<32>)standard_metadata.egress_global_timestamp
[15:48:39.435] [bmv2] [T] [thread 360] [81.1] [cxt 0] int-gtp-destination.p4(370) Primitive hdr.int_md[2].hop_latency = hdr.int_md[2].egress_timestamp - hdr.int_md[2].ingress_timestamp
[15:48:39.435] [bmv2] [T] [thread 360] [81.1] [cxt 0] int-gtp-destination.p4(371) Primitive hdr.int_md[2].queue_occupancy = (bit<32>)standard_metadata.enq_qdepth
[15:48:39.435] [bmv2] [T] [thread 360] [81.1] [cxt 0] int-gtp-destination.p4(408) Condition "standard_metadata.instance_type == 1 || standard_metadata.egress_port == 9" (node_14) is true
[15:48:39.435] [bmv2] [D] [thread 360] [81.1] [cxt 0] Pipeline 'egress': end
[15:48:39.435] [bmv2] [D] [thread 360] [81.1] [cxt 0] Deparser 'deparser': start
[15:48:39.435] [bmv2] [D] [thread 360] [81.1] [cxt 0] Deparsing header 'ethernet'
[15:48:39.435] [bmv2] [D] [thread 360] [81.1] [cxt 0] Deparsing header 'int_shim'
[15:48:39.435] [bmv2] [D] [thread 360] [81.1] [cxt 0] Deparsing header 'int_header'
[15:48:39.435] [bmv2] [D] [thread 360] [81.1] [cxt 0] Deparsing header 'int_md[0]'
[15:48:39.435] [bmv2] [D] [thread 360] [81.1] [cxt 0] Deparsing header 'int_md[1]'
[15:48:39.435] [bmv2] [D] [thread 360] [81.1] [cxt 0] Deparsing header 'int_md[2]'
[15:48:39.436] [bmv2] [D] [thread 360] [81.1] [cxt 0] Deparsing header 'ipv4_inner'
[15:48:39.436] [bmv2] [D] [thread 360] [81.1] [cxt 0] Deparsing header 'udp'
[15:48:39.436] [bmv2] [D] [thread 360] [81.1] [cxt 0] Deparsing header 'gtp_u'
[15:48:39.436] [bmv2] [D] [thread 360] [81.1] [cxt 0] Deparser 'deparser': end
[15:48:39.436] [bmv2] [D] [thread 363] [81.1] [cxt 0] Transmitting packet of size 239 out of port 9
[15:48:39.436] [bmv2] [D] [thread 360] [81.0] [cxt 0] Pipeline 'egress': start
[15:48:39.436] [bmv2] [T] [thread 360] [81.0] [cxt 0] int-gtp-destination.p4(402) Condition "hdr.int_shim.isValid()" (node_12) is true
[15:48:39.436] [bmv2] [T] [thread 360] [81.0] [cxt 0] Applying table 'tbl_update_int_metadata'
[15:48:39.436] [bmv2] [D] [thread 360] [81.0] [cxt 0] Looking up key:

[15:48:39.436] [bmv2] [D] [thread 360] [81.0] [cxt 0] Table 'tbl_update_int_metadata': miss
[15:48:39.436] [bmv2] [D] [thread 360] [81.0] [cxt 0] Action entry is MyEgress.update_int_metadata -
[15:48:39.436] [bmv2] [T] [thread 360] [81.0] [cxt 0] Action MyEgress.update_int_metadata
[15:48:39.436] [bmv2] [T] [thread 360] [81.0] [cxt 0] int-gtp-destination.p4(352) Primitive if
[15:48:39.436] [bmv2] [T] [thread 360] [81.0] [cxt 0] int-gtp-destination.p4(352) Primitive if
[15:48:39.436] [bmv2] [T] [thread 360] [81.0] [cxt 0] int-gtp-destination.p4(368) Primitive hdr.int_md[2].egress_port_id = (bit<16>)standard_metadata.egress_port
[15:48:39.436] [bmv2] [T] [thread 360] [81.0] [cxt 0] int-gtp-destination.p4(369) Primitive hdr.int_md[2].egress_timestamp = (bit<32>)standard_metadata.egress_global_timestamp
[15:48:39.436] [bmv2] [T] [thread 360] [81.0] [cxt 0] int-gtp-destination.p4(370) Primitive hdr.int_md[2].hop_latency = hdr.int_md[2].egress_timestamp - hdr.int_md[2].ingress_timestamp
[15:48:39.436] [bmv2] [T] [thread 360] [81.0] [cxt 0] int-gtp-destination.p4(371) Primitive hdr.int_md[2].queue_occupancy = (bit<32>)standard_metadata.enq_qdepth
[15:48:39.436] [bmv2] [T] [thread 360] [81.0] [cxt 0] int-gtp-destination.p4(408) Condition "standard_metadata.instance_type == 1 || standard_metadata.egress_port == 9" (node_14) is false
[15:48:39.436] [bmv2] [T] [thread 360] [81.0] [cxt 0] Applying table 'MyEgress.egress_control'
[15:48:39.436] [bmv2] [D] [thread 360] [81.0] [cxt 0] Looking up key:
* standard_metadata.egress_port: 0001

[15:48:39.437] [bmv2] [D] [thread 360] [81.0] [cxt 0] Table 'MyEgress.egress_control': hit with handle 0
[15:48:39.437] [bmv2] [D] [thread 360] [81.0] [cxt 0] Dumping entry 0
Match key:
* standard_metadata.egress_port: EXACT     0001
Action entry: MyEgress.strip_int_headers -

[15:48:39.437] [bmv2] [D] [thread 360] [81.0] [cxt 0] Action entry is MyEgress.strip_int_headers -
[15:48:39.437] [bmv2] [T] [thread 360] [81.0] [cxt 0] Action MyEgress.strip_int_headers
[15:48:39.437] [bmv2] [T] [thread 360] [81.0] [cxt 0] int-gtp-destination.p4(375) Primitive hdr.ethernet.etherType = hdr.int_shim.next_proto
[15:48:39.437] [bmv2] [T] [thread 360] [81.0] [cxt 0] int-gtp-destination.p4(376) Primitive hdr.int_shim.setInvalid()
[15:48:39.437] [bmv2] [T] [thread 360] [81.0] [cxt 0] int-gtp-destination.p4(377) Primitive hdr.int_header.setInvalid()
[15:48:39.437] [bmv2] [T] [thread 360] [81.0] [cxt 0] int-gtp-destination.p4(379) Primitive hdr.int_md[0].setInvalid()
[15:48:39.437] [bmv2] [T] [thread 360] [81.0] [cxt 0] int-gtp-destination.p4(380) Primitive hdr.int_md[1].setInvalid()
[15:48:39.437] [bmv2] [T] [thread 360] [81.0] [cxt 0] int-gtp-destination.p4(381) Primitive hdr.int_md[2].setInvalid()
[15:48:39.437] [bmv2] [T] [thread 360] [81.0] [cxt 0] int-gtp-destination.p4(382) Primitive hdr.int_md[3].setInvalid()
[15:48:39.437] [bmv2] [T] [thread 360] [81.0] [cxt 0] int-gtp-destination.p4(383) Primitive hdr.int_md[4].setInvalid()
[15:48:39.437] [bmv2] [T] [thread 360] [81.0] [cxt 0] int-gtp-destination.p4(384) Primitive hdr.int_md[5].setInvalid()
[15:48:39.437] [bmv2] [T] [thread 360] [81.0] [cxt 0] int-gtp-destination.p4(385) Primitive hdr.int_md[6].setInvalid()
[15:48:39.437] [bmv2] [T] [thread 360] [81.0] [cxt 0] int-gtp-destination.p4(386) Primitive hdr.int_md[7].setInvalid()
[15:48:39.437] [bmv2] [D] [thread 360] [81.0] [cxt 0] Pipeline 'egress': end
[15:48:39.437] [bmv2] [D] [thread 360] [81.0] [cxt 0] Deparser 'deparser': start
[15:48:39.437] [bmv2] [D] [thread 360] [81.0] [cxt 0] Deparsing header 'ethernet'
[15:48:39.437] [bmv2] [D] [thread 360] [81.0] [cxt 0] Deparsing header 'ipv4_inner'
[15:48:39.437] [bmv2] [D] [thread 360] [81.0] [cxt 0] Deparsing header 'udp'
[15:48:39.437] [bmv2] [D] [thread 360] [81.0] [cxt 0] Deparsing header 'gtp_u'
[15:48:39.437] [bmv2] [D] [thread 360] [81.0] [cxt 0] Deparser 'deparser': end
[15:48:39.437] [bmv2] [D] [thread 363] [81.0] [cxt 0] Transmitting packet of size 142 out of port 1
[15:48:39.494] [bmv2] [D] [thread 358] [82.0] [cxt 0] Processing packet received on port 1
[15:48:39.495] [bmv2] [D] [thread 358] [82.0] [cxt 0] Parser 'parser': start
[15:48:39.495] [bmv2] [D] [thread 358] [82.0] [cxt 0] Parser 'parser' entering state 'start'
[15:48:39.495] [bmv2] [D] [thread 358] [82.0] [cxt 0] Extracting header 'ethernet'
[15:48:39.495] [bmv2] [D] [thread 358] [82.0] [cxt 0] Parser set: setting field 'scalars.metadata.ingress_port' from field 'standard_metadata.ingress_port' (1)
[15:48:39.495] [bmv2] [D] [thread 358] [82.0] [cxt 0] Parser set: setting field 'scalars.metadata.ingress_ts' from expression, new value is 199963463
[15:48:39.495] [bmv2] [D] [thread 358] [82.0] [cxt 0] Parser set: setting field 'scalars.metadata.md_blocks_extracted' to 0
[15:48:39.495] [bmv2] [D] [thread 358] [82.0] [cxt 0] Parser set: setting field 'scalars.metadata.is_int_packet' to 0
[15:48:39.495] [bmv2] [D] [thread 358] [82.0] [cxt 0] Parser state 'start': key is 0800
[15:48:39.495] [bmv2] [T] [thread 358] [82.0] [cxt 0] Bytes parsed: 14
[15:48:39.495] [bmv2] [D] [thread 358] [82.0] [cxt 0] Parser 'parser' entering state 'parse_ipv4'
[15:48:39.495] [bmv2] [D] [thread 358] [82.0] [cxt 0] Extracting header 'ipv4_inner'
[15:48:39.495] [bmv2] [D] [thread 358] [82.0] [cxt 0] Parser state 'parse_ipv4': key is 11
[15:48:39.495] [bmv2] [T] [thread 358] [82.0] [cxt 0] Bytes parsed: 34
[15:48:39.495] [bmv2] [D] [thread 358] [82.0] [cxt 0] Parser 'parser' entering state 'parse_udp'
[15:48:39.495] [bmv2] [D] [thread 358] [82.0] [cxt 0] Extracting header 'udp'
[15:48:39.495] [bmv2] [D] [thread 358] [82.0] [cxt 0] Parser set: setting field 'scalars.tmp' from expression, new value is 1
[15:48:39.495] [bmv2] [D] [thread 358] [82.0] [cxt 0] Parser state 'parse_udp': key is 01
[15:48:39.495] [bmv2] [T] [thread 358] [82.0] [cxt 0] Bytes parsed: 42
[15:48:39.495] [bmv2] [D] [thread 358] [82.0] [cxt 0] Parser 'parser' entering state 'parse_gtp_u'
[15:48:39.495] [bmv2] [D] [thread 358] [82.0] [cxt 0] Extracting header 'gtp_u'
[15:48:39.495] [bmv2] [D] [thread 358] [82.0] [cxt 0] Parser state 'parse_gtp_u' has no switch, going to default next state
[15:48:39.495] [bmv2] [T] [thread 358] [82.0] [cxt 0] Bytes parsed: 50
[15:48:39.495] [bmv2] [D] [thread 358] [82.0] [cxt 0] Parser 'parser': end
[15:48:39.495] [bmv2] [D] [thread 358] [82.0] [cxt 0] Pipeline 'ingress': start
[15:48:39.495] [bmv2] [T] [thread 358] [82.0] [cxt 0] Applying table 'tbl_intgtpdestination311'
[15:48:39.495] [bmv2] [D] [thread 358] [82.0] [cxt 0] Looking up key:

[15:48:39.495] [bmv2] [D] [thread 358] [82.0] [cxt 0] Table 'tbl_intgtpdestination311': miss
[15:48:39.495] [bmv2] [D] [thread 358] [82.0] [cxt 0] Action entry is intgtpdestination311 -
[15:48:39.495] [bmv2] [T] [thread 358] [82.0] [cxt 0] Action intgtpdestination311
[15:48:39.495] [bmv2] [T] [thread 358] [82.0] [cxt 0] int-gtp-destination.p4(311) Primitive meta.switch_id = 3
[15:48:39.495] [bmv2] [T] [thread 358] [82.0] [cxt 0] int-gtp-destination.p4(313) Condition "hdr.ethernet.isValid()" (node_3) is true
[15:48:39.495] [bmv2] [T] [thread 358] [82.0] [cxt 0] int-gtp-destination.p4(314) Condition "hdr.int_shim.isValid()" (node_4) is false
[15:48:39.495] [bmv2] [T] [thread 358] [82.0] [cxt 0] int-gtp-destination.p4(339) Condition "hdr.ipv4_inner.isValid()" (node_8) is true
[15:48:39.495] [bmv2] [T] [thread 358] [82.0] [cxt 0] Applying table 'MyIngress.ipv4_lpm'
[15:48:39.495] [bmv2] [D] [thread 358] [82.0] [cxt 0] Looking up key:
* hdr.ipv4_inner.dstAddr: ac120a03

[15:48:39.495] [bmv2] [D] [thread 358] [82.0] [cxt 0] Table 'MyIngress.ipv4_lpm': hit with handle 2
[15:48:39.495] [bmv2] [D] [thread 358] [82.0] [cxt 0] Dumping entry 2
Match key:
* hdr.ipv4_inner.dstAddr: LPM       ac120a03/32
Action entry: MyIngress.forward_action - 2,

[15:48:39.495] [bmv2] [D] [thread 358] [82.0] [cxt 0] Action entry is MyIngress.forward_action - 2,
[15:48:39.495] [bmv2] [T] [thread 358] [82.0] [cxt 0] Action MyIngress.forward_action
[15:48:39.495] [bmv2] [T] [thread 358] [82.0] [cxt 0] int-gtp-destination.p4(283) Primitive standard_metadata.egress_spec = egress_port
[15:48:39.495] [bmv2] [D] [thread 358] [82.0] [cxt 0] Pipeline 'ingress': end
[15:48:39.495] [bmv2] [D] [thread 358] [82.0] [cxt 0] Egress port is 2
[15:48:39.495] [bmv2] [D] [thread 361] [82.0] [cxt 0] Pipeline 'egress': start
[15:48:39.495] [bmv2] [T] [thread 361] [82.0] [cxt 0] int-gtp-destination.p4(402) Condition "hdr.int_shim.isValid()" (node_12) is false
[15:48:39.495] [bmv2] [D] [thread 361] [82.0] [cxt 0] Pipeline 'egress': end
[15:48:39.495] [bmv2] [D] [thread 361] [82.0] [cxt 0] Deparser 'deparser': start
[15:48:39.495] [bmv2] [D] [thread 361] [82.0] [cxt 0] Deparsing header 'ethernet'
[15:48:39.495] [bmv2] [D] [thread 361] [82.0] [cxt 0] Deparsing header 'ipv4_inner'
[15:48:39.495] [bmv2] [D] [thread 361] [82.0] [cxt 0] Deparsing header 'udp'
[15:48:39.495] [bmv2] [D] [thread 361] [82.0] [cxt 0] Deparsing header 'gtp_u'
[15:48:39.495] [bmv2] [D] [thread 361] [82.0] [cxt 0] Deparser 'deparser': end
[15:48:39.495] [bmv2] [D] [thread 363] [82.0] [cxt 0] Transmitting packet of size 142 out of port 2
[15:48:40.450] [bmv2] [D] [thread 358] [83.0] [cxt 0] Processing packet received on port 2
[15:48:40.450] [bmv2] [D] [thread 358] [83.0] [cxt 0] Parser 'parser': start
[15:48:40.450] [bmv2] [D] [thread 358] [83.0] [cxt 0] Parser 'parser' entering state 'start'
[15:48:40.450] [bmv2] [D] [thread 358] [83.0] [cxt 0] Extracting header 'ethernet'
[15:48:40.450] [bmv2] [D] [thread 358] [83.0] [cxt 0] Parser set: setting field 'scalars.metadata.ingress_port' from field 'standard_metadata.ingress_port' (2)
[15:48:40.450] [bmv2] [D] [thread 358] [83.0] [cxt 0] Parser set: setting field 'scalars.metadata.ingress_ts' from expression, new value is 200919201
[15:48:40.450] [bmv2] [D] [thread 358] [83.0] [cxt 0] Parser set: setting field 'scalars.metadata.md_blocks_extracted' to 0
[15:48:40.450] [bmv2] [D] [thread 358] [83.0] [cxt 0] Parser set: setting field 'scalars.metadata.is_int_packet' to 0
[15:48:40.450] [bmv2] [D] [thread 358] [83.0] [cxt 0] Parser state 'start': key is 00fa
[15:48:40.450] [bmv2] [T] [thread 358] [83.0] [cxt 0] Bytes parsed: 14
[15:48:40.450] [bmv2] [D] [thread 358] [83.0] [cxt 0] Parser 'parser' entering state 'parse_int_shim'
[15:48:40.450] [bmv2] [D] [thread 358] [83.0] [cxt 0] Extracting header 'int_shim'
[15:48:40.450] [bmv2] [D] [thread 358] [83.0] [cxt 0] Parser set: setting field 'scalars.metadata.is_int_packet' to 1
[15:48:40.450] [bmv2] [D] [thread 358] [83.0] [cxt 0] Extracting header 'int_header'
[15:48:40.450] [bmv2] [D] [thread 358] [83.0] [cxt 0] Parser set: setting field 'scalars.metadata.md_blocks_extracted' from expression, new value is 251
[15:48:40.450] [bmv2] [D] [thread 358] [83.0] [cxt 0] Extracting header 'int_md[0]'
[15:48:40.450] [bmv2] [D] [thread 358] [83.0] [cxt 0] Extracting header 'int_md[1]'
[15:48:40.450] [bmv2] [D] [thread 358] [83.0] [cxt 0] Parser state 'parse_int_shim': key is 0800
[15:48:40.450] [bmv2] [T] [thread 358] [83.0] [cxt 0] Bytes parsed: 83
[15:48:40.450] [bmv2] [D] [thread 358] [83.0] [cxt 0] Parser 'parser' entering state 'parse_encapsulated_ipv4'
[15:48:40.450] [bmv2] [D] [thread 358] [83.0] [cxt 0] Extracting header 'ipv4_inner'
[15:48:40.450] [bmv2] [D] [thread 358] [83.0] [cxt 0] Parser state 'parse_encapsulated_ipv4': key is 11
[15:48:40.450] [bmv2] [T] [thread 358] [83.0] [cxt 0] Bytes parsed: 103
[15:48:40.450] [bmv2] [D] [thread 358] [83.0] [cxt 0] Parser 'parser' entering state 'parse_encapsulated_udp'
[15:48:40.450] [bmv2] [D] [thread 358] [83.0] [cxt 0] Extracting header 'udp'
[15:48:40.450] [bmv2] [D] [thread 358] [83.0] [cxt 0] Parser set: setting field 'scalars.tmp_0' from expression, new value is 1
[15:48:40.450] [bmv2] [D] [thread 358] [83.0] [cxt 0] Parser state 'parse_encapsulated_udp': key is 01
[15:48:40.450] [bmv2] [T] [thread 358] [83.0] [cxt 0] Bytes parsed: 111
[15:48:40.450] [bmv2] [D] [thread 358] [83.0] [cxt 0] Parser 'parser' entering state 'parse_encapsulated_gtp_u'
[15:48:40.450] [bmv2] [D] [thread 358] [83.0] [cxt 0] Extracting header 'gtp_u'
[15:48:40.450] [bmv2] [D] [thread 358] [83.0] [cxt 0] Parser state 'parse_encapsulated_gtp_u' has no switch, going to default next state
[15:48:40.450] [bmv2] [T] [thread 358] [83.0] [cxt 0] Bytes parsed: 119
[15:48:40.450] [bmv2] [D] [thread 358] [83.0] [cxt 0] Parser 'parser': end
[15:48:40.450] [bmv2] [D] [thread 358] [83.0] [cxt 0] Pipeline 'ingress': start
[15:48:40.450] [bmv2] [T] [thread 358] [83.0] [cxt 0] Applying table 'tbl_intgtpdestination311'
[15:48:40.450] [bmv2] [D] [thread 358] [83.0] [cxt 0] Looking up key:

[15:48:40.450] [bmv2] [D] [thread 358] [83.0] [cxt 0] Table 'tbl_intgtpdestination311': miss
[15:48:40.450] [bmv2] [D] [thread 358] [83.0] [cxt 0] Action entry is intgtpdestination311 -
[15:48:40.450] [bmv2] [T] [thread 358] [83.0] [cxt 0] Action intgtpdestination311
[15:48:40.450] [bmv2] [T] [thread 358] [83.0] [cxt 0] int-gtp-destination.p4(311) Primitive meta.switch_id = 3
[15:48:40.450] [bmv2] [T] [thread 358] [83.0] [cxt 0] int-gtp-destination.p4(313) Condition "hdr.ethernet.isValid()" (node_3) is true
[15:48:40.450] [bmv2] [T] [thread 358] [83.0] [cxt 0] int-gtp-destination.p4(314) Condition "hdr.int_shim.isValid()" (node_4) is true
[15:48:40.450] [bmv2] [T] [thread 358] [83.0] [cxt 0] int-gtp-destination.p4(316) Condition "hdr.int_header.remaining_hop_cnt > 0" (node_5) is true
[15:48:40.450] [bmv2] [T] [thread 358] [83.0] [cxt 0] Applying table 'tbl_intgtpdestination317'
[15:48:40.450] [bmv2] [D] [thread 358] [83.0] [cxt 0] Looking up key:

[15:48:40.450] [bmv2] [D] [thread 358] [83.0] [cxt 0] Table 'tbl_intgtpdestination317': miss
[15:48:40.450] [bmv2] [D] [thread 358] [83.0] [cxt 0] Action entry is intgtpdestination317 -
[15:48:40.450] [bmv2] [T] [thread 358] [83.0] [cxt 0] Action intgtpdestination317
[15:48:40.450] [bmv2] [T] [thread 358] [83.0] [cxt 0] int-gtp-destination.p4(317) Primitive hdr.int_md[2].setValid()
[15:48:40.450] [bmv2] [T] [thread 358] [83.0] [cxt 0] int-gtp-destination.p4(318) Primitive hdr.int_md[2].padding_switch = 0
[15:48:40.450] [bmv2] [T] [thread 358] [83.0] [cxt 0] int-gtp-destination.p4(319) Primitive hdr.int_md[2].switch_id = (bit<16>)meta.switch_id
[15:48:40.450] [bmv2] [T] [thread 358] [83.0] [cxt 0] int-gtp-destination.p4(320) Primitive hdr.int_md[2].ingress_port_id = (bit<16>)meta.ingress_port
[15:48:40.450] [bmv2] [T] [thread 358] [83.0] [cxt 0] int-gtp-destination.p4(321) Primitive hdr.int_md[2].ingress_timestamp = meta.ingress_ts
[15:48:40.451] [bmv2] [T] [thread 358] [83.0] [cxt 0] int-gtp-destination.p4(322) Primitive hdr.int_md[2].egress_port_id = 0
[15:48:40.451] [bmv2] [T] [thread 358] [83.0] [cxt 0] int-gtp-destination.p4(323) Primitive hdr.int_md[2].hop_latency = 0
[15:48:40.451] [bmv2] [T] [thread 358] [83.0] [cxt 0] int-gtp-destination.p4(324) Primitive hdr.int_md[2].egress_timestamp = 0
[15:48:40.451] [bmv2] [T] [thread 358] [83.0] [cxt 0] int-gtp-destination.p4(325) Primitive hdr.int_md[2].queue_occupancy = 0
[15:48:40.451] [bmv2] [T] [thread 358] [83.0] [cxt 0] int-gtp-destination.p4(326) Primitive hdr.int_md[2].congestion_notification = 0
[15:48:40.451] [bmv2] [T] [thread 358] [83.0] [cxt 0] int-gtp-destination.p4(327) Primitive hdr.int_md[2].reserved1 = 0
[15:48:40.451] [bmv2] [T] [thread 358] [83.0] [cxt 0] int-gtp-destination.p4(328) Primitive hdr.int_md[2].reserved2 = 0
[15:48:40.451] [bmv2] [T] [thread 358] [83.0] [cxt 0] int-gtp-destination.p4(330) Primitive hdr.int_header.remaining_hop_cnt = hdr.int_header.remaining_hop_cnt - 1
[15:48:40.451] [bmv2] [T] [thread 358] [83.0] [cxt 0] int-gtp-destination.p4(331) Primitive hdr.int_shim.length = hdr.int_shim.length + 32
[15:48:40.451] [bmv2] [T] [thread 358] [83.0] [cxt 0] Applying table 'MyIngress.int_sink_table'
[15:48:40.451] [bmv2] [D] [thread 358] [83.0] [cxt 0] Looking up key:
* hdr.int_shim.$valid$: 01

[15:48:40.451] [bmv2] [D] [thread 358] [83.0] [cxt 0] Table 'MyIngress.int_sink_table': hit with handle 0
[15:48:40.451] [bmv2] [D] [thread 358] [83.0] [cxt 0] Dumping entry 0
Match key:
* hdr.int_shim.$valid$: EXACT     01
Action entry: MyIngress.int_sink_action -

[15:48:40.451] [bmv2] [D] [thread 358] [83.0] [cxt 0] Action entry is MyIngress.int_sink_action -
[15:48:40.451] [bmv2] [T] [thread 358] [83.0] [cxt 0] Action MyIngress.int_sink_action
[15:48:40.451] [bmv2] [T] [thread 358] [83.0] [cxt 0] int-gtp-destination.p4(278) Primitive meta.clone_port = 9
[15:48:40.451] [bmv2] [T] [thread 358] [83.0] [cxt 0] int-gtp-destination.p4(279) Primitive clone_preserving_field_list(CloneType.I2E, 99, 99)
[15:48:40.451] [bmv2] [T] [thread 358] [83.0] [cxt 0] int-gtp-destination.p4(339) Condition "hdr.ipv4_inner.isValid()" (node_8) is true
[15:48:40.451] [bmv2] [T] [thread 358] [83.0] [cxt 0] Applying table 'MyIngress.ipv4_lpm'
[15:48:40.451] [bmv2] [D] [thread 358] [83.0] [cxt 0] Looking up key:
* hdr.ipv4_inner.dstAddr: ac120018

[15:48:40.451] [bmv2] [D] [thread 358] [83.0] [cxt 0] Table 'MyIngress.ipv4_lpm': hit with handle 1
[15:48:40.451] [bmv2] [D] [thread 358] [83.0] [cxt 0] Dumping entry 1
Match key:
* hdr.ipv4_inner.dstAddr: LPM       ac120018/32
Action entry: MyIngress.forward_action - 1,

[15:48:40.451] [bmv2] [D] [thread 358] [83.0] [cxt 0] Action entry is MyIngress.forward_action - 1,
[15:48:40.451] [bmv2] [T] [thread 358] [83.0] [cxt 0] Action MyIngress.forward_action
[15:48:40.451] [bmv2] [T] [thread 358] [83.0] [cxt 0] int-gtp-destination.p4(283) Primitive standard_metadata.egress_spec = egress_port
[15:48:40.451] [bmv2] [D] [thread 358] [83.0] [cxt 0] Pipeline 'ingress': end
[15:48:40.451] [bmv2] [D] [thread 358] [83.0] [cxt 0] Cloning packet at ingress
[15:48:40.451] [bmv2] [D] [thread 358] [83.1] [cxt 0] Parser 'parser': start
[15:48:40.451] [bmv2] [D] [thread 358] [83.1] [cxt 0] Parser 'parser' entering state 'start'
[15:48:40.451] [bmv2] [D] [thread 358] [83.1] [cxt 0] Extracting header 'ethernet'
[15:48:40.451] [bmv2] [D] [thread 358] [83.1] [cxt 0] Parser set: setting field 'scalars.metadata.ingress_port' from field 'standard_metadata.ingress_port' (2)
[15:48:40.451] [bmv2] [D] [thread 358] [83.1] [cxt 0] Parser set: setting field 'scalars.metadata.ingress_ts' from expression, new value is 0
[15:48:40.451] [bmv2] [D] [thread 358] [83.1] [cxt 0] Parser set: setting field 'scalars.metadata.md_blocks_extracted' to 0
[15:48:40.451] [bmv2] [D] [thread 358] [83.1] [cxt 0] Parser set: setting field 'scalars.metadata.is_int_packet' to 0
[15:48:40.451] [bmv2] [D] [thread 358] [83.1] [cxt 0] Parser state 'start': key is 00fa
[15:48:40.451] [bmv2] [T] [thread 358] [83.1] [cxt 0] Bytes parsed: 14
[15:48:40.451] [bmv2] [D] [thread 358] [83.1] [cxt 0] Parser 'parser' entering state 'parse_int_shim'
[15:48:40.451] [bmv2] [D] [thread 358] [83.1] [cxt 0] Extracting header 'int_shim'
[15:48:40.451] [bmv2] [D] [thread 358] [83.1] [cxt 0] Parser set: setting field 'scalars.metadata.is_int_packet' to 1
[15:48:40.451] [bmv2] [D] [thread 358] [83.1] [cxt 0] Extracting header 'int_header'
[15:48:40.451] [bmv2] [D] [thread 358] [83.1] [cxt 0] Parser set: setting field 'scalars.metadata.md_blocks_extracted' from expression, new value is 251
[15:48:40.451] [bmv2] [D] [thread 358] [83.1] [cxt 0] Extracting header 'int_md[0]'
[15:48:40.451] [bmv2] [D] [thread 358] [83.1] [cxt 0] Extracting header 'int_md[1]'
[15:48:40.451] [bmv2] [D] [thread 358] [83.1] [cxt 0] Parser state 'parse_int_shim': key is 0800
[15:48:40.451] [bmv2] [T] [thread 358] [83.1] [cxt 0] Bytes parsed: 83
[15:48:40.451] [bmv2] [D] [thread 358] [83.1] [cxt 0] Parser 'parser' entering state 'parse_encapsulated_ipv4'
[15:48:40.451] [bmv2] [D] [thread 358] [83.1] [cxt 0] Extracting header 'ipv4_inner'
[15:48:40.451] [bmv2] [D] [thread 358] [83.1] [cxt 0] Parser state 'parse_encapsulated_ipv4': key is 11
[15:48:40.451] [bmv2] [T] [thread 358] [83.1] [cxt 0] Bytes parsed: 103
[15:48:40.451] [bmv2] [D] [thread 358] [83.1] [cxt 0] Parser 'parser' entering state 'parse_encapsulated_udp'
[15:48:40.451] [bmv2] [D] [thread 358] [83.1] [cxt 0] Extracting header 'udp'
[15:48:40.451] [bmv2] [D] [thread 358] [83.1] [cxt 0] Parser set: setting field 'scalars.tmp_0' from expression, new value is 1
[15:48:40.451] [bmv2] [D] [thread 358] [83.1] [cxt 0] Parser state 'parse_encapsulated_udp': key is 01
[15:48:40.451] [bmv2] [T] [thread 358] [83.1] [cxt 0] Bytes parsed: 111
[15:48:40.451] [bmv2] [D] [thread 358] [83.1] [cxt 0] Parser 'parser' entering state 'parse_encapsulated_gtp_u'
[15:48:40.451] [bmv2] [D] [thread 358] [83.1] [cxt 0] Extracting header 'gtp_u'
[15:48:40.451] [bmv2] [D] [thread 358] [83.1] [cxt 0] Parser state 'parse_encapsulated_gtp_u' has no switch, going to default next state
[15:48:40.451] [bmv2] [T] [thread 358] [83.1] [cxt 0] Bytes parsed: 119
[15:48:40.451] [bmv2] [D] [thread 358] [83.1] [cxt 0] Parser 'parser': end
[15:48:40.451] [bmv2] [D] [thread 358] [83.0] [cxt 0] Cloning packet to egress port 9
[15:48:40.451] [bmv2] [D] [thread 358] [83.0] [cxt 0] Egress port is 1
[15:48:40.451] [bmv2] [D] [thread 360] [83.1] [cxt 0] Pipeline 'egress': start
[15:48:40.451] [bmv2] [T] [thread 360] [83.1] [cxt 0] int-gtp-destination.p4(402) Condition "hdr.int_shim.isValid()" (node_12) is true
[15:48:40.451] [bmv2] [T] [thread 360] [83.1] [cxt 0] Applying table 'tbl_update_int_metadata'
[15:48:40.451] [bmv2] [D] [thread 360] [83.1] [cxt 0] Looking up key:

[15:48:40.451] [bmv2] [D] [thread 360] [83.1] [cxt 0] Table 'tbl_update_int_metadata': miss
[15:48:40.451] [bmv2] [D] [thread 360] [83.1] [cxt 0] Action entry is MyEgress.update_int_metadata -
[15:48:40.451] [bmv2] [T] [thread 360] [83.1] [cxt 0] Action MyEgress.update_int_metadata
[15:48:40.451] [bmv2] [T] [thread 360] [83.1] [cxt 0] int-gtp-destination.p4(352) Primitive if
[15:48:40.451] [bmv2] [T] [thread 360] [83.1] [cxt 0] int-gtp-destination.p4(353) Primitive hdr.int_md[2].setValid()
[15:48:40.451] [bmv2] [T] [thread 360] [83.1] [cxt 0] int-gtp-destination.p4(354) Primitive hdr.int_md[2].padding_switch = 0
[15:48:40.451] [bmv2] [T] [thread 360] [83.1] [cxt 0] int-gtp-destination.p4(355) Primitive hdr.int_md[2].switch_id = (bit<16>)meta.switch_id
[15:48:40.451] [bmv2] [T] [thread 360] [83.1] [cxt 0] int-gtp-destination.p4(356) Primitive hdr.int_md[2].ingress_port_id = (bit<16>)meta.ingress_port
[15:48:40.451] [bmv2] [T] [thread 360] [83.1] [cxt 0] int-gtp-destination.p4(357) Primitive hdr.int_md[2].ingress_timestamp = meta.ingress_ts
[15:48:40.451] [bmv2] [T] [thread 360] [83.1] [cxt 0] int-gtp-destination.p4(362) Primitive hdr.int_md[2].congestion_notification = 0
[15:48:40.451] [bmv2] [T] [thread 360] [83.1] [cxt 0] int-gtp-destination.p4(363) Primitive hdr.int_md[2].reserved1 = 0
[15:48:40.451] [bmv2] [T] [thread 360] [83.1] [cxt 0] int-gtp-destination.p4(364) Primitive hdr.int_md[2].reserved2 = 0
[15:48:40.451] [bmv2] [T] [thread 360] [83.1] [cxt 0] int-gtp-destination.p4(368) Primitive hdr.int_md[2].egress_port_id = (bit<16>)standard_metadata.egress_port
[15:48:40.451] [bmv2] [T] [thread 360] [83.1] [cxt 0] int-gtp-destination.p4(369) Primitive hdr.int_md[2].egress_timestamp = (bit<32>)standard_metadata.egress_global_timestamp
[15:48:40.451] [bmv2] [T] [thread 360] [83.1] [cxt 0] int-gtp-destination.p4(370) Primitive hdr.int_md[2].hop_latency = hdr.int_md[2].egress_timestamp - hdr.int_md[2].ingress_timestamp
[15:48:40.451] [bmv2] [T] [thread 360] [83.1] [cxt 0] int-gtp-destination.p4(371) Primitive hdr.int_md[2].queue_occupancy = (bit<32>)standard_metadata.enq_qdepth
[15:48:40.451] [bmv2] [T] [thread 360] [83.1] [cxt 0] int-gtp-destination.p4(408) Condition "standard_metadata.instance_type == 1 || standard_metadata.egress_port == 9" (node_14) is true
[15:48:40.451] [bmv2] [D] [thread 360] [83.1] [cxt 0] Pipeline 'egress': end
[15:48:40.451] [bmv2] [D] [thread 360] [83.1] [cxt 0] Deparser 'deparser': start
[15:48:40.451] [bmv2] [D] [thread 360] [83.1] [cxt 0] Deparsing header 'ethernet'
[15:48:40.451] [bmv2] [D] [thread 360] [83.1] [cxt 0] Deparsing header 'int_shim'
[15:48:40.451] [bmv2] [D] [thread 360] [83.1] [cxt 0] Deparsing header 'int_header'
[15:48:40.451] [bmv2] [D] [thread 360] [83.1] [cxt 0] Deparsing header 'int_md[0]'
[15:48:40.451] [bmv2] [D] [thread 360] [83.1] [cxt 0] Deparsing header 'int_md[1]'
[15:48:40.451] [bmv2] [D] [thread 360] [83.1] [cxt 0] Deparsing header 'int_md[2]'
[15:48:40.451] [bmv2] [D] [thread 360] [83.1] [cxt 0] Deparsing header 'ipv4_inner'
[15:48:40.451] [bmv2] [D] [thread 360] [83.1] [cxt 0] Deparsing header 'udp'
[15:48:40.451] [bmv2] [D] [thread 360] [83.1] [cxt 0] Deparsing header 'gtp_u'
[15:48:40.451] [bmv2] [D] [thread 360] [83.1] [cxt 0] Deparser 'deparser': end
[15:48:40.452] [bmv2] [D] [thread 360] [83.0] [cxt 0] Pipeline 'egress': start
[15:48:40.452] [bmv2] [D] [thread 363] [83.1] [cxt 0] Transmitting packet of size 239 out of port 9
[15:48:40.452] [bmv2] [T] [thread 360] [83.0] [cxt 0] int-gtp-destination.p4(402) Condition "hdr.int_shim.isValid()" (node_12) is true
[15:48:40.452] [bmv2] [T] [thread 360] [83.0] [cxt 0] Applying table 'tbl_update_int_metadata'
[15:48:40.452] [bmv2] [D] [thread 360] [83.0] [cxt 0] Looking up key:

[15:48:40.452] [bmv2] [D] [thread 360] [83.0] [cxt 0] Table 'tbl_update_int_metadata': miss
[15:48:40.452] [bmv2] [D] [thread 360] [83.0] [cxt 0] Action entry is MyEgress.update_int_metadata -
[15:48:40.452] [bmv2] [T] [thread 360] [83.0] [cxt 0] Action MyEgress.update_int_metadata
[15:48:40.452] [bmv2] [T] [thread 360] [83.0] [cxt 0] int-gtp-destination.p4(352) Primitive if
[15:48:40.452] [bmv2] [T] [thread 360] [83.0] [cxt 0] int-gtp-destination.p4(352) Primitive if
[15:48:40.452] [bmv2] [T] [thread 360] [83.0] [cxt 0] int-gtp-destination.p4(368) Primitive hdr.int_md[2].egress_port_id = (bit<16>)standard_metadata.egress_port
[15:48:40.452] [bmv2] [T] [thread 360] [83.0] [cxt 0] int-gtp-destination.p4(369) Primitive hdr.int_md[2].egress_timestamp = (bit<32>)standard_metadata.egress_global_timestamp
[15:48:40.452] [bmv2] [T] [thread 360] [83.0] [cxt 0] int-gtp-destination.p4(370) Primitive hdr.int_md[2].hop_latency = hdr.int_md[2].egress_timestamp - hdr.int_md[2].ingress_timestamp
[15:48:40.452] [bmv2] [T] [thread 360] [83.0] [cxt 0] int-gtp-destination.p4(371) Primitive hdr.int_md[2].queue_occupancy = (bit<32>)standard_metadata.enq_qdepth
[15:48:40.452] [bmv2] [T] [thread 360] [83.0] [cxt 0] int-gtp-destination.p4(408) Condition "standard_metadata.instance_type == 1 || standard_metadata.egress_port == 9" (node_14) is false
[15:48:40.452] [bmv2] [T] [thread 360] [83.0] [cxt 0] Applying table 'MyEgress.egress_control'
[15:48:40.452] [bmv2] [D] [thread 360] [83.0] [cxt 0] Looking up key:
* standard_metadata.egress_port: 0001

[15:48:40.452] [bmv2] [D] [thread 360] [83.0] [cxt 0] Table 'MyEgress.egress_control': hit with handle 0
[15:48:40.452] [bmv2] [D] [thread 360] [83.0] [cxt 0] Dumping entry 0
Match key:
* standard_metadata.egress_port: EXACT     0001
Action entry: MyEgress.strip_int_headers -

[15:48:40.452] [bmv2] [D] [thread 360] [83.0] [cxt 0] Action entry is MyEgress.strip_int_headers -
[15:48:40.452] [bmv2] [T] [thread 360] [83.0] [cxt 0] Action MyEgress.strip_int_headers
[15:48:40.452] [bmv2] [T] [thread 360] [83.0] [cxt 0] int-gtp-destination.p4(375) Primitive hdr.ethernet.etherType = hdr.int_shim.next_proto
[15:48:40.452] [bmv2] [T] [thread 360] [83.0] [cxt 0] int-gtp-destination.p4(376) Primitive hdr.int_shim.setInvalid()
[15:48:40.452] [bmv2] [T] [thread 360] [83.0] [cxt 0] int-gtp-destination.p4(377) Primitive hdr.int_header.setInvalid()
[15:48:40.452] [bmv2] [T] [thread 360] [83.0] [cxt 0] int-gtp-destination.p4(379) Primitive hdr.int_md[0].setInvalid()
[15:48:40.452] [bmv2] [T] [thread 360] [83.0] [cxt 0] int-gtp-destination.p4(380) Primitive hdr.int_md[1].setInvalid()
[15:48:40.452] [bmv2] [T] [thread 360] [83.0] [cxt 0] int-gtp-destination.p4(381) Primitive hdr.int_md[2].setInvalid()
[15:48:40.452] [bmv2] [T] [thread 360] [83.0] [cxt 0] int-gtp-destination.p4(382) Primitive hdr.int_md[3].setInvalid()
[15:48:40.452] [bmv2] [T] [thread 360] [83.0] [cxt 0] int-gtp-destination.p4(383) Primitive hdr.int_md[4].setInvalid()
[15:48:40.452] [bmv2] [T] [thread 360] [83.0] [cxt 0] int-gtp-destination.p4(384) Primitive hdr.int_md[5].setInvalid()
[15:48:40.452] [bmv2] [T] [thread 360] [83.0] [cxt 0] int-gtp-destination.p4(385) Primitive hdr.int_md[6].setInvalid()
[15:48:40.452] [bmv2] [T] [thread 360] [83.0] [cxt 0] int-gtp-destination.p4(386) Primitive hdr.int_md[7].setInvalid()
[15:48:40.452] [bmv2] [D] [thread 360] [83.0] [cxt 0] Pipeline 'egress': end
[15:48:40.452] [bmv2] [D] [thread 360] [83.0] [cxt 0] Deparser 'deparser': start
[15:48:40.452] [bmv2] [D] [thread 360] [83.0] [cxt 0] Deparsing header 'ethernet'
[15:48:40.452] [bmv2] [D] [thread 360] [83.0] [cxt 0] Deparsing header 'ipv4_inner'
[15:48:40.452] [bmv2] [D] [thread 360] [83.0] [cxt 0] Deparsing header 'udp'
[15:48:40.452] [bmv2] [D] [thread 360] [83.0] [cxt 0] Deparsing header 'gtp_u'
[15:48:40.452] [bmv2] [D] [thread 360] [83.0] [cxt 0] Deparser 'deparser': end
[15:48:40.452] [bmv2] [D] [thread 363] [83.0] [cxt 0] Transmitting packet of size 142 out of port 1
[15:48:40.461] [bmv2] [D] [thread 358] [84.0] [cxt 0] Processing packet received on port 1
[15:48:40.461] [bmv2] [D] [thread 358] [84.0] [cxt 0] Parser 'parser': start
[15:48:40.461] [bmv2] [D] [thread 358] [84.0] [cxt 0] Parser 'parser' entering state 'start'
[15:48:40.461] [bmv2] [D] [thread 358] [84.0] [cxt 0] Extracting header 'ethernet'
[15:48:40.461] [bmv2] [D] [thread 358] [84.0] [cxt 0] Parser set: setting field 'scalars.metadata.ingress_port' from field 'standard_metadata.ingress_port' (1)
[15:48:40.461] [bmv2] [D] [thread 358] [84.0] [cxt 0] Parser set: setting field 'scalars.metadata.ingress_ts' from expression, new value is 200929572
[15:48:40.461] [bmv2] [D] [thread 358] [84.0] [cxt 0] Parser set: setting field 'scalars.metadata.md_blocks_extracted' to 0
[15:48:40.461] [bmv2] [D] [thread 358] [84.0] [cxt 0] Parser set: setting field 'scalars.metadata.is_int_packet' to 0
[15:48:40.461] [bmv2] [D] [thread 358] [84.0] [cxt 0] Parser state 'start': key is 0800
[15:48:40.461] [bmv2] [T] [thread 358] [84.0] [cxt 0] Bytes parsed: 14
[15:48:40.461] [bmv2] [D] [thread 358] [84.0] [cxt 0] Parser 'parser' entering state 'parse_ipv4'
[15:48:40.461] [bmv2] [D] [thread 358] [84.0] [cxt 0] Extracting header 'ipv4_inner'
[15:48:40.461] [bmv2] [D] [thread 358] [84.0] [cxt 0] Parser state 'parse_ipv4': key is 84
[15:48:40.461] [bmv2] [T] [thread 358] [84.0] [cxt 0] Bytes parsed: 34
[15:48:40.461] [bmv2] [D] [thread 358] [84.0] [cxt 0] Parser 'parser' entering state 'parse_sctp_common'
[15:48:40.461] [bmv2] [D] [thread 358] [84.0] [cxt 0] Extracting header 'sctp'
[15:48:40.461] [bmv2] [D] [thread 358] [84.0] [cxt 0] Extracting header 'sctp_chunk'
[15:48:40.461] [bmv2] [D] [thread 358] [84.0] [cxt 0] Parser state 'parse_sctp_common': key is 04
[15:48:40.461] [bmv2] [T] [thread 358] [84.0] [cxt 0] Bytes parsed: 50
[15:48:40.461] [bmv2] [D] [thread 358] [84.0] [cxt 0] Parser 'parser': end
[15:48:40.461] [bmv2] [D] [thread 358] [84.0] [cxt 0] Pipeline 'ingress': start
[15:48:40.461] [bmv2] [T] [thread 358] [84.0] [cxt 0] Applying table 'tbl_intgtpdestination311'
[15:48:40.461] [bmv2] [D] [thread 358] [84.0] [cxt 0] Looking up key:

[15:48:40.461] [bmv2] [D] [thread 358] [84.0] [cxt 0] Table 'tbl_intgtpdestination311': miss
[15:48:40.461] [bmv2] [D] [thread 358] [84.0] [cxt 0] Action entry is intgtpdestination311 -
[15:48:40.461] [bmv2] [T] [thread 358] [84.0] [cxt 0] Action intgtpdestination311
[15:48:40.461] [bmv2] [T] [thread 358] [84.0] [cxt 0] int-gtp-destination.p4(311) Primitive meta.switch_id = 3
[15:48:40.461] [bmv2] [T] [thread 358] [84.0] [cxt 0] int-gtp-destination.p4(313) Condition "hdr.ethernet.isValid()" (node_3) is true
[15:48:40.461] [bmv2] [T] [thread 358] [84.0] [cxt 0] int-gtp-destination.p4(314) Condition "hdr.int_shim.isValid()" (node_4) is false
[15:48:40.461] [bmv2] [T] [thread 358] [84.0] [cxt 0] int-gtp-destination.p4(339) Condition "hdr.ipv4_inner.isValid()" (node_8) is true
[15:48:40.461] [bmv2] [T] [thread 358] [84.0] [cxt 0] Applying table 'MyIngress.ipv4_lpm'
[15:48:40.461] [bmv2] [D] [thread 358] [84.0] [cxt 0] Looking up key:
* hdr.ipv4_inner.dstAddr: ac120a03

[15:48:40.461] [bmv2] [D] [thread 358] [84.0] [cxt 0] Table 'MyIngress.ipv4_lpm': hit with handle 2
[15:48:40.461] [bmv2] [D] [thread 358] [84.0] [cxt 0] Dumping entry 2
Match key:
* hdr.ipv4_inner.dstAddr: LPM       ac120a03/32
Action entry: MyIngress.forward_action - 2,

[15:48:40.461] [bmv2] [D] [thread 358] [84.0] [cxt 0] Action entry is MyIngress.forward_action - 2,
[15:48:40.461] [bmv2] [T] [thread 358] [84.0] [cxt 0] Action MyIngress.forward_action
[15:48:40.461] [bmv2] [T] [thread 358] [84.0] [cxt 0] int-gtp-destination.p4(283) Primitive standard_metadata.egress_spec = egress_port
[15:48:40.461] [bmv2] [D] [thread 358] [84.0] [cxt 0] Pipeline 'ingress': end
[15:48:40.461] [bmv2] [D] [thread 358] [84.0] [cxt 0] Egress port is 2
[15:48:40.461] [bmv2] [D] [thread 361] [84.0] [cxt 0] Pipeline 'egress': start
[15:48:40.461] [bmv2] [T] [thread 361] [84.0] [cxt 0] int-gtp-destination.p4(402) Condition "hdr.int_shim.isValid()" (node_12) is false
[15:48:40.461] [bmv2] [D] [thread 361] [84.0] [cxt 0] Pipeline 'egress': end
[15:48:40.462] [bmv2] [D] [thread 361] [84.0] [cxt 0] Deparser 'deparser': start
[15:48:40.462] [bmv2] [D] [thread 361] [84.0] [cxt 0] Deparsing header 'ethernet'
[15:48:40.462] [bmv2] [D] [thread 361] [84.0] [cxt 0] Deparsing header 'ipv4_inner'
[15:48:40.462] [bmv2] [D] [thread 361] [84.0] [cxt 0] Deparsing header 'sctp'
[15:48:40.462] [bmv2] [D] [thread 361] [84.0] [cxt 0] Deparsing header 'sctp_chunk'
[15:48:40.462] [bmv2] [D] [thread 361] [84.0] [cxt 0] Deparser 'deparser': end
[15:48:40.462] [bmv2] [D] [thread 363] [84.0] [cxt 0] Transmitting packet of size 106 out of port 2
[15:48:40.484] [bmv2] [D] [thread 358] [85.0] [cxt 0] Processing packet received on port 2
[15:48:40.484] [bmv2] [D] [thread 358] [85.0] [cxt 0] Parser 'parser': start
[15:48:40.484] [bmv2] [D] [thread 358] [85.0] [cxt 0] Parser 'parser' entering state 'start'
[15:48:40.484] [bmv2] [D] [thread 358] [85.0] [cxt 0] Extracting header 'ethernet'
[15:48:40.484] [bmv2] [D] [thread 358] [85.0] [cxt 0] Parser set: setting field 'scalars.metadata.ingress_port' from field 'standard_metadata.ingress_port' (2)
[15:48:40.484] [bmv2] [D] [thread 358] [85.0] [cxt 0] Parser set: setting field 'scalars.metadata.ingress_ts' from expression, new value is 200952781
[15:48:40.484] [bmv2] [D] [thread 358] [85.0] [cxt 0] Parser set: setting field 'scalars.metadata.md_blocks_extracted' to 0
[15:48:40.484] [bmv2] [D] [thread 358] [85.0] [cxt 0] Parser set: setting field 'scalars.metadata.is_int_packet' to 0
[15:48:40.484] [bmv2] [D] [thread 358] [85.0] [cxt 0] Parser state 'start': key is 00fa
[15:48:40.484] [bmv2] [T] [thread 358] [85.0] [cxt 0] Bytes parsed: 14
[15:48:40.484] [bmv2] [D] [thread 358] [85.0] [cxt 0] Parser 'parser' entering state 'parse_int_shim'
[15:48:40.484] [bmv2] [D] [thread 358] [85.0] [cxt 0] Extracting header 'int_shim'
[15:48:40.484] [bmv2] [D] [thread 358] [85.0] [cxt 0] Parser set: setting field 'scalars.metadata.is_int_packet' to 1
[15:48:40.484] [bmv2] [D] [thread 358] [85.0] [cxt 0] Extracting header 'int_header'
[15:48:40.484] [bmv2] [D] [thread 358] [85.0] [cxt 0] Parser set: setting field 'scalars.metadata.md_blocks_extracted' from expression, new value is 251
[15:48:40.484] [bmv2] [D] [thread 358] [85.0] [cxt 0] Extracting header 'int_md[0]'
[15:48:40.484] [bmv2] [D] [thread 358] [85.0] [cxt 0] Extracting header 'int_md[1]'
[15:48:40.484] [bmv2] [D] [thread 358] [85.0] [cxt 0] Parser state 'parse_int_shim': key is 0800
[15:48:40.484] [bmv2] [T] [thread 358] [85.0] [cxt 0] Bytes parsed: 83
[15:48:40.484] [bmv2] [D] [thread 358] [85.0] [cxt 0] Parser 'parser' entering state 'parse_encapsulated_ipv4'
[15:48:40.484] [bmv2] [D] [thread 358] [85.0] [cxt 0] Extracting header 'ipv4_inner'
[15:48:40.484] [bmv2] [D] [thread 358] [85.0] [cxt 0] Parser state 'parse_encapsulated_ipv4': key is 84
[15:48:40.484] [bmv2] [T] [thread 358] [85.0] [cxt 0] Bytes parsed: 103
[15:48:40.484] [bmv2] [D] [thread 358] [85.0] [cxt 0] Parser 'parser' entering state 'parse_encapsulated_sctp_common'
[15:48:40.484] [bmv2] [D] [thread 358] [85.0] [cxt 0] Extracting header 'sctp'
[15:48:40.484] [bmv2] [D] [thread 358] [85.0] [cxt 0] Extracting header 'sctp_chunk'
[15:48:40.484] [bmv2] [D] [thread 358] [85.0] [cxt 0] Parser state 'parse_encapsulated_sctp_common': key is 05
[15:48:40.484] [bmv2] [T] [thread 358] [85.0] [cxt 0] Bytes parsed: 119
[15:48:40.484] [bmv2] [D] [thread 358] [85.0] [cxt 0] Parser 'parser': end
[15:48:40.484] [bmv2] [D] [thread 358] [85.0] [cxt 0] Pipeline 'ingress': start
[15:48:40.484] [bmv2] [T] [thread 358] [85.0] [cxt 0] Applying table 'tbl_intgtpdestination311'
[15:48:40.484] [bmv2] [D] [thread 358] [85.0] [cxt 0] Looking up key:

[15:48:40.484] [bmv2] [D] [thread 358] [85.0] [cxt 0] Table 'tbl_intgtpdestination311': miss
[15:48:40.484] [bmv2] [D] [thread 358] [85.0] [cxt 0] Action entry is intgtpdestination311 -
[15:48:40.484] [bmv2] [T] [thread 358] [85.0] [cxt 0] Action intgtpdestination311
[15:48:40.484] [bmv2] [T] [thread 358] [85.0] [cxt 0] int-gtp-destination.p4(311) Primitive meta.switch_id = 3
[15:48:40.484] [bmv2] [T] [thread 358] [85.0] [cxt 0] int-gtp-destination.p4(313) Condition "hdr.ethernet.isValid()" (node_3) is true
[15:48:40.484] [bmv2] [T] [thread 358] [85.0] [cxt 0] int-gtp-destination.p4(314) Condition "hdr.int_shim.isValid()" (node_4) is true
[15:48:40.484] [bmv2] [T] [thread 358] [85.0] [cxt 0] int-gtp-destination.p4(316) Condition "hdr.int_header.remaining_hop_cnt > 0" (node_5) is true
[15:48:40.484] [bmv2] [T] [thread 358] [85.0] [cxt 0] Applying table 'tbl_intgtpdestination317'
[15:48:40.484] [bmv2] [D] [thread 358] [85.0] [cxt 0] Looking up key:

[15:48:40.484] [bmv2] [D] [thread 358] [85.0] [cxt 0] Table 'tbl_intgtpdestination317': miss
[15:48:40.484] [bmv2] [D] [thread 358] [85.0] [cxt 0] Action entry is intgtpdestination317 -
[15:48:40.484] [bmv2] [T] [thread 358] [85.0] [cxt 0] Action intgtpdestination317
[15:48:40.484] [bmv2] [T] [thread 358] [85.0] [cxt 0] int-gtp-destination.p4(317) Primitive hdr.int_md[2].setValid()
[15:48:40.484] [bmv2] [T] [thread 358] [85.0] [cxt 0] int-gtp-destination.p4(318) Primitive hdr.int_md[2].padding_switch = 0
[15:48:40.485] [bmv2] [T] [thread 358] [85.0] [cxt 0] int-gtp-destination.p4(319) Primitive hdr.int_md[2].switch_id = (bit<16>)meta.switch_id
[15:48:40.485] [bmv2] [T] [thread 358] [85.0] [cxt 0] int-gtp-destination.p4(320) Primitive hdr.int_md[2].ingress_port_id = (bit<16>)meta.ingress_port
[15:48:40.485] [bmv2] [T] [thread 358] [85.0] [cxt 0] int-gtp-destination.p4(321) Primitive hdr.int_md[2].ingress_timestamp = meta.ingress_ts
[15:48:40.485] [bmv2] [T] [thread 358] [85.0] [cxt 0] int-gtp-destination.p4(322) Primitive hdr.int_md[2].egress_port_id = 0
[15:48:40.485] [bmv2] [T] [thread 358] [85.0] [cxt 0] int-gtp-destination.p4(323) Primitive hdr.int_md[2].hop_latency = 0
[15:48:40.485] [bmv2] [T] [thread 358] [85.0] [cxt 0] int-gtp-destination.p4(324) Primitive hdr.int_md[2].egress_timestamp = 0
[15:48:40.485] [bmv2] [T] [thread 358] [85.0] [cxt 0] int-gtp-destination.p4(325) Primitive hdr.int_md[2].queue_occupancy = 0
[15:48:40.485] [bmv2] [T] [thread 358] [85.0] [cxt 0] int-gtp-destination.p4(326) Primitive hdr.int_md[2].congestion_notification = 0
[15:48:40.485] [bmv2] [T] [thread 358] [85.0] [cxt 0] int-gtp-destination.p4(327) Primitive hdr.int_md[2].reserved1 = 0
[15:48:40.485] [bmv2] [T] [thread 358] [85.0] [cxt 0] int-gtp-destination.p4(328) Primitive hdr.int_md[2].reserved2 = 0
[15:48:40.485] [bmv2] [T] [thread 358] [85.0] [cxt 0] int-gtp-destination.p4(330) Primitive hdr.int_header.remaining_hop_cnt = hdr.int_header.remaining_hop_cnt - 1
[15:48:40.485] [bmv2] [T] [thread 358] [85.0] [cxt 0] int-gtp-destination.p4(331) Primitive hdr.int_shim.length = hdr.int_shim.length + 32
[15:48:40.485] [bmv2] [T] [thread 358] [85.0] [cxt 0] Applying table 'MyIngress.int_sink_table'
[15:48:40.485] [bmv2] [D] [thread 358] [85.0] [cxt 0] Looking up key:
* hdr.int_shim.$valid$: 01

[15:48:40.485] [bmv2] [D] [thread 358] [85.0] [cxt 0] Table 'MyIngress.int_sink_table': hit with handle 0
[15:48:40.485] [bmv2] [D] [thread 358] [85.0] [cxt 0] Dumping entry 0
Match key:
* hdr.int_shim.$valid$: EXACT     01
Action entry: MyIngress.int_sink_action -

[15:48:40.485] [bmv2] [D] [thread 358] [85.0] [cxt 0] Action entry is MyIngress.int_sink_action -
[15:48:40.485] [bmv2] [T] [thread 358] [85.0] [cxt 0] Action MyIngress.int_sink_action
[15:48:40.485] [bmv2] [T] [thread 358] [85.0] [cxt 0] int-gtp-destination.p4(278) Primitive meta.clone_port = 9
[15:48:40.485] [bmv2] [T] [thread 358] [85.0] [cxt 0] int-gtp-destination.p4(279) Primitive clone_preserving_field_list(CloneType.I2E, 99, 99)
[15:48:40.485] [bmv2] [T] [thread 358] [85.0] [cxt 0] int-gtp-destination.p4(339) Condition "hdr.ipv4_inner.isValid()" (node_8) is true
[15:48:40.485] [bmv2] [T] [thread 358] [85.0] [cxt 0] Applying table 'MyIngress.ipv4_lpm'
[15:48:40.485] [bmv2] [D] [thread 358] [85.0] [cxt 0] Looking up key:
* hdr.ipv4_inner.dstAddr: ac120014

[15:48:40.485] [bmv2] [D] [thread 358] [85.0] [cxt 0] Table 'MyIngress.ipv4_lpm': hit with handle 0
[15:48:40.485] [bmv2] [D] [thread 358] [85.0] [cxt 0] Dumping entry 0
Match key:
* hdr.ipv4_inner.dstAddr: LPM       ac120014/32
Action entry: MyIngress.forward_action - 1,

[15:48:40.485] [bmv2] [D] [thread 358] [85.0] [cxt 0] Action entry is MyIngress.forward_action - 1,
[15:48:40.485] [bmv2] [T] [thread 358] [85.0] [cxt 0] Action MyIngress.forward_action
[15:48:40.485] [bmv2] [T] [thread 358] [85.0] [cxt 0] int-gtp-destination.p4(283) Primitive standard_metadata.egress_spec = egress_port
[15:48:40.485] [bmv2] [D] [thread 358] [85.0] [cxt 0] Pipeline 'ingress': end
[15:48:40.485] [bmv2] [D] [thread 358] [85.0] [cxt 0] Cloning packet at ingress
[15:48:40.485] [bmv2] [D] [thread 358] [85.1] [cxt 0] Parser 'parser': start
[15:48:40.485] [bmv2] [D] [thread 358] [85.1] [cxt 0] Parser 'parser' entering state 'start'
[15:48:40.485] [bmv2] [D] [thread 358] [85.1] [cxt 0] Extracting header 'ethernet'
[15:48:40.485] [bmv2] [D] [thread 358] [85.1] [cxt 0] Parser set: setting field 'scalars.metadata.ingress_port' from field 'standard_metadata.ingress_port' (2)
[15:48:40.485] [bmv2] [D] [thread 358] [85.1] [cxt 0] Parser set: setting field 'scalars.metadata.ingress_ts' from expression, new value is 0
[15:48:40.485] [bmv2] [D] [thread 358] [85.1] [cxt 0] Parser set: setting field 'scalars.metadata.md_blocks_extracted' to 0
[15:48:40.485] [bmv2] [D] [thread 358] [85.1] [cxt 0] Parser set: setting field 'scalars.metadata.is_int_packet' to 0
[15:48:40.485] [bmv2] [D] [thread 358] [85.1] [cxt 0] Parser state 'start': key is 00fa
[15:48:40.485] [bmv2] [T] [thread 358] [85.1] [cxt 0] Bytes parsed: 14
[15:48:40.485] [bmv2] [D] [thread 358] [85.1] [cxt 0] Parser 'parser' entering state 'parse_int_shim'
[15:48:40.485] [bmv2] [D] [thread 358] [85.1] [cxt 0] Extracting header 'int_shim'
[15:48:40.485] [bmv2] [D] [thread 358] [85.1] [cxt 0] Parser set: setting field 'scalars.metadata.is_int_packet' to 1
[15:48:40.485] [bmv2] [D] [thread 358] [85.1] [cxt 0] Extracting header 'int_header'
[15:48:40.485] [bmv2] [D] [thread 358] [85.1] [cxt 0] Parser set: setting field 'scalars.metadata.md_blocks_extracted' from expression, new value is 251
[15:48:40.485] [bmv2] [D] [thread 358] [85.1] [cxt 0] Extracting header 'int_md[0]'
[15:48:40.485] [bmv2] [D] [thread 358] [85.1] [cxt 0] Extracting header 'int_md[1]'
[15:48:40.485] [bmv2] [D] [thread 358] [85.1] [cxt 0] Parser state 'parse_int_shim': key is 0800
[15:48:40.485] [bmv2] [T] [thread 358] [85.1] [cxt 0] Bytes parsed: 83
[15:48:40.485] [bmv2] [D] [thread 358] [85.1] [cxt 0] Parser 'parser' entering state 'parse_encapsulated_ipv4'
[15:48:40.485] [bmv2] [D] [thread 358] [85.1] [cxt 0] Extracting header 'ipv4_inner'
[15:48:40.485] [bmv2] [D] [thread 358] [85.1] [cxt 0] Parser state 'parse_encapsulated_ipv4': key is 84
[15:48:40.485] [bmv2] [T] [thread 358] [85.1] [cxt 0] Bytes parsed: 103
[15:48:40.485] [bmv2] [D] [thread 358] [85.1] [cxt 0] Parser 'parser' entering state 'parse_encapsulated_sctp_common'
[15:48:40.485] [bmv2] [D] [thread 358] [85.1] [cxt 0] Extracting header 'sctp'
[15:48:40.485] [bmv2] [D] [thread 358] [85.1] [cxt 0] Extracting header 'sctp_chunk'
[15:48:40.485] [bmv2] [D] [thread 358] [85.1] [cxt 0] Parser state 'parse_encapsulated_sctp_common': key is 05
[15:48:40.485] [bmv2] [T] [thread 358] [85.1] [cxt 0] Bytes parsed: 119
[15:48:40.485] [bmv2] [D] [thread 358] [85.1] [cxt 0] Parser 'parser': end
[15:48:40.485] [bmv2] [D] [thread 358] [85.0] [cxt 0] Cloning packet to egress port 9
[15:48:40.485] [bmv2] [D] [thread 358] [85.0] [cxt 0] Egress port is 1
[15:48:40.485] [bmv2] [D] [thread 360] [85.1] [cxt 0] Pipeline 'egress': start
[15:48:40.485] [bmv2] [T] [thread 360] [85.1] [cxt 0] int-gtp-destination.p4(402) Condition "hdr.int_shim.isValid()" (node_12) is true
[15:48:40.485] [bmv2] [T] [thread 360] [85.1] [cxt 0] Applying table 'tbl_update_int_metadata'
[15:48:40.485] [bmv2] [D] [thread 360] [85.1] [cxt 0] Looking up key:

[15:48:40.485] [bmv2] [D] [thread 360] [85.1] [cxt 0] Table 'tbl_update_int_metadata': miss
[15:48:40.485] [bmv2] [D] [thread 360] [85.1] [cxt 0] Action entry is MyEgress.update_int_metadata -
[15:48:40.485] [bmv2] [T] [thread 360] [85.1] [cxt 0] Action MyEgress.update_int_metadata
[15:48:40.485] [bmv2] [T] [thread 360] [85.1] [cxt 0] int-gtp-destination.p4(352) Primitive if
[15:48:40.485] [bmv2] [T] [thread 360] [85.1] [cxt 0] int-gtp-destination.p4(353) Primitive hdr.int_md[2].setValid()
[15:48:40.485] [bmv2] [T] [thread 360] [85.1] [cxt 0] int-gtp-destination.p4(354) Primitive hdr.int_md[2].padding_switch = 0
[15:48:40.485] [bmv2] [T] [thread 360] [85.1] [cxt 0] int-gtp-destination.p4(355) Primitive hdr.int_md[2].switch_id = (bit<16>)meta.switch_id
[15:48:40.485] [bmv2] [T] [thread 360] [85.1] [cxt 0] int-gtp-destination.p4(356) Primitive hdr.int_md[2].ingress_port_id = (bit<16>)meta.ingress_port
[15:48:40.485] [bmv2] [T] [thread 360] [85.1] [cxt 0] int-gtp-destination.p4(357) Primitive hdr.int_md[2].ingress_timestamp = meta.ingress_ts
[15:48:40.485] [bmv2] [T] [thread 360] [85.1] [cxt 0] int-gtp-destination.p4(362) Primitive hdr.int_md[2].congestion_notification = 0
[15:48:40.485] [bmv2] [T] [thread 360] [85.1] [cxt 0] int-gtp-destination.p4(363) Primitive hdr.int_md[2].reserved1 = 0
[15:48:40.485] [bmv2] [T] [thread 360] [85.1] [cxt 0] int-gtp-destination.p4(364) Primitive hdr.int_md[2].reserved2 = 0
[15:48:40.485] [bmv2] [T] [thread 360] [85.1] [cxt 0] int-gtp-destination.p4(368) Primitive hdr.int_md[2].egress_port_id = (bit<16>)standard_metadata.egress_port
[15:48:40.485] [bmv2] [T] [thread 360] [85.1] [cxt 0] int-gtp-destination.p4(369) Primitive hdr.int_md[2].egress_timestamp = (bit<32>)standard_metadata.egress_global_timestamp
[15:48:40.485] [bmv2] [T] [thread 360] [85.1] [cxt 0] int-gtp-destination.p4(370) Primitive hdr.int_md[2].hop_latency = hdr.int_md[2].egress_timestamp - hdr.int_md[2].ingress_timestamp
[15:48:40.485] [bmv2] [T] [thread 360] [85.1] [cxt 0] int-gtp-destination.p4(371) Primitive hdr.int_md[2].queue_occupancy = (bit<32>)standard_metadata.enq_qdepth
[15:48:40.485] [bmv2] [T] [thread 360] [85.1] [cxt 0] int-gtp-destination.p4(408) Condition "standard_metadata.instance_type == 1 || standard_metadata.egress_port == 9" (node_14) is true
[15:48:40.485] [bmv2] [D] [thread 360] [85.1] [cxt 0] Pipeline 'egress': end
[15:48:40.485] [bmv2] [D] [thread 360] [85.1] [cxt 0] Deparser 'deparser': start
[15:48:40.485] [bmv2] [D] [thread 360] [85.1] [cxt 0] Deparsing header 'ethernet'
[15:48:40.485] [bmv2] [D] [thread 360] [85.1] [cxt 0] Deparsing header 'int_shim'
[15:48:40.485] [bmv2] [D] [thread 360] [85.1] [cxt 0] Deparsing header 'int_header'
[15:48:40.485] [bmv2] [D] [thread 360] [85.1] [cxt 0] Deparsing header 'int_md[0]'
[15:48:40.485] [bmv2] [D] [thread 360] [85.1] [cxt 0] Deparsing header 'int_md[1]'
[15:48:40.485] [bmv2] [D] [thread 360] [85.1] [cxt 0] Deparsing header 'int_md[2]'
[15:48:40.485] [bmv2] [D] [thread 360] [85.1] [cxt 0] Deparsing header 'ipv4_inner'
[15:48:40.485] [bmv2] [D] [thread 360] [85.1] [cxt 0] Deparsing header 'sctp'
[15:48:40.485] [bmv2] [D] [thread 360] [85.1] [cxt 0] Deparsing header 'sctp_chunk'
[15:48:40.485] [bmv2] [D] [thread 360] [85.1] [cxt 0] Deparser 'deparser': end
[15:48:40.486] [bmv2] [D] [thread 360] [85.0] [cxt 0] Pipeline 'egress': start
[15:48:40.486] [bmv2] [D] [thread 363] [85.1] [cxt 0] Transmitting packet of size 203 out of port 9
[15:48:40.486] [bmv2] [T] [thread 360] [85.0] [cxt 0] int-gtp-destination.p4(402) Condition "hdr.int_shim.isValid()" (node_12) is true
[15:48:40.486] [bmv2] [T] [thread 360] [85.0] [cxt 0] Applying table 'tbl_update_int_metadata'
[15:48:40.486] [bmv2] [D] [thread 360] [85.0] [cxt 0] Looking up key:

[15:48:40.486] [bmv2] [D] [thread 360] [85.0] [cxt 0] Table 'tbl_update_int_metadata': miss
[15:48:40.486] [bmv2] [D] [thread 360] [85.0] [cxt 0] Action entry is MyEgress.update_int_metadata -
[15:48:40.486] [bmv2] [T] [thread 360] [85.0] [cxt 0] Action MyEgress.update_int_metadata
[15:48:40.486] [bmv2] [T] [thread 360] [85.0] [cxt 0] int-gtp-destination.p4(352) Primitive if
[15:48:40.486] [bmv2] [T] [thread 360] [85.0] [cxt 0] int-gtp-destination.p4(352) Primitive if
[15:48:40.486] [bmv2] [T] [thread 360] [85.0] [cxt 0] int-gtp-destination.p4(368) Primitive hdr.int_md[2].egress_port_id = (bit<16>)standard_metadata.egress_port
[15:48:40.486] [bmv2] [T] [thread 360] [85.0] [cxt 0] int-gtp-destination.p4(369) Primitive hdr.int_md[2].egress_timestamp = (bit<32>)standard_metadata.egress_global_timestamp
[15:48:40.486] [bmv2] [T] [thread 360] [85.0] [cxt 0] int-gtp-destination.p4(370) Primitive hdr.int_md[2].hop_latency = hdr.int_md[2].egress_timestamp - hdr.int_md[2].ingress_timestamp
[15:48:40.486] [bmv2] [T] [thread 360] [85.0] [cxt 0] int-gtp-destination.p4(371) Primitive hdr.int_md[2].queue_occupancy = (bit<32>)standard_metadata.enq_qdepth
[15:48:40.486] [bmv2] [T] [thread 360] [85.0] [cxt 0] int-gtp-destination.p4(408) Condition "standard_metadata.instance_type == 1 || standard_metadata.egress_port == 9" (node_14) is false
[15:48:40.486] [bmv2] [T] [thread 360] [85.0] [cxt 0] Applying table 'MyEgress.egress_control'
[15:48:40.486] [bmv2] [D] [thread 360] [85.0] [cxt 0] Looking up key:
* standard_metadata.egress_port: 0001

[15:48:40.486] [bmv2] [D] [thread 360] [85.0] [cxt 0] Table 'MyEgress.egress_control': hit with handle 0
[15:48:40.486] [bmv2] [D] [thread 360] [85.0] [cxt 0] Dumping entry 0
Match key:
* standard_metadata.egress_port: EXACT     0001
Action entry: MyEgress.strip_int_headers -

[15:48:40.486] [bmv2] [D] [thread 360] [85.0] [cxt 0] Action entry is MyEgress.strip_int_headers -
[15:48:40.486] [bmv2] [T] [thread 360] [85.0] [cxt 0] Action MyEgress.strip_int_headers
[15:48:40.486] [bmv2] [T] [thread 360] [85.0] [cxt 0] int-gtp-destination.p4(375) Primitive hdr.ethernet.etherType = hdr.int_shim.next_proto
[15:48:40.486] [bmv2] [T] [thread 360] [85.0] [cxt 0] int-gtp-destination.p4(376) Primitive hdr.int_shim.setInvalid()
[15:48:40.486] [bmv2] [T] [thread 360] [85.0] [cxt 0] int-gtp-destination.p4(377) Primitive hdr.int_header.setInvalid()
[15:48:40.486] [bmv2] [T] [thread 360] [85.0] [cxt 0] int-gtp-destination.p4(379) Primitive hdr.int_md[0].setInvalid()
[15:48:40.486] [bmv2] [T] [thread 360] [85.0] [cxt 0] int-gtp-destination.p4(380) Primitive hdr.int_md[1].setInvalid()
[15:48:40.486] [bmv2] [T] [thread 360] [85.0] [cxt 0] int-gtp-destination.p4(381) Primitive hdr.int_md[2].setInvalid()
[15:48:40.486] [bmv2] [T] [thread 360] [85.0] [cxt 0] int-gtp-destination.p4(382) Primitive hdr.int_md[3].setInvalid()
[15:48:40.486] [bmv2] [T] [thread 360] [85.0] [cxt 0] int-gtp-destination.p4(383) Primitive hdr.int_md[4].setInvalid()
[15:48:40.486] [bmv2] [T] [thread 360] [85.0] [cxt 0] int-gtp-destination.p4(384) Primitive hdr.int_md[5].setInvalid()
[15:48:40.486] [bmv2] [T] [thread 360] [85.0] [cxt 0] int-gtp-destination.p4(385) Primitive hdr.int_md[6].setInvalid()
[15:48:40.486] [bmv2] [T] [thread 360] [85.0] [cxt 0] int-gtp-destination.p4(386) Primitive hdr.int_md[7].setInvalid()
[15:48:40.486] [bmv2] [D] [thread 360] [85.0] [cxt 0] Pipeline 'egress': end
[15:48:40.486] [bmv2] [D] [thread 360] [85.0] [cxt 0] Deparser 'deparser': start
[15:48:40.486] [bmv2] [D] [thread 360] [85.0] [cxt 0] Deparsing header 'ethernet'
[15:48:40.486] [bmv2] [D] [thread 360] [85.0] [cxt 0] Deparsing header 'ipv4_inner'
[15:48:40.486] [bmv2] [D] [thread 360] [85.0] [cxt 0] Deparsing header 'sctp'
[15:48:40.486] [bmv2] [D] [thread 360] [85.0] [cxt 0] Deparsing header 'sctp_chunk'
[15:48:40.486] [bmv2] [D] [thread 360] [85.0] [cxt 0] Deparser 'deparser': end
[15:48:40.486] [bmv2] [D] [thread 363] [85.0] [cxt 0] Transmitting packet of size 106 out of port 1
[15:48:40.522] [bmv2] [D] [thread 358] [86.0] [cxt 0] Processing packet received on port 1
[15:48:40.522] [bmv2] [D] [thread 358] [86.0] [cxt 0] Parser 'parser': start
[15:48:40.522] [bmv2] [D] [thread 358] [86.0] [cxt 0] Parser 'parser' entering state 'start'
[15:48:40.522] [bmv2] [D] [thread 358] [86.0] [cxt 0] Extracting header 'ethernet'
[15:48:40.522] [bmv2] [D] [thread 358] [86.0] [cxt 0] Parser set: setting field 'scalars.metadata.ingress_port' from field 'standard_metadata.ingress_port' (1)
[15:48:40.522] [bmv2] [D] [thread 358] [86.0] [cxt 0] Parser set: setting field 'scalars.metadata.ingress_ts' from expression, new value is 200990978
[15:48:40.522] [bmv2] [D] [thread 358] [86.0] [cxt 0] Parser set: setting field 'scalars.metadata.md_blocks_extracted' to 0
[15:48:40.522] [bmv2] [D] [thread 358] [86.0] [cxt 0] Parser set: setting field 'scalars.metadata.is_int_packet' to 0
[15:48:40.522] [bmv2] [D] [thread 358] [86.0] [cxt 0] Parser state 'start': key is 0800
[15:48:40.522] [bmv2] [T] [thread 358] [86.0] [cxt 0] Bytes parsed: 14
[15:48:40.522] [bmv2] [D] [thread 358] [86.0] [cxt 0] Parser 'parser' entering state 'parse_ipv4'
[15:48:40.522] [bmv2] [D] [thread 358] [86.0] [cxt 0] Extracting header 'ipv4_inner'
[15:48:40.522] [bmv2] [D] [thread 358] [86.0] [cxt 0] Parser state 'parse_ipv4': key is 11
[15:48:40.522] [bmv2] [T] [thread 358] [86.0] [cxt 0] Bytes parsed: 34
[15:48:40.522] [bmv2] [D] [thread 358] [86.0] [cxt 0] Parser 'parser' entering state 'parse_udp'
[15:48:40.522] [bmv2] [D] [thread 358] [86.0] [cxt 0] Extracting header 'udp'
[15:48:40.522] [bmv2] [D] [thread 358] [86.0] [cxt 0] Parser set: setting field 'scalars.tmp' from expression, new value is 1
[15:48:40.522] [bmv2] [D] [thread 358] [86.0] [cxt 0] Parser state 'parse_udp': key is 01
[15:48:40.522] [bmv2] [T] [thread 358] [86.0] [cxt 0] Bytes parsed: 42
[15:48:40.522] [bmv2] [D] [thread 358] [86.0] [cxt 0] Parser 'parser' entering state 'parse_gtp_u'
[15:48:40.522] [bmv2] [D] [thread 358] [86.0] [cxt 0] Extracting header 'gtp_u'
[15:48:40.522] [bmv2] [D] [thread 358] [86.0] [cxt 0] Parser state 'parse_gtp_u' has no switch, going to default next state
[15:48:40.522] [bmv2] [T] [thread 358] [86.0] [cxt 0] Bytes parsed: 50
[15:48:40.522] [bmv2] [D] [thread 358] [86.0] [cxt 0] Parser 'parser': end
[15:48:40.522] [bmv2] [D] [thread 358] [86.0] [cxt 0] Pipeline 'ingress': start
[15:48:40.522] [bmv2] [T] [thread 358] [86.0] [cxt 0] Applying table 'tbl_intgtpdestination311'
[15:48:40.522] [bmv2] [D] [thread 358] [86.0] [cxt 0] Looking up key:

[15:48:40.522] [bmv2] [D] [thread 358] [86.0] [cxt 0] Table 'tbl_intgtpdestination311': miss
[15:48:40.522] [bmv2] [D] [thread 358] [86.0] [cxt 0] Action entry is intgtpdestination311 -
[15:48:40.522] [bmv2] [T] [thread 358] [86.0] [cxt 0] Action intgtpdestination311
[15:48:40.522] [bmv2] [T] [thread 358] [86.0] [cxt 0] int-gtp-destination.p4(311) Primitive meta.switch_id = 3
[15:48:40.522] [bmv2] [T] [thread 358] [86.0] [cxt 0] int-gtp-destination.p4(313) Condition "hdr.ethernet.isValid()" (node_3) is true
[15:48:40.522] [bmv2] [T] [thread 358] [86.0] [cxt 0] int-gtp-destination.p4(314) Condition "hdr.int_shim.isValid()" (node_4) is false
[15:48:40.522] [bmv2] [T] [thread 358] [86.0] [cxt 0] int-gtp-destination.p4(339) Condition "hdr.ipv4_inner.isValid()" (node_8) is true
[15:48:40.522] [bmv2] [T] [thread 358] [86.0] [cxt 0] Applying table 'MyIngress.ipv4_lpm'
[15:48:40.522] [bmv2] [D] [thread 358] [86.0] [cxt 0] Looking up key:
* hdr.ipv4_inner.dstAddr: ac120a03

[15:48:40.522] [bmv2] [D] [thread 358] [86.0] [cxt 0] Table 'MyIngress.ipv4_lpm': hit with handle 2
[15:48:40.522] [bmv2] [D] [thread 358] [86.0] [cxt 0] Dumping entry 2
Match key:
* hdr.ipv4_inner.dstAddr: LPM       ac120a03/32
Action entry: MyIngress.forward_action - 2,

[15:48:40.522] [bmv2] [D] [thread 358] [86.0] [cxt 0] Action entry is MyIngress.forward_action - 2,
[15:48:40.522] [bmv2] [T] [thread 358] [86.0] [cxt 0] Action MyIngress.forward_action
[15:48:40.522] [bmv2] [T] [thread 358] [86.0] [cxt 0] int-gtp-destination.p4(283) Primitive standard_metadata.egress_spec = egress_port
[15:48:40.522] [bmv2] [D] [thread 358] [86.0] [cxt 0] Pipeline 'ingress': end
[15:48:40.522] [bmv2] [D] [thread 358] [86.0] [cxt 0] Egress port is 2
[15:48:40.522] [bmv2] [D] [thread 361] [86.0] [cxt 0] Pipeline 'egress': start
[15:48:40.522] [bmv2] [T] [thread 361] [86.0] [cxt 0] int-gtp-destination.p4(402) Condition "hdr.int_shim.isValid()" (node_12) is false
[15:48:40.522] [bmv2] [D] [thread 361] [86.0] [cxt 0] Pipeline 'egress': end
[15:48:40.522] [bmv2] [D] [thread 361] [86.0] [cxt 0] Deparser 'deparser': start
[15:48:40.522] [bmv2] [D] [thread 361] [86.0] [cxt 0] Deparsing header 'ethernet'
[15:48:40.522] [bmv2] [D] [thread 361] [86.0] [cxt 0] Deparsing header 'ipv4_inner'
[15:48:40.522] [bmv2] [D] [thread 361] [86.0] [cxt 0] Deparsing header 'udp'
[15:48:40.522] [bmv2] [D] [thread 361] [86.0] [cxt 0] Deparsing header 'gtp_u'
[15:48:40.522] [bmv2] [D] [thread 361] [86.0] [cxt 0] Deparser 'deparser': end
[15:48:40.523] [bmv2] [D] [thread 363] [86.0] [cxt 0] Transmitting packet of size 142 out of port 2
[15:48:40.966] [bmv2] [D] [thread 358] [87.0] [cxt 0] Processing packet received on port 2
[15:48:40.966] [bmv2] [D] [thread 358] [87.0] [cxt 0] Parser 'parser': start
[15:48:40.966] [bmv2] [D] [thread 358] [87.0] [cxt 0] Parser 'parser' entering state 'start'
[15:48:40.966] [bmv2] [D] [thread 358] [87.0] [cxt 0] Extracting header 'ethernet'
[15:48:40.966] [bmv2] [D] [thread 358] [87.0] [cxt 0] Parser set: setting field 'scalars.metadata.ingress_port' from field 'standard_metadata.ingress_port' (2)
[15:48:40.966] [bmv2] [D] [thread 358] [87.0] [cxt 0] Parser set: setting field 'scalars.metadata.ingress_ts' from expression, new value is 201434754
[15:48:40.966] [bmv2] [D] [thread 358] [87.0] [cxt 0] Parser set: setting field 'scalars.metadata.md_blocks_extracted' to 0
[15:48:40.966] [bmv2] [D] [thread 358] [87.0] [cxt 0] Parser set: setting field 'scalars.metadata.is_int_packet' to 0
[15:48:40.966] [bmv2] [D] [thread 358] [87.0] [cxt 0] Parser state 'start': key is 00fa
[15:48:40.966] [bmv2] [T] [thread 358] [87.0] [cxt 0] Bytes parsed: 14
[15:48:40.966] [bmv2] [D] [thread 358] [87.0] [cxt 0] Parser 'parser' entering state 'parse_int_shim'
[15:48:40.966] [bmv2] [D] [thread 358] [87.0] [cxt 0] Extracting header 'int_shim'
[15:48:40.966] [bmv2] [D] [thread 358] [87.0] [cxt 0] Parser set: setting field 'scalars.metadata.is_int_packet' to 1
[15:48:40.966] [bmv2] [D] [thread 358] [87.0] [cxt 0] Extracting header 'int_header'
[15:48:40.966] [bmv2] [D] [thread 358] [87.0] [cxt 0] Parser set: setting field 'scalars.metadata.md_blocks_extracted' from expression, new value is 251
[15:48:40.966] [bmv2] [D] [thread 358] [87.0] [cxt 0] Extracting header 'int_md[0]'
[15:48:40.966] [bmv2] [D] [thread 358] [87.0] [cxt 0] Extracting header 'int_md[1]'
[15:48:40.966] [bmv2] [D] [thread 358] [87.0] [cxt 0] Parser state 'parse_int_shim': key is 0800
[15:48:40.966] [bmv2] [T] [thread 358] [87.0] [cxt 0] Bytes parsed: 83
[15:48:40.966] [bmv2] [D] [thread 358] [87.0] [cxt 0] Parser 'parser' entering state 'parse_encapsulated_ipv4'
[15:48:40.966] [bmv2] [D] [thread 358] [87.0] [cxt 0] Extracting header 'ipv4_inner'
[15:48:40.966] [bmv2] [D] [thread 358] [87.0] [cxt 0] Parser state 'parse_encapsulated_ipv4': key is 84
[15:48:40.966] [bmv2] [T] [thread 358] [87.0] [cxt 0] Bytes parsed: 103
[15:48:40.966] [bmv2] [D] [thread 358] [87.0] [cxt 0] Parser 'parser' entering state 'parse_encapsulated_sctp_common'
[15:48:40.966] [bmv2] [D] [thread 358] [87.0] [cxt 0] Extracting header 'sctp'
[15:48:40.966] [bmv2] [D] [thread 358] [87.0] [cxt 0] Extracting header 'sctp_chunk'
[15:48:40.966] [bmv2] [D] [thread 358] [87.0] [cxt 0] Parser state 'parse_encapsulated_sctp_common': key is 04
[15:48:40.966] [bmv2] [T] [thread 358] [87.0] [cxt 0] Bytes parsed: 119
[15:48:40.966] [bmv2] [D] [thread 358] [87.0] [cxt 0] Parser 'parser': end
[15:48:40.966] [bmv2] [D] [thread 358] [87.0] [cxt 0] Pipeline 'ingress': start
[15:48:40.966] [bmv2] [T] [thread 358] [87.0] [cxt 0] Applying table 'tbl_intgtpdestination311'
[15:48:40.966] [bmv2] [D] [thread 358] [87.0] [cxt 0] Looking up key:

[15:48:40.966] [bmv2] [D] [thread 358] [87.0] [cxt 0] Table 'tbl_intgtpdestination311': miss
[15:48:40.966] [bmv2] [D] [thread 358] [87.0] [cxt 0] Action entry is intgtpdestination311 -
[15:48:40.966] [bmv2] [T] [thread 358] [87.0] [cxt 0] Action intgtpdestination311
[15:48:40.966] [bmv2] [T] [thread 358] [87.0] [cxt 0] int-gtp-destination.p4(311) Primitive meta.switch_id = 3
[15:48:40.966] [bmv2] [T] [thread 358] [87.0] [cxt 0] int-gtp-destination.p4(313) Condition "hdr.ethernet.isValid()" (node_3) is true
[15:48:40.966] [bmv2] [T] [thread 358] [87.0] [cxt 0] int-gtp-destination.p4(314) Condition "hdr.int_shim.isValid()" (node_4) is true
[15:48:40.966] [bmv2] [T] [thread 358] [87.0] [cxt 0] int-gtp-destination.p4(316) Condition "hdr.int_header.remaining_hop_cnt > 0" (node_5) is true
[15:48:40.966] [bmv2] [T] [thread 358] [87.0] [cxt 0] Applying table 'tbl_intgtpdestination317'
[15:48:40.966] [bmv2] [D] [thread 358] [87.0] [cxt 0] Looking up key:

[15:48:40.966] [bmv2] [D] [thread 358] [87.0] [cxt 0] Table 'tbl_intgtpdestination317': miss
[15:48:40.966] [bmv2] [D] [thread 358] [87.0] [cxt 0] Action entry is intgtpdestination317 -
[15:48:40.966] [bmv2] [T] [thread 358] [87.0] [cxt 0] Action intgtpdestination317
[15:48:40.966] [bmv2] [T] [thread 358] [87.0] [cxt 0] int-gtp-destination.p4(317) Primitive hdr.int_md[2].setValid()
[15:48:40.966] [bmv2] [T] [thread 358] [87.0] [cxt 0] int-gtp-destination.p4(318) Primitive hdr.int_md[2].padding_switch = 0
[15:48:40.966] [bmv2] [T] [thread 358] [87.0] [cxt 0] int-gtp-destination.p4(319) Primitive hdr.int_md[2].switch_id = (bit<16>)meta.switch_id
[15:48:40.966] [bmv2] [T] [thread 358] [87.0] [cxt 0] int-gtp-destination.p4(320) Primitive hdr.int_md[2].ingress_port_id = (bit<16>)meta.ingress_port
[15:48:40.966] [bmv2] [T] [thread 358] [87.0] [cxt 0] int-gtp-destination.p4(321) Primitive hdr.int_md[2].ingress_timestamp = meta.ingress_ts
[15:48:40.966] [bmv2] [T] [thread 358] [87.0] [cxt 0] int-gtp-destination.p4(322) Primitive hdr.int_md[2].egress_port_id = 0
[15:48:40.967] [bmv2] [T] [thread 358] [87.0] [cxt 0] int-gtp-destination.p4(323) Primitive hdr.int_md[2].hop_latency = 0
[15:48:40.967] [bmv2] [T] [thread 358] [87.0] [cxt 0] int-gtp-destination.p4(324) Primitive hdr.int_md[2].egress_timestamp = 0
[15:48:40.967] [bmv2] [T] [thread 358] [87.0] [cxt 0] int-gtp-destination.p4(325) Primitive hdr.int_md[2].queue_occupancy = 0
[15:48:40.967] [bmv2] [T] [thread 358] [87.0] [cxt 0] int-gtp-destination.p4(326) Primitive hdr.int_md[2].congestion_notification = 0
[15:48:40.967] [bmv2] [T] [thread 358] [87.0] [cxt 0] int-gtp-destination.p4(327) Primitive hdr.int_md[2].reserved1 = 0
[15:48:40.967] [bmv2] [T] [thread 358] [87.0] [cxt 0] int-gtp-destination.p4(328) Primitive hdr.int_md[2].reserved2 = 0
[15:48:40.967] [bmv2] [T] [thread 358] [87.0] [cxt 0] int-gtp-destination.p4(330) Primitive hdr.int_header.remaining_hop_cnt = hdr.int_header.remaining_hop_cnt - 1
[15:48:40.967] [bmv2] [T] [thread 358] [87.0] [cxt 0] int-gtp-destination.p4(331) Primitive hdr.int_shim.length = hdr.int_shim.length + 32
[15:48:40.967] [bmv2] [T] [thread 358] [87.0] [cxt 0] Applying table 'MyIngress.int_sink_table'
[15:48:40.967] [bmv2] [D] [thread 358] [87.0] [cxt 0] Looking up key:
* hdr.int_shim.$valid$: 01

[15:48:40.967] [bmv2] [D] [thread 358] [87.0] [cxt 0] Table 'MyIngress.int_sink_table': hit with handle 0
[15:48:40.967] [bmv2] [D] [thread 358] [87.0] [cxt 0] Dumping entry 0
Match key:
* hdr.int_shim.$valid$: EXACT     01
Action entry: MyIngress.int_sink_action -

[15:48:40.967] [bmv2] [D] [thread 358] [87.0] [cxt 0] Action entry is MyIngress.int_sink_action -
[15:48:40.967] [bmv2] [T] [thread 358] [87.0] [cxt 0] Action MyIngress.int_sink_action
[15:48:40.967] [bmv2] [T] [thread 358] [87.0] [cxt 0] int-gtp-destination.p4(278) Primitive meta.clone_port = 9
[15:48:40.967] [bmv2] [T] [thread 358] [87.0] [cxt 0] int-gtp-destination.p4(279) Primitive clone_preserving_field_list(CloneType.I2E, 99, 99)
[15:48:40.967] [bmv2] [T] [thread 358] [87.0] [cxt 0] int-gtp-destination.p4(339) Condition "hdr.ipv4_inner.isValid()" (node_8) is true
[15:48:40.967] [bmv2] [T] [thread 358] [87.0] [cxt 0] Applying table 'MyIngress.ipv4_lpm'
[15:48:40.967] [bmv2] [D] [thread 358] [87.0] [cxt 0] Looking up key:
* hdr.ipv4_inner.dstAddr: ac120014

[15:48:40.967] [bmv2] [D] [thread 358] [87.0] [cxt 0] Table 'MyIngress.ipv4_lpm': hit with handle 0
[15:48:40.967] [bmv2] [D] [thread 358] [87.0] [cxt 0] Dumping entry 0
Match key:
* hdr.ipv4_inner.dstAddr: LPM       ac120014/32
Action entry: MyIngress.forward_action - 1,

[15:48:40.967] [bmv2] [D] [thread 358] [87.0] [cxt 0] Action entry is MyIngress.forward_action - 1,
[15:48:40.967] [bmv2] [T] [thread 358] [87.0] [cxt 0] Action MyIngress.forward_action
[15:48:40.967] [bmv2] [T] [thread 358] [87.0] [cxt 0] int-gtp-destination.p4(283) Primitive standard_metadata.egress_spec = egress_port
[15:48:40.967] [bmv2] [D] [thread 358] [87.0] [cxt 0] Pipeline 'ingress': end
[15:48:40.967] [bmv2] [D] [thread 358] [87.0] [cxt 0] Cloning packet at ingress
[15:48:40.967] [bmv2] [D] [thread 358] [87.1] [cxt 0] Parser 'parser': start
[15:48:40.967] [bmv2] [D] [thread 358] [87.1] [cxt 0] Parser 'parser' entering state 'start'
[15:48:40.967] [bmv2] [D] [thread 358] [87.1] [cxt 0] Extracting header 'ethernet'
[15:48:40.967] [bmv2] [D] [thread 358] [87.1] [cxt 0] Parser set: setting field 'scalars.metadata.ingress_port' from field 'standard_metadata.ingress_port' (2)
[15:48:40.967] [bmv2] [D] [thread 358] [87.1] [cxt 0] Parser set: setting field 'scalars.metadata.ingress_ts' from expression, new value is 0
[15:48:40.967] [bmv2] [D] [thread 358] [87.1] [cxt 0] Parser set: setting field 'scalars.metadata.md_blocks_extracted' to 0
[15:48:40.967] [bmv2] [D] [thread 358] [87.1] [cxt 0] Parser set: setting field 'scalars.metadata.is_int_packet' to 0
[15:48:40.967] [bmv2] [D] [thread 358] [87.1] [cxt 0] Parser state 'start': key is 00fa
[15:48:40.967] [bmv2] [T] [thread 358] [87.1] [cxt 0] Bytes parsed: 14
[15:48:40.967] [bmv2] [D] [thread 358] [87.1] [cxt 0] Parser 'parser' entering state 'parse_int_shim'
[15:48:40.967] [bmv2] [D] [thread 358] [87.1] [cxt 0] Extracting header 'int_shim'
[15:48:40.968] [bmv2] [D] [thread 358] [87.1] [cxt 0] Parser set: setting field 'scalars.metadata.is_int_packet' to 1
[15:48:40.968] [bmv2] [D] [thread 358] [87.1] [cxt 0] Extracting header 'int_header'
[15:48:40.968] [bmv2] [D] [thread 358] [87.1] [cxt 0] Parser set: setting field 'scalars.metadata.md_blocks_extracted' from expression, new value is 251
[15:48:40.968] [bmv2] [D] [thread 358] [87.1] [cxt 0] Extracting header 'int_md[0]'
[15:48:40.968] [bmv2] [D] [thread 358] [87.1] [cxt 0] Extracting header 'int_md[1]'
[15:48:40.968] [bmv2] [D] [thread 358] [87.1] [cxt 0] Parser state 'parse_int_shim': key is 0800
[15:48:40.968] [bmv2] [T] [thread 358] [87.1] [cxt 0] Bytes parsed: 83
[15:48:40.968] [bmv2] [D] [thread 358] [87.1] [cxt 0] Parser 'parser' entering state 'parse_encapsulated_ipv4'
[15:48:40.968] [bmv2] [D] [thread 358] [87.1] [cxt 0] Extracting header 'ipv4_inner'
[15:48:40.968] [bmv2] [D] [thread 358] [87.1] [cxt 0] Parser state 'parse_encapsulated_ipv4': key is 84
[15:48:40.968] [bmv2] [T] [thread 358] [87.1] [cxt 0] Bytes parsed: 103
[15:48:40.968] [bmv2] [D] [thread 358] [87.1] [cxt 0] Parser 'parser' entering state 'parse_encapsulated_sctp_common'
[15:48:40.968] [bmv2] [D] [thread 358] [87.1] [cxt 0] Extracting header 'sctp'
[15:48:40.968] [bmv2] [D] [thread 358] [87.1] [cxt 0] Extracting header 'sctp_chunk'
[15:48:40.968] [bmv2] [D] [thread 358] [87.1] [cxt 0] Parser state 'parse_encapsulated_sctp_common': key is 04
[15:48:40.968] [bmv2] [T] [thread 358] [87.1] [cxt 0] Bytes parsed: 119
[15:48:40.968] [bmv2] [D] [thread 358] [87.1] [cxt 0] Parser 'parser': end
[15:48:40.968] [bmv2] [D] [thread 358] [87.0] [cxt 0] Cloning packet to egress port 9
[15:48:40.968] [bmv2] [D] [thread 358] [87.0] [cxt 0] Egress port is 1
[15:48:40.968] [bmv2] [D] [thread 360] [87.1] [cxt 0] Pipeline 'egress': start
[15:48:40.968] [bmv2] [T] [thread 360] [87.1] [cxt 0] int-gtp-destination.p4(402) Condition "hdr.int_shim.isValid()" (node_12) is true
[15:48:40.968] [bmv2] [T] [thread 360] [87.1] [cxt 0] Applying table 'tbl_update_int_metadata'
[15:48:40.968] [bmv2] [D] [thread 360] [87.1] [cxt 0] Looking up key:

[15:48:40.968] [bmv2] [D] [thread 360] [87.1] [cxt 0] Table 'tbl_update_int_metadata': miss
[15:48:40.968] [bmv2] [D] [thread 360] [87.1] [cxt 0] Action entry is MyEgress.update_int_metadata -
[15:48:40.968] [bmv2] [T] [thread 360] [87.1] [cxt 0] Action MyEgress.update_int_metadata
[15:48:40.968] [bmv2] [T] [thread 360] [87.1] [cxt 0] int-gtp-destination.p4(352) Primitive if
[15:48:40.969] [bmv2] [T] [thread 360] [87.1] [cxt 0] int-gtp-destination.p4(353) Primitive hdr.int_md[2].setValid()
[15:48:40.969] [bmv2] [T] [thread 360] [87.1] [cxt 0] int-gtp-destination.p4(354) Primitive hdr.int_md[2].padding_switch = 0
[15:48:40.969] [bmv2] [T] [thread 360] [87.1] [cxt 0] int-gtp-destination.p4(355) Primitive hdr.int_md[2].switch_id = (bit<16>)meta.switch_id
[15:48:40.969] [bmv2] [T] [thread 360] [87.1] [cxt 0] int-gtp-destination.p4(356) Primitive hdr.int_md[2].ingress_port_id = (bit<16>)meta.ingress_port
[15:48:40.969] [bmv2] [T] [thread 360] [87.1] [cxt 0] int-gtp-destination.p4(357) Primitive hdr.int_md[2].ingress_timestamp = meta.ingress_ts
[15:48:40.969] [bmv2] [T] [thread 360] [87.1] [cxt 0] int-gtp-destination.p4(362) Primitive hdr.int_md[2].congestion_notification = 0
[15:48:40.969] [bmv2] [T] [thread 360] [87.1] [cxt 0] int-gtp-destination.p4(363) Primitive hdr.int_md[2].reserved1 = 0
[15:48:40.969] [bmv2] [T] [thread 360] [87.1] [cxt 0] int-gtp-destination.p4(364) Primitive hdr.int_md[2].reserved2 = 0
[15:48:40.969] [bmv2] [T] [thread 360] [87.1] [cxt 0] int-gtp-destination.p4(368) Primitive hdr.int_md[2].egress_port_id = (bit<16>)standard_metadata.egress_port
[15:48:40.969] [bmv2] [T] [thread 360] [87.1] [cxt 0] int-gtp-destination.p4(369) Primitive hdr.int_md[2].egress_timestamp = (bit<32>)standard_metadata.egress_global_timestamp
[15:48:40.969] [bmv2] [T] [thread 360] [87.1] [cxt 0] int-gtp-destination.p4(370) Primitive hdr.int_md[2].hop_latency = hdr.int_md[2].egress_timestamp - hdr.int_md[2].ingress_timestamp
[15:48:40.969] [bmv2] [T] [thread 360] [87.1] [cxt 0] int-gtp-destination.p4(371) Primitive hdr.int_md[2].queue_occupancy = (bit<32>)standard_metadata.enq_qdepth
[15:48:40.969] [bmv2] [T] [thread 360] [87.1] [cxt 0] int-gtp-destination.p4(408) Condition "standard_metadata.instance_type == 1 || standard_metadata.egress_port == 9" (node_14) is true
[15:48:40.969] [bmv2] [D] [thread 360] [87.1] [cxt 0] Pipeline 'egress': end
[15:48:40.969] [bmv2] [D] [thread 360] [87.1] [cxt 0] Deparser 'deparser': start
[15:48:40.969] [bmv2] [D] [thread 360] [87.1] [cxt 0] Deparsing header 'ethernet'
[15:48:40.969] [bmv2] [D] [thread 360] [87.1] [cxt 0] Deparsing header 'int_shim'
[15:48:40.969] [bmv2] [D] [thread 360] [87.1] [cxt 0] Deparsing header 'int_header'
[15:48:40.969] [bmv2] [D] [thread 360] [87.1] [cxt 0] Deparsing header 'int_md[0]'
[15:48:40.969] [bmv2] [D] [thread 360] [87.1] [cxt 0] Deparsing header 'int_md[1]'
[15:48:40.969] [bmv2] [D] [thread 360] [87.1] [cxt 0] Deparsing header 'int_md[2]'
[15:48:40.969] [bmv2] [D] [thread 360] [87.1] [cxt 0] Deparsing header 'ipv4_inner'
[15:48:40.969] [bmv2] [D] [thread 360] [87.1] [cxt 0] Deparsing header 'sctp'
[15:48:40.969] [bmv2] [D] [thread 360] [87.1] [cxt 0] Deparsing header 'sctp_chunk'
[15:48:40.969] [bmv2] [D] [thread 360] [87.1] [cxt 0] Deparser 'deparser': end
[15:48:40.969] [bmv2] [D] [thread 363] [87.1] [cxt 0] Transmitting packet of size 203 out of port 9
[15:48:40.969] [bmv2] [D] [thread 360] [87.0] [cxt 0] Pipeline 'egress': start
[15:48:40.969] [bmv2] [T] [thread 360] [87.0] [cxt 0] int-gtp-destination.p4(402) Condition "hdr.int_shim.isValid()" (node_12) is true
[15:48:40.969] [bmv2] [T] [thread 360] [87.0] [cxt 0] Applying table 'tbl_update_int_metadata'
[15:48:40.969] [bmv2] [D] [thread 360] [87.0] [cxt 0] Looking up key:

[15:48:40.969] [bmv2] [D] [thread 360] [87.0] [cxt 0] Table 'tbl_update_int_metadata': miss
[15:48:40.969] [bmv2] [D] [thread 360] [87.0] [cxt 0] Action entry is MyEgress.update_int_metadata -
[15:48:40.969] [bmv2] [T] [thread 360] [87.0] [cxt 0] Action MyEgress.update_int_metadata
[15:48:40.969] [bmv2] [T] [thread 360] [87.0] [cxt 0] int-gtp-destination.p4(352) Primitive if
[15:48:40.969] [bmv2] [T] [thread 360] [87.0] [cxt 0] int-gtp-destination.p4(352) Primitive if
[15:48:40.969] [bmv2] [T] [thread 360] [87.0] [cxt 0] int-gtp-destination.p4(368) Primitive hdr.int_md[2].egress_port_id = (bit<16>)standard_metadata.egress_port
[15:48:40.969] [bmv2] [T] [thread 360] [87.0] [cxt 0] int-gtp-destination.p4(369) Primitive hdr.int_md[2].egress_timestamp = (bit<32>)standard_metadata.egress_global_timestamp
[15:48:40.969] [bmv2] [T] [thread 360] [87.0] [cxt 0] int-gtp-destination.p4(370) Primitive hdr.int_md[2].hop_latency = hdr.int_md[2].egress_timestamp - hdr.int_md[2].ingress_timestamp
[15:48:40.969] [bmv2] [T] [thread 360] [87.0] [cxt 0] int-gtp-destination.p4(371) Primitive hdr.int_md[2].queue_occupancy = (bit<32>)standard_metadata.enq_qdepth
[15:48:40.969] [bmv2] [T] [thread 360] [87.0] [cxt 0] int-gtp-destination.p4(408) Condition "standard_metadata.instance_type == 1 || standard_metadata.egress_port == 9" (node_14) is false
[15:48:40.969] [bmv2] [T] [thread 360] [87.0] [cxt 0] Applying table 'MyEgress.egress_control'
[15:48:40.969] [bmv2] [D] [thread 360] [87.0] [cxt 0] Looking up key:
* standard_metadata.egress_port: 0001

[15:48:40.969] [bmv2] [D] [thread 360] [87.0] [cxt 0] Table 'MyEgress.egress_control': hit with handle 0
[15:48:40.969] [bmv2] [D] [thread 360] [87.0] [cxt 0] Dumping entry 0
Match key:
* standard_metadata.egress_port: EXACT     0001
Action entry: MyEgress.strip_int_headers -

[15:48:40.970] [bmv2] [D] [thread 360] [87.0] [cxt 0] Action entry is MyEgress.strip_int_headers -
[15:48:40.970] [bmv2] [T] [thread 360] [87.0] [cxt 0] Action MyEgress.strip_int_headers
[15:48:40.970] [bmv2] [T] [thread 360] [87.0] [cxt 0] int-gtp-destination.p4(375) Primitive hdr.ethernet.etherType = hdr.int_shim.next_proto
[15:48:40.970] [bmv2] [T] [thread 360] [87.0] [cxt 0] int-gtp-destination.p4(376) Primitive hdr.int_shim.setInvalid()
[15:48:40.970] [bmv2] [T] [thread 360] [87.0] [cxt 0] int-gtp-destination.p4(377) Primitive hdr.int_header.setInvalid()
[15:48:40.970] [bmv2] [T] [thread 360] [87.0] [cxt 0] int-gtp-destination.p4(379) Primitive hdr.int_md[0].setInvalid()
[15:48:40.970] [bmv2] [T] [thread 360] [87.0] [cxt 0] int-gtp-destination.p4(380) Primitive hdr.int_md[1].setInvalid()
[15:48:40.970] [bmv2] [T] [thread 360] [87.0] [cxt 0] int-gtp-destination.p4(381) Primitive hdr.int_md[2].setInvalid()
[15:48:40.970] [bmv2] [T] [thread 360] [87.0] [cxt 0] int-gtp-destination.p4(382) Primitive hdr.int_md[3].setInvalid()
[15:48:40.970] [bmv2] [T] [thread 360] [87.0] [cxt 0] int-gtp-destination.p4(383) Primitive hdr.int_md[4].setInvalid()
[15:48:40.970] [bmv2] [T] [thread 360] [87.0] [cxt 0] int-gtp-destination.p4(384) Primitive hdr.int_md[5].setInvalid()
[15:48:40.970] [bmv2] [T] [thread 360] [87.0] [cxt 0] int-gtp-destination.p4(385) Primitive hdr.int_md[6].setInvalid()
[15:48:40.970] [bmv2] [T] [thread 360] [87.0] [cxt 0] int-gtp-destination.p4(386) Primitive hdr.int_md[7].setInvalid()
[15:48:40.970] [bmv2] [D] [thread 360] [87.0] [cxt 0] Pipeline 'egress': end
[15:48:40.970] [bmv2] [D] [thread 360] [87.0] [cxt 0] Deparser 'deparser': start
[15:48:40.970] [bmv2] [D] [thread 360] [87.0] [cxt 0] Deparsing header 'ethernet'
[15:48:40.970] [bmv2] [D] [thread 360] [87.0] [cxt 0] Deparsing header 'ipv4_inner'
[15:48:40.970] [bmv2] [D] [thread 360] [87.0] [cxt 0] Deparsing header 'sctp'
[15:48:40.970] [bmv2] [D] [thread 360] [87.0] [cxt 0] Deparsing header 'sctp_chunk'
[15:48:40.970] [bmv2] [D] [thread 360] [87.0] [cxt 0] Deparser 'deparser': end
[15:48:40.970] [bmv2] [D] [thread 363] [87.0] [cxt 0] Transmitting packet of size 106 out of port 1
[15:48:40.990] [bmv2] [D] [thread 358] [88.0] [cxt 0] Processing packet received on port 1
[15:48:40.990] [bmv2] [D] [thread 358] [88.0] [cxt 0] Parser 'parser': start
[15:48:40.990] [bmv2] [D] [thread 358] [88.0] [cxt 0] Parser 'parser' entering state 'start'
[15:48:40.990] [bmv2] [D] [thread 358] [88.0] [cxt 0] Extracting header 'ethernet'
[15:48:40.990] [bmv2] [D] [thread 358] [88.0] [cxt 0] Parser set: setting field 'scalars.metadata.ingress_port' from field 'standard_metadata.ingress_port' (1)
[15:48:40.990] [bmv2] [D] [thread 358] [88.0] [cxt 0] Parser set: setting field 'scalars.metadata.ingress_ts' from expression, new value is 201458955
[15:48:40.990] [bmv2] [D] [thread 358] [88.0] [cxt 0] Parser set: setting field 'scalars.metadata.md_blocks_extracted' to 0
[15:48:40.990] [bmv2] [D] [thread 358] [88.0] [cxt 0] Parser set: setting field 'scalars.metadata.is_int_packet' to 0
[15:48:40.990] [bmv2] [D] [thread 358] [88.0] [cxt 0] Parser state 'start': key is 0800
[15:48:40.990] [bmv2] [T] [thread 358] [88.0] [cxt 0] Bytes parsed: 14
[15:48:40.990] [bmv2] [D] [thread 358] [88.0] [cxt 0] Parser 'parser' entering state 'parse_ipv4'
[15:48:40.990] [bmv2] [D] [thread 358] [88.0] [cxt 0] Extracting header 'ipv4_inner'
[15:48:40.990] [bmv2] [D] [thread 358] [88.0] [cxt 0] Parser state 'parse_ipv4': key is 84
[15:48:40.990] [bmv2] [T] [thread 358] [88.0] [cxt 0] Bytes parsed: 34
[15:48:40.990] [bmv2] [D] [thread 358] [88.0] [cxt 0] Parser 'parser' entering state 'parse_sctp_common'
[15:48:40.990] [bmv2] [D] [thread 358] [88.0] [cxt 0] Extracting header 'sctp'
[15:48:40.990] [bmv2] [D] [thread 358] [88.0] [cxt 0] Extracting header 'sctp_chunk'
[15:48:40.990] [bmv2] [D] [thread 358] [88.0] [cxt 0] Parser state 'parse_sctp_common': key is 05
[15:48:40.990] [bmv2] [T] [thread 358] [88.0] [cxt 0] Bytes parsed: 50
[15:48:40.990] [bmv2] [D] [thread 358] [88.0] [cxt 0] Parser 'parser': end
[15:48:40.990] [bmv2] [D] [thread 358] [88.0] [cxt 0] Pipeline 'ingress': start
[15:48:40.990] [bmv2] [T] [thread 358] [88.0] [cxt 0] Applying table 'tbl_intgtpdestination311'
[15:48:40.990] [bmv2] [D] [thread 358] [88.0] [cxt 0] Looking up key:

[15:48:40.990] [bmv2] [D] [thread 358] [88.0] [cxt 0] Table 'tbl_intgtpdestination311': miss
[15:48:40.990] [bmv2] [D] [thread 358] [88.0] [cxt 0] Action entry is intgtpdestination311 -
[15:48:40.990] [bmv2] [T] [thread 358] [88.0] [cxt 0] Action intgtpdestination311
[15:48:40.990] [bmv2] [T] [thread 358] [88.0] [cxt 0] int-gtp-destination.p4(311) Primitive meta.switch_id = 3
[15:48:40.990] [bmv2] [T] [thread 358] [88.0] [cxt 0] int-gtp-destination.p4(313) Condition "hdr.ethernet.isValid()" (node_3) is true
[15:48:40.990] [bmv2] [T] [thread 358] [88.0] [cxt 0] int-gtp-destination.p4(314) Condition "hdr.int_shim.isValid()" (node_4) is false
[15:48:40.990] [bmv2] [T] [thread 358] [88.0] [cxt 0] int-gtp-destination.p4(339) Condition "hdr.ipv4_inner.isValid()" (node_8) is true
[15:48:40.990] [bmv2] [T] [thread 358] [88.0] [cxt 0] Applying table 'MyIngress.ipv4_lpm'
[15:48:40.990] [bmv2] [D] [thread 358] [88.0] [cxt 0] Looking up key:
* hdr.ipv4_inner.dstAddr: ac120a03

[15:48:40.990] [bmv2] [D] [thread 358] [88.0] [cxt 0] Table 'MyIngress.ipv4_lpm': hit with handle 2
[15:48:40.990] [bmv2] [D] [thread 358] [88.0] [cxt 0] Dumping entry 2
Match key:
* hdr.ipv4_inner.dstAddr: LPM       ac120a03/32
Action entry: MyIngress.forward_action - 2,

[15:48:40.990] [bmv2] [D] [thread 358] [88.0] [cxt 0] Action entry is MyIngress.forward_action - 2,
[15:48:40.990] [bmv2] [T] [thread 358] [88.0] [cxt 0] Action MyIngress.forward_action
[15:48:40.990] [bmv2] [T] [thread 358] [88.0] [cxt 0] int-gtp-destination.p4(283) Primitive standard_metadata.egress_spec = egress_port
[15:48:40.990] [bmv2] [D] [thread 358] [88.0] [cxt 0] Pipeline 'ingress': end
[15:48:40.990] [bmv2] [D] [thread 358] [88.0] [cxt 0] Egress port is 2
[15:48:40.990] [bmv2] [D] [thread 361] [88.0] [cxt 0] Pipeline 'egress': start
[15:48:40.990] [bmv2] [T] [thread 361] [88.0] [cxt 0] int-gtp-destination.p4(402) Condition "hdr.int_shim.isValid()" (node_12) is false
[15:48:40.990] [bmv2] [D] [thread 361] [88.0] [cxt 0] Pipeline 'egress': end
[15:48:40.990] [bmv2] [D] [thread 361] [88.0] [cxt 0] Deparser 'deparser': start
[15:48:40.990] [bmv2] [D] [thread 361] [88.0] [cxt 0] Deparsing header 'ethernet'
[15:48:40.990] [bmv2] [D] [thread 361] [88.0] [cxt 0] Deparsing header 'ipv4_inner'
[15:48:40.990] [bmv2] [D] [thread 361] [88.0] [cxt 0] Deparsing header 'sctp'
[15:48:40.990] [bmv2] [D] [thread 361] [88.0] [cxt 0] Deparsing header 'sctp_chunk'
[15:48:40.990] [bmv2] [D] [thread 361] [88.0] [cxt 0] Deparser 'deparser': end
[15:48:40.991] [bmv2] [D] [thread 363] [88.0] [cxt 0] Transmitting packet of size 106 out of port 2
[15:48:41.270] [bmv2] [D] [thread 358] [89.0] [cxt 0] Processing packet received on port 1
[15:48:41.270] [bmv2] [D] [thread 358] [89.0] [cxt 0] Parser 'parser': start
[15:48:41.270] [bmv2] [D] [thread 358] [89.0] [cxt 0] Parser 'parser' entering state 'start'
[15:48:41.270] [bmv2] [D] [thread 358] [89.0] [cxt 0] Extracting header 'ethernet'
[15:48:41.270] [bmv2] [D] [thread 358] [89.0] [cxt 0] Parser set: setting field 'scalars.metadata.ingress_port' from field 'standard_metadata.ingress_port' (1)
[15:48:41.270] [bmv2] [D] [thread 358] [89.0] [cxt 0] Parser set: setting field 'scalars.metadata.ingress_ts' from expression, new value is 201739194
[15:48:41.270] [bmv2] [D] [thread 358] [89.0] [cxt 0] Parser set: setting field 'scalars.metadata.md_blocks_extracted' to 0
[15:48:41.270] [bmv2] [D] [thread 358] [89.0] [cxt 0] Parser set: setting field 'scalars.metadata.is_int_packet' to 0
[15:48:41.270] [bmv2] [D] [thread 358] [89.0] [cxt 0] Parser state 'start': key is 9000
[15:48:41.270] [bmv2] [T] [thread 358] [89.0] [cxt 0] Bytes parsed: 14
[15:48:41.270] [bmv2] [D] [thread 358] [89.0] [cxt 0] Parser 'parser': end
[15:48:41.270] [bmv2] [D] [thread 358] [89.0] [cxt 0] Pipeline 'ingress': start
[15:48:41.270] [bmv2] [T] [thread 358] [89.0] [cxt 0] Applying table 'tbl_intgtpdestination311'
[15:48:41.270] [bmv2] [D] [thread 358] [89.0] [cxt 0] Looking up key:

[15:48:41.270] [bmv2] [D] [thread 358] [89.0] [cxt 0] Table 'tbl_intgtpdestination311': miss
[15:48:41.270] [bmv2] [D] [thread 358] [89.0] [cxt 0] Action entry is intgtpdestination311 -
[15:48:41.270] [bmv2] [T] [thread 358] [89.0] [cxt 0] Action intgtpdestination311
[15:48:41.270] [bmv2] [T] [thread 358] [89.0] [cxt 0] int-gtp-destination.p4(311) Primitive meta.switch_id = 3
[15:48:41.270] [bmv2] [T] [thread 358] [89.0] [cxt 0] int-gtp-destination.p4(313) Condition "hdr.ethernet.isValid()" (node_3) is true
[15:48:41.270] [bmv2] [T] [thread 358] [89.0] [cxt 0] int-gtp-destination.p4(314) Condition "hdr.int_shim.isValid()" (node_4) is false
[15:48:41.270] [bmv2] [T] [thread 358] [89.0] [cxt 0] int-gtp-destination.p4(339) Condition "hdr.ipv4_inner.isValid()" (node_8) is false
[15:48:41.270] [bmv2] [D] [thread 358] [89.0] [cxt 0] Pipeline 'ingress': end
[15:48:41.270] [bmv2] [D] [thread 358] [89.0] [cxt 0] Egress port is 0
[15:48:41.270] [bmv2] [D] [thread 359] [89.0] [cxt 0] Pipeline 'egress': start
[15:48:41.270] [bmv2] [T] [thread 359] [89.0] [cxt 0] int-gtp-destination.p4(402) Condition "hdr.int_shim.isValid()" (node_12) is false
[15:48:41.271] [bmv2] [D] [thread 359] [89.0] [cxt 0] Pipeline 'egress': end
[15:48:41.271] [bmv2] [D] [thread 359] [89.0] [cxt 0] Deparser 'deparser': start
[15:48:41.271] [bmv2] [D] [thread 359] [89.0] [cxt 0] Deparsing header 'ethernet'
[15:48:41.271] [bmv2] [D] [thread 359] [89.0] [cxt 0] Deparser 'deparser': end
[15:48:41.271] [bmv2] [D] [thread 363] [89.0] [cxt 0] Transmitting packet of size 60 out of port 0
[15:48:46.706] [bmv2] [D] [thread 358] [90.0] [cxt 0] Processing packet received on port 2
[15:48:46.706] [bmv2] [D] [thread 358] [90.0] [cxt 0] Parser 'parser': start
[15:48:46.706] [bmv2] [D] [thread 358] [90.0] [cxt 0] Parser 'parser' entering state 'start'
[15:48:46.706] [bmv2] [D] [thread 358] [90.0] [cxt 0] Extracting header 'ethernet'
[15:48:46.706] [bmv2] [D] [thread 358] [90.0] [cxt 0] Parser set: setting field 'scalars.metadata.ingress_port' from field 'standard_metadata.ingress_port' (2)
[15:48:46.706] [bmv2] [D] [thread 358] [90.0] [cxt 0] Parser set: setting field 'scalars.metadata.ingress_ts' from expression, new value is 207174616
[15:48:46.706] [bmv2] [D] [thread 358] [90.0] [cxt 0] Parser set: setting field 'scalars.metadata.md_blocks_extracted' to 0
[15:48:46.706] [bmv2] [D] [thread 358] [90.0] [cxt 0] Parser set: setting field 'scalars.metadata.is_int_packet' to 0
[15:48:46.706] [bmv2] [D] [thread 358] [90.0] [cxt 0] Parser state 'start': key is 00fa
[15:48:46.706] [bmv2] [T] [thread 358] [90.0] [cxt 0] Bytes parsed: 14
[15:48:46.706] [bmv2] [D] [thread 358] [90.0] [cxt 0] Parser 'parser' entering state 'parse_int_shim'
[15:48:46.706] [bmv2] [D] [thread 358] [90.0] [cxt 0] Extracting header 'int_shim'
[15:48:46.706] [bmv2] [D] [thread 358] [90.0] [cxt 0] Parser set: setting field 'scalars.metadata.is_int_packet' to 1
[15:48:46.706] [bmv2] [D] [thread 358] [90.0] [cxt 0] Extracting header 'int_header'
[15:48:46.706] [bmv2] [D] [thread 358] [90.0] [cxt 0] Parser set: setting field 'scalars.metadata.md_blocks_extracted' from expression, new value is 251
[15:48:46.706] [bmv2] [D] [thread 358] [90.0] [cxt 0] Extracting header 'int_md[0]'
[15:48:46.706] [bmv2] [D] [thread 358] [90.0] [cxt 0] Extracting header 'int_md[1]'
[15:48:46.706] [bmv2] [D] [thread 358] [90.0] [cxt 0] Parser state 'parse_int_shim': key is 0800
[15:48:46.706] [bmv2] [T] [thread 358] [90.0] [cxt 0] Bytes parsed: 83
[15:48:46.706] [bmv2] [D] [thread 358] [90.0] [cxt 0] Parser 'parser' entering state 'parse_encapsulated_ipv4'
[15:48:46.706] [bmv2] [D] [thread 358] [90.0] [cxt 0] Extracting header 'ipv4_inner'
[15:48:46.706] [bmv2] [D] [thread 358] [90.0] [cxt 0] Parser state 'parse_encapsulated_ipv4': key is 84
[15:48:46.706] [bmv2] [T] [thread 358] [90.0] [cxt 0] Bytes parsed: 103
[15:48:46.706] [bmv2] [D] [thread 358] [90.0] [cxt 0] Parser 'parser' entering state 'parse_encapsulated_sctp_common'
[15:48:46.706] [bmv2] [D] [thread 358] [90.0] [cxt 0] Extracting header 'sctp'
[15:48:46.706] [bmv2] [D] [thread 358] [90.0] [cxt 0] Extracting header 'sctp_chunk'
[15:48:46.706] [bmv2] [D] [thread 358] [90.0] [cxt 0] Parser state 'parse_encapsulated_sctp_common': key is 07
[15:48:46.706] [bmv2] [T] [thread 358] [90.0] [cxt 0] Bytes parsed: 119
[15:48:46.706] [bmv2] [D] [thread 358] [90.0] [cxt 0] Parser 'parser': end
[15:48:46.706] [bmv2] [D] [thread 358] [90.0] [cxt 0] Pipeline 'ingress': start
[15:48:46.706] [bmv2] [T] [thread 358] [90.0] [cxt 0] Applying table 'tbl_intgtpdestination311'
[15:48:46.706] [bmv2] [D] [thread 358] [90.0] [cxt 0] Looking up key:

[15:48:46.706] [bmv2] [D] [thread 358] [90.0] [cxt 0] Table 'tbl_intgtpdestination311': miss
[15:48:46.706] [bmv2] [D] [thread 358] [90.0] [cxt 0] Action entry is intgtpdestination311 -
[15:48:46.706] [bmv2] [T] [thread 358] [90.0] [cxt 0] Action intgtpdestination311
[15:48:46.706] [bmv2] [T] [thread 358] [90.0] [cxt 0] int-gtp-destination.p4(311) Primitive meta.switch_id = 3
[15:48:46.706] [bmv2] [T] [thread 358] [90.0] [cxt 0] int-gtp-destination.p4(313) Condition "hdr.ethernet.isValid()" (node_3) is true
[15:48:46.706] [bmv2] [T] [thread 358] [90.0] [cxt 0] int-gtp-destination.p4(314) Condition "hdr.int_shim.isValid()" (node_4) is true
[15:48:46.706] [bmv2] [T] [thread 358] [90.0] [cxt 0] int-gtp-destination.p4(316) Condition "hdr.int_header.remaining_hop_cnt > 0" (node_5) is true
[15:48:46.706] [bmv2] [T] [thread 358] [90.0] [cxt 0] Applying table 'tbl_intgtpdestination317'
[15:48:46.706] [bmv2] [D] [thread 358] [90.0] [cxt 0] Looking up key:

[15:48:46.706] [bmv2] [D] [thread 358] [90.0] [cxt 0] Table 'tbl_intgtpdestination317': miss
[15:48:46.706] [bmv2] [D] [thread 358] [90.0] [cxt 0] Action entry is intgtpdestination317 -
[15:48:46.706] [bmv2] [T] [thread 358] [90.0] [cxt 0] Action intgtpdestination317
[15:48:46.706] [bmv2] [T] [thread 358] [90.0] [cxt 0] int-gtp-destination.p4(317) Primitive hdr.int_md[2].setValid()
[15:48:46.706] [bmv2] [T] [thread 358] [90.0] [cxt 0] int-gtp-destination.p4(318) Primitive hdr.int_md[2].padding_switch = 0
[15:48:46.706] [bmv2] [T] [thread 358] [90.0] [cxt 0] int-gtp-destination.p4(319) Primitive hdr.int_md[2].switch_id = (bit<16>)meta.switch_id
[15:48:46.706] [bmv2] [T] [thread 358] [90.0] [cxt 0] int-gtp-destination.p4(320) Primitive hdr.int_md[2].ingress_port_id = (bit<16>)meta.ingress_port
[15:48:46.706] [bmv2] [T] [thread 358] [90.0] [cxt 0] int-gtp-destination.p4(321) Primitive hdr.int_md[2].ingress_timestamp = meta.ingress_ts
[15:48:46.706] [bmv2] [T] [thread 358] [90.0] [cxt 0] int-gtp-destination.p4(322) Primitive hdr.int_md[2].egress_port_id = 0
[15:48:46.707] [bmv2] [T] [thread 358] [90.0] [cxt 0] int-gtp-destination.p4(323) Primitive hdr.int_md[2].hop_latency = 0
[15:48:46.707] [bmv2] [T] [thread 358] [90.0] [cxt 0] int-gtp-destination.p4(324) Primitive hdr.int_md[2].egress_timestamp = 0
[15:48:46.707] [bmv2] [T] [thread 358] [90.0] [cxt 0] int-gtp-destination.p4(325) Primitive hdr.int_md[2].queue_occupancy = 0
[15:48:46.707] [bmv2] [T] [thread 358] [90.0] [cxt 0] int-gtp-destination.p4(326) Primitive hdr.int_md[2].congestion_notification = 0
[15:48:46.707] [bmv2] [T] [thread 358] [90.0] [cxt 0] int-gtp-destination.p4(327) Primitive hdr.int_md[2].reserved1 = 0
[15:48:46.707] [bmv2] [T] [thread 358] [90.0] [cxt 0] int-gtp-destination.p4(328) Primitive hdr.int_md[2].reserved2 = 0
[15:48:46.707] [bmv2] [T] [thread 358] [90.0] [cxt 0] int-gtp-destination.p4(330) Primitive hdr.int_header.remaining_hop_cnt = hdr.int_header.remaining_hop_cnt - 1
[15:48:46.707] [bmv2] [T] [thread 358] [90.0] [cxt 0] int-gtp-destination.p4(331) Primitive hdr.int_shim.length = hdr.int_shim.length + 32
[15:48:46.707] [bmv2] [T] [thread 358] [90.0] [cxt 0] Applying table 'MyIngress.int_sink_table'
[15:48:46.707] [bmv2] [D] [thread 358] [90.0] [cxt 0] Looking up key:
* hdr.int_shim.$valid$: 01

[15:48:46.707] [bmv2] [D] [thread 358] [90.0] [cxt 0] Table 'MyIngress.int_sink_table': hit with handle 0
[15:48:46.707] [bmv2] [D] [thread 358] [90.0] [cxt 0] Dumping entry 0
Match key:
* hdr.int_shim.$valid$: EXACT     01
Action entry: MyIngress.int_sink_action -

[15:48:46.707] [bmv2] [D] [thread 358] [90.0] [cxt 0] Action entry is MyIngress.int_sink_action -
[15:48:46.707] [bmv2] [T] [thread 358] [90.0] [cxt 0] Action MyIngress.int_sink_action
[15:48:46.707] [bmv2] [T] [thread 358] [90.0] [cxt 0] int-gtp-destination.p4(278) Primitive meta.clone_port = 9
[15:48:46.707] [bmv2] [T] [thread 358] [90.0] [cxt 0] int-gtp-destination.p4(279) Primitive clone_preserving_field_list(CloneType.I2E, 99, 99)
[15:48:46.707] [bmv2] [T] [thread 358] [90.0] [cxt 0] int-gtp-destination.p4(339) Condition "hdr.ipv4_inner.isValid()" (node_8) is true
[15:48:46.707] [bmv2] [T] [thread 358] [90.0] [cxt 0] Applying table 'MyIngress.ipv4_lpm'
[15:48:46.707] [bmv2] [D] [thread 358] [90.0] [cxt 0] Looking up key:
* hdr.ipv4_inner.dstAddr: ac120014

[15:48:46.707] [bmv2] [D] [thread 358] [90.0] [cxt 0] Table 'MyIngress.ipv4_lpm': hit with handle 0
[15:48:46.707] [bmv2] [D] [thread 358] [90.0] [cxt 0] Dumping entry 0
Match key:
* hdr.ipv4_inner.dstAddr: LPM       ac120014/32
Action entry: MyIngress.forward_action - 1,

[15:48:46.707] [bmv2] [D] [thread 358] [90.0] [cxt 0] Action entry is MyIngress.forward_action - 1,
[15:48:46.707] [bmv2] [T] [thread 358] [90.0] [cxt 0] Action MyIngress.forward_action
[15:48:46.707] [bmv2] [T] [thread 358] [90.0] [cxt 0] int-gtp-destination.p4(283) Primitive standard_metadata.egress_spec = egress_port
[15:48:46.707] [bmv2] [D] [thread 358] [90.0] [cxt 0] Pipeline 'ingress': end
[15:48:46.707] [bmv2] [D] [thread 358] [90.0] [cxt 0] Cloning packet at ingress
[15:48:46.707] [bmv2] [D] [thread 358] [90.1] [cxt 0] Parser 'parser': start
[15:48:46.707] [bmv2] [D] [thread 358] [90.1] [cxt 0] Parser 'parser' entering state 'start'
[15:48:46.707] [bmv2] [D] [thread 358] [90.1] [cxt 0] Extracting header 'ethernet'
[15:48:46.707] [bmv2] [D] [thread 358] [90.1] [cxt 0] Parser set: setting field 'scalars.metadata.ingress_port' from field 'standard_metadata.ingress_port' (2)
[15:48:46.707] [bmv2] [D] [thread 358] [90.1] [cxt 0] Parser set: setting field 'scalars.metadata.ingress_ts' from expression, new value is 0
[15:48:46.707] [bmv2] [D] [thread 358] [90.1] [cxt 0] Parser set: setting field 'scalars.metadata.md_blocks_extracted' to 0
[15:48:46.707] [bmv2] [D] [thread 358] [90.1] [cxt 0] Parser set: setting field 'scalars.metadata.is_int_packet' to 0
[15:48:46.707] [bmv2] [D] [thread 358] [90.1] [cxt 0] Parser state 'start': key is 00fa
[15:48:46.707] [bmv2] [T] [thread 358] [90.1] [cxt 0] Bytes parsed: 14
[15:48:46.707] [bmv2] [D] [thread 358] [90.1] [cxt 0] Parser 'parser' entering state 'parse_int_shim'
[15:48:46.707] [bmv2] [D] [thread 358] [90.1] [cxt 0] Extracting header 'int_shim'
[15:48:46.707] [bmv2] [D] [thread 358] [90.1] [cxt 0] Parser set: setting field 'scalars.metadata.is_int_packet' to 1
[15:48:46.707] [bmv2] [D] [thread 358] [90.1] [cxt 0] Extracting header 'int_header'
[15:48:46.707] [bmv2] [D] [thread 358] [90.1] [cxt 0] Parser set: setting field 'scalars.metadata.md_blocks_extracted' from expression, new value is 251
[15:48:46.707] [bmv2] [D] [thread 358] [90.1] [cxt 0] Extracting header 'int_md[0]'
[15:48:46.707] [bmv2] [D] [thread 358] [90.1] [cxt 0] Extracting header 'int_md[1]'
[15:48:46.707] [bmv2] [D] [thread 358] [90.1] [cxt 0] Parser state 'parse_int_shim': key is 0800
[15:48:46.707] [bmv2] [T] [thread 358] [90.1] [cxt 0] Bytes parsed: 83
[15:48:46.707] [bmv2] [D] [thread 358] [90.1] [cxt 0] Parser 'parser' entering state 'parse_encapsulated_ipv4'
[15:48:46.707] [bmv2] [D] [thread 358] [90.1] [cxt 0] Extracting header 'ipv4_inner'
[15:48:46.707] [bmv2] [D] [thread 358] [90.1] [cxt 0] Parser state 'parse_encapsulated_ipv4': key is 84
[15:48:46.707] [bmv2] [T] [thread 358] [90.1] [cxt 0] Bytes parsed: 103
[15:48:46.707] [bmv2] [D] [thread 358] [90.1] [cxt 0] Parser 'parser' entering state 'parse_encapsulated_sctp_common'
[15:48:46.707] [bmv2] [D] [thread 358] [90.1] [cxt 0] Extracting header 'sctp'
[15:48:46.707] [bmv2] [D] [thread 358] [90.1] [cxt 0] Extracting header 'sctp_chunk'
[15:48:46.707] [bmv2] [D] [thread 358] [90.1] [cxt 0] Parser state 'parse_encapsulated_sctp_common': key is 07
[15:48:46.707] [bmv2] [T] [thread 358] [90.1] [cxt 0] Bytes parsed: 119
[15:48:46.707] [bmv2] [D] [thread 358] [90.1] [cxt 0] Parser 'parser': end
[15:48:46.707] [bmv2] [D] [thread 358] [90.0] [cxt 0] Cloning packet to egress port 9
[15:48:46.707] [bmv2] [D] [thread 358] [90.0] [cxt 0] Egress port is 1
[15:48:46.708] [bmv2] [D] [thread 360] [90.1] [cxt 0] Pipeline 'egress': start
[15:48:46.708] [bmv2] [T] [thread 360] [90.1] [cxt 0] int-gtp-destination.p4(402) Condition "hdr.int_shim.isValid()" (node_12) is true
[15:48:46.708] [bmv2] [T] [thread 360] [90.1] [cxt 0] Applying table 'tbl_update_int_metadata'
[15:48:46.708] [bmv2] [D] [thread 360] [90.1] [cxt 0] Looking up key:

[15:48:46.708] [bmv2] [D] [thread 360] [90.1] [cxt 0] Table 'tbl_update_int_metadata': miss
[15:48:46.708] [bmv2] [D] [thread 360] [90.1] [cxt 0] Action entry is MyEgress.update_int_metadata -
[15:48:46.708] [bmv2] [T] [thread 360] [90.1] [cxt 0] Action MyEgress.update_int_metadata
[15:48:46.708] [bmv2] [T] [thread 360] [90.1] [cxt 0] int-gtp-destination.p4(352) Primitive if
[15:48:46.708] [bmv2] [T] [thread 360] [90.1] [cxt 0] int-gtp-destination.p4(353) Primitive hdr.int_md[2].setValid()
[15:48:46.708] [bmv2] [T] [thread 360] [90.1] [cxt 0] int-gtp-destination.p4(354) Primitive hdr.int_md[2].padding_switch = 0
[15:48:46.708] [bmv2] [T] [thread 360] [90.1] [cxt 0] int-gtp-destination.p4(355) Primitive hdr.int_md[2].switch_id = (bit<16>)meta.switch_id
[15:48:46.708] [bmv2] [T] [thread 360] [90.1] [cxt 0] int-gtp-destination.p4(356) Primitive hdr.int_md[2].ingress_port_id = (bit<16>)meta.ingress_port
[15:48:46.708] [bmv2] [T] [thread 360] [90.1] [cxt 0] int-gtp-destination.p4(357) Primitive hdr.int_md[2].ingress_timestamp = meta.ingress_ts
[15:48:46.708] [bmv2] [T] [thread 360] [90.1] [cxt 0] int-gtp-destination.p4(362) Primitive hdr.int_md[2].congestion_notification = 0
[15:48:46.708] [bmv2] [T] [thread 360] [90.1] [cxt 0] int-gtp-destination.p4(363) Primitive hdr.int_md[2].reserved1 = 0
[15:48:46.708] [bmv2] [T] [thread 360] [90.1] [cxt 0] int-gtp-destination.p4(364) Primitive hdr.int_md[2].reserved2 = 0
[15:48:46.708] [bmv2] [T] [thread 360] [90.1] [cxt 0] int-gtp-destination.p4(368) Primitive hdr.int_md[2].egress_port_id = (bit<16>)standard_metadata.egress_port
[15:48:46.708] [bmv2] [T] [thread 360] [90.1] [cxt 0] int-gtp-destination.p4(369) Primitive hdr.int_md[2].egress_timestamp = (bit<32>)standard_metadata.egress_global_timestamp
[15:48:46.708] [bmv2] [T] [thread 360] [90.1] [cxt 0] int-gtp-destination.p4(370) Primitive hdr.int_md[2].hop_latency = hdr.int_md[2].egress_timestamp - hdr.int_md[2].ingress_timestamp
[15:48:46.708] [bmv2] [T] [thread 360] [90.1] [cxt 0] int-gtp-destination.p4(371) Primitive hdr.int_md[2].queue_occupancy = (bit<32>)standard_metadata.enq_qdepth
[15:48:46.708] [bmv2] [T] [thread 360] [90.1] [cxt 0] int-gtp-destination.p4(408) Condition "standard_metadata.instance_type == 1 || standard_metadata.egress_port == 9" (node_14) is true
[15:48:46.708] [bmv2] [D] [thread 360] [90.1] [cxt 0] Pipeline 'egress': end
[15:48:46.708] [bmv2] [D] [thread 360] [90.1] [cxt 0] Deparser 'deparser': start
[15:48:46.708] [bmv2] [D] [thread 360] [90.1] [cxt 0] Deparsing header 'ethernet'
[15:48:46.708] [bmv2] [D] [thread 360] [90.1] [cxt 0] Deparsing header 'int_shim'
[15:48:46.708] [bmv2] [D] [thread 360] [90.1] [cxt 0] Deparsing header 'int_header'
[15:48:46.708] [bmv2] [D] [thread 360] [90.1] [cxt 0] Deparsing header 'int_md[0]'
[15:48:46.708] [bmv2] [D] [thread 360] [90.1] [cxt 0] Deparsing header 'int_md[1]'
[15:48:46.708] [bmv2] [D] [thread 360] [90.1] [cxt 0] Deparsing header 'int_md[2]'
[15:48:46.708] [bmv2] [D] [thread 360] [90.1] [cxt 0] Deparsing header 'ipv4_inner'
[15:48:46.708] [bmv2] [D] [thread 360] [90.1] [cxt 0] Deparsing header 'sctp'
[15:48:46.708] [bmv2] [D] [thread 360] [90.1] [cxt 0] Deparsing header 'sctp_chunk'
[15:48:46.708] [bmv2] [D] [thread 360] [90.1] [cxt 0] Deparser 'deparser': end
[15:48:46.708] [bmv2] [D] [thread 360] [90.0] [cxt 0] Pipeline 'egress': start
[15:48:46.708] [bmv2] [T] [thread 360] [90.0] [cxt 0] int-gtp-destination.p4(402) Condition "hdr.int_shim.isValid()" (node_12) is true
[15:48:46.708] [bmv2] [T] [thread 360] [90.0] [cxt 0] Applying table 'tbl_update_int_metadata'
[15:48:46.708] [bmv2] [D] [thread 360] [90.0] [cxt 0] Looking up key:

[15:48:46.708] [bmv2] [D] [thread 360] [90.0] [cxt 0] Table 'tbl_update_int_metadata': miss
[15:48:46.708] [bmv2] [D] [thread 360] [90.0] [cxt 0] Action entry is MyEgress.update_int_metadata -
[15:48:46.708] [bmv2] [T] [thread 360] [90.0] [cxt 0] Action MyEgress.update_int_metadata
[15:48:46.708] [bmv2] [T] [thread 360] [90.0] [cxt 0] int-gtp-destination.p4(352) Primitive if
[15:48:46.708] [bmv2] [T] [thread 360] [90.0] [cxt 0] int-gtp-destination.p4(352) Primitive if
[15:48:46.708] [bmv2] [T] [thread 360] [90.0] [cxt 0] int-gtp-destination.p4(368) Primitive hdr.int_md[2].egress_port_id = (bit<16>)standard_metadata.egress_port
[15:48:46.708] [bmv2] [T] [thread 360] [90.0] [cxt 0] int-gtp-destination.p4(369) Primitive hdr.int_md[2].egress_timestamp = (bit<32>)standard_metadata.egress_global_timestamp
[15:48:46.708] [bmv2] [T] [thread 360] [90.0] [cxt 0] int-gtp-destination.p4(370) Primitive hdr.int_md[2].hop_latency = hdr.int_md[2].egress_timestamp - hdr.int_md[2].ingress_timestamp
[15:48:46.708] [bmv2] [T] [thread 360] [90.0] [cxt 0] int-gtp-destination.p4(371) Primitive hdr.int_md[2].queue_occupancy = (bit<32>)standard_metadata.enq_qdepth
[15:48:46.708] [bmv2] [T] [thread 360] [90.0] [cxt 0] int-gtp-destination.p4(408) Condition "standard_metadata.instance_type == 1 || standard_metadata.egress_port == 9" (node_14) is false
[15:48:46.709] [bmv2] [T] [thread 360] [90.0] [cxt 0] Applying table 'MyEgress.egress_control'
[15:48:46.709] [bmv2] [D] [thread 360] [90.0] [cxt 0] Looking up key:
* standard_metadata.egress_port: 0001

[15:48:46.708] [bmv2] [D] [thread 363] [90.1] [cxt 0] Transmitting packet of size 151 out of port 9
[15:48:46.709] [bmv2] [D] [thread 360] [90.0] [cxt 0] Table 'MyEgress.egress_control': hit with handle 0
[15:48:46.709] [bmv2] [D] [thread 360] [90.0] [cxt 0] Dumping entry 0
Match key:
* standard_metadata.egress_port: EXACT     0001
Action entry: MyEgress.strip_int_headers -

[15:48:46.709] [bmv2] [D] [thread 360] [90.0] [cxt 0] Action entry is MyEgress.strip_int_headers -
[15:48:46.709] [bmv2] [T] [thread 360] [90.0] [cxt 0] Action MyEgress.strip_int_headers
[15:48:46.709] [bmv2] [T] [thread 360] [90.0] [cxt 0] int-gtp-destination.p4(375) Primitive hdr.ethernet.etherType = hdr.int_shim.next_proto
[15:48:46.709] [bmv2] [T] [thread 360] [90.0] [cxt 0] int-gtp-destination.p4(376) Primitive hdr.int_shim.setInvalid()
[15:48:46.709] [bmv2] [T] [thread 360] [90.0] [cxt 0] int-gtp-destination.p4(377) Primitive hdr.int_header.setInvalid()
[15:48:46.709] [bmv2] [T] [thread 360] [90.0] [cxt 0] int-gtp-destination.p4(379) Primitive hdr.int_md[0].setInvalid()
[15:48:46.709] [bmv2] [T] [thread 360] [90.0] [cxt 0] int-gtp-destination.p4(380) Primitive hdr.int_md[1].setInvalid()
[15:48:46.709] [bmv2] [T] [thread 360] [90.0] [cxt 0] int-gtp-destination.p4(381) Primitive hdr.int_md[2].setInvalid()
[15:48:46.709] [bmv2] [T] [thread 360] [90.0] [cxt 0] int-gtp-destination.p4(382) Primitive hdr.int_md[3].setInvalid()
[15:48:46.709] [bmv2] [T] [thread 360] [90.0] [cxt 0] int-gtp-destination.p4(383) Primitive hdr.int_md[4].setInvalid()
[15:48:46.709] [bmv2] [T] [thread 360] [90.0] [cxt 0] int-gtp-destination.p4(384) Primitive hdr.int_md[5].setInvalid()
[15:48:46.709] [bmv2] [T] [thread 360] [90.0] [cxt 0] int-gtp-destination.p4(385) Primitive hdr.int_md[6].setInvalid()
[15:48:46.709] [bmv2] [T] [thread 360] [90.0] [cxt 0] int-gtp-destination.p4(386) Primitive hdr.int_md[7].setInvalid()
[15:48:46.709] [bmv2] [D] [thread 360] [90.0] [cxt 0] Pipeline 'egress': end
[15:48:46.709] [bmv2] [D] [thread 360] [90.0] [cxt 0] Deparser 'deparser': start
[15:48:46.709] [bmv2] [D] [thread 360] [90.0] [cxt 0] Deparsing header 'ethernet'
[15:48:46.709] [bmv2] [D] [thread 360] [90.0] [cxt 0] Deparsing header 'ipv4_inner'
[15:48:46.709] [bmv2] [D] [thread 360] [90.0] [cxt 0] Deparsing header 'sctp'
[15:48:46.709] [bmv2] [D] [thread 360] [90.0] [cxt 0] Deparsing header 'sctp_chunk'
[15:48:46.709] [bmv2] [D] [thread 360] [90.0] [cxt 0] Deparser 'deparser': end
[15:48:46.709] [bmv2] [D] [thread 363] [90.0] [cxt 0] Transmitting packet of size 54 out of port 1
[15:48:46.722] [bmv2] [D] [thread 358] [91.0] [cxt 0] Processing packet received on port 1
[15:48:46.723] [bmv2] [D] [thread 358] [91.0] [cxt 0] Parser 'parser': start
[15:48:46.723] [bmv2] [D] [thread 358] [91.0] [cxt 0] Parser 'parser' entering state 'start'
[15:48:46.723] [bmv2] [D] [thread 358] [91.0] [cxt 0] Extracting header 'ethernet'
[15:48:46.723] [bmv2] [D] [thread 358] [91.0] [cxt 0] Parser set: setting field 'scalars.metadata.ingress_port' from field 'standard_metadata.ingress_port' (1)
[15:48:46.723] [bmv2] [D] [thread 358] [91.0] [cxt 0] Parser set: setting field 'scalars.metadata.ingress_ts' from expression, new value is 207191284
[15:48:46.723] [bmv2] [D] [thread 358] [91.0] [cxt 0] Parser set: setting field 'scalars.metadata.md_blocks_extracted' to 0
[15:48:46.723] [bmv2] [D] [thread 358] [91.0] [cxt 0] Parser set: setting field 'scalars.metadata.is_int_packet' to 0
[15:48:46.723] [bmv2] [D] [thread 358] [91.0] [cxt 0] Parser state 'start': key is 0800
[15:48:46.723] [bmv2] [T] [thread 358] [91.0] [cxt 0] Bytes parsed: 14
[15:48:46.723] [bmv2] [D] [thread 358] [91.0] [cxt 0] Parser 'parser' entering state 'parse_ipv4'
[15:48:46.723] [bmv2] [D] [thread 358] [91.0] [cxt 0] Extracting header 'ipv4_inner'
[15:48:46.724] [bmv2] [D] [thread 358] [91.0] [cxt 0] Parser state 'parse_ipv4': key is 84
[15:48:46.724] [bmv2] [T] [thread 358] [91.0] [cxt 0] Bytes parsed: 34
[15:48:46.724] [bmv2] [D] [thread 358] [91.0] [cxt 0] Parser 'parser' entering state 'parse_sctp_common'
[15:48:46.724] [bmv2] [D] [thread 358] [91.0] [cxt 0] Extracting header 'sctp'
[15:48:46.724] [bmv2] [D] [thread 358] [91.0] [cxt 0] Extracting header 'sctp_chunk'
[15:48:46.724] [bmv2] [D] [thread 358] [91.0] [cxt 0] Parser state 'parse_sctp_common': key is 08
[15:48:46.724] [bmv2] [T] [thread 358] [91.0] [cxt 0] Bytes parsed: 50
[15:48:46.724] [bmv2] [D] [thread 358] [91.0] [cxt 0] Parser 'parser': end
[15:48:46.724] [bmv2] [D] [thread 358] [91.0] [cxt 0] Pipeline 'ingress': start
[15:48:46.724] [bmv2] [T] [thread 358] [91.0] [cxt 0] Applying table 'tbl_intgtpdestination311'
[15:48:46.724] [bmv2] [D] [thread 358] [91.0] [cxt 0] Looking up key:

[15:48:46.724] [bmv2] [D] [thread 358] [91.0] [cxt 0] Table 'tbl_intgtpdestination311': miss
[15:48:46.724] [bmv2] [D] [thread 358] [91.0] [cxt 0] Action entry is intgtpdestination311 -
[15:48:46.724] [bmv2] [T] [thread 358] [91.0] [cxt 0] Action intgtpdestination311
[15:48:46.724] [bmv2] [T] [thread 358] [91.0] [cxt 0] int-gtp-destination.p4(311) Primitive meta.switch_id = 3
[15:48:46.724] [bmv2] [T] [thread 358] [91.0] [cxt 0] int-gtp-destination.p4(313) Condition "hdr.ethernet.isValid()" (node_3) is true
[15:48:46.724] [bmv2] [T] [thread 358] [91.0] [cxt 0] int-gtp-destination.p4(314) Condition "hdr.int_shim.isValid()" (node_4) is false
[15:48:46.724] [bmv2] [T] [thread 358] [91.0] [cxt 0] int-gtp-destination.p4(339) Condition "hdr.ipv4_inner.isValid()" (node_8) is true
[15:48:46.724] [bmv2] [T] [thread 358] [91.0] [cxt 0] Applying table 'MyIngress.ipv4_lpm'
[15:48:46.724] [bmv2] [D] [thread 358] [91.0] [cxt 0] Looking up key:
* hdr.ipv4_inner.dstAddr: ac120a03

[15:48:46.724] [bmv2] [D] [thread 358] [91.0] [cxt 0] Table 'MyIngress.ipv4_lpm': hit with handle 2
[15:48:46.724] [bmv2] [D] [thread 358] [91.0] [cxt 0] Dumping entry 2
Match key:
* hdr.ipv4_inner.dstAddr: LPM       ac120a03/32
Action entry: MyIngress.forward_action - 2,

[15:48:46.724] [bmv2] [D] [thread 358] [91.0] [cxt 0] Action entry is MyIngress.forward_action - 2,
[15:48:46.724] [bmv2] [T] [thread 358] [91.0] [cxt 0] Action MyIngress.forward_action
[15:48:46.724] [bmv2] [T] [thread 358] [91.0] [cxt 0] int-gtp-destination.p4(283) Primitive standard_metadata.egress_spec = egress_port
[15:48:46.724] [bmv2] [D] [thread 358] [91.0] [cxt 0] Pipeline 'ingress': end
[15:48:46.724] [bmv2] [D] [thread 358] [91.0] [cxt 0] Egress port is 2
[15:48:46.724] [bmv2] [D] [thread 361] [91.0] [cxt 0] Pipeline 'egress': start
[15:48:46.724] [bmv2] [T] [thread 361] [91.0] [cxt 0] int-gtp-destination.p4(402) Condition "hdr.int_shim.isValid()" (node_12) is false
[15:48:46.724] [bmv2] [D] [thread 361] [91.0] [cxt 0] Pipeline 'egress': end
[15:48:46.724] [bmv2] [D] [thread 361] [91.0] [cxt 0] Deparser 'deparser': start
[15:48:46.724] [bmv2] [D] [thread 361] [91.0] [cxt 0] Deparsing header 'ethernet'
[15:48:46.724] [bmv2] [D] [thread 361] [91.0] [cxt 0] Deparsing header 'ipv4_inner'
[15:48:46.724] [bmv2] [D] [thread 361] [91.0] [cxt 0] Deparsing header 'sctp'
[15:48:46.724] [bmv2] [D] [thread 361] [91.0] [cxt 0] Deparsing header 'sctp_chunk'
[15:48:46.724] [bmv2] [D] [thread 361] [91.0] [cxt 0] Deparser 'deparser': end
[15:48:46.724] [bmv2] [D] [thread 363] [91.0] [cxt 0] Transmitting packet of size 50 out of port 2
[15:48:46.748] [bmv2] [D] [thread 358] [92.0] [cxt 0] Processing packet received on port 2
[15:48:46.749] [bmv2] [D] [thread 358] [92.0] [cxt 0] Parser 'parser': start
[15:48:46.749] [bmv2] [D] [thread 358] [92.0] [cxt 0] Parser 'parser' entering state 'start'
[15:48:46.749] [bmv2] [D] [thread 358] [92.0] [cxt 0] Extracting header 'ethernet'
[15:48:46.749] [bmv2] [D] [thread 358] [92.0] [cxt 0] Parser set: setting field 'scalars.metadata.ingress_port' from field 'standard_metadata.ingress_port' (2)
[15:48:46.749] [bmv2] [D] [thread 358] [92.0] [cxt 0] Parser set: setting field 'scalars.metadata.ingress_ts' from expression, new value is 207217487
[15:48:46.749] [bmv2] [D] [thread 358] [92.0] [cxt 0] Parser set: setting field 'scalars.metadata.md_blocks_extracted' to 0
[15:48:46.749] [bmv2] [D] [thread 358] [92.0] [cxt 0] Parser set: setting field 'scalars.metadata.is_int_packet' to 0
[15:48:46.749] [bmv2] [D] [thread 358] [92.0] [cxt 0] Parser state 'start': key is 00fa
[15:48:46.749] [bmv2] [T] [thread 358] [92.0] [cxt 0] Bytes parsed: 14
[15:48:46.749] [bmv2] [D] [thread 358] [92.0] [cxt 0] Parser 'parser' entering state 'parse_int_shim'
[15:48:46.749] [bmv2] [D] [thread 358] [92.0] [cxt 0] Extracting header 'int_shim'
[15:48:46.749] [bmv2] [D] [thread 358] [92.0] [cxt 0] Parser set: setting field 'scalars.metadata.is_int_packet' to 1
[15:48:46.749] [bmv2] [D] [thread 358] [92.0] [cxt 0] Extracting header 'int_header'
[15:48:46.749] [bmv2] [D] [thread 358] [92.0] [cxt 0] Parser set: setting field 'scalars.metadata.md_blocks_extracted' from expression, new value is 251
[15:48:46.749] [bmv2] [D] [thread 358] [92.0] [cxt 0] Extracting header 'int_md[0]'
[15:48:46.749] [bmv2] [D] [thread 358] [92.0] [cxt 0] Extracting header 'int_md[1]'
[15:48:46.749] [bmv2] [D] [thread 358] [92.0] [cxt 0] Parser state 'parse_int_shim': key is 0800
[15:48:46.749] [bmv2] [T] [thread 358] [92.0] [cxt 0] Bytes parsed: 83
[15:48:46.749] [bmv2] [D] [thread 358] [92.0] [cxt 0] Parser 'parser' entering state 'parse_encapsulated_ipv4'
[15:48:46.749] [bmv2] [D] [thread 358] [92.0] [cxt 0] Extracting header 'ipv4_inner'
[15:48:46.749] [bmv2] [D] [thread 358] [92.0] [cxt 0] Parser state 'parse_encapsulated_ipv4': key is 84
[15:48:46.749] [bmv2] [T] [thread 358] [92.0] [cxt 0] Bytes parsed: 103
[15:48:46.749] [bmv2] [D] [thread 358] [92.0] [cxt 0] Parser 'parser' entering state 'parse_encapsulated_sctp_common'
[15:48:46.749] [bmv2] [D] [thread 358] [92.0] [cxt 0] Extracting header 'sctp'
[15:48:46.749] [bmv2] [D] [thread 358] [92.0] [cxt 0] Extracting header 'sctp_chunk'
[15:48:46.749] [bmv2] [D] [thread 358] [92.0] [cxt 0] Parser state 'parse_encapsulated_sctp_common': key is 0e
[15:48:46.749] [bmv2] [T] [thread 358] [92.0] [cxt 0] Bytes parsed: 119
[15:48:46.749] [bmv2] [D] [thread 358] [92.0] [cxt 0] Parser 'parser': end
[15:48:46.749] [bmv2] [D] [thread 358] [92.0] [cxt 0] Pipeline 'ingress': start
[15:48:46.749] [bmv2] [T] [thread 358] [92.0] [cxt 0] Applying table 'tbl_intgtpdestination311'
[15:48:46.749] [bmv2] [D] [thread 358] [92.0] [cxt 0] Looking up key:

[15:48:46.749] [bmv2] [D] [thread 358] [92.0] [cxt 0] Table 'tbl_intgtpdestination311': miss
[15:48:46.749] [bmv2] [D] [thread 358] [92.0] [cxt 0] Action entry is intgtpdestination311 -
[15:48:46.749] [bmv2] [T] [thread 358] [92.0] [cxt 0] Action intgtpdestination311
[15:48:46.749] [bmv2] [T] [thread 358] [92.0] [cxt 0] int-gtp-destination.p4(311) Primitive meta.switch_id = 3
[15:48:46.749] [bmv2] [T] [thread 358] [92.0] [cxt 0] int-gtp-destination.p4(313) Condition "hdr.ethernet.isValid()" (node_3) is true
[15:48:46.749] [bmv2] [T] [thread 358] [92.0] [cxt 0] int-gtp-destination.p4(314) Condition "hdr.int_shim.isValid()" (node_4) is true
[15:48:46.749] [bmv2] [T] [thread 358] [92.0] [cxt 0] int-gtp-destination.p4(316) Condition "hdr.int_header.remaining_hop_cnt > 0" (node_5) is true
[15:48:46.749] [bmv2] [T] [thread 358] [92.0] [cxt 0] Applying table 'tbl_intgtpdestination317'
[15:48:46.749] [bmv2] [D] [thread 358] [92.0] [cxt 0] Looking up key:

[15:48:46.749] [bmv2] [D] [thread 358] [92.0] [cxt 0] Table 'tbl_intgtpdestination317': miss
[15:48:46.749] [bmv2] [D] [thread 358] [92.0] [cxt 0] Action entry is intgtpdestination317 -
[15:48:46.749] [bmv2] [T] [thread 358] [92.0] [cxt 0] Action intgtpdestination317
[15:48:46.749] [bmv2] [T] [thread 358] [92.0] [cxt 0] int-gtp-destination.p4(317) Primitive hdr.int_md[2].setValid()
[15:48:46.749] [bmv2] [T] [thread 358] [92.0] [cxt 0] int-gtp-destination.p4(318) Primitive hdr.int_md[2].padding_switch = 0
[15:48:46.749] [bmv2] [T] [thread 358] [92.0] [cxt 0] int-gtp-destination.p4(319) Primitive hdr.int_md[2].switch_id = (bit<16>)meta.switch_id
[15:48:46.749] [bmv2] [T] [thread 358] [92.0] [cxt 0] int-gtp-destination.p4(320) Primitive hdr.int_md[2].ingress_port_id = (bit<16>)meta.ingress_port
[15:48:46.749] [bmv2] [T] [thread 358] [92.0] [cxt 0] int-gtp-destination.p4(321) Primitive hdr.int_md[2].ingress_timestamp = meta.ingress_ts
[15:48:46.749] [bmv2] [T] [thread 358] [92.0] [cxt 0] int-gtp-destination.p4(322) Primitive hdr.int_md[2].egress_port_id = 0
[15:48:46.749] [bmv2] [T] [thread 358] [92.0] [cxt 0] int-gtp-destination.p4(323) Primitive hdr.int_md[2].hop_latency = 0
[15:48:46.749] [bmv2] [T] [thread 358] [92.0] [cxt 0] int-gtp-destination.p4(324) Primitive hdr.int_md[2].egress_timestamp = 0
[15:48:46.749] [bmv2] [T] [thread 358] [92.0] [cxt 0] int-gtp-destination.p4(325) Primitive hdr.int_md[2].queue_occupancy = 0
[15:48:46.749] [bmv2] [T] [thread 358] [92.0] [cxt 0] int-gtp-destination.p4(326) Primitive hdr.int_md[2].congestion_notification = 0
[15:48:46.749] [bmv2] [T] [thread 358] [92.0] [cxt 0] int-gtp-destination.p4(327) Primitive hdr.int_md[2].reserved1 = 0
[15:48:46.749] [bmv2] [T] [thread 358] [92.0] [cxt 0] int-gtp-destination.p4(328) Primitive hdr.int_md[2].reserved2 = 0
[15:48:46.749] [bmv2] [T] [thread 358] [92.0] [cxt 0] int-gtp-destination.p4(330) Primitive hdr.int_header.remaining_hop_cnt = hdr.int_header.remaining_hop_cnt - 1
[15:48:46.749] [bmv2] [T] [thread 358] [92.0] [cxt 0] int-gtp-destination.p4(331) Primitive hdr.int_shim.length = hdr.int_shim.length + 32
[15:48:46.749] [bmv2] [T] [thread 358] [92.0] [cxt 0] Applying table 'MyIngress.int_sink_table'
[15:48:46.749] [bmv2] [D] [thread 358] [92.0] [cxt 0] Looking up key:
* hdr.int_shim.$valid$: 01

[15:48:46.749] [bmv2] [D] [thread 358] [92.0] [cxt 0] Table 'MyIngress.int_sink_table': hit with handle 0
[15:48:46.749] [bmv2] [D] [thread 358] [92.0] [cxt 0] Dumping entry 0
Match key:
* hdr.int_shim.$valid$: EXACT     01
Action entry: MyIngress.int_sink_action -

[15:48:46.749] [bmv2] [D] [thread 358] [92.0] [cxt 0] Action entry is MyIngress.int_sink_action -
[15:48:46.749] [bmv2] [T] [thread 358] [92.0] [cxt 0] Action MyIngress.int_sink_action
[15:48:46.749] [bmv2] [T] [thread 358] [92.0] [cxt 0] int-gtp-destination.p4(278) Primitive meta.clone_port = 9
[15:48:46.749] [bmv2] [T] [thread 358] [92.0] [cxt 0] int-gtp-destination.p4(279) Primitive clone_preserving_field_list(CloneType.I2E, 99, 99)
[15:48:46.749] [bmv2] [T] [thread 358] [92.0] [cxt 0] int-gtp-destination.p4(339) Condition "hdr.ipv4_inner.isValid()" (node_8) is true
[15:48:46.749] [bmv2] [T] [thread 358] [92.0] [cxt 0] Applying table 'MyIngress.ipv4_lpm'
[15:48:46.749] [bmv2] [D] [thread 358] [92.0] [cxt 0] Looking up key:
* hdr.ipv4_inner.dstAddr: ac120014

[15:48:46.749] [bmv2] [D] [thread 358] [92.0] [cxt 0] Table 'MyIngress.ipv4_lpm': hit with handle 0
[15:48:46.749] [bmv2] [D] [thread 358] [92.0] [cxt 0] Dumping entry 0
Match key:
* hdr.ipv4_inner.dstAddr: LPM       ac120014/32
Action entry: MyIngress.forward_action - 1,

[15:48:46.749] [bmv2] [D] [thread 358] [92.0] [cxt 0] Action entry is MyIngress.forward_action - 1,
[15:48:46.749] [bmv2] [T] [thread 358] [92.0] [cxt 0] Action MyIngress.forward_action
[15:48:46.749] [bmv2] [T] [thread 358] [92.0] [cxt 0] int-gtp-destination.p4(283) Primitive standard_metadata.egress_spec = egress_port
[15:48:46.749] [bmv2] [D] [thread 358] [92.0] [cxt 0] Pipeline 'ingress': end
[15:48:46.749] [bmv2] [D] [thread 358] [92.0] [cxt 0] Cloning packet at ingress
[15:48:46.749] [bmv2] [D] [thread 358] [92.1] [cxt 0] Parser 'parser': start
[15:48:46.749] [bmv2] [D] [thread 358] [92.1] [cxt 0] Parser 'parser' entering state 'start'
[15:48:46.749] [bmv2] [D] [thread 358] [92.1] [cxt 0] Extracting header 'ethernet'
[15:48:46.749] [bmv2] [D] [thread 358] [92.1] [cxt 0] Parser set: setting field 'scalars.metadata.ingress_port' from field 'standard_metadata.ingress_port' (2)
[15:48:46.749] [bmv2] [D] [thread 358] [92.1] [cxt 0] Parser set: setting field 'scalars.metadata.ingress_ts' from expression, new value is 0
[15:48:46.749] [bmv2] [D] [thread 358] [92.1] [cxt 0] Parser set: setting field 'scalars.metadata.md_blocks_extracted' to 0
[15:48:46.749] [bmv2] [D] [thread 358] [92.1] [cxt 0] Parser set: setting field 'scalars.metadata.is_int_packet' to 0
[15:48:46.749] [bmv2] [D] [thread 358] [92.1] [cxt 0] Parser state 'start': key is 00fa
[15:48:46.749] [bmv2] [T] [thread 358] [92.1] [cxt 0] Bytes parsed: 14
[15:48:46.749] [bmv2] [D] [thread 358] [92.1] [cxt 0] Parser 'parser' entering state 'parse_int_shim'
[15:48:46.749] [bmv2] [D] [thread 358] [92.1] [cxt 0] Extracting header 'int_shim'
[15:48:46.749] [bmv2] [D] [thread 358] [92.1] [cxt 0] Parser set: setting field 'scalars.metadata.is_int_packet' to 1
[15:48:46.749] [bmv2] [D] [thread 358] [92.1] [cxt 0] Extracting header 'int_header'
[15:48:46.749] [bmv2] [D] [thread 358] [92.1] [cxt 0] Parser set: setting field 'scalars.metadata.md_blocks_extracted' from expression, new value is 251
[15:48:46.749] [bmv2] [D] [thread 358] [92.1] [cxt 0] Extracting header 'int_md[0]'
[15:48:46.749] [bmv2] [D] [thread 358] [92.1] [cxt 0] Extracting header 'int_md[1]'
[15:48:46.749] [bmv2] [D] [thread 358] [92.1] [cxt 0] Parser state 'parse_int_shim': key is 0800
[15:48:46.749] [bmv2] [T] [thread 358] [92.1] [cxt 0] Bytes parsed: 83
[15:48:46.749] [bmv2] [D] [thread 358] [92.1] [cxt 0] Parser 'parser' entering state 'parse_encapsulated_ipv4'
[15:48:46.749] [bmv2] [D] [thread 358] [92.1] [cxt 0] Extracting header 'ipv4_inner'
[15:48:46.749] [bmv2] [D] [thread 358] [92.1] [cxt 0] Parser state 'parse_encapsulated_ipv4': key is 84
[15:48:46.749] [bmv2] [T] [thread 358] [92.1] [cxt 0] Bytes parsed: 103
[15:48:46.749] [bmv2] [D] [thread 358] [92.1] [cxt 0] Parser 'parser' entering state 'parse_encapsulated_sctp_common'
[15:48:46.749] [bmv2] [D] [thread 358] [92.1] [cxt 0] Extracting header 'sctp'
[15:48:46.749] [bmv2] [D] [thread 358] [92.1] [cxt 0] Extracting header 'sctp_chunk'
[15:48:46.749] [bmv2] [D] [thread 358] [92.1] [cxt 0] Parser state 'parse_encapsulated_sctp_common': key is 0e
[15:48:46.749] [bmv2] [T] [thread 358] [92.1] [cxt 0] Bytes parsed: 119
[15:48:46.749] [bmv2] [D] [thread 358] [92.1] [cxt 0] Parser 'parser': end
[15:48:46.749] [bmv2] [D] [thread 358] [92.0] [cxt 0] Cloning packet to egress port 9
[15:48:46.749] [bmv2] [D] [thread 358] [92.0] [cxt 0] Egress port is 1
[15:48:46.749] [bmv2] [D] [thread 360] [92.1] [cxt 0] Pipeline 'egress': start
[15:48:46.749] [bmv2] [T] [thread 360] [92.1] [cxt 0] int-gtp-destination.p4(402) Condition "hdr.int_shim.isValid()" (node_12) is true
[15:48:46.749] [bmv2] [T] [thread 360] [92.1] [cxt 0] Applying table 'tbl_update_int_metadata'
[15:48:46.749] [bmv2] [D] [thread 360] [92.1] [cxt 0] Looking up key:

[15:48:46.749] [bmv2] [D] [thread 360] [92.1] [cxt 0] Table 'tbl_update_int_metadata': miss
[15:48:46.749] [bmv2] [D] [thread 360] [92.1] [cxt 0] Action entry is MyEgress.update_int_metadata -
[15:48:46.749] [bmv2] [T] [thread 360] [92.1] [cxt 0] Action MyEgress.update_int_metadata
[15:48:46.749] [bmv2] [T] [thread 360] [92.1] [cxt 0] int-gtp-destination.p4(352) Primitive if
[15:48:46.749] [bmv2] [T] [thread 360] [92.1] [cxt 0] int-gtp-destination.p4(353) Primitive hdr.int_md[2].setValid()
[15:48:46.749] [bmv2] [T] [thread 360] [92.1] [cxt 0] int-gtp-destination.p4(354) Primitive hdr.int_md[2].padding_switch = 0
[15:48:46.749] [bmv2] [T] [thread 360] [92.1] [cxt 0] int-gtp-destination.p4(355) Primitive hdr.int_md[2].switch_id = (bit<16>)meta.switch_id
[15:48:46.749] [bmv2] [T] [thread 360] [92.1] [cxt 0] int-gtp-destination.p4(356) Primitive hdr.int_md[2].ingress_port_id = (bit<16>)meta.ingress_port
[15:48:46.749] [bmv2] [T] [thread 360] [92.1] [cxt 0] int-gtp-destination.p4(357) Primitive hdr.int_md[2].ingress_timestamp = meta.ingress_ts
[15:48:46.749] [bmv2] [T] [thread 360] [92.1] [cxt 0] int-gtp-destination.p4(362) Primitive hdr.int_md[2].congestion_notification = 0
[15:48:46.749] [bmv2] [T] [thread 360] [92.1] [cxt 0] int-gtp-destination.p4(363) Primitive hdr.int_md[2].reserved1 = 0
[15:48:46.749] [bmv2] [T] [thread 360] [92.1] [cxt 0] int-gtp-destination.p4(364) Primitive hdr.int_md[2].reserved2 = 0
[15:48:46.749] [bmv2] [T] [thread 360] [92.1] [cxt 0] int-gtp-destination.p4(368) Primitive hdr.int_md[2].egress_port_id = (bit<16>)standard_metadata.egress_port
[15:48:46.749] [bmv2] [T] [thread 360] [92.1] [cxt 0] int-gtp-destination.p4(369) Primitive hdr.int_md[2].egress_timestamp = (bit<32>)standard_metadata.egress_global_timestamp
[15:48:46.749] [bmv2] [T] [thread 360] [92.1] [cxt 0] int-gtp-destination.p4(370) Primitive hdr.int_md[2].hop_latency = hdr.int_md[2].egress_timestamp - hdr.int_md[2].ingress_timestamp
[15:48:46.749] [bmv2] [T] [thread 360] [92.1] [cxt 0] int-gtp-destination.p4(371) Primitive hdr.int_md[2].queue_occupancy = (bit<32>)standard_metadata.enq_qdepth
[15:48:46.749] [bmv2] [T] [thread 360] [92.1] [cxt 0] int-gtp-destination.p4(408) Condition "standard_metadata.instance_type == 1 || standard_metadata.egress_port == 9" (node_14) is true
[15:48:46.750] [bmv2] [D] [thread 360] [92.1] [cxt 0] Pipeline 'egress': end
[15:48:46.750] [bmv2] [D] [thread 360] [92.1] [cxt 0] Deparser 'deparser': start
[15:48:46.750] [bmv2] [D] [thread 360] [92.1] [cxt 0] Deparsing header 'ethernet'
[15:48:46.750] [bmv2] [D] [thread 360] [92.1] [cxt 0] Deparsing header 'int_shim'
[15:48:46.750] [bmv2] [D] [thread 360] [92.1] [cxt 0] Deparsing header 'int_header'
[15:48:46.750] [bmv2] [D] [thread 360] [92.1] [cxt 0] Deparsing header 'int_md[0]'
[15:48:46.750] [bmv2] [D] [thread 360] [92.1] [cxt 0] Deparsing header 'int_md[1]'
[15:48:46.750] [bmv2] [D] [thread 360] [92.1] [cxt 0] Deparsing header 'int_md[2]'
[15:48:46.750] [bmv2] [D] [thread 360] [92.1] [cxt 0] Deparsing header 'ipv4_inner'
[15:48:46.750] [bmv2] [D] [thread 360] [92.1] [cxt 0] Deparsing header 'sctp'
[15:48:46.750] [bmv2] [D] [thread 360] [92.1] [cxt 0] Deparsing header 'sctp_chunk'
[15:48:46.750] [bmv2] [D] [thread 360] [92.1] [cxt 0] Deparser 'deparser': end
[15:48:46.750] [bmv2] [D] [thread 363] [92.1] [cxt 0] Transmitting packet of size 147 out of port 9
[15:48:46.751] [bmv2] [D] [thread 360] [92.0] [cxt 0] Pipeline 'egress': start
[15:48:46.751] [bmv2] [T] [thread 360] [92.0] [cxt 0] int-gtp-destination.p4(402) Condition "hdr.int_shim.isValid()" (node_12) is true
[15:48:46.751] [bmv2] [T] [thread 360] [92.0] [cxt 0] Applying table 'tbl_update_int_metadata'
[15:48:46.751] [bmv2] [D] [thread 360] [92.0] [cxt 0] Looking up key:

[15:48:46.751] [bmv2] [D] [thread 360] [92.0] [cxt 0] Table 'tbl_update_int_metadata': miss
[15:48:46.751] [bmv2] [D] [thread 360] [92.0] [cxt 0] Action entry is MyEgress.update_int_metadata -
[15:48:46.751] [bmv2] [T] [thread 360] [92.0] [cxt 0] Action MyEgress.update_int_metadata
[15:48:46.751] [bmv2] [T] [thread 360] [92.0] [cxt 0] int-gtp-destination.p4(352) Primitive if
[15:48:46.751] [bmv2] [T] [thread 360] [92.0] [cxt 0] int-gtp-destination.p4(352) Primitive if
[15:48:46.751] [bmv2] [T] [thread 360] [92.0] [cxt 0] int-gtp-destination.p4(368) Primitive hdr.int_md[2].egress_port_id = (bit<16>)standard_metadata.egress_port
[15:48:46.751] [bmv2] [T] [thread 360] [92.0] [cxt 0] int-gtp-destination.p4(369) Primitive hdr.int_md[2].egress_timestamp = (bit<32>)standard_metadata.egress_global_timestamp
[15:48:46.751] [bmv2] [T] [thread 360] [92.0] [cxt 0] int-gtp-destination.p4(370) Primitive hdr.int_md[2].hop_latency = hdr.int_md[2].egress_timestamp - hdr.int_md[2].ingress_timestamp
[15:48:46.751] [bmv2] [T] [thread 360] [92.0] [cxt 0] int-gtp-destination.p4(371) Primitive hdr.int_md[2].queue_occupancy = (bit<32>)standard_metadata.enq_qdepth
[15:48:46.751] [bmv2] [T] [thread 360] [92.0] [cxt 0] int-gtp-destination.p4(408) Condition "standard_metadata.instance_type == 1 || standard_metadata.egress_port == 9" (node_14) is false
[15:48:46.751] [bmv2] [T] [thread 360] [92.0] [cxt 0] Applying table 'MyEgress.egress_control'
[15:48:46.751] [bmv2] [D] [thread 360] [92.0] [cxt 0] Looking up key:
* standard_metadata.egress_port: 0001

[15:48:46.751] [bmv2] [D] [thread 360] [92.0] [cxt 0] Table 'MyEgress.egress_control': hit with handle 0
[15:48:46.751] [bmv2] [D] [thread 360] [92.0] [cxt 0] Dumping entry 0
Match key:
* standard_metadata.egress_port: EXACT     0001
Action entry: MyEgress.strip_int_headers -

[15:48:46.751] [bmv2] [D] [thread 360] [92.0] [cxt 0] Action entry is MyEgress.strip_int_headers -
[15:48:46.751] [bmv2] [T] [thread 360] [92.0] [cxt 0] Action MyEgress.strip_int_headers
[15:48:46.751] [bmv2] [T] [thread 360] [92.0] [cxt 0] int-gtp-destination.p4(375) Primitive hdr.ethernet.etherType = hdr.int_shim.next_proto
[15:48:46.751] [bmv2] [T] [thread 360] [92.0] [cxt 0] int-gtp-destination.p4(376) Primitive hdr.int_shim.setInvalid()
[15:48:46.751] [bmv2] [T] [thread 360] [92.0] [cxt 0] int-gtp-destination.p4(377) Primitive hdr.int_header.setInvalid()
[15:48:46.751] [bmv2] [T] [thread 360] [92.0] [cxt 0] int-gtp-destination.p4(379) Primitive hdr.int_md[0].setInvalid()
[15:48:46.751] [bmv2] [T] [thread 360] [92.0] [cxt 0] int-gtp-destination.p4(380) Primitive hdr.int_md[1].setInvalid()
[15:48:46.751] [bmv2] [T] [thread 360] [92.0] [cxt 0] int-gtp-destination.p4(381) Primitive hdr.int_md[2].setInvalid()
[15:48:46.751] [bmv2] [T] [thread 360] [92.0] [cxt 0] int-gtp-destination.p4(382) Primitive hdr.int_md[3].setInvalid()
[15:48:46.751] [bmv2] [T] [thread 360] [92.0] [cxt 0] int-gtp-destination.p4(383) Primitive hdr.int_md[4].setInvalid()
[15:48:46.751] [bmv2] [T] [thread 360] [92.0] [cxt 0] int-gtp-destination.p4(384) Primitive hdr.int_md[5].setInvalid()
[15:48:46.751] [bmv2] [T] [thread 360] [92.0] [cxt 0] int-gtp-destination.p4(385) Primitive hdr.int_md[6].setInvalid()
[15:48:46.751] [bmv2] [T] [thread 360] [92.0] [cxt 0] int-gtp-destination.p4(386) Primitive hdr.int_md[7].setInvalid()
[15:48:46.751] [bmv2] [D] [thread 360] [92.0] [cxt 0] Pipeline 'egress': end
[15:48:46.751] [bmv2] [D] [thread 360] [92.0] [cxt 0] Deparser 'deparser': start
[15:48:46.751] [bmv2] [D] [thread 360] [92.0] [cxt 0] Deparsing header 'ethernet'
[15:48:46.751] [bmv2] [D] [thread 360] [92.0] [cxt 0] Deparsing header 'ipv4_inner'
[15:48:46.751] [bmv2] [D] [thread 360] [92.0] [cxt 0] Deparsing header 'sctp'
[15:48:46.751] [bmv2] [D] [thread 360] [92.0] [cxt 0] Deparsing header 'sctp_chunk'
[15:48:46.751] [bmv2] [D] [thread 360] [92.0] [cxt 0] Deparser 'deparser': end
[15:48:46.751] [bmv2] [D] [thread 363] [92.0] [cxt 0] Transmitting packet of size 50 out of port 1
[15:48:47.981] [bmv2] [D] [thread 358] [93.0] [cxt 0] Processing packet received on port 1
[15:48:47.981] [bmv2] [D] [thread 358] [93.0] [cxt 0] Parser 'parser': start
[15:48:47.981] [bmv2] [D] [thread 358] [93.0] [cxt 0] Parser 'parser' entering state 'start'
[15:48:47.981] [bmv2] [D] [thread 358] [93.0] [cxt 0] Extracting header 'ethernet'
[15:48:47.981] [bmv2] [D] [thread 358] [93.0] [cxt 0] Parser set: setting field 'scalars.metadata.ingress_port' from field 'standard_metadata.ingress_port' (1)
[15:48:47.981] [bmv2] [D] [thread 358] [93.0] [cxt 0] Parser set: setting field 'scalars.metadata.ingress_ts' from expression, new value is 208449567
[15:48:47.981] [bmv2] [D] [thread 358] [93.0] [cxt 0] Parser set: setting field 'scalars.metadata.md_blocks_extracted' to 0
[15:48:47.981] [bmv2] [D] [thread 358] [93.0] [cxt 0] Parser set: setting field 'scalars.metadata.is_int_packet' to 0
[15:48:47.981] [bmv2] [D] [thread 358] [93.0] [cxt 0] Parser state 'start': key is 86dd
[15:48:47.981] [bmv2] [T] [thread 358] [93.0] [cxt 0] Bytes parsed: 14
[15:48:47.981] [bmv2] [D] [thread 358] [93.0] [cxt 0] Parser 'parser': end
[15:48:47.981] [bmv2] [D] [thread 358] [93.0] [cxt 0] Pipeline 'ingress': start
[15:48:47.981] [bmv2] [T] [thread 358] [93.0] [cxt 0] Applying table 'tbl_intgtpdestination311'
[15:48:47.981] [bmv2] [D] [thread 358] [93.0] [cxt 0] Looking up key:

[15:48:47.981] [bmv2] [D] [thread 358] [93.0] [cxt 0] Table 'tbl_intgtpdestination311': miss
[15:48:47.981] [bmv2] [D] [thread 358] [93.0] [cxt 0] Action entry is intgtpdestination311 -
[15:48:47.981] [bmv2] [T] [thread 358] [93.0] [cxt 0] Action intgtpdestination311
[15:48:47.981] [bmv2] [T] [thread 358] [93.0] [cxt 0] int-gtp-destination.p4(311) Primitive meta.switch_id = 3
[15:48:47.981] [bmv2] [T] [thread 358] [93.0] [cxt 0] int-gtp-destination.p4(313) Condition "hdr.ethernet.isValid()" (node_3) is true
[15:48:47.981] [bmv2] [T] [thread 358] [93.0] [cxt 0] int-gtp-destination.p4(314) Condition "hdr.int_shim.isValid()" (node_4) is false
[15:48:47.981] [bmv2] [T] [thread 358] [93.0] [cxt 0] int-gtp-destination.p4(339) Condition "hdr.ipv4_inner.isValid()" (node_8) is false
[15:48:47.981] [bmv2] [D] [thread 358] [93.0] [cxt 0] Pipeline 'ingress': end
[15:48:47.981] [bmv2] [D] [thread 358] [93.0] [cxt 0] Egress port is 0
[15:48:47.981] [bmv2] [D] [thread 359] [93.0] [cxt 0] Pipeline 'egress': start
[15:48:47.981] [bmv2] [T] [thread 359] [93.0] [cxt 0] int-gtp-destination.p4(402) Condition "hdr.int_shim.isValid()" (node_12) is false
[15:48:47.981] [bmv2] [D] [thread 359] [93.0] [cxt 0] Pipeline 'egress': end
[15:48:47.981] [bmv2] [D] [thread 359] [93.0] [cxt 0] Deparser 'deparser': start
[15:48:47.981] [bmv2] [D] [thread 359] [93.0] [cxt 0] Deparsing header 'ethernet'
[15:48:47.981] [bmv2] [D] [thread 359] [93.0] [cxt 0] Deparser 'deparser': end
[15:48:47.982] [bmv2] [D] [thread 363] [93.0] [cxt 0] Transmitting packet of size 70 out of port 0
[15:48:51.271] [bmv2] [D] [thread 358] [94.0] [cxt 0] Processing packet received on port 1
[15:48:51.271] [bmv2] [D] [thread 358] [94.0] [cxt 0] Parser 'parser': start
[15:48:51.271] [bmv2] [D] [thread 358] [94.0] [cxt 0] Parser 'parser' entering state 'start'
[15:48:51.271] [bmv2] [D] [thread 358] [94.0] [cxt 0] Extracting header 'ethernet'
[15:48:51.271] [bmv2] [D] [thread 358] [94.0] [cxt 0] Parser set: setting field 'scalars.metadata.ingress_port' from field 'standard_metadata.ingress_port' (1)
[15:48:51.271] [bmv2] [D] [thread 358] [94.0] [cxt 0] Parser set: setting field 'scalars.metadata.ingress_ts' from expression, new value is 211739919
[15:48:51.271] [bmv2] [D] [thread 358] [94.0] [cxt 0] Parser set: setting field 'scalars.metadata.md_blocks_extracted' to 0
[15:48:51.271] [bmv2] [D] [thread 358] [94.0] [cxt 0] Parser set: setting field 'scalars.metadata.is_int_packet' to 0
[15:48:51.271] [bmv2] [D] [thread 358] [94.0] [cxt 0] Parser state 'start': key is 9000
[15:48:51.271] [bmv2] [T] [thread 358] [94.0] [cxt 0] Bytes parsed: 14
[15:48:51.271] [bmv2] [D] [thread 358] [94.0] [cxt 0] Parser 'parser': end
[15:48:51.271] [bmv2] [D] [thread 358] [94.0] [cxt 0] Pipeline 'ingress': start
[15:48:51.271] [bmv2] [T] [thread 358] [94.0] [cxt 0] Applying table 'tbl_intgtpdestination311'
[15:48:51.271] [bmv2] [D] [thread 358] [94.0] [cxt 0] Looking up key:

[15:48:51.271] [bmv2] [D] [thread 358] [94.0] [cxt 0] Table 'tbl_intgtpdestination311': miss
[15:48:51.271] [bmv2] [D] [thread 358] [94.0] [cxt 0] Action entry is intgtpdestination311 -
[15:48:51.271] [bmv2] [T] [thread 358] [94.0] [cxt 0] Action intgtpdestination311
[15:48:51.271] [bmv2] [T] [thread 358] [94.0] [cxt 0] int-gtp-destination.p4(311) Primitive meta.switch_id = 3
[15:48:51.272] [bmv2] [T] [thread 358] [94.0] [cxt 0] int-gtp-destination.p4(313) Condition "hdr.ethernet.isValid()" (node_3) is true
[15:48:51.272] [bmv2] [T] [thread 358] [94.0] [cxt 0] int-gtp-destination.p4(314) Condition "hdr.int_shim.isValid()" (node_4) is false
[15:48:51.272] [bmv2] [T] [thread 358] [94.0] [cxt 0] int-gtp-destination.p4(339) Condition "hdr.ipv4_inner.isValid()" (node_8) is false
[15:48:51.272] [bmv2] [D] [thread 358] [94.0] [cxt 0] Pipeline 'ingress': end
[15:48:51.272] [bmv2] [D] [thread 358] [94.0] [cxt 0] Egress port is 0
[15:48:51.272] [bmv2] [D] [thread 359] [94.0] [cxt 0] Pipeline 'egress': start
[15:48:51.272] [bmv2] [T] [thread 359] [94.0] [cxt 0] int-gtp-destination.p4(402) Condition "hdr.int_shim.isValid()" (node_12) is false
[15:48:51.272] [bmv2] [D] [thread 359] [94.0] [cxt 0] Pipeline 'egress': end
[15:48:51.272] [bmv2] [D] [thread 359] [94.0] [cxt 0] Deparser 'deparser': start
[15:48:51.272] [bmv2] [D] [thread 359] [94.0] [cxt 0] Deparsing header 'ethernet'
[15:48:51.272] [bmv2] [D] [thread 359] [94.0] [cxt 0] Deparser 'deparser': end
[15:48:51.272] [bmv2] [D] [thread 363] [94.0] [cxt 0] Transmitting packet of size 60 out of port 0
^C
root@bmv2-3:/behavioral-model#
